obs_0,obs_1,obs_2,obs_3,obs_4,obs_5,obs_6,obs_7,obs_8,obs_9,obs_10,obs_11,obs_12,obs_13,obs_14,obs_15,obs_16,obs_17,obs_18,obs_19,obs_20,obs_21,obs_22,obs_23,obs_24,obs_25,obs_26,obs_27,obs_28,obs_29,obs_30,obs_31,obs_32,obs_33,obs_34,obs_35,obs_36,obs_37,obs_38,obs_39,obs_40,obs_41,obs_42,obs_43,obs_44,obs_45,obs_46,obs_47,obs_48,obs_49,obs_50,obs_51,obs_52,obs_53,obs_54,obs_55,obs_56,obs_57,obs_58,obs_59,obs_60,obs_61,obs_62,obs_63,obs_64,obs_65,obs_66,obs_67,obs_68,obs_69,obs_70,obs_71,obs_72,obs_73,obs_74,obs_75,obs_76,obs_77,obs_78,obs_79,obs_80,obs_81,obs_82,obs_83,obs_84,obs_85,obs_86,obs_87,obs_88,obs_89,obs_90,obs_91,obs_92,obs_93,obs_94,obs_95,obs_96,obs_97,obs_98,obs_99,obs_100,obs_101,obs_102,obs_103,obs_104,obs_105,obs_106,obs_107,obs_108,obs_109
-0.0004363322805147618,0.00261799362488091,0.001308996812440455,-0.013156013563275337,-0.0069182319566607475,-0.9998897314071655,-0.08773006498813629,0.009255018085241318,-0.007593204732984304,0.35185256600379944,-0.24024026095867157,-0.009839831851422787,-0.11041593551635742,-0.024535169824957848,0.008088705129921436,0.3407738208770752,-0.2239956557750702,-0.0048605091869831085,0.002156095113605261,-0.024810869246721268,0.0309256911277771,0.07123423367738724,0.06466048955917358,0.09451958537101746,0.0926859974861145,-0.19609788060188293,0.07655331492424011,0.007562525570392609,0.07407449930906296,-0.06734495609998703,-0.08526775985956192,0.09357283264398575,0.1920352280139923,0.07918409258127213,-9.970875544240698e-05,0.0,-0.00038179077091626823,0.0,0.0010908307740464807,-0.000729678082279861,-0.0006014177924953401,0.0012856218963861465,-0.00021816615480929613,0.0002571243967395276,0.00010908307740464807,-0.002795374719426036,-0.0032471981830894947,0.00017141624994110316,-0.0001444038061890751,2.8236749130883254e-05,-0.00015339808305725455,7.669904152862728e-05,0.0,-7.669904152862728e-05,7.669904152862728e-05,-0.0002454369387123734,4.9087382649304345e-05,7.669904152862728e-05,-7.669904152862728e-05,0.00015339808305725455,-0.00015339808305725455,-0.00046019424917176366,0.00019634953059721738,-0.00019634953059721738,0.0,0.0,0.0,0.0,0.0,0.0,0.0,0.0,0.0,0.0,0.0,0.0,0.0,0.0,0.0,0.0,0.0,0.0,0.0,0.0,0.0,0.0,0.0,0.0,0.0,0.0,0.0,0.0,0.0,0.0,0.0,0.0,0.0,0.0,0.0,0.0,0.0,0.0,0.0,0.0,0.0,0.0,0.0,0.0,0.0,0.0
-0.04537855461239815,-0.15140730142593384,0.027925265952944756,-0.016392376273870468,-0.006119726691395044,-0.9998470544815063,-0.06438799202442169,0.017913484945893288,-0.009052921086549759,0.3357628285884857,-0.22595682740211487,-0.01197345182299614,-0.08718099445104599,-0.027236681431531906,0.011691125109791756,0.3128809332847595,-0.20117777585983276,-0.00788908265531063,0.00026783792418427765,-0.0021333005279302597,0.02613719552755356,0.06584133207798004,0.07060466706752777,0.09129583090543747,0.08434497565031052,-0.19564247131347656,0.06911350786685944,0.008475244045257568,0.06369615346193314,-0.07133570313453674,-0.09012137353420258,0.08370981365442276,0.19344936311244965,0.07755040377378464,-0.003658544272184372,0.06325260549783707,0.02465277537703514,0.008656521327793598,-0.07357653230428696,0.041592083871364594,-0.009289158508181572,0.08785083889961243,0.0034361169673502445,-0.005228196270763874,-0.1342267245054245,0.05932475998997688,-0.03461013361811638,-0.011656305752694607,0.0408785417675972,0.018641270697116852,-0.0029912625905126333,0.019404856488108635,-0.011121361516416073,-0.01242524478584528,0.0008436894277110696,-0.0007853981223888695,0.0007363107870332897,-0.020862137898802757,-0.002454369328916073,-0.0037582528311759233,-0.0175640806555748,0.0023009711876511574,0.00019634953059721738,-0.005743223708122969,0.024753034114837646,0.19461402297019958,-0.015576750971376896,0.7646993398666382,0.6566936373710632,-0.1821790486574173,-0.13524769246578217,-0.16041353344917297,0.10091881453990936,0.5353552103042603,0.5117040276527405,-0.34891995787620544,-0.056852787733078,0.5250020027160645,-0.6124941110610962,-1.0528576374053955,0.7234320044517517,0.35703226923942566,-0.8651964664459229,-0.7709127068519592,-0.8952120542526245,-0.07117339968681335,-1.1861151456832886,-0.7719367742538452,-0.6757063269615173,-0.9343143701553345,0.8630316853523254,-1.0749437808990479,-0.10392424464225769,0.0,0.0,0.0,0.0,0.0,0.0,0.0,0.0,0.0,0.0,0.0,0.0,0.0,0.0,0.0,0.0,0.0
-0.01047197449952364,0.10864673554897308,-0.08770278841257095,-0.018480708822607994,-0.0014803139492869377,-0.9998281598091125,-0.05020597577095032,0.02033376879990101,-0.00839671865105629,0.2795509397983551,-0.19747193157672882,-0.01119390781968832,-0.062245287001132965,-0.019788352772593498,0.011302759870886803,0.23985493183135986,-0.1586596518754959,-0.005184028297662735,-0.002089135814458132,-0.011154728010296822,0.01557027455419302,0.06570950895547867,0.0806594267487526,0.08649015426635742,0.06203034892678261,-0.1992017924785614,0.06630632281303406,0.005898156203329563,0.050465572625398636,-0.07780718058347702,-0.09076852351427078,0.0613832026720047,0.19402460753917694,0.07096962630748749,-0.011144370771944523,0.010027851909399033,0.007908523082733154,0.0023998278193175793,-0.13864459097385406,0.06406444311141968,0.0029620861168950796,8.570812497055158e-05,0.007090400438755751,0.004456823226064444,-0.1201004758477211,0.07952340692281723,0.009316074661910534,0.007542315870523453,-0.017773224040865898,-0.04620559141039848,-0.001764077926054597,0.017103886231780052,-0.00046019424917176366,-0.06864564120769501,-0.016873789951205254,-0.0283725094050169,-0.00829576887190342,-0.04448544606566429,-0.021322332322597504,0.0029145635198801756,-0.05345923453569412,-0.0009203884983435273,-0.029501518234610558,-0.02287472039461136,-0.17695342004299164,0.1761733889579773,-0.025687426328659058,0.7558274865150452,0.5550721883773804,-0.11195240169763565,-0.21136769652366638,-0.0354151614010334,0.026055995374917984,0.794602632522583,0.4883618950843811,-0.23147445917129517,-0.07111553847789764,-0.0448954701423645,-0.4366808831691742,-0.8284754157066345,0.5667473077774048,0.39040008187294006,-0.8296668529510498,-0.8856042623519897,-0.823616087436676,-0.08932100236415863,-0.9737218022346497,-0.6784608364105225,-0.5213747024536133,-0.8077404499053955,0.8155576586723328,-1.074846863746643,-0.17283572256565094,0.0,0.0,0.0,0.0,0.0,0.0,0.0,0.0,0.0,0.0,0.0,0.0,0.0,0.0,0.0,0.0,0.0
-0.011344638653099537,0.20551249384880066,-0.024870937690138817,0.0028511646669358015,-0.001899402355775237,-0.9999940991401672,-0.04734010994434357,0.012007661163806915,-0.0002946217136923224,0.23425590991973877,-0.16934293508529663,-0.011996272020041943,-0.06012937054038048,-0.023972710594534874,0.013673125766217709,0.19864198565483093,-0.13252560794353485,-0.011782561428844929,-0.0011249192757532,0.014503691345453262,0.010935124009847641,0.05014199763536453,0.09019887447357178,0.09051685035228729,0.038900796324014664,-0.20140689611434937,0.04052777588367462,0.0020785441156476736,0.023069633170962334,-0.08266079425811768,-0.0963292047381401,0.042939480394124985,0.1943122297525406,0.03674651309847832,-0.013683109544217587,0.004628239199519157,-0.011835514567792416,0.013456176035106182,-0.077776238322258,0.05716509371995926,-0.008627464063465595,0.009685019962489605,-0.009381144307553768,-0.002228411613032222,-0.07935793697834015,0.055080901831388474,-0.016910335049033165,-0.009170769713819027,0.009486028924584389,-0.0027861311100423336,-0.06204951927065849,0.02040194533765316,0.012578642927110195,-0.05146506056189537,-0.0033747577108442783,-0.06818237900733948,-0.010946487076580524,-0.07033302634954453,-0.010814565233886242,-0.026921361684799194,-0.05391942337155342,0.0007669904152862728,-0.1012672707438469,0.0009817477548494935,-0.17123840749263763,-0.04209534823894501,0.029640305787324905,0.745315670967102,0.40926700830459595,-0.15471002459526062,0.1239863857626915,-0.17513996362686157,0.05801459029316902,0.8034422397613525,0.337058424949646,-0.2960543632507324,-0.051065798848867416,0.43496060371398926,-0.3437957465648651,-0.7517377734184265,0.5106102824211121,0.44545695185661316,-0.6380003690719604,-0.8310755491256714,-0.7146975994110107,-0.10720421373844147,-0.6494626402854919,-0.6172837615013123,-0.5842552781105042,-0.556239902973175,0.848501443862915,-0.9009853601455688,-0.03831499442458153,0.0,0.0,0.0,0.0,0.0,0.0,0.0,0.0,0.0,0.0,0.0,0.0,0.0,0.0,0.0,0.0,0.0
0.06326817721128464,0.04668755084276199,0.00523598724976182,0.01241976860910654,-0.004358162172138691,-0.999913215637207,-0.039412107318639755,0.017069796100258827,-0.0031872710678726435,0.2060391902923584,-0.14490799605846405,-0.009212824515998363,-0.05528150126338005,-0.02340172976255417,0.008945786394178867,0.17111556231975555,-0.10855972766876221,-0.0008369694696739316,-0.00046871634549461305,-0.006831432227045298,0.005514830816537142,0.01563941314816475,0.09255976229906082,0.0972040519118309,0.02166747860610485,-0.2018263339996338,0.019059712067246437,-0.00035281560849398375,-0.0023728765081614256,-0.08812560141086578,-0.10043979436159134,0.015112107619643211,0.19427627325057983,0.00524621456861496,-0.007784952875226736,0.021169908344745636,0.004199698567390442,-0.0026569522451609373,-0.056668657809495926,0.04185977950692177,5.0846785597968847e-05,0.02348402701318264,0.00845393817871809,-0.010970639996230602,-0.04297873005270958,0.044606368988752365,0.009252296760678291,0.001114205806516111,-0.023786524310708046,-0.019289501011371613,-0.08605632185935974,-0.007823302410542965,0.02093883790075779,-0.042567964643239975,-0.001073786523193121,-0.042755112051963806,-0.007755807135254145,-0.06849224120378494,-0.022242723032832146,-0.019174760207533836,-0.07669904083013535,0.0006135923322290182,-0.03966260701417923,0.004123340360820293,0.11992122232913971,0.2299162745475769,-0.045492708683013916,0.8665305972099304,0.7631877660751343,-0.031068451702594757,0.37220120429992676,0.10190914571285248,-0.02151523157954216,0.8562633991241455,0.8441381454467773,-0.06819525361061096,0.007935073226690292,-0.3060208261013031,-0.5843700170516968,-0.4951417148113251,0.44776755571365356,0.46525031328201294,-0.4413157105445862,-0.8228441476821899,-0.4671790897846222,-0.0501725897192955,-0.3362860083580017,-0.5050719976425171,-0.37883880734443665,-0.4491897523403168,0.8199930787086487,-0.4001302421092987,0.12367713451385498,0.0,0.0,0.0,0.0,0.0,0.0,0.0,0.0,0.0,0.0,0.0,0.0,0.0,0.0,0.0,0.0,0.0
-0.016580626368522644,0.08770278841257095,0.05585053190588951,0.016291223466396332,-0.004228267818689346,-0.9998586773872375,-0.03768455237150192,0.0075420718640089035,-0.0011383111122995615,0.1842566579580307,-0.12964867055416107,-0.008377080783247948,-0.052870962768793106,-0.024339161813259125,0.006106704473495483,0.14715136587619781,-0.09048163145780563,-0.00021423793805297464,0.002758730435743928,0.018167492002248764,0.003265558974817395,-0.005680522881448269,0.0954120084643364,0.10085923969745636,0.005620601586997509,-0.20243753492832184,0.003926991019397974,-0.001825437182560563,-0.016574183478951454,-0.09584344178438187,-0.10452641546726227,0.001761681167408824,0.19335348904132843,-0.003175340360030532,-0.0075011663138866425,0.015513171441853046,-0.0035452002193778753,-0.006256693508476019,-0.03856086730957031,0.03452552482485771,-0.002862014574930072,0.015856005251407623,-0.0027816183865070343,-0.003085492877289653,-0.061795562505722046,0.040034353733062744,0.000596733414568007,0.005228196270763874,0.0028406421188265085,-0.030822843313217163,-0.044255346059799194,0.009357282891869545,0.008360194973647594,-0.03965340182185173,-0.0019174760673195124,-0.03519565612077713,-0.0029452431481331587,-0.04042039439082146,-0.01672038994729519,0.002454369328916073,-0.017947575077414513,-0.00276116537861526,-0.010602875612676144,0.0012762719998136163,0.04394100606441498,-0.08703629672527313,0.0450449138879776,0.7805403470993042,0.7173052430152893,-0.027986638247966766,0.24552088975906372,-0.0038243569433689117,0.0017897672951221466,0.6823444366455078,1.0050804615020752,-0.03959090635180473,0.04622756317257881,0.3327312171459198,-0.4251965582370758,-0.13374869525432587,0.5008470416069031,0.43887102603912354,-0.3246456980705261,-0.8196154236793518,-0.2922004759311676,-0.07432196289300919,-0.10482717305421829,-0.47646045684814453,-0.4006330966949463,-0.17495869100093842,0.7817404270172119,-0.07063505798578262,-0.020830489695072174,0.0,0.0,0.0,0.0,0.0,0.0,0.0,0.0,0.0,0.0,0.0,0.0,0.0,0.0,0.0,0.0,0.0
0.025307271629571915,0.05585053190588951,-0.048432882875204086,0.019300976768136024,-0.004129661247134209,-0.9998052716255188,-0.03298399597406387,0.012740561738610268,-0.0009374326909892261,0.165593221783638,-0.12080694735050201,-0.008214681409299374,-0.04889356717467308,-0.02225976437330246,0.0049817850813269615,0.1285816729068756,-0.08269300311803818,0.0002620366576593369,-0.004057744517922401,-0.028263332322239876,-0.003788119414821267,-0.021152157336473465,0.09714972227811813,0.10217750072479248,-0.003798999357968569,-0.20292888581752777,-0.0028301947750151157,-0.0021859228145331144,-0.025849973782896996,-0.09976229071617126,-0.10254901647567749,-0.01185239851474762,0.19337746500968933,-0.006135923322290182,-0.004494564142078161,0.014570382423698902,0.01587158814072609,0.005399612244218588,-0.044396813958883286,0.016554664820432663,0.0010260259732604027,0.0026569522451609373,0.00894481223076582,0.0023998278193175793,-0.03621558099985123,0.010992500931024551,-0.0033268872648477554,-0.0003428324998822063,-0.07962652295827866,-0.03380512818694115,-0.031446605920791626,0.00398835027590394,0.0038349521346390247,-0.025080585852265358,-0.001073786523193121,-0.010750138200819492,-4.9087382649304345e-05,-0.010814565233886242,-0.007439807057380676,0.003528155852109194,-0.042567964643239975,0.0005368932615965605,-0.0030434178188443184,0.0074121952056884766,0.13330568373203278,0.10271378606557846,0.016531240195035934,0.738910436630249,0.6675411462783813,0.030408211052417755,0.15139535069465637,0.2190474569797516,-0.05797520652413368,0.7162765264511108,0.9154048562049866,0.06938505172729492,-0.024342816323041916,-0.36083802580833435,-0.3806658089160919,-0.04611153528094292,0.425265371799469,0.4170469641685486,-0.15889562666416168,-0.8156026601791382,-0.07905794680118561,-0.03523935005068779,-0.015795566141605377,-0.4135308861732483,-0.33533912897109985,-0.2184610813856125,0.7791047096252441,-0.04216039925813675,0.07302537560462952,0.0,0.0,0.0,0.0,0.0,0.0,0.0,0.0,0.0,0.0,0.0,0.0,0.0,0.0,0.0,0.0,0.0
-0.06195918098092079,-0.06894049793481827,0.04363322630524635,0.02204604633152485,-0.003559089731425047,-0.999750554561615,-0.025966642424464226,0.008718123659491539,-0.003562244353815913,0.15538373589515686,-0.11596830934286118,-0.012726088985800743,-0.037711337208747864,-0.026256637647747993,0.006454893853515387,0.11261123418807983,-0.07233382761478424,-0.0036257386673241854,0.005865650251507759,0.03820425644516945,-0.021366797387599945,-0.02713228575885296,0.10374104976654053,0.10626412183046341,-0.013410348445177078,-0.20283301174640656,-0.011274759657680988,-0.004686311352998018,-0.028905950486660004,-0.10472375154495239,-0.10453839600086212,-0.00906007457524538,0.19342540204524994,-0.007133011240512133,-0.004034369718283415,0.03351188078522682,-0.014944382011890411,-0.007456607650965452,-0.009435686282813549,0.007345328573137522,-0.008669081144034863,0.0372830405831337,-0.0063813598826527596,-0.00574244512245059,-0.03648829087615013,0.026775766164064407,-0.005680842325091362,-0.010199268348515034,0.13642136752605438,-0.019915074110031128,-0.006749515421688557,0.03298058733344078,0.010354370810091496,-0.017180584371089935,-0.000997087568975985,-0.019831303507089615,-0.004123340360820293,-0.004141747951507568,-0.0003067961661145091,-0.0003834952076431364,0.016950488090515137,-0.00015339808305725455,-0.009473864920437336,-0.0018653207225725055,-0.004436865448951721,-0.23148077726364136,0.0312870517373085,0.7359663248062134,0.8868633508682251,-0.21394142508506775,0.2369869351387024,-0.16960319876670837,0.019057337194681168,0.572669267654419,0.8679783940315247,-0.2624742388725281,0.08459606766700745,0.8159393668174744,-0.3161851763725281,-0.016922440379858017,0.5489060282707214,0.4730430543422699,-0.22128766775131226,-0.7887970209121704,-0.1640568971633911,-0.10058777034282684,0.009697772562503815,-0.47769060730934143,-0.4682491421699524,0.029962381348013878,0.8144729733467102,0.0012813229113817215,-0.03253059834241867,0.0,0.0,0.0,0.0,0.0,0.0,0.0,0.0,0.0,0.0,0.0,0.0,0.0,0.0,0.0,0.0,0.0
0.05977752059698105,0.18718655407428741,-0.0719948261976242,0.01754998415708542,-0.003134648548439145,-0.999841034412384,-0.025805940851569176,0.02099849097430706,-0.00046871634549461305,0.1468786597251892,-0.11752821505069733,-0.008748844265937805,-0.03878268599510193,-0.0185270793735981,0.005584420636296272,0.10590432584285736,-0.0769510492682457,0.0009628054103814065,-0.008075312711298466,-0.07544241100549698,-0.01173742488026619,-0.024759409949183464,0.09952260553836823,0.10040383785963058,-0.01031841803342104,-0.20781844854354858,-0.006135923322290182,-0.003950000740587711,-0.02057691477239132,-0.10114046931266785,-0.09768342226743698,-0.019426429644227028,0.19222697615623474,-0.0050161173567175865,0.003950000740587711,0.030083555728197098,-0.004363323096185923,0.024512527510523796,-0.042760565876960754,0.004101741127669811,-0.00012455967953428626,0.025026774033904076,0.0029452431481331587,-0.007970856502652168,-0.005399612244218588,-0.04057283326983452,-0.0090330233797431,0.021684158593416214,0.0023139247205108404,-0.10969970375299454,0.006289321463555098,0.00398835027590394,-0.009817477315664291,0.005982525181025267,-0.012041749432682991,0.019978566095232964,0.002356194658204913,0.024083498865365982,0.02377670258283615,0.013499030843377113,-0.021935924887657166,-0.0033747577108442783,0.011388272978365421,0.017818722873926163,-0.019377321004867554,0.3534029722213745,-0.02886137366294861,0.5771830677986145,0.3233170509338379,0.13230448961257935,-0.05278690904378891,0.4953153133392334,-0.12848201394081116,0.65265953540802,0.3753349184989929,0.21035078167915344,-0.08082021027803421,-1.1528810262680054,-0.0850190669298172,0.0012998322490602732,0.278462678194046,0.3377799391746521,-0.001703605055809021,-0.9208806157112122,0.10021869838237762,0.009476341307163239,0.005187271162867546,-0.3781360983848572,-0.31019365787506104,-0.26537710428237915,0.7290437817573547,0.04245464503765106,0.11649550497531891,0.0,0.0,0.0,0.0,0.0,0.0,0.0,0.0,0.0,0.0,0.0,0.0,0.0,0.0,0.0,0.0,0.0
-0.11126472800970078,-0.41146132349967957,0.15402528643608093,0.015898380428552628,-0.002868391340598464,-0.9998698234558105,-0.0032138118986040354,0.00998791866004467,-0.0049817850813269615,0.1455492079257965,-0.11822233349084854,-0.017342310398817062,-0.011476611718535423,-0.026520822197198868,0.004888041876256466,0.10287898033857346,-0.07018575817346573,-0.009326622821390629,0.007164664100855589,0.051991429179906845,-0.031100118532776833,-0.02575409971177578,0.10677304863929749,0.10725881904363632,-0.012871057726442814,-0.20563732087612152,-0.013667769730091095,-0.008705341257154942,-0.015579492785036564,-0.10033752024173737,-0.10009224712848663,-0.010426276363432407,0.19392873346805573,-0.003244369523599744,0.0025770878419280052,0.036425959318876266,-0.008563022129237652,0.0013713299995288253,0.0359974168241024,-0.006361781153827906,-0.009272881783545017,0.04902505502104759,0.001636246219277382,0.010113559663295746,-0.012817262671887875,0.03940925747156143,-0.01617082767188549,-0.030597804114222527,0.2110522985458374,0.06811055541038513,-0.002531068166717887,0.015569904819130898,0.015186409465968609,0.012578642927110195,-0.0011504855938255787,-0.018309595063328743,-0.013989904895424843,0.005292234010994434,0.01449611783027649,0.0076699042692780495,0.02093883790075779,0.0022242721170186996,0.0006872233934700489,-0.0011780973291024566,-0.09677736461162567,-0.45661863684654236,0.05415116995573044,0.7547802329063416,0.7087286114692688,-0.3241754174232483,0.19051885604858398,-0.3135581314563751,0.052092794328927994,0.5134559273719788,0.9107995629310608,-0.3120006322860718,0.1434236466884613,1.4213528633117676,-0.08236320316791534,-0.087628073990345,0.629940390586853,0.49829569458961487,-0.27089935541152954,-0.7390000820159912,-0.2431301474571228,-0.1281520128250122,-0.03758776932954788,-0.5696753263473511,-0.6397127509117126,0.048014767467975616,0.8518206477165222,-0.002914438024163246,-0.15092507004737854,0.0,0.0,0.0,0.0,0.0,0.0,0.0,0.0,0.0,0.0,0.0,0.0,0.0,0.0,0.0,0.0,0.0
0.030979590490460396,0.147480309009552,0.008290313184261322,-0.004236692097038031,0.001077192835509777,-0.9999905228614807,-0.0016201762482523918,0.02732190303504467,-0.0014061490073800087,0.145830437541008,-0.12367171794176102,-0.009521321393549442,-0.019565315917134285,-0.01329449936747551,0.011075098067522049,0.10934726148843765,-0.07712817192077637,0.0035289775114506483,-0.0035086767747998238,-0.08632561564445496,-0.015423995442688465,-0.02172739990055561,0.09581947326660156,0.09674865007400513,-0.008496815338730812,-0.21097029745578766,-0.0037735928781330585,-0.0013268934562802315,-0.006231796927750111,-0.09857584536075592,-0.09668873250484467,-0.014153369702398777,0.19184347987174988,0.0005752427969127893,0.002853204496204853,-0.0034283255226910114,-0.0064359018579125404,0.005485319998115301,-0.014835299924015999,0.017915450036525726,-0.024006059393286705,-0.009599311277270317,0.015435256063938141,0.008313688449561596,0.04423318803310394,-0.046755291521549225,-0.009404371492564678,0.03539745882153511,-0.1778130680322647,-0.13092105090618134,0.01296213734894991,-0.013805828057229519,-0.015416507609188557,0.005905826110392809,-0.010431068949401379,0.028470683842897415,0.026114491745829582,0.04747670516371727,0.00920388475060463,0.009280583821237087,-0.013268934562802315,-0.003144660731777549,0.026850799098610878,-0.002208932302892208,-0.003232337534427643,0.516444206237793,-0.1007193997502327,0.49282002449035645,0.032698825001716614,0.13980746269226074,-0.29957249760627747,0.6482791900634766,-0.1730293482542038,0.6101224422454834,0.11293887346982956,0.20850348472595215,-0.04903431981801987,-1.6082022190093994,-0.06991023570299149,-0.04040532931685448,0.28682267665863037,0.3567212224006653,-0.0015548169612884521,-0.9646661281585693,0.12609446048736572,0.14983002841472626,-0.1348676085472107,-0.49696072936058044,-0.3628537654876709,-0.3142392337322235,0.7135522365570068,-0.030636439099907875,0.0008129477500915527,0.0,0.0,0.0,0.0,0.0,0.0,0.0,0.0,0.0,0.0,0.0,0.0,0.0,0.0,0.0,0.0,0.0
-0.09381143748760223,-0.27096232771873474,0.06894049793481827,0.0031841183081269264,-0.0032475038897246122,-0.999989926815033,0.002638446632772684,0.012911004945635796,-0.0022632302716374397,0.145642951130867,-0.13004757463932037,-0.02668706700205803,-0.009467827156186104,-0.031139809638261795,0.007111096754670143,0.11137552559375763,-0.08171994984149933,-0.015279115177690983,0.013003530912101269,0.06069883331656456,-0.03407172113656998,-0.015927035361528397,0.10531097650527954,0.10244115442037582,-0.012331767939031124,-0.20735105872154236,-0.0032903889659792185,-0.009694758802652359,0.000862864195369184,-0.09797663241624832,-0.09857024997472763,0.005680522881448269,0.19377294182777405,0.0037122336216270924,-0.004525243770331144,0.06839509308338165,-0.017071502283215523,0.017055919393897057,0.042815111577510834,-0.016474498435854912,-0.0238387081772089,0.01131347380578518,-0.008726646192371845,0.030254973098635674,-0.03272492438554764,0.0563848614692688,-0.007109444588422775,-0.022884072735905647,0.29319652915000916,0.061173535883426666,0.003144660731777549,0.027151459828019142,0.004371845629066229,0.014189322479069233,0.005368932615965605,-0.007264933083206415,-0.023267420008778572,-0.011351457796990871,0.03190680220723152,-0.019328158348798752,0.0646572932600975,0.005062136333435774,-0.01551161427050829,0.010897399857640266,-0.27465128898620605,-0.609549343585968,0.13196225464344025,0.576602041721344,-0.22982116043567657,-0.4005619287490845,-0.03686239570379257,-0.687942385673523,0.13433770835399628,0.3491275906562805,0.5498587489128113,-0.4309692978858948,0.13843820989131927,2.0795435905456543,0.21534547209739685,-0.1769866794347763,0.7305097579956055,0.5816566348075867,-0.32225000858306885,-0.6810547709465027,-0.1688079535961151,-0.17559373378753662,-0.3020244240760803,-0.7117199897766113,-0.6870018243789673,-0.10393775999546051,0.8622167706489563,-0.20924559235572815,-0.18566718697547913,0.0,0.0,0.0,0.0,0.0,0.0,0.0,0.0,0.0,0.0,0.0,0.0,0.0,0.0,0.0,0.0,0.0
0.027488933876156807,0.1906771957874298,0.03665190935134888,-0.009961542673408985,-7.556984928669408e-05,-0.9999504685401917,-0.0008836220949888229,0.025651568546891212,-0.013539206236600876,0.1534918248653412,-0.13231809437274933,-0.0013060487108305097,-0.025096170604228973,-0.024475514888763428,0.013365112245082855,0.1170768216252327,-0.08390717208385468,0.014910886995494366,0.007231623865664005,-0.10214126855134964,-0.005042763892561197,-0.0005512743373401463,0.09307508915662766,0.09604158252477646,-0.0055367122404277325,-0.21109014749526978,0.001687378971837461,-0.0011044662678614259,0.011229218915104866,-0.10223104059696198,-0.09031312167644501,-5.992112710373476e-05,0.19455191493034363,0.009456992149353027,0.0025310683995485306,-0.0037711579352617264,-0.028416141867637634,-0.041397031396627426,-0.01685333624482155,0.00021381016995292157,0.0065830363892018795,-0.05142487958073616,-0.02459823526442051,-0.0021427033934742212,0.03217950835824013,-0.047982778400182724,0.03651275858283043,0.04533959925174713,-0.2939421832561493,-0.0403599888086319,0.02929903380572796,0.00720971031114459,-0.013345633633434772,-0.003604855155572295,-0.010354370810091496,0.021205751225352287,0.03072870336472988,0.04410194978117943,-0.0076699042692780495,0.018254371359944344,-0.03213689848780632,0.0023009711876511574,0.033084895461797714,0.014677128754556179,-0.008031651377677917,0.7951028943061829,-0.2707861065864563,0.4831498861312866,-0.25649720430374146,0.24103328585624695,-0.3011162281036377,0.675230860710144,-0.1778257191181183,0.6406075358390808,-0.2150585949420929,0.2771296203136444,-0.019616205245256424,-1.9796396493911743,-0.025743361562490463,-0.14916400611400604,0.31297117471694946,0.40705180168151855,-0.007683396339416504,-0.9314497113227844,0.025504030287265778,0.25304704904556274,-0.2679195702075958,-0.4822671115398407,-0.2648588716983795,-0.5264599323272705,0.8239870071411133,-0.1598222255706787,0.1113094836473465,0.0,0.0,0.0,0.0,0.0,0.0,0.0,0.0,0.0,0.0,0.0,0.0,0.0,0.0,0.0,0.0,0.0
-0.17366023361682892,-0.2753256559371948,0.08683011680841446,-0.0032925293780863285,-0.000997959985397756,-0.9999945759773254,-0.0054636504501104355,0.028378644958138466,-0.00965555664151907,0.1594061702489853,-0.13360139727592468,-0.043086327612400055,-0.021091993898153305,-0.03440377861261368,0.016605950891971588,0.13210131227970123,-0.08191245794296265,-0.013518081977963448,0.020288722589612007,0.049790386110544205,-0.005606446415185928,-0.0036671729758381844,0.10345342755317688,0.10258496552705765,-0.0018455706303939223,-0.20546954870224,0.004463884513825178,-0.004862719215452671,0.01125318743288517,-0.10562257468700409,-0.10552110522985458,0.008916263468563557,0.19446802139282227,0.008521263487637043,-0.008030389435589314,0.00017141624994110316,-0.008344856090843678,0.016713086515665054,0.07946702092885971,-0.020538102835416794,-0.0025698391254991293,0.007285191211849451,-0.018107790499925613,-0.004713947419077158,0.0014726215740665793,0.04477497562766075,-0.04697727784514427,-0.022884072735905647,0.175262913107872,0.12012634426355362,-0.03213689848780632,0.03781262785196304,0.014112623408436775,0.015569904819130898,0.006059224251657724,0.011388272978365421,-0.019340431317687035,-0.028378644958138466,-0.01595340110361576,-0.029835928231477737,0.04264466464519501,-0.002531068166717887,-0.02243293635547161,0.005645049270242453,-0.26972872018814087,-0.5097762942314148,0.19779454171657562,0.6884979009628296,-0.4704079031944275,-0.5078203678131104,0.09007694572210312,-0.8811631798744202,0.21141904592514038,0.48506033420562744,0.46044719219207764,-0.48156386613845825,0.09409691393375397,2.6055288314819336,-0.010846056044101715,-0.4782223403453827,0.7401243448257446,0.5574560165405273,-0.36954817175865173,-0.6650247573852539,-0.1482163965702057,-0.1498827338218689,-0.48134827613830566,-0.7524658441543579,-0.7871760129928589,-0.2558530867099762,0.8438833355903625,-0.3628905117511749,-0.2119487076997757,0.0,0.0,0.0,0.0,0.0,0.0,0.0,0.0,0.0,0.0,0.0,0.0,0.0,0.0,0.0,0.0,0.0
0.07766713947057724,0.2748893201351166,-0.1662425845861435,-0.01847199536859989,0.003111660247668624,-0.9998243451118469,-0.014583531767129898,0.03976418823003769,-0.019244154915213585,0.1671953797340393,-0.12952472269535065,-0.02354118600487709,-0.04012187570333481,-0.02802923694252968,0.02318137139081955,0.14016322791576385,-0.08423760533332825,0.003922802861779928,0.004968393128365278,-0.08931519091129303,0.025318138301372528,0.006076002027839422,0.09501653164625168,0.1007753536105156,0.009755159728229046,-0.20608073472976685,0.012379225343465805,0.005982525181025267,0.015986956655979156,-0.10334557294845581,-0.08958208560943604,0.002205097349360585,0.19474366307258606,0.005706408992409706,-0.001787087763659656,0.0059995693154633045,-0.02263473905622959,-0.019198622554540634,-0.0391608290374279,0.01674637384712696,0.010759363882243633,-0.03591170907020569,-0.019253162667155266,0.016455961391329765,0.0368700809776783,-0.033786218613386154,0.08782126754522324,0.03968286141753197,-0.17122749984264374,-0.09880444407463074,0.05982525274157524,-0.002837864449247718,0.0011504855938255787,0.006289321463555098,-0.004832039587199688,0.009277516044676304,0.03205406293272972,0.022779615595936775,0.007900001481175423,0.045712631195783615,-0.020478643476963043,0.00023009712458588183,0.02105848863720894,-0.014284429140388966,0.03718997538089752,0.6596689820289612,-0.2653297781944275,0.3747779130935669,-0.30596619844436646,0.017040081322193146,-0.14276579022407532,0.5448390245437622,-0.13236230611801147,0.7715508937835693,-0.01707911491394043,-0.027337338775396347,-0.06751547753810883,-1.62663996219635,-0.34423038363456726,-0.20856468379497528,0.3542354702949524,0.4130445122718811,-0.1438341736793518,-0.8585748076438904,-0.08180534839630127,0.18872788548469543,-0.3648820221424103,-0.3574233055114746,-0.13879723846912384,-0.5307756662368774,0.8210869431495667,-0.28381556272506714,0.1077745109796524,0.0,0.0,0.0,0.0,0.0,0.0,0.0,0.0,0.0,0.0,0.0,0.0,0.0,0.0,0.0,0.0,0.0
-0.1636245995759964,-0.2508910596370697,0.18195055425167084,-0.005030473228543997,-0.0009584805811755359,-0.9999870657920837,-0.02035543881356716,0.03437821567058563,-0.015708694234490395,0.16360756754875183,-0.12116527557373047,-0.05141573026776314,-0.039224620908498764,-0.03845178335905075,0.02519015595316887,0.1409216970205307,-0.07254452258348465,-0.0071348161436617374,0.008450286462903023,0.068235382437706,0.0282922200858593,0.007238471880555153,0.107815682888031,0.10721088200807571,0.017473001033067703,-0.20407937467098236,0.010944953188300133,0.002308641094714403,0.010737866163253784,-0.10091276466846466,-0.1125798150897026,0.008185225538909435,0.1952829509973526,0.0031293209176510572,-0.00529990391805768,0.023826859891414642,-0.003654283005744219,0.02022711932659149,0.027379853650927544,-0.011183680966496468,-0.019633159041404724,0.03865436837077141,-0.02568906359374523,0.004713947419077158,-0.05137812718749046,0.06200941279530525,-0.051527030766010284,-0.03805441036820412,0.2722848653793335,0.12742722034454346,-0.04111068695783615,0.021859226748347282,0.018944663926959038,0.03796602413058281,-0.0003067961661145091,0.004908738657832146,-0.015266175381839275,-0.023546604439616203,0.07501166313886642,-0.03167670592665672,0.01840776950120926,0.007439807057380676,-0.03603013977408409,0.03298672288656235,-0.33596253395080566,-0.5312425494194031,0.1715778112411499,0.7107442021369934,-0.11929014325141907,-0.5029217600822449,0.18480658531188965,-0.6231993436813354,0.19384419918060303,0.5394229888916016,0.692020833492279,-0.518618643283844,0.04595193639397621,2.2017927169799805,-0.10703537613153458,-0.5660357475280762,0.7436591982841492,0.46688634157180786,-0.48503538966178894,-0.7514586448669434,-0.27881285548210144,-0.2513129711151123,-0.46321576833724976,-0.7291098237037659,-0.9219534993171692,-0.2961846888065338,0.8568626046180725,-0.35495826601982117,-0.1544971615076065,0.0,0.0,0.0,0.0,0.0,0.0,0.0,0.0,0.0,0.0,0.0,0.0,0.0,0.0,0.0,0.0,0.0
0.10166541486978531,0.31503188610076904,-0.11693704128265381,-0.013187242671847343,0.0028689333703368902,-0.9999091625213623,-0.029328009113669395,0.04906181991100311,-0.022123411297798157,0.17097920179367065,-0.11255981773138046,-0.025632351636886597,-0.05609840899705887,-0.030176810920238495,0.026649871841073036,0.14741554856300354,-0.06827877461910248,0.02516772598028183,-0.009856435470283031,-0.08903884142637253,0.0551023930311203,0.01362606417387724,0.09985814988613129,0.10435863584280014,0.024783378466963768,-0.20887306332588196,0.017832526937127113,0.005430292338132858,0.0156513974070549,-0.10876244306564331,-0.09972073882818222,-0.006171876098960638,0.19535484910011292,0.0028071850538253784,-0.006028544623404741,-0.02048424258828163,-0.0411788634955883,0.0031712010968476534,-0.025743607431650162,0.02765856683254242,0.017520355060696602,-0.01628454588353634,-0.03119776025414467,-0.0027426599990576506,0.03299763426184654,-0.057402826845645905,0.047896407544612885,0.03968286141753197,-0.2627566158771515,-0.10115990787744522,0.04218447208404541,0.011658254079520702,-0.008053398691117764,-0.019174760207533836,-0.009894176386296749,-9.817476529860869e-05,0.008050331845879555,0.014189322479069233,-0.029989322647452354,0.0524621419608593,-0.04295146092772484,-0.0033747577108442783,0.026801710948348045,-0.044571347534656525,0.15052786469459534,0.6382083296775818,-0.20989812910556793,0.5907222628593445,0.04422284662723541,0.13875141739845276,-0.15490499138832092,0.697665274143219,-0.15846171975135803,0.8938618898391724,0.2199777364730835,0.34278160333633423,-0.08126400411128998,-2.0178604125976562,-0.5900260210037231,-0.3087025284767151,0.3357616662979126,0.3881399631500244,-0.26224228739738464,-0.9193296432495117,-0.18559497594833374,0.059163499623537064,-0.3100830912590027,-0.5749680399894714,-0.16765624284744263,-0.5255680084228516,0.8151480555534363,-0.1523345559835434,-0.0006528198719024658,0.0,0.0,0.0,0.0,0.0,0.0,0.0,0.0,0.0,0.0,0.0,0.0,0.0,0.0,0.0,0.0,0.0
-0.13002701103687286,-0.2059488296508789,0.05017821118235588,0.0003810690250247717,-0.0039689140394330025,-0.9999921321868896,-0.032180480659008026,0.04309634119272232,-0.02553834579885006,0.17021220922470093,-0.10532014816999435,-0.051257289946079254,-0.05948655679821968,-0.042448654770851135,0.025739222764968872,0.15180444717407227,-0.06531328707933426,0.004009323660284281,0.006414717994630337,0.07177834212779999,0.05294758081436157,0.009683254174888134,0.11087165772914886,0.1086609736084938,0.023800671100616455,-0.20749486982822418,0.01351437158882618,-0.0012578642927110195,0.008616657927632332,-0.11165063083171844,-0.12106464058160782,0.003787015099078417,0.19547469913959503,0.0028071850538253784,-0.010438740253448486,-0.016113130375742912,-0.009381144307553768,-0.007628023624420166,0.039215367287397385,-0.038784246891736984,0.04724953696131706,0.013799008913338184,-0.003272492438554764,-0.0047996556386351585,-0.03376121446490288,0.05739162117242813,-0.01721305213868618,-0.036425959318876266,0.2519099712371826,0.11760186403989792,-0.05146506056189537,0.009817477315664291,-0.0011504855938255787,0.005368932615965605,-0.0012271846644580364,-0.0011290098773315549,-0.010259263217449188,-0.026998061686754227,0.002147573046386242,-0.06849224120378494,0.032213594764471054,0.003221359569579363,-0.03740458935499191,0.03617740422487259,-0.1292869746685028,-0.6714133620262146,0.18451300263404846,0.9177929759025574,0.558512806892395,-0.5067301988601685,0.1528039574623108,-0.6363421678543091,0.1932864487171173,0.6514477729797363,0.9134348034858704,-0.34150081872940063,0.11129294335842133,2.321103811264038,-0.4052930176258087,-0.5639764666557312,0.7396020293235779,0.47054460644721985,-0.4875030517578125,-0.7664458155632019,-0.3322458863258362,-0.21337811648845673,-0.3704098165035248,-0.6294827461242676,-0.8218489289283752,-0.18197490274906158,0.8675161004066467,-0.2933357357978821,-0.026658449321985245,0.0,0.0,0.0,0.0,0.0,0.0,0.0,0.0,0.0,0.0,0.0,0.0,0.0,0.0,0.0,0.0,0.0
0.11606438457965851,0.3093595802783966,-0.09250244498252869,-0.007416667882353067,-0.0006637971964664757,-0.9999722242355347,-0.04454120248556137,0.056544236838817596,-0.022431425750255585,0.17543627321720123,-0.09662466496229172,-0.04637693613767624,-0.07443191111087799,-0.03292945399880409,0.03222090005874634,0.15996862947940826,-0.07007767260074615,0.022768335416913033,-0.004807690624147654,-0.08606643974781036,0.07169120013713837,0.012954947538673878,0.10286620259284973,0.10555705428123474,0.023033680394291878,-0.21047894656658173,0.018123984336853027,0.0006289321463555098,0.012463593855500221,-0.11024847626686096,-0.10532935708761215,-0.0009347695740871131,0.19458787143230438,0.005307573825120926,-0.006120583508163691,-0.020141413435339928,-0.022252947092056274,0.049882132560014725,-0.003490658476948738,0.04727752506732941,-0.0015850296476855874,-0.048767928034067154,0.006108652334660292,-0.022198406979441643,0.03588833287358284,-0.048366036266088486,-0.04951656609773636,0.02211269736289978,-0.16896960139274597,-0.1217958852648735,0.04924078285694122,-0.004141747951507568,-0.006366020534187555,-0.04325826093554497,-0.003221359569579363,-0.0012271846644580364,0.004319689702242613,0.009970875456929207,-0.0022242721170186996,0.04042039439082146,-0.00951068103313446,-0.009817477315664291,0.04162610322237015,-0.047074805945158005,0.10529042780399323,0.4909953474998474,-0.09770674258470535,0.718953013420105,0.4085772633552551,0.02057049423456192,0.016029156744480133,0.7594183683395386,-0.1648941934108734,1.0281870365142822,0.4939113259315491,0.47185856103897095,-0.17625100910663605,-1.9834071397781372,-0.8724125623703003,-0.3800595998764038,0.3842436671257019,0.3944517970085144,-0.310109406709671,-0.891700804233551,-0.21262532472610474,0.03926762565970421,-0.29498031735420227,-0.3980998396873474,-0.07657374441623688,-0.5656998753547668,0.7774830460548401,-0.154691681265831,0.1046600192785263,0.0,0.0,0.0,0.0,0.0,0.0,0.0,0.0,0.0,0.0,0.0,0.0,0.0,0.0,0.0,0.0,0.0
-0.17104224860668182,-0.30150559544563293,0.16973325610160828,0.0034156274050474167,-0.001691513229161501,-0.9999927878379822,-0.043657336384058,0.0489766001701355,-0.025940101593732834,0.174763023853302,-0.09280193597078323,-0.060496870428323746,-0.07542291283607483,-0.0433349572122097,0.02873900718986988,0.16203097999095917,-0.05768609791994095,0.012348096817731857,0.00839671865105629,0.06547731161117554,0.06693073362112045,0.0057284594513475895,0.11126713454723358,0.10796588659286499,0.024220118299126625,-0.20929251611232758,0.00988650694489479,-0.0034667968284338713,0.008844357915222645,-0.11429914832115173,-0.11850001662969589,0.008808405138552189,0.1955346167087555,0.0058291275054216385,-0.005936505738645792,0.02262694761157036,-0.026289021596312523,-0.0039425743743777275,0.04085161164402962,-0.0004970563459210098,-0.008076946251094341,0.035483166575431824,-0.011453723534941673,-0.021169908344745636,-0.03894266113638878,0.05625603720545769,-0.009418864734470844,-0.02819797396659851,0.2531248927116394,0.11898722499608994,-0.06304661184549332,0.026077672839164734,0.0046786414459347725,0.025003885850310326,-0.00475534051656723,-0.0013744467869400978,0.0031906799413263798,-0.0018407769966870546,0.017794176936149597,-0.05115826055407524,0.03604855015873909,-0.000997087568975985,-0.036079227924346924,0.012811806984245777,0.0098629891872406,-0.7536969184875488,0.15789206326007843,1.012982726097107,0.8823374509811401,-0.43562835454940796,0.1749485433101654,-0.4777998626232147,0.16658151149749756,0.7202428579330444,1.0877739191055298,-0.1432396024465561,0.18576858937740326,2.1199240684509277,-0.6683574914932251,-0.4904857873916626,0.7210397124290466,0.4701014757156372,-0.407667338848114,-0.7829766273498535,-0.37349584698677063,-0.14448592066764832,-0.35122522711753845,-0.6215841770172119,-0.6918240785598755,-0.27173668146133423,0.8775138258934021,-0.33065640926361084,0.023800060153007507,0.0,0.0,0.0,0.0,0.0,0.0,0.0,0.0,0.0,0.0,0.0,0.0,0.0,0.0,0.0,0.0,0.0
0.03316125273704529,0.21772980690002441,-0.09512042999267578,-0.00933663547039032,0.0015444527380168438,-0.9999552965164185,-0.055857352912425995,0.06420561671257019,-0.017690693959593773,0.17822299897670746,-0.09101857244968414,-0.05548791214823723,-0.0916672796010971,-0.03079892508685589,0.034336820244789124,0.16928330063819885,-0.06157618388533592,0.02445554919540882,-0.008410110138356686,-0.08933606743812561,0.07416749745607376,0.012271846644580364,0.10136817395687103,0.09963684529066086,0.019881829619407654,-0.212156742811203,0.015508546493947506,-0.0016106799012050033,0.01641838811337948,-0.11132706701755524,-0.09674865007400513,0.0014381069922819734,0.19372500479221344,0.008544273674488068,0.0008436894859187305,-0.028883641585707664,-0.011726430617272854,0.036597371101379395,-0.012926346622407436,0.019904710352420807,-0.002440880984067917,-0.04611097648739815,-0.003054326167330146,-0.01397042628377676,0.0359974168241024,-0.050975870341062546,-0.05249522253870964,0.029740720987319946,-0.13400809466838837,-0.17267775535583496,0.06235631927847862,-0.01020097266882658,-0.0022242721170186996,-0.0524621419608593,-0.006059224251657724,0.00019634953059721738,0.004025165922939777,0.005982525181025267,0.01733398251235485,0.1002456471323967,-0.01242524478584528,-0.009894176386296749,0.040055304765701294,-0.020960314199328423,0.15876181423664093,0.3173668682575226,-0.024137623608112335,0.7684810161590576,0.523237407207489,-0.007991500198841095,-0.16314327716827393,0.8154094219207764,-0.17178580164909363,1.0995264053344727,0.7283570170402527,0.45996493101119995,-0.2153633087873459,-1.9194669723510742,-0.9839712381362915,-0.2808018624782562,0.3546147346496582,0.3767121732234955,-0.3006272315979004,-0.9030224680900574,-0.16476842761039734,0.02810206636786461,-0.37054410576820374,-0.4363632798194885,-0.12027159333229065,-0.6272611021995544,0.7570739984512329,-0.20357675850391388,0.10286130011081696,0.0,0.0,0.0,0.0,0.0,0.0,0.0,0.0,0.0,0.0,0.0,0.0,0.0,0.0,0.0,0.0,0.0
-0.10471974313259125,-0.23780108988285065,0.08683011680841446,0.007925334386527538,-0.0018988720839843154,-0.9999667406082153,-0.055884137749671936,0.050817377865314484,-0.017730869352817535,0.17470335960388184,-0.08441097289323807,-0.06627077609300613,-0.10159067064523697,-0.046786412596702576,0.030158549547195435,0.174763023853302,-0.055071908980607986,0.014336948283016682,0.006695947609841824,0.059361912310123444,0.06013541668653488,0.0070826769806444645,0.11014062166213989,0.10462228953838348,0.02364487573504448,-0.21011942625045776,0.006312331184744835,-0.003696893807500601,0.013146694749593735,-0.10538288950920105,-0.10463427007198334,0.007933557033538818,0.1965053379535675,0.009211555123329163,-0.003405437571927905,0.029655013233423233,0.0011999139096587896,8.570812497055158e-05,0.022198406979441643,0.013792929239571095,-0.015543892048299313,0.004542530979961157,0.003872449276968837,-0.02742660418152809,-0.0046360306441783905,0.05766331031918526,0.012629511766135693,-0.029397889971733093,0.23412056267261505,0.08498433232307434,-0.07301748543977737,0.024236897006630898,0.002147573046386242,0.03658544272184372,-0.003528155852109194,-0.006037748884409666,0.005645049270242453,-0.0003067961661145091,0.049624279141426086,-0.008130098693072796,0.0072864084504544735,0.01173495315015316,-0.039760783314704895,0.04069344326853752,-0.03671296685934067,-0.8458253741264343,0.17722952365875244,0.9562215805053711,0.9608449935913086,-0.5588728785514832,-0.18380442261695862,-0.4974763095378876,0.14565026760101318,0.6916329860687256,0.9302837252616882,-0.20587171614170074,0.16294823586940765,2.063490390777588,-0.5126349925994873,-0.4649885296821594,0.7602328062057495,0.4854898452758789,-0.3779011368751526,-0.7432546615600586,-0.35768240690231323,-0.10227617621421814,-0.3420311212539673,-0.7453645467758179,-0.822590708732605,-0.26422494649887085,0.9034066796302795,-0.3336220979690552,-0.15063261985778809,0.0,0.0,0.0,0.0,0.0,0.0,0.0,0.0,0.0,0.0,0.0,0.0,0.0,0.0,0.0,0.0,0.0
0.061086516827344894,0.29714226722717285,-0.09642942994832993,-0.001711069024167955,-0.001273220288567245,-0.9999982118606567,-0.06717350333929062,0.0643845871090889,-0.013994530774652958,0.17341652512550354,-0.08244556933641434,-0.05715922266244888,-0.1184510737657547,-0.03940626233816147,0.027319466695189476,0.17596463859081268,-0.05827455595135689,0.02805585041642189,-0.0064013260416686535,-0.09022995829582214,0.06466344743967056,0.009419601410627365,0.09891140460968018,0.09513077884912491,0.020900487899780273,-0.2139543741941452,0.013253594748675823,-0.0013192235492169857,0.018455706536769867,-0.10728837549686432,-0.09640111029148102,-0.0009827064350247383,0.1947556436061859,0.009111846797168255,-0.0013959226198494434,-0.031969133764505386,-0.00949022825807333,0.035826001316308975,-0.020234912633895874,0.031598757952451706,-0.0024095613043755293,-0.01851295679807663,0.003163409186527133,-0.0017998708644881845,0.010853766463696957,-0.04604995250701904,-0.06081373244524002,0.03788299486041069,-0.10939188301563263,-0.1716369092464447,0.055453408509492874,-0.008973787538707256,0.00951068103313446,-0.04302816092967987,-0.013729128055274487,-0.001570796244777739,0.005448699928820133,-0.004908738657832146,0.025080585852265358,0.022396119311451912,-0.008053398691117764,-0.006442719139158726,0.020174916833639145,-0.0010799224255606532,0.09739954769611359,0.34552502632141113,-0.028993651270866394,0.7414407134056091,0.4438556432723999,0.03651713579893112,-0.3240257501602173,0.7936688661575317,-0.18527358770370483,0.9159018993377686,0.41060948371887207,0.49524468183517456,-0.16808761656284332,-1.8226428031921387,-0.827470064163208,-0.2919697165489197,0.33547139167785645,0.3841249346733093,-0.3321232199668884,-0.939160943031311,-0.19125330448150635,0.04128776863217354,-0.3825255036354065,-0.5704291462898254,-0.30709442496299744,-0.5449313521385193,0.7724607586860657,-0.18796248733997345,-0.009541310369968414,0.0,0.0,0.0,0.0,0.0,0.0,0.0,0.0,0.0,0.0,0.0,0.0,0.0,0.0,0.0,0.0,0.0
-0.13264501094818115,-0.2967059314250946,0.027488933876156807,0.015127216465771198,-0.003226123983040452,-0.9998803734779358,-0.06438799202442169,0.051840029656887054,-0.01486500445753336,0.170953631401062,-0.07668925821781158,-0.0666700080037117,-0.11772790551185608,-0.05189116299152374,0.027841750532388687,0.1742090880870819,-0.042140327394008636,0.01575371064245701,0.00958859734237194,0.05914362519979477,0.047287020832300186,0.0031518512405455112,0.10326167941093445,0.09706024080514908,0.0207566786557436,-0.21207284927368164,0.005338253453373909,-0.005583690479397774,0.011037471704185009,-0.10640154778957367,-0.09922938793897629,0.007346330210566521,0.19561851024627686,0.009295923635363579,-0.004586602561175823,0.04499677196145058,-0.005835944786667824,-0.003085492877289653,0.029125181958079338,0.005597774405032396,-0.00489414855837822,0.03368329629302025,0.0026179940905421972,-0.016713086515665054,-0.04477860406041145,0.07214043289422989,-0.018352380022406578,-0.02931218221783638,0.2646242678165436,0.10487276315689087,-0.06281651556491852,0.011888351291418076,-0.019634954631328583,0.012271846644580364,0.00023009712458588183,-0.0010799224255606532,-0.003926991019397974,-0.023009711876511574,0.037582527846097946,-0.039576705545186996,0.01787087693810463,0.002454369328916073,-0.034410260617733,0.02091122791171074,-0.03379489853978157,-0.8472544550895691,0.18155863881111145,0.9523327946662903,0.7641587257385254,-0.4828226864337921,-0.1472761332988739,-0.4132974445819855,0.14870235323905945,0.6520906090736389,0.9985234141349792,-0.16878098249435425,0.1547771543264389,1.9499646425247192,-0.5184990167617798,-0.44657158851623535,0.7252597808837891,0.4928627610206604,-0.4031851887702942,-0.7478263974189758,-0.3690936267375946,-0.12887057662010193,-0.31570756435394287,-0.6903723478317261,-0.7419566512107849,-0.23565925657749176,0.8715235590934753,-0.2943550646305084,-0.116329126060009,0.0,0.0,0.0,0.0,0.0,0.0,0.0,0.0,0.0,0.0,0.0,0.0,0.0,0.0,0.0,0.0,0.0
0.052359871566295624,0.24347339570522308,-0.08508478850126266,0.002664779080078006,-0.0007499685743823647,-0.999996542930603,-0.07483366876840591,0.06423118710517883,-0.012949963100254536,0.17007586359977722,-0.07449871301651001,-0.05771566182374954,-0.12813341617584229,-0.04259353131055832,0.027948886156082153,0.17276032269001007,-0.050056152045726776,0.03574296459555626,-0.0057719070464372635,-0.09665146470069885,0.04896955192089081,0.005045359022915363,0.09705384820699692,0.09646102786064148,0.017736652866005898,-0.21491311490535736,0.010308351367712021,-0.0027611656114459038,0.014824486337602139,-0.10701273381710052,-0.0941600576043129,-0.001689775730483234,0.19412048161029816,0.010101264342665672,-0.0016490294365212321,-0.028112268075346947,-0.018271416425704956,0.03539745882153511,-0.02050761878490448,0.0271532591432333,-0.010333015583455563,-0.020141413435339928,-0.004526947624981403,-0.017313042655587196,0.009544769302010536,-0.06991513818502426,-0.05714791640639305,0.02571243979036808,-0.15844906866550446,-0.18130645155906677,0.05146506056189537,0.004371845629066229,0.02853204309940338,-0.036432042717933655,-0.016643691807985306,-0.0011780973291024566,0.00014726216613780707,0.0034514570143073797,0.00920388475060463,0.023546604439616203,-0.011198059655725956,-0.006749515421688557,0.021156663075089455,0.004025165922939777,-0.027385205030441284,0.32215625047683716,-0.03628440573811531,0.6954993009567261,0.38767266273498535,-0.010773979127407074,-0.34309816360473633,0.8449891209602356,-0.21560031175613403,0.9578137397766113,0.24318057298660278,0.520498514175415,-0.20062603056430817,-1.8679555654525757,-0.7803550958633423,-0.29264211654663086,0.422885000705719,0.4913749098777771,-0.28583404421806335,-0.9296271800994873,-0.19247519969940186,0.07933570444583893,-0.2915782034397125,-0.5367301106452942,-0.30429330468177795,-0.5537802577018738,0.7540155053138733,-0.16245563328266144,0.026141881942749023,0.0,0.0,0.0,0.0,0.0,0.0,0.0,0.0,0.0,0.0,0.0,0.0,0.0,0.0,0.0,0.0,0.0
-0.12610001862049103,-0.2884156107902527,0.13264501094818115,0.0170623529702425,-0.003367821918800473,-0.9998488426208496,-0.07496758550405502,0.052504755556583405,-0.015106058679521084,0.16930034756660461,-0.07147731631994247,-0.06823191791772842,-0.13085196912288666,-0.05524035543203354,0.02926129288971424,0.17455849051475525,-0.032308630645275116,0.019437391310930252,0.005530852824449539,0.061655666679143906,0.03636082634329796,-0.0032956618815660477,0.10104459524154663,0.09485514461994171,0.016993630677461624,-0.21443374454975128,0.0016720391577109694,-0.007938350550830364,0.007526093628257513,-0.10614988207817078,-0.10211758315563202,0.005932191386818886,0.1952829509973526,0.008805050514638424,-0.008360195904970169,0.024941066280007362,0.00038179077091626823,-0.009256478399038315,0.04979642853140831,0.00028120362549088895,-0.005717796739190817,0.03376900404691696,0.010308350436389446,-0.018855789676308632,-0.01892591454088688,0.07075080275535583,-0.00958514679223299,-0.04165415093302727,0.2701639235019684,0.0990138128399849,-0.07631554454565048,0.028148546814918518,-0.02899223566055298,0.01733398251235485,-7.669904152862728e-05,-0.0065286229364573956,-0.003141592489555478,-0.02569418027997017,0.03742913156747818,-0.040880586951971054,0.03428446874022484,-0.00046019424917176366,-0.0391717366874218,0.01624792441725731,-0.2291838675737381,-0.855709433555603,0.20338456332683563,0.8825706839561462,0.4797082543373108,-0.5217007994651794,-0.24035367369651794,-0.493831604719162,0.1800750195980072,0.6479367017745972,0.8529443144798279,-0.2315729260444641,0.17816196382045746,2.1200265884399414,-0.3081480860710144,-0.3735060691833496,0.717364490032196,0.4415875971317291,-0.38318467140197754,-0.7640126347541809,-0.32285070419311523,-0.1413821130990982,-0.2999878525733948,-0.686795711517334,-0.7276283502578735,-0.21292279660701752,0.8702031970024109,-0.27029624581336975,-0.14889290928840637,0.0,0.0,0.0,0.0,0.0,0.0,0.0,0.0,0.0,0.0,0.0,0.0,0.0,0.0,0.0,0.0,0.0
0.09861109405755997,0.25307270884513855,-0.12260936945676804,0.0009640154894441366,-0.0005624468321911991,-0.9999997019767761,-0.07883784174919128,0.06446980684995651,-0.01577565260231495,0.17250466346740723,-0.07007092237472534,-0.054296135902404785,-0.14345374703407288,-0.050033338367938995,0.026489170268177986,0.17717477679252625,-0.040447745472192764,0.04281935468316078,-0.008798475377261639,-0.10175846517086029,0.04556715115904808,-0.0024567660875618458,0.09616701304912567,0.09726396948099136,0.012223909609019756,-0.2160995453596115,0.008436894975602627,-0.0018100973684340715,0.010426276363432407,-0.1089421957731247,-0.09738381206989288,-0.00794554129242897,0.19388079643249512,0.009748448617756367,-0.0023316508159041405,0.004713947419077158,-0.029452431946992874,0.027855142951011658,-0.014017174951732159,0.035011570900678635,0.011338526383042336,-0.026655230671167374,-0.014944382011890411,-0.034454669803380966,0.010199268348515034,-0.09642872214317322,-0.05790307745337486,0.04585384950041771,-0.2291916459798813,-0.15409807860851288,0.04394854977726936,-0.003221359569579363,0.03428446874022484,-0.03988350182771683,-0.015339808538556099,0.0025525439996272326,0.001963495509698987,0.0046786414459347725,0.008436894975602627,0.02876214124262333,-0.02929903380572796,-0.004601942375302315,0.03136683627963066,0.013793555088341236,0.017641931772232056,0.3577245771884918,-0.08202004432678223,0.6600698232650757,0.22825656831264496,0.02153056114912033,-0.5120724439620972,0.8842530250549316,-0.24535444378852844,0.9119914770126343,0.02573760598897934,0.5213143229484558,-0.1548319011926651,-1.9340580701828003,-0.6540677547454834,-0.18856342136859894,0.3807017207145691,0.5293678045272827,-0.215772345662117,-0.9280089735984802,-0.12127682566642761,0.1335955113172531,-0.2522849440574646,-0.5359998345375061,-0.3063387870788574,-0.5623622536659241,0.7485794425010681,-0.13636955618858337,0.07262708246707916,0.0,0.0,0.0,0.0,0.0,0.0,0.0,0.0,0.0,0.0,0.0,0.0,0.0,0.0,0.0,0.0,0.0
-0.14093531668186188,-0.4367685914039612,0.011344638653099537,0.009367133490741253,-0.00614647101610899,-0.9999370574951172,-0.07464618235826492,0.054260313510894775,-0.015521206893026829,0.1721978634595871,-0.06872161477804184,-0.070909783244133,-0.13864605128765106,-0.059765592217445374,0.03431003540754318,0.18353228271007538,-0.025393445044755936,0.023968955501914024,0.006548637058585882,0.04689984768629074,0.04131733626127243,-0.009251821786165237,0.10457994043827057,0.0999244675040245,0.011229218915104866,-0.21536850929260254,-0.001549320644699037,-0.008007380180060863,0.000862864195369184,-0.11307676136493683,-0.10694722831249237,0.0006471481756307185,0.19505524635314941,0.0073324283584952354,-0.0063583506271243095,-0.026912352070212364,-0.005672320257872343,-0.016455961391329765,0.06332272291183472,-0.009275242686271667,0.011190483346581459,0.027769435197114944,0.037633661180734634,-0.02374115213751793,-0.024489151313900948,0.06039491295814514,0.003149022115394473,-0.05056780204176903,0.19023680686950684,0.1493380218744278,-0.07148350775241852,0.010814565233886242,0.004295146092772484,0.0391165129840374,0.0019174760673195124,-0.013793555088341236,0.0014726215740665793,-0.026691267266869545,-0.027458256110548973,-0.02960583008825779,0.052385445684194565,0.004065049346536398,-0.03951534628868103,0.03141592815518379,-0.2962201237678528,-0.8457540273666382,0.2205260545015335,0.9363500475883484,0.33237600326538086,-0.5445107221603394,-0.2357768714427948,-0.521690845489502,0.2107023000717163,0.6431993246078491,0.8410910367965698,-0.25071027874946594,0.17140278220176697,2.2694084644317627,-0.31713777780532837,-0.3405848443508148,0.7468116879463196,0.4322916865348816,-0.3578396439552307,-0.7661289572715759,-0.28801554441452026,-0.17783749103546143,-0.27199628949165344,-0.6731963157653809,-0.748340904712677,-0.1314898431301117,0.8590442538261414,-0.25508907437324524,-0.1552363634109497,0.0,0.0,0.0,0.0,0.0,0.0,0.0,0.0,0.0,0.0,0.0,0.0,0.0,0.0,0.0,0.0,0.0
0.08159413933753967,0.37350040674209595,-0.1186823770403862,-0.008879503235220909,-0.003254601964727044,-0.9999552369117737,-0.08774345368146896,0.06540723890066147,-0.016552383080124855,0.17427726089954376,-0.06995514035224915,-0.06336145848035812,-0.1522522121667862,-0.056049950420856476,0.027172155678272247,0.18392430245876312,-0.03655266761779785,0.0377504825592041,-0.008785083889961243,-0.09293658286333084,0.03878158703446388,-0.0017736653098836541,0.10306993126869202,0.09876199811697006,0.007729825098067522,-0.2155003398656845,0.004502234049141407,-0.0013959226198494434,0.007873635739088058,-0.11211802065372467,-0.10048773139715195,-0.01005476526916027,0.19349730014801025,0.006220292299985886,-0.005437962245196104,0.008227980695664883,-0.028525223955512047,0.017570165917277336,-0.05094180256128311,0.025613799691200256,-0.016167208552360535,-0.043282609432935715,-0.04963279888033867,-0.024255402386188507,0.028416141867637634,-0.037470996379852295,0.0309158768504858,0.04953929781913757,-0.09472136944532394,-0.21265681087970734,0.07792622596025467,0.0019174760673195124,0.01733398251235485,-0.03160000592470169,-0.0039116512052714825,0.008688467554748058,0.01502074021846056,0.02899223566055298,0.0046786414459347725,0.04134078323841095,-0.01564660482108593,-0.004525243770331144,0.024445516988635063,-0.0006872233934700489,-0.15357257425785065,0.2975878417491913,-0.10208723694086075,0.45779305696487427,0.04337473213672638,-0.1597105860710144,-0.4683578610420227,0.7921379804611206,-0.26236745715141296,0.9113372564315796,-0.32727086544036865,0.2679581046104431,-0.15691731870174408,-1.5348048210144043,-0.7722806930541992,-0.21149411797523499,0.4387001395225525,0.49494773149490356,-0.29514986276626587,-0.8815797567367554,-0.16313111782073975,0.09206448495388031,-0.23114782571792603,-0.4464706778526306,-0.2960506081581116,-0.523068904876709,0.7470313310623169,-0.13188081979751587,-0.01227300614118576,0.0,0.0,0.0,0.0,0.0,0.0,0.0,0.0,0.0,0.0,0.0,0.0,0.0,0.0,0.0,0.0,0.0
-0.08290313184261322,-0.1671152561903,0.03665190935134888,0.014808230102062225,-0.009675903245806694,-0.9998432397842407,-0.09311360120773315,0.05074067413806915,-0.014302544295787811,0.16824360191822052,-0.06630328297615051,-0.0800444632768631,-0.15987220406532288,-0.06683042645454407,0.03662683442234993,0.1818704605102539,-0.02077011577785015,0.011168341152369976,-0.0001740946463542059,0.05967074632644653,0.01791360229253769,0.0009587380336597562,0.1105121374130249,0.10073939710855484,0.010749850422143936,-0.21467342972755432,-0.0014802914811298251,-0.01138213835656643,0.004889564123004675,-0.10718052089214325,-0.11265172064304352,0.0015939020086079836,0.19471968710422516,0.0049470881931483746,-0.011098351329565048,-0.008056565187871456,0.014398966915905476,-0.032740507274866104,0.03223405033349991,-0.0019188208971172571,-0.005853165406733751,0.028883641585707664,0.014617132022976875,-0.015513171441853046,-0.0431968979537487,0.04728224501013756,-0.07560838013887405,-0.06170985847711563,0.3096249997615814,0.07489044219255447,-0.05230874568223953,0.026921361684799194,-0.00023009712458588183,0.02454369328916073,-0.002070873975753784,-0.007461282890290022,-0.027341676875948906,-0.022856315597891808,0.049854379147291183,-0.03750583156943321,0.039500005543231964,0.00023009712458588183,-0.037257324904203415,-0.008246680721640587,-0.47019463777542114,-0.7989943027496338,0.20875082910060883,0.7643656134605408,-0.14873303472995758,-0.5691123008728027,-0.3641977310180664,-0.3258128762245178,0.16921448707580566,0.5644153952598572,0.49401193857192993,-0.42143547534942627,0.11847268044948578,1.8563510179519653,-0.004813797771930695,-0.38470396399497986,0.6356453895568848,0.42137470841407776,-0.3663170039653778,-0.785822331905365,-0.2835758924484253,-0.20462749898433685,-0.2931588292121887,-0.637203574180603,-0.7162014245986938,-0.09940750896930695,0.8520252704620361,-0.21167483925819397,-0.1020401269197464,0.0,0.0,0.0,0.0,0.0,0.0,0.0,0.0,0.0,0.0,0.0,0.0,0.0,0.0,0.0,0.0,0.0
0.04625122249126434,0.2831796407699585,0.05977752059698105,0.004340939223766327,-0.005011509172618389,-0.9999783635139465,-0.09719813615083694,0.06257789582014084,-0.023435818031430244,0.1760072559118271,-0.06218124181032181,-0.04982118681073189,-0.1684831976890564,-0.057439059019088745,0.028350643813610077,0.17771166563034058,-0.03527761250734329,0.052726101130247116,-0.01132954377681017,-0.10202360898256302,0.027153613045811653,0.0027324033435434103,0.09887544810771942,0.09966081380844116,0.013494237326085567,-0.21831662952899933,0.005039127077907324,-0.0022549519781023264,0.01356614287942648,-0.10949347913265228,-0.10725881904363632,-0.009084043093025684,0.19329357147216797,0.00855961348861456,-0.004931748379021883,0.06599526852369308,-0.02465277537703514,0.037454452365636826,-0.020616700872778893,0.012905637733638287,0.03679744526743889,0.011913429945707321,-0.030543262138962746,0.009256478399038315,0.02519819140434265,-0.0012022703886032104,0.06486009061336517,0.06368114799261093,-0.23245084285736084,-0.11586301773786545,0.030833015218377113,-0.007746603339910507,0.01104466151446104,-0.01848446950316429,-0.013652428984642029,0.003583379089832306,0.02341468445956707,0.025540782138705254,0.016873789951205254,0.04019029811024666,-0.03681553900241852,-0.004448544234037399,0.04015348479151726,-0.02076396346092224,-0.1378798484802246,0.40305110812187195,-0.13729143142700195,0.6464961171150208,-0.02753688395023346,0.031877122819423676,-0.5700559020042419,0.9004667401313782,-0.3034207820892334,0.8398194313049316,-0.5875779986381531,0.6319047212600708,-0.09359484165906906,-1.9965580701828003,-0.4515763819217682,-0.25051349401474,0.3065035045146942,0.45597317814826965,-0.19288712739944458,-0.9474483132362366,-0.1588849127292633,0.12495146691799164,-0.20689129829406738,-0.5305135250091553,-0.2758854627609253,-0.5278813242912292,0.7363294363021851,-0.06427126377820969,0.1204364001750946,0.0,0.0,0.0,0.0,0.0,0.0,0.0,0.0,0.0,0.0,0.0,0.0,0.0,0.0,0.0,0.0,0.0
-0.14529864490032196,-0.41495198011398315,0.030979590490460396,0.006049671210348606,-0.009822208434343338,-0.9999337196350098,-0.09095750749111176,0.055939167737960815,-0.020958317443728447,0.17502720654010773,-0.06517092138528824,-0.08773324638605118,-0.16020700335502625,-0.0631488785147667,0.04179610684514046,0.18469128012657166,-0.01594025455415249,0.010463966056704521,0.002624811604619026,0.06188776344060898,0.02483971416950226,-0.006603308022022247,0.10644948482513428,0.10450244694948196,0.011205250397324562,-0.21353492140769958,0.0010814565466716886,-0.010929613374173641,0.006483465898782015,-0.11754687130451202,-0.11758922040462494,0.005908222869038582,0.19557057321071625,0.006435049697756767,-0.009242234751582146,-0.0034283255226910114,0.0028361601289361715,-0.0047996556386351585,0.03747003898024559,-0.004514598287642002,-0.03570833429694176,0.046796638518571854,0.008563022129237652,-0.020312828943133354,-0.010308350436389446,0.02485785074532032,-0.058848775923252106,-0.04525389522314072,0.28988099098205566,0.11216379702091217,-0.06358350813388824,0.044562142342329025,0.008513594046235085,0.005829127039760351,0.0015339808305725455,-0.00701949605718255,-0.026507189497351646,-0.04034369811415672,-0.011274758726358414,-0.03206019848585129,0.06312330812215805,-0.0003834952076431364,-0.042902376502752304,-0.001570796244777739,-0.29730162024497986,-0.8953593373298645,0.26203447580337524,0.8095076084136963,-0.3284764289855957,-0.6300303339958191,-0.49187225103378296,-0.4887387454509735,0.18089918792247772,0.6189240217208862,0.3435800075531006,-0.4024916887283325,0.13286493718624115,2.2242844104766846,-0.1446455419063568,-0.44101107120513916,0.6892403960227966,0.46925419569015503,-0.400726318359375,-0.718896210193634,-0.23959872126579285,-0.2255481630563736,-0.3777700662612915,-0.7320177555084229,-0.6903368234634399,-0.09809012711048126,0.8813813328742981,-0.28262391686439514,-0.08113571256399155,0.0,0.0,0.0,0.0,0.0,0.0,0.0,0.0,0.0,0.0,0.0,0.0,0.0,0.0,0.0,0.0,0.0
0.12697269022464752,0.28710663318634033,-0.2796889841556549,-0.015335791744291782,-0.006113744340837002,-0.9998639822006226,-0.09583216160535812,0.06729062646627426,-0.026931101456284523,0.17759236693382263,-0.06324633210897446,-0.0618467703461647,-0.1864551156759262,-0.06036214530467987,0.03298423811793327,0.19587230682373047,-0.02809806726872921,0.04643973335623741,-0.002839081920683384,-0.10586906224489212,0.038060110062360764,-0.0018575548892840743,0.09596328437328339,0.10429871082305908,0.010546118021011353,-0.2157040685415268,0.003719903528690338,0.0005829127039760351,0.012403673492372036,-0.11716337502002716,-0.1041189506649971,-0.0028642297256737947,0.19356921315193176,0.008160778321325779,-0.0014266022481024265,0.033340465277433395,-0.03850632533431053,-0.00565673690289259,-0.034197546541690826,0.016145050525665283,0.031589947640895844,-0.07928001880645752,-0.02198024094104767,0.04336831718683243,0.07494007796049118,0.015850381925702095,0.09759309142827988,0.05579599738121033,-0.25473544001579285,-0.14317362010478973,0.049010686576366425,0.0018407769966870546,0.01449611783027649,-0.01679708994925022,-0.008130098693072796,-0.0020616701804101467,0.02719441056251526,0.023700004443526268,0.004141747951507568,0.056910689920186996,-0.039500005543231964,-0.0026077672373503447,0.0479583777487278,0.009915651753544807,-0.19896277785301208,0.3829108476638794,-0.2163558155298233,0.4579431414604187,-0.22229722142219543,-0.07915559411048889,-0.8621174693107605,0.9407004714012146,-0.33929193019866943,0.8934260606765747,-0.839864194393158,0.40553799271583557,-0.14982934296131134,-1.9620782136917114,-0.4350321590900421,-0.2278669774532318,0.3277968168258667,0.4490889310836792,-0.18325352668762207,-0.9166180491447449,-0.1596362590789795,0.17085018754005432,-0.21535474061965942,-0.4103340804576874,-0.2416420578956604,-0.5593557953834534,0.7378623485565186,-0.13446497917175293,0.08458085358142853,0.0,0.0,0.0,0.0,0.0,0.0,0.0,0.0,0.0,0.0,0.0,0.0,0.0,0.0,0.0,0.0,0.0
-0.09555676579475403,-0.26834434270858765,0.08857544511556625,0.0019139926880598068,-0.014002184383571148,-0.999900221824646,-0.10521987825632095,0.06079677492380142,-0.025846358388662338,0.17395341396331787,-0.06295802444219589,-0.08837150782346725,-0.18987004458904266,-0.07027336210012436,0.04567975550889969,0.21323184669017792,-0.016733933240175247,0.010926557704806328,0.008423502556979656,0.04439762234687805,0.026991499587893486,-0.004601942375302315,0.11034435033798218,0.10592857003211975,0.00695085059851408,-0.21419405937194824,-0.0008130098576657474,-0.009932526387274265,0.008760469034314156,-0.11396358907222748,-0.11890748143196106,0.007562045939266682,0.19455191493034363,0.006481069140136242,-0.005852137226611376,0.016970209777355194,0.004526947624981403,-0.030769219622015953,0.06315910071134567,0.013848801143467426,0.01810329779982567,0.029655013233423233,-0.00949022825807333,-0.027169479057192802,-0.01592612825334072,0.0003882324381265789,-0.07164923846721649,-0.07473749667406082,0.22768233716487885,0.1468500941991806,-0.05368932709097862,0.049010686576366425,0.0022242721170186996,0.018867963925004005,-0.002837864449247718,0.0025525439996272326,-0.021991148591041565,-0.028071848675608635,0.053229134529829025,-0.04893398657441139,0.05637379363179207,0.007439807057380676,-0.044276826083660126,0.03018874302506447,-0.7504847049713135,-0.7570503354072571,0.24071374535560608,0.780867874622345,-0.7236072421073914,-0.5334066152572632,-0.3203144967556,-0.5832557082176208,0.2646978497505188,0.6779898405075073,0.10358624905347824,-0.47821730375289917,0.09017954766750336,2.361806869506836,-0.13300246000289917,-0.4645896255970001,0.7761003375053406,0.44897332787513733,-0.39398080110549927,-0.7677796483039856,-0.21419787406921387,-0.2726556658744812,-0.41962239146232605,-0.6973704099655151,-0.8448652625083923,-0.1651570349931717,0.8500403165817261,-0.3355652689933777,-0.14543785154819489,0.0,0.0,0.0,0.0,0.0,0.0,0.0,0.0,0.0,0.0,0.0,0.0,0.0,0.0,0.0,0.0,0.0
0.018762288615107536,0.21772980690002441,-0.011344638653099537,-0.01338171400129795,-0.009725919924676418,-0.9998629093170166,-0.11779487133026123,0.07784100621938705,-0.033011022955179214,0.18743540346622467,-0.05754607170820236,-0.07274199277162552,-0.20390476286411285,-0.06142740696668625,0.03343956172466278,0.21583962440490723,-0.02688380517065525,0.04023784026503563,-0.011008137837052345,-0.10484066605567932,0.03676656633615494,-0.0037630468141287565,0.10016974806785583,0.1062161847949028,0.010630007833242416,-0.2161235213279724,0.0021859228145331144,-0.00046786415623500943,0.01599894091486931,-0.11132706701755524,-0.10265687108039856,-0.003523362334817648,0.19354523718357086,0.0070102927275002,-0.00544563215225935,0.025369608774781227,-0.0014726215740665793,0.02322690561413765,-0.025416357442736626,0.009451234713196754,0.023750318214297295,-0.05613882467150688,-0.017016960307955742,0.01714162714779377,0.057268619537353516,0.0034543119836598635,0.06735127419233322,0.05159629508852959,-0.12746106088161469,-0.1428898274898529,0.04977767914533615,-0.003067961661145091,0.013575729914009571,-0.00475534051656723,-0.0019174760673195124,-0.0011290098773315549,0.022187499329447746,0.02462039142847061,0.011811652220785618,0.06726505607366562,-0.02346990630030632,-0.002837864449247718,0.034459345042705536,-0.0352938286960125,-0.31709080934524536,0.5119186043739319,-0.2246992141008377,0.47579872608184814,-0.42712098360061646,-0.04890946298837662,-0.7002524137496948,0.7240040898323059,-0.2391110360622406,0.9684942960739136,-0.6060247421264648,0.29364722967147827,-0.06336100399494171,-1.648116946220398,-0.5065498352050781,-0.21097080409526825,0.27030766010284424,0.482164591550827,-0.18753169476985931,-0.9163452386856079,-0.21648213267326355,0.1424483060836792,-0.3116467595100403,-0.4905577600002289,-0.1865614503622055,-0.5527475476264954,0.7484490275382996,-0.1264040619134903,-0.0020008385181427,0.0,0.0,0.0,0.0,0.0,0.0,0.0,0.0,0.0,0.0,0.0,0.0,0.0,0.0,0.0,0.0,0.0
-0.048869211226701736,-0.22165678441524506,0.03621557727456093,0.0007497183396480978,-0.013808426447212696,-0.9999043345451355,-0.1222141906619072,0.06813431531190872,-0.024145588278770447,0.1856287121772766,-0.05432523414492607,-0.09616036713123322,-0.21295768022537231,-0.0714920237660408,0.04456822946667671,0.2221800684928894,-0.010950659401714802,0.005448375828564167,-0.0011115273227915168,0.03689689561724663,0.027630699798464775,-0.003079945920035243,0.1071685403585434,0.10881676524877548,0.00971920695155859,-0.2154763638973236,-0.0035358259920030832,-0.008252817206084728,0.011265171691775322,-0.11189031600952148,-0.1095118522644043,0.0068669612519443035,0.19446802139282227,0.005476311780512333,-0.013690778985619545,-0.031112050637602806,-0.028307059779763222,-0.03839724510908127,0.061850108206272125,0.04294837266206741,0.045667871832847595,0.012513387016952038,-0.001636246219277382,-0.02459823526442051,-0.016307920217514038,-0.004573336336761713,-0.10354074090719223,-0.04036853089928627,0.21123190224170685,0.10924430936574936,-0.03183010220527649,0.01618349738419056,-7.669904152862728e-05,0.02431359700858593,-0.005368932615965605,-0.005988661199808121,-0.022285673767328262,-0.019481556490063667,0.01817767135798931,-0.01817767135798931,0.050161171704530716,7.669904152862728e-05,-0.04447317495942116,-0.003976078238338232,-0.6280481815338135,-0.8293502926826477,0.26497185230255127,0.6463521122932434,-0.9855073094367981,-0.662201464176178,-0.7035467624664307,-0.500083327293396,0.18699911236763,0.6649893522262573,-0.0079236701130867,-0.5489944815635681,0.08790090680122375,2.041311740875244,-0.08559714257717133,-0.38123103976249695,0.6435413956642151,0.4539487957954407,-0.3850848078727722,-0.7795507311820984,-0.25970587134361267,-0.17917874455451965,-0.47617730498313904,-0.7918387055397034,-0.7219794392585754,-0.18433424830436707,0.8438982367515564,-0.34776151180267334,-0.09037016332149506,0.0,0.0,0.0,0.0,0.0,0.0,0.0,0.0,0.0,0.0,0.0,0.0,0.0,0.0,0.0,0.0,0.0
0.0593411885201931,0.3329215347766876,-0.221220463514328,-0.00803722906857729,-0.011834893375635147,-0.9998981356620789,-0.13182957470417023,0.08045729249715805,-0.0371892936527729,0.18351523578166962,-0.05327276512980461,-0.08731583505868912,-0.23725058138370514,-0.060685984790325165,0.028779184445738792,0.2322276383638382,-0.030465083196759224,0.03577066585421562,-0.01000374648720026,-0.0998799279332161,0.03488655015826225,0.0025286716409027576,0.09800060093402863,0.1083373948931694,0.012068115174770355,-0.2181248813867569,-0.00029912625905126333,0.003175340360030532,0.015363777056336403,-0.11668400466442108,-0.10040383785963058,-0.0012343751732259989,0.1934853196144104,0.007202039938420057,-0.005545340944081545,0.020569950342178345,-0.004145157057791948,0.018598666414618492,-0.04445135220885277,-0.009570927359163761,-0.005137771368026733,-0.059052903205156326,-0.014726215973496437,0.03959715738892555,0.0575958676636219,-0.026005832478404045,0.05650142580270767,0.06462392956018448,-0.051662903279066086,-0.13658376038074493,0.05108156427741051,-0.00552233075723052,0.006826214492321014,-0.016106797382235527,-0.00475534051656723,0.002650718903169036,0.02704715169966221,0.012578642927110195,0.004985437728464603,0.02929903380572796,-0.03075631521642208,-0.00276116537861526,0.023120159283280373,0.0129590705037117,-0.3640289902687073,0.37076327204704285,-0.21326696872711182,0.40732625126838684,-0.6444981694221497,-0.12853334844112396,-0.9104697704315186,0.7958549857139587,-0.2755812704563141,0.986571192741394,-1.005353569984436,0.283250093460083,-0.11975805461406708,-1.4555490016937256,-0.44698062539100647,-0.26153188943862915,0.3759518265724182,0.4840112328529358,-0.24828551709651947,-0.9296603798866272,-0.20892030000686646,0.16559487581253052,-0.32013005018234253,-0.5020236968994141,-0.31390300393104553,-0.5069316625595093,0.759504497051239,-0.14585092663764954,0.05391085892915726,0.0,0.0,0.0,0.0,0.0,0.0,0.0,0.0,0.0,0.0,0.0,0.0,0.0,0.0,0.0,0.0,0.0
-0.028361596167087555,-0.23212876915931702,0.0754854753613472,0.00945426244288683,-0.016338787972927094,-0.9998219609260559,-0.1373470425605774,0.067870132625103,-0.03294406458735466,0.17845310270786285,-0.04179975762963295,-0.098972849547863,-0.23889778554439545,-0.06880755722522736,0.044461093842983246,0.23136691749095917,-0.00847318209707737,-0.0008622929453849792,0.002169487066566944,0.036942996084690094,0.023191893473267555,0.002157160546630621,0.09954656660556793,0.10652777552604675,0.011696604080498219,-0.21544042229652405,-0.0032520394306629896,-0.0006902914028614759,0.009359680116176605,-0.11359207332134247,-0.10765429586172104,0.005368933081626892,0.19356921315193176,0.006603787653148174,-0.007033302448689938,-0.02759801782667637,-0.03321579843759537,-0.07448036968708038,0.04254240170121193,0.068125419318676,0.023046372458338737,0.00565673690289259,0.008835729211568832,-0.024512527510523796,-0.06097744032740593,0.07683674246072769,-0.09064654260873795,-0.05965286120772362,0.2532213032245636,0.10546702146530151,-0.04563593119382858,0.013268934562802315,-0.004985437728464603,0.012118448503315449,0.0019174760673195124,-9.817476529860869e-05,-0.009473864920437336,-0.02929903380572796,0.02822524681687355,-0.0348980650305748,0.028071848675608635,-0.00475534051656723,-0.026654450222849846,0.00019634953059721738,-0.7019091844558716,-0.7445017099380493,0.21844905614852905,0.7230495810508728,-0.67281174659729,-0.5087032318115234,-0.6287297010421753,-0.42904597520828247,0.21684309840202332,0.6548908948898315,-0.0627526268362999,-0.41502782702445984,0.05566210672259331,1.7200888395309448,-0.15231762826442719,-0.4719202220439911,0.6698678731918335,0.40718936920166016,-0.4261995851993561,-0.7618998289108276,-0.2873051166534424,-0.232806995511055,-0.37497735023498535,-0.6612670421600342,-0.7551007270812988,-0.15856876969337463,0.8238112926483154,-0.2912551462650299,-0.09008096903562546,0.0,0.0,0.0,0.0,0.0,0.0,0.0,0.0,0.0,0.0,0.0,0.0,0.0,0.0,0.0,0.0,0.0
0.04101523011922836,0.25220003724098206,-0.1025380790233612,0.0007894309819675982,-0.014976901933550835,-0.9998876452445984,-0.14897119998931885,0.07576160877943039,-0.03909094259142876,0.18651501834392548,-0.041677750647068024,-0.08633725345134735,-0.2614363431930542,-0.05256440490484238,0.03441717103123665,0.2349802851676941,-0.020202914252877235,0.04200909286737442,-0.01126258447766304,-0.09900414198637009,0.033590417355298996,0.004577973857522011,0.09677821397781372,0.10719889402389526,0.01840776950120926,-0.21781329810619354,-0.0003374757943674922,-0.0003374757943674922,0.0138417799025774,-0.11244159936904907,-0.10299243032932281,-0.0031278827227652073,0.19355721771717072,0.006542428396642208,-0.0037045637145638466,-0.015170338563621044,0.018816830590367317,0.022541237995028496,-0.025907231494784355,-0.017877886071801186,0.03596758469939232,-0.07679449021816254,0.0008726646192371845,0.0752517431974411,0.07548549026250839,-0.019536413252353668,0.034595735371112823,0.06059565022587776,-0.02604120783507824,-0.1540716290473938,0.039269909262657166,0.00199417513795197,0.023623304441571236,-0.006366020534187555,-0.0008436894277110696,-0.002650718903169036,0.0011780973291024566,0.015493206679821014,0.01020097266882658,0.03857961669564247,-0.03574175387620926,0.0005368932615965605,0.036128316074609756,-0.0006381359999068081,-0.3446282148361206,0.18116575479507446,-0.11355651170015335,0.5704001784324646,-0.49395161867141724,-0.07878361642360687,-1.0094019174575806,0.9192759394645691,-0.36158570647239685,0.9426075220108032,-1.423567295074463,0.5800861120223999,-0.08958874642848969,-1.5625648498535156,-0.49571463465690613,-0.2690051198005676,0.42800283432006836,0.5155144929885864,-0.2323140799999237,-0.9398128390312195,-0.24161297082901,0.05615359917283058,-0.24886348843574524,-0.5152519345283508,-0.3140227496623993,-0.48963019251823425,0.7524732947349548,-0.09156318753957748,-0.010355722159147263,0.0,0.0,0.0,0.0,0.0,0.0,0.0,0.0,0.0,0.0,0.0,0.0,0.0,0.0,0.0,0.0,0.0
-0.04450589045882225,-0.21467547118663788,0.09293876588344574,0.018103912472724915,-0.016494233161211014,-0.999700129032135,-0.15368515253067017,0.07081878185272217,-0.03405559062957764,0.18345557153224945,-0.0425996258854866,-0.10323242098093033,-0.2657485604286194,-0.06291025876998901,0.04306833818554878,0.23673585057258606,-0.020268606022000313,0.004871032666414976,0.002008784329518676,0.042150650173425674,0.015772029757499695,0.005380917340517044,0.10350136458873749,0.10293251276016235,0.015663381665945053,-0.2157280445098877,-0.002998932497575879,-0.00846757460385561,0.008245146833360195,-0.11167460680007935,-0.1089126393198967,0.008424910716712475,0.19458787143230438,0.006112913601100445,-0.008444564417004585,0.0027426599990576506,-0.024761861190199852,-0.04473964497447014,0.034579336643218994,0.03777491673827171,0.013059667311608791,0.011913429945707321,0.02934334985911846,-0.052367668598890305,-0.05061454698443413,0.018322695046663284,-0.05685926601290703,-0.05091062933206558,0.2648235857486725,0.04143960401415825,-0.03827282413840294,0.039269909262657166,-0.03275049105286598,0.002531068166717887,0.0018407769966870546,-0.0009817477548494935,-0.016738800331950188,-0.025003885850310326,0.030296120792627335,-0.013575729914009571,0.03796602413058281,0.005982525181025267,-0.023611031472682953,-9.817476529860869e-05,-0.6006192564964294,-0.8522592782974243,0.26498571038246155,0.750726580619812,-0.8684569001197815,-0.47405800223350525,-0.9610816240310669,-0.3835316598415375,0.1748158037662506,0.5931254625320435,-0.6085746884346008,-0.3107973337173462,0.06006210669875145,1.5628950595855713,-0.16865144670009613,-0.44981926679611206,0.6635739803314209,0.4075659215450287,-0.42275360226631165,-0.7550390958786011,-0.32220330834388733,-0.15370002388954163,-0.45119109749794006,-0.7553086280822754,-0.678215742111206,-0.1676374077796936,0.8359736800193787,-0.3170413374900818,-0.04459650442004204,0.0,0.0,0.0,0.0,0.0,0.0,0.0,0.0,0.0,0.0,0.0,0.0,0.0,0.0,0.0,0.0,0.0
0.04625122249126434,0.29539692401885986,-0.2705259919166565,0.014150423929095268,-0.01675776019692421,-0.9997595548629761,-0.1700366586446762,0.07386969774961472,-0.04371114820241928,0.19161976873874664,-0.03606030344963074,-0.0848483145236969,-0.293670654296875,-0.05167810618877411,0.03160487487912178,0.24417565762996674,-0.025355998426675797,0.03382960334420204,-0.005182663444429636,-0.10431861877441406,0.03062598593533039,0.008508799597620964,0.09517232328653336,0.1035197377204895,0.01728125289082527,-0.21830464899539948,-0.0012348545715212822,0.0006135923322290182,0.01059405505657196,-0.11899696290493011,-0.10356767475605011,0.0016418388113379478,0.1934373825788498,0.010254662483930588,-0.0033517482224851847,-0.02571243979036808,-0.01647154614329338,0.016713086515665054,-0.01892591454088688,-0.006565570831298828,0.03800800442695618,-0.06702376157045364,-0.008890270255506039,0.08142272382974625,0.05983206629753113,-0.01107106264680624,0.01804819144308567,0.0687379240989685,-0.0952644795179367,-0.1040620356798172,0.031983502209186554,-0.016873789951205254,0.025770876556634903,-0.012655341997742653,-0.019174760207533836,0.0006381359999068081,0.009768390096724033,0.008973787538707256,-0.011428157798945904,0.031216507777571678,-0.02093883790075779,-0.0016873788554221392,0.023660121485590935,0.008099418133497238,-0.3848336935043335,0.05072417110204697,-0.12421584129333496,0.7195963859558105,-0.4600452780723572,-0.045501142740249634,-1.3147462606430054,0.8533145189285278,-0.34516647458076477,0.8404020071029663,-1.456135869026184,0.5354607701301575,-0.09113103151321411,-1.6878153085708618,-0.2991974353790283,-0.2777705192565918,0.35820698738098145,0.5607825517654419,-0.19021397829055786,-0.9580217599868774,-0.22952896356582642,0.19519445300102234,-0.2713633179664612,-0.5187516808509827,-0.33423009514808655,-0.5385898947715759,0.7487179040908813,-0.11506578326225281,0.03838182985782623,0.0,0.0,0.0,0.0,0.0,0.0,0.0,0.0,0.0,0.0,0.0,0.0,0.0,0.0,0.0,0.0,0.0
-0.03752457723021507,-0.39880770444869995,-0.048869211226701736,0.024204611778259277,-0.020082267001271248,-0.9995054602622986,-0.16734488308429718,0.06599526107311249,-0.038890063762664795,0.19762785732746124,-0.037266526371240616,-0.10062956809997559,-0.2830910384654999,-0.06261198222637177,0.04281388968229294,0.24958719313144684,-0.018066823482513428,0.008155250921845436,0.011142057366669178,0.03811763599514961,0.03438077121973038,-9.58738019107841e-05,0.09800060093402863,0.10330402106046677,0.012104067951440811,-0.2163751870393753,-0.005345923360437155,-0.005468641873449087,-0.0003954794374294579,-0.11754687130451202,-0.11251989006996155,0.00672315014526248,0.19361715018749237,0.007876991294324398,-0.0035204861778765917,-0.022026989609003067,-0.037088245153427124,-0.03848295286297798,0.06032294034957886,0.03898518532514572,-0.027928490191698074,0.06565243005752563,0.02214386686682701,-0.057424452155828476,-0.06784967333078384,0.020887447521090508,-0.037653982639312744,-0.04859651252627373,0.2571588456630707,0.14167824387550354,-0.04226117208600044,0.011428157798945904,-0.0026844663079828024,-0.0018407769966870546,0.008743691258132458,0.0014235341222956777,0.0017180584836751223,-0.03850291669368744,0.024466993287205696,-0.022396119311451912,0.01733398251235485,-0.0029912625905126333,-0.028912469744682312,-0.00044178651296533644,-0.6379666328430176,-0.7735629677772522,0.26033639907836914,0.8340857625007629,-0.608128011226654,-0.41362714767456055,-0.736767053604126,-0.48260894417762756,0.24646255373954773,0.7789406776428223,-0.5068897604942322,-0.2525925934314728,0.004869837313890457,1.8341052532196045,-0.4179677963256836,-0.5408868789672852,0.7238016128540039,0.4150329828262329,-0.4480900466442108,-0.7451242208480835,-0.3085864782333374,-0.20603202283382416,-0.3930005431175232,-0.6579729914665222,-0.7849250435829163,-0.2069130688905716,0.8325863480567932,-0.3596351444721222,-0.03706848621368408,0.0,0.0,0.0,0.0,0.0,0.0,0.0,0.0,0.0,0.0,0.0,0.0,0.0,0.0,0.0,0.0,0.0
0.06937682628631592,0.4197516143321991,-0.22427478432655334,0.010075629688799381,-0.019332097843289375,-0.9997626543045044,-0.1842990219593048,0.0702563226222992,-0.04422003775835037,0.20382343232631683,-0.03986237198114395,-0.09059659391641617,-0.3090311586856842,-0.054251790046691895,0.027332859113812447,0.2589956223964691,-0.027583256363868713,0.03913724794983864,-0.003990784753113985,-0.1055971086025238,0.042377639561891556,0.004877579864114523,0.09887544810771942,0.10595253854990005,0.014824486337602139,-0.21704630553722382,-0.0036662141792476177,0.002354660537093878,0.0027683561202138662,-0.11656416952610016,-0.1059405505657196,-0.0011744541116058826,0.1938088834285736,0.010645827278494835,-0.00018407771131023765,-0.03908291086554527,-0.011508265510201454,0.004199698567390442,-0.02252565696835518,-0.01717734895646572,0.031646184623241425,-0.05896719917654991,-0.010690141469240189,0.0667666420340538,0.06599526852369308,-0.03567054122686386,0.023723747581243515,0.021512743085622787,-0.0542103536427021,-0.17031559348106384,0.055453408509492874,0.009050487540662289,0.021399032324552536,-0.008743691258132458,-0.006442719139158726,-0.0014726215740665793,0.019634954631328583,0.016336895525455475,0.013575729914009571,0.048243697732686996,-0.018867963925004005,0.0005368932615965605,0.041086141020059586,-0.004761476535350084,-0.5316988825798035,0.06206846982240677,-0.1236211508512497,0.5866668224334717,-0.516274631023407,-0.06583001464605331,-1.1749422550201416,0.9314076900482178,-0.3877943754196167,0.9848588705062866,-1.5416871309280396,0.6348654627799988,-0.2014966756105423,-1.666329026222229,-0.6393792629241943,-0.38396257162094116,0.4825327396392822,0.5429843664169312,-0.29757434129714966,-0.9058214426040649,-0.2868838906288147,0.13452306389808655,-0.20920231938362122,-0.5148539543151855,-0.30906155705451965,-0.4972098767757416,0.7661213278770447,-0.04103822261095047,-0.02801014482975006,0.0,0.0,0.0,0.0,0.0,0.0,0.0,0.0,0.0,0.0,0.0,0.0,0.0,0.0,0.0,0.0,0.0
-0.061086516827344894,-0.208566814661026,0.09250244498252869,0.0320761613547802,-0.02133854478597641,-0.9992577433586121,-0.19028520584106445,0.0659441277384758,-0.0397605374455452,0.20382343232631683,-0.03486895188689232,-0.10167355835437775,-0.30850887298583984,-0.0653475821018219,0.039894457906484604,0.25737640261650085,-0.02039463259279728,0.008525094948709011,0.002758730435743928,0.04050516337156296,0.028173061087727547,0.001342233270406723,0.1075160801410675,0.1071150079369545,0.014644723385572433,-0.21594375371932983,-0.005476311780512333,-0.007286408916115761,0.001330249011516571,-0.11101546883583069,-0.11199258267879486,0.005764412228018045,0.19385682046413422,0.009533691219985485,-0.005261554382741451,0.005056779831647873,-0.02198024094104767,-0.019712870940566063,0.036161042749881744,0.03614838048815727,0.0020481792744249105,0.06428109854459763,0.012380930595099926,-0.036340247839689255,-0.08890270441770554,0.03899407759308815,-0.05191616341471672,-0.06453822553157806,0.27431026101112366,0.09588274359703064,-0.06166603043675423,0.038733016699552536,-0.000690291344653815,0.008053398691117764,0.00398835027590394,0.0010308350902050734,-0.011142836883664131,-0.004525243770331144,0.044792238622903824,-0.03574175387620926,0.005829127039760351,0.0032980588730424643,-0.03838633745908737,0.005645049270242453,-0.773934543132782,-0.6776230931282043,0.2392302304506302,0.865778386592865,-0.6071366667747498,-0.3830232620239258,-0.6969292163848877,-0.5091939568519592,0.2487218976020813,0.7924723625183105,-0.29274043440818787,-0.23851671814918518,0.12394173443317413,1.7380599975585938,-0.34075239300727844,-0.4702202081680298,0.6913768649101257,0.4276343286037445,-0.4326278865337372,-0.7757564783096313,-0.30741795897483826,-0.2443200945854187,-0.3309515416622162,-0.6961148381233215,-0.727299153804779,-0.17530310153961182,0.8109240531921387,-0.35115769505500793,-0.04235025495290756,0.0,0.0,0.0,0.0,0.0,0.0,0.0,0.0,0.0,0.0,0.0,0.0,0.0,0.0,0.0,0.0,0.0
0.07766713947057724,0.22252945601940155,-0.1754055768251419,0.0188977662473917,-0.01840837486088276,-0.9996517896652222,-0.19533394277095795,0.0718584805727005,-0.045612797141075134,0.21157003939151764,-0.031183259561657906,-0.0854872465133667,-0.3167448937892914,-0.05766063183546066,0.02418576367199421,0.25654977560043335,-0.010018749162554741,0.03673603758215904,-0.01191878691315651,-0.10782096534967422,0.03831109404563904,0.004853611346334219,0.09824028611183167,0.10610833019018173,0.017293237149715424,-0.21707026660442352,-0.0010891264537349343,0.0009203884983435273,0.009587380103766918,-0.11694766581058502,-0.10224940627813339,-0.0016418388113379478,0.1937130093574524,0.010592137463390827,-0.0012348545715212822,-0.0089993542060256,-0.0026179940905421972,0.023312611505389214,-0.03627012297511101,-0.009385655634105206,0.04750910401344299,-0.02322690561413765,-0.02007128857076168,0.09976426512002945,0.04461498185992241,0.021159794181585312,0.024027513340115547,0.06445252150297165,-0.07431625574827194,-0.1461680680513382,0.05706408619880676,0.0023009711876511574,0.02155243046581745,-0.02906893566250801,-0.00882038939744234,-0.0010799224255606532,0.018653206527233124,0.019634954631328583,0.0026077672373503447,0.060208745300769806,-0.02454369328916073,0.00015339808305725455,0.03740458935499191,-0.0026016314513981342,-0.43575519323349,0.15450754761695862,-0.1462405025959015,0.6894280910491943,-0.2449386864900589,-0.12760767340660095,-1.0164968967437744,0.814812958240509,-0.33796945214271545,1.1231029033660889,-0.766575038433075,0.520005464553833,-0.12526866793632507,-1.6738773584365845,-0.6622437238693237,-0.20113126933574677,0.30383849143981934,0.4727648198604584,-0.255490779876709,-0.9076655507087708,-0.22682836651802063,0.13719059526920319,-0.2690454125404358,-0.5483537912368774,-0.268910676240921,-0.5386859178543091,0.7715539932250977,-0.1078641340136528,0.014147661626338959,0.0,0.0,0.0,0.0,0.0,0.0,0.0,0.0,0.0,0.0,0.0,0.0,0.0,0.0,0.0,0.0,0.0
-0.006981316488236189,-0.2975786030292511,-0.00261799362488091,0.02910197526216507,-0.02604655548930168,-0.9992371201515198,-0.1872854083776474,0.06397552043199539,-0.03295745700597763,0.20648233592510223,-0.03201587498188019,-0.11073002964258194,-0.31679844856262207,-0.06922513991594315,0.04281388968229294,0.25975409150123596,0.007884271442890167,-5.311800123308785e-05,0.0008302975329570472,0.034097395837306976,0.027510803192853928,0.003882888937368989,0.10837894678115845,0.10550911724567413,0.01336241140961647,-0.21614748239517212,-0.005146505776792765,-0.007969030179083347,0.008460862562060356,-0.11493431031703949,-0.11027883738279343,0.009455553255975246,0.19427627325057983,0.009219224564731121,-0.006174272857606411,0.017741583287715912,-0.01898045651614666,0.0037711579352617264,0.054050665348768234,0.025546923279762268,-0.025717053562402725,0.03479750081896782,-0.004963280167430639,-0.03265479952096939,-0.048978302627801895,0.052964385598897934,-0.07584298402070999,-0.05948144197463989,0.2534814178943634,0.08651945739984512,-0.044025249779224396,0.030679617077112198,-0.010814565233886242,0.005829127039760351,-0.00138058268930763,-0.0007853981223888695,-0.008099418133497238,-0.005215534474700689,0.024466993287205696,-0.033977676182985306,0.026614567264914513,0.003144660731777549,-0.045209482312202454,0.028323421254754066,-0.6974930167198181,-0.7566022276878357,0.27617713809013367,0.8435019850730896,-0.6111394762992859,-0.5227656364440918,-0.8801940679550171,-0.4349951446056366,0.20065650343894958,0.8301910161972046,-0.21115410327911377,-0.3386530876159668,0.05847494676709175,1.802697777748108,-0.43907949328422546,-0.43402087688446045,0.6787101626396179,0.39977335929870605,-0.4297918677330017,-0.8008886575698853,-0.3060470223426819,-0.21269337832927704,-0.3509313762187958,-0.6979582905769348,-0.7617432475090027,-0.16307498514652252,0.8395017981529236,-0.3613271117210388,-0.08801943808794022,0.0,0.0,0.0,0.0,0.0,0.0,0.0,0.0,0.0,0.0,0.0,0.0,0.0,0.0,0.0,0.0,0.0
0.08159413933753967,0.22994710505008698,-0.1322086751461029,0.017160950228571892,-0.027658171951770782,-0.9994699954986572,-0.1969141811132431,0.06833884865045547,-0.0372830368578434,0.21225181221961975,-0.036678165197372437,-0.09540245682001114,-0.3315161466598511,-0.06168307363986969,0.032341428101062775,0.26628202199935913,0.005046711768954992,0.030380040407180786,-0.014088273979723454,-0.11308838427066803,0.031080076470971107,0.008161257021129131,0.09687408804893494,0.10909239947795868,0.017473001033067703,-0.21715416014194489,-0.003543495899066329,0.0032520394306629896,0.01835983246564865,-0.11433510482311249,-0.10215353965759277,0.0023489082232117653,0.19322165846824646,0.01242524478584528,-0.002929903566837311,0.0,-0.0052359881810843945,0.010199268348515034,-0.018871372565627098,-0.013615764677524567,0.025450868532061577,-0.008227980695664883,-0.020834868773818016,0.06256693601608276,0.05683228373527527,-0.023463279008865356,0.006552450358867645,0.04885363578796387,-0.029301559552550316,-0.14798489212989807,0.04862719401717186,-0.016260197386145592,0.02515728585422039,-0.007746603339910507,-0.002147573046386242,-0.0027488935738801956,0.029845131561160088,0.024697091430425644,0.015339808538556099,0.0435650572180748,-0.02462039142847061,-0.0009203884983435273,0.03971169516444206,-0.0010799224255606532,-0.6177906394004822,0.1888483464717865,-0.17496216297149658,0.6289472579956055,-0.4575956463813782,-0.11488263309001923,-1.1811070442199707,0.8323806524276733,-0.3608911633491516,1.000114917755127,-1.155562162399292,0.5089525580406189,-0.13334326446056366,-1.633439302444458,-0.5722537636756897,-0.3102260231971741,0.32331931591033936,0.5254952907562256,-0.2558004558086395,-0.9006116390228271,-0.29421892762184143,0.18825940787792206,-0.3027775287628174,-0.474649041891098,-0.3063156306743622,-0.5370991230010986,0.7411206960678101,-0.07083644717931747,-0.01488788053393364,0.0,0.0,0.0,0.0,0.0,0.0,0.0,0.0,0.0,0.0,0.0,0.0,0.0,0.0,0.0,0.0,0.0
-0.034470248967409134,-0.24521873891353607,-0.015707960352301598,0.030984362587332726,-0.031121982261538506,-0.9990352392196655,-0.19825337827205658,0.06257789582014084,-0.028832752257585526,0.21385397017002106,-0.03592576086521149,-0.10579629987478256,-0.3276994526386261,-0.07058868557214737,0.04751444607973099,0.26214027404785156,0.015070297755300999,0.0018166331574320793,-0.004646987654268742,0.030425291508436203,0.01623574271798134,0.004290352575480938,0.10037347674369812,0.10639595240354538,0.013913685455918312,-0.2169264554977417,-0.006320001091808081,-0.003627864643931389,0.01444099098443985,-0.11057205498218536,-0.1113334521651268,0.014117416925728321,0.1940126270055771,0.010760875418782234,-0.00784631259739399,-0.005056779831647873,-0.013471759855747223,-0.046539515256881714,0.05983206629753113,0.022549746558070183,0.01744748465716839,0.031969133764505386,0.020398536697030067,-0.03736874833703041,-0.06730426102876663,0.03475157544016838,-0.045857444405555725,-0.05776728317141533,0.27410611510276794,0.06635977327823639,-0.057447582483291626,0.014035924337804317,-0.006135923322290182,0.0073631079867482185,-0.004908738657832146,-0.0018162332708016038,-0.005595962051302195,-0.016566991806030273,0.041724275797605515,-0.02009514905512333,0.031139809638261795,0.0029145635198801756,-0.04015348479151726,-0.0022580197546631098,-0.8317769169807434,-0.656674861907959,0.2450728714466095,0.8571200966835022,-0.7869272828102112,-0.4505447447299957,-1.0023741722106934,-0.46632084250450134,0.23154956102371216,0.716903567314148,-0.33341866731643677,-0.3086377680301666,0.11058537662029266,1.672416090965271,-0.2987450063228607,-0.4305207133293152,0.6975170373916626,0.3960171937942505,-0.4624548852443695,-0.806369423866272,-0.30769163370132446,-0.2365974634885788,-0.43879061937332153,-0.702989399433136,-0.6944056749343872,-0.17652614414691925,0.8223442435264587,-0.37957894802093506,-0.05855151638388634,0.0,0.0,0.0,0.0,0.0,0.0,0.0,0.0,0.0,0.0,0.0,0.0,0.0,0.0,0.0,0.0,0.0
0.022252945229411125,0.28885194659233093,-0.15882495045661926,0.021354934200644493,-0.02752184495329857,-0.999393105506897,-0.21123012900352478,0.07192665338516235,-0.03743034973740578,0.22380779683589935,-0.04201848432421684,-0.09417951107025146,-0.3413591980934143,-0.05746462196111679,0.031671833246946335,0.2611687481403351,0.006236226297914982,0.02852429822087288,-0.01986018195748329,-0.10832773894071579,0.0248172078281641,0.0076818885281682014,0.09492065757513046,0.1056169793009758,0.01516004465520382,-0.21753765642642975,-0.0044178650714457035,0.002385340165346861,0.020361198112368584,-0.1143830418586731,-0.11033876240253448,0.0057524279691278934,0.19326959550380707,0.011374467983841896,-0.005982525181025267,0.0020569951739162207,0.026452645659446716,0.013027637265622616,-0.026834437623620033,-0.03278448060154915,0.02546762302517891,-0.031026342883706093,-0.0056177787482738495,0.06393826752901077,0.05225079879164696,-0.018782008439302444,0.018123796209692955,0.05596741661429405,-0.04199972376227379,-0.15750239789485931,0.03681553900241852,0.002377670258283615,0.030372818931937218,-0.018100975081324577,-0.002837864449247718,-0.0017180584836751223,0.010995574295520782,0.009357282891869545,0.013805828057229519,0.03267379105091095,-0.03612525016069412,0.0019174760673195124,0.03337942436337471,0.004761476535350084,-0.7150110006332397,0.15409326553344727,-0.1645270735025406,0.6520432233810425,-0.6003968715667725,-0.08832930773496628,-1.2606500387191772,0.8069659471511841,-0.3634301722049713,0.954085111618042,-1.3132975101470947,0.49425554275512695,-0.14358314871788025,-1.6321572065353394,-0.436705082654953,-0.23982778191566467,0.3837050199508667,0.5230306386947632,-0.23558935523033142,-0.9122578501701355,-0.26359620690345764,0.13892841339111328,-0.3113061189651489,-0.5463640093803406,-0.3583584129810333,-0.5563615560531616,0.7456324696540833,-0.10793664306402206,0.006362393498420715,0.0,0.0,0.0,0.0,0.0,0.0,0.0,0.0,0.0,0.0,0.0,0.0,0.0,0.0,0.0,0.0,0.0
-0.05585053190588951,-0.2840522825717926,0.06675883382558823,0.035600874572992325,-0.02910524606704712,-0.9989421963691711,-0.21019895374774933,0.06437606364488602,-0.03477875143289566,0.2246088683605194,-0.04190303012728691,-0.1055527925491333,-0.3335651159286499,-0.06878199428319931,0.04413968697190285,0.2578536570072174,0.010051515884697437,0.0005165868788026273,-0.007512853480875492,0.041055772453546524,0.01490024197846651,0.0037151097785681486,0.10019370913505554,0.10147043317556381,0.010426276363432407,-0.21649502217769623,-0.008766700513660908,-0.0069335936568677425,0.012331767939031124,-0.11760678887367249,-0.11553991585969925,0.01242764201015234,0.19368904829025269,0.00886640977114439,-0.007876991294324398,0.02656952105462551,-0.03539745882153511,-0.060167111456394196,0.02557998336851597,0.04550265893340111,0.02040410228073597,0.04088277742266655,0.006326818373054266,-0.04045423865318298,-0.06092289835214615,0.025817254558205605,-0.041415736079216,-0.04499677196145058,0.29068076610565186,0.08610657602548599,-0.047630105167627335,0.031063109636306763,-0.018791263923048973,-0.0023009711876511574,0.0046786414459347725,-0.005252350587397814,-0.008639379404485226,-0.021168936043977737,0.01273204106837511,-0.02538738213479519,0.014189322479069233,0.0003067961661145091,-0.047909289598464966,4.9087382649304345e-05,-0.9048007130622864,-0.7072288393974304,0.23442061245441437,0.8331078290939331,-0.7829716801643372,-0.435586541891098,-0.9602408409118652,-0.507723867893219,0.246280699968338,0.7922722101211548,-0.3680807948112488,-0.31698349118232727,0.10498856008052826,1.6940901279449463,-0.24778884649276733,-0.4247629642486572,0.6558852791786194,0.3823339343070984,-0.41796624660491943,-0.7803740501403809,-0.29653286933898926,-0.20854374766349792,-0.4217093586921692,-0.6972153782844543,-0.6664743423461914,-0.1539466679096222,0.822381317615509,-0.3585691750049591,-0.03267577290534973,0.0,0.0,0.0,0.0,0.0,0.0,0.0,0.0,0.0,0.0,0.0,0.0,0.0,0.0,0.0,0.0,0.0
0.08464846014976501,0.24478238821029663,-0.25132736563682556,0.02628394030034542,-0.027874955907464027,-0.9992660880088806,-0.2131987363100052,0.06974499672651291,-0.04111311957240105,0.2272251695394516,-0.04597092047333717,-0.09201150387525558,-0.35133615136146545,-0.06036214530467987,0.030801359564065933,0.2628220319747925,0.002351657720282674,0.02684534341096878,-0.015173017978668213,-0.10950908809900284,0.02505560964345932,0.00589623861014843,0.09297921508550644,0.10125471651554108,0.011420967057347298,-0.21786123514175415,-0.005092816427350044,-0.00029912625905126333,0.01489639189094305,-0.11874529719352722,-0.11033876240253448,0.0014021543320268393,0.19324563443660736,0.010331361554563046,-0.0041494183242321014,-0.0008570813806727529,0.007526732515543699,0.022798364982008934,-0.045760348439216614,-0.03061467967927456,0.0458926185965538,-0.020912785083055496,-0.01958041451871395,0.0713091716170311,0.06959500908851624,-0.017771413549780846,0.011757631786167622,0.06573813408613205,-0.12090903520584106,-0.13287588953971863,0.03765922784805298,-0.00720971031114459,0.015416507609188557,-0.01787087693810463,-0.010277671739459038,0.0013744467869400978,0.0,0.002531068166717887,0.008590292185544968,0.04226117208600044,-0.042031075805425644,-0.0009203884983435273,0.039760783314704895,0.008197593502700329,-0.6294952034950256,0.19235998392105103,-0.19460007548332214,0.6611471176147461,-0.5197615027427673,-0.12461800873279572,-1.2836335897445679,0.8549655675888062,-0.37737518548965454,1.080033779144287,-1.1581887006759644,0.44925734400749207,-0.1437859833240509,-1.7394362688064575,-0.5081334114074707,-0.26066726446151733,0.34513384103775024,0.5507916212081909,-0.21440237760543823,-0.9172242283821106,-0.20376050472259521,0.16748641431331635,-0.29083508253097534,-0.455731600522995,-0.2944547235965729,-0.5462601780891418,0.7480274438858032,-0.08449617773294449,0.04094461351633072,0.0,0.0,0.0,0.0,0.0,0.0,0.0,0.0,0.0,0.0,0.0,0.0,0.0,0.0,0.0,0.0,0.0
-0.018762288615107536,-0.2517637312412262,-0.10079275071620941,0.0420372448861599,-0.035367969423532486,-0.9984897971153259,-0.20900706946849823,0.0617256835103035,-0.0342564694583416,0.22187326848506927,-0.04453375190496445,-0.10715073347091675,-0.35001036524772644,-0.07209709286689758,0.047139473259449005,0.2662564516067505,0.01070055179297924,-0.0010165647836402059,0.0007231623749248683,0.032723456621170044,0.019425053149461746,0.0006950850365683436,0.1026504784822464,0.10393918305635452,0.007274424657225609,-0.21736988425254822,-0.008045729249715805,-0.008038059808313847,0.00490154791623354,-0.11713941395282745,-0.11676230281591415,0.010689929127693176,0.1931857168674469,0.008436894975602627,-0.00777728296816349,0.005142487585544586,-0.03299763426184654,-0.04902505502104759,0.0411788634955883,0.06267345696687698,-0.01730685494840145,0.039425741881132126,0.009326603263616562,-0.060424234718084335,-0.06888596713542938,0.040029291063547134,-0.06032869964838028,-0.07833723723888397,0.2425374537706375,0.14459876716136932,-0.05330583453178406,0.03551165387034416,0.0007669904152862728,0.0033747577108442783,-0.003221359569579363,0.0002454369387123734,-0.0013744467869400978,-0.041187386959791183,-0.001073786523193121,-0.0346679650247097,0.045712631195783615,7.669904152862728e-05,-0.0436386875808239,-0.00044178651296533644,-0.9252792000770569,-0.6701650023460388,0.23912224173545837,0.912733793258667,-0.7061878442764282,-0.41300883889198303,-0.8540142178535461,-0.5463042259216309,0.2635112702846527,0.8813861608505249,-0.24964702129364014,-0.3239479660987854,0.10905437171459198,1.891736626625061,-0.3856104612350464,-0.41511252522468567,0.727063775062561,0.4480014443397522,-0.4269247353076935,-0.7954956889152527,-0.28265684843063354,-0.19884632527828217,-0.361116498708725,-0.6546834111213684,-0.7172399759292603,-0.09492523968219757,0.8044027090072632,-0.350420743227005,-0.06258109956979752,0.0,0.0,0.0,0.0,0.0,0.0,0.0,0.0,0.0,0.0,0.0,0.0,0.0,0.0,0.0,0.0,0.0
0.04450589045882225,0.34295713901519775,-0.17060591280460358,0.028890177607536316,-0.03241782635450363,-0.9990565776824951,-0.21941256523132324,0.06831327825784683,-0.04047030955553055,0.23472462594509125,-0.04833254590630531,-0.0898689553141594,-0.3584606349468231,-0.06234779953956604,0.031136156991124153,0.26407480239868164,0.012604659423232079,0.03686745837330818,-0.016672909259796143,-0.10019820928573608,0.02340845949947834,0.002133192028850317,0.09686210006475449,0.10547316819429398,0.012271846644580364,-0.21649502217769623,-0.004624952096492052,-0.0009357283124700189,0.010102702304720879,-0.11449089646339417,-0.10670754313468933,-0.0005033374764025211,0.19302991032600403,0.00915786623954773,-0.0003374757943674922,0.016455961391329765,0.0005999569548293948,0.026998061686754227,-0.01903499662876129,-0.012216802686452866,0.04675761237740517,-0.036425959318876266,-0.01598067209124565,0.06925217062234879,0.02208932302892208,-0.006751430686563253,0.05182034522294998,0.04911075904965401,0.007439390756189823,-0.13376037776470184,0.04249126836657524,-0.007593204732984304,0.021015537902712822,-0.014112623408436775,-0.007133010774850845,0.0010799224255606532,0.00829576887190342,0.01871456578373909,0.0069029140286147594,0.06320001184940338,-0.03305728733539581,-0.000690291344653815,0.04084070399403572,0.004761476535350084,-0.7511653900146484,0.2077573537826538,-0.15601854026317596,0.7067037224769592,-0.4988606572151184,-0.04397530108690262,-0.916267454624176,0.77116858959198,-0.32031795382499695,1.0918477773666382,-1.0397677421569824,0.6425184011459351,-0.14816336333751678,-1.6319328546524048,-0.732227087020874,-0.2798287868499756,0.3644341230392456,0.533254086971283,-0.2617477476596832,-0.8698744177818298,-0.2681218087673187,0.1321732997894287,-0.2601955533027649,-0.41477346420288086,-0.269560843706131,-0.5958015322685242,0.7455028891563416,-0.07456507533788681,0.07267588376998901,0.0,0.0,0.0,0.0,0.0,0.0,0.0,0.0,0.0,0.0,0.0,0.0,0.0,0.0,0.0,0.0,0.0
-0.05017821118235588,-0.30412358045578003,0.021816613152623177,0.04029439017176628,-0.03404887393116951,-0.9986075758934021,-0.21050696074962616,0.06280799210071564,-0.031136156991124153,0.23421329259872437,-0.04988165944814682,-0.10914871841669083,-0.3447607159614563,-0.07145793735980988,0.045103903859853745,0.25420618057250977,0.0302000530064106,0.011097096838057041,-0.008008353412151337,0.03506196662783623,0.009003366343677044,-0.00041944789700210094,0.10469979047775269,0.10132662206888199,0.01091762911528349,-0.215799942612648,-0.007462816778570414,-0.007554855663329363,0.00689092930406332,-0.10745616257190704,-0.11386212706565857,0.008520783856511116,0.1940845251083374,0.007025632541626692,-0.007462816778570414,0.02545531466603279,-0.019798578694462776,-0.0027426599990576506,0.029397889971733093,-0.0025437118019908667,-0.05040998011827469,0.08013711124658585,0.0009817477548494935,-0.02571243979036808,-0.0766308605670929,0.05838337168097496,-0.039820458739995956,-0.062309809029102325,0.27344927191734314,0.06427393108606339,-0.038656316697597504,0.03696893900632858,-0.012118448503315449,0.0038349521346390247,-0.004218447487801313,0.0004908738774247468,0.0013744467869400978,-0.010584468021988869,0.049547579139471054,-0.02323981001973152,0.04026699811220169,0.00138058268930763,-0.040742531418800354,-0.008737554773688316,-0.8338502049446106,-0.6609973311424255,0.22389301657676697,0.9191405177116394,-0.4809289574623108,-0.36514613032341003,-0.8228746056556702,-0.3861983120441437,0.19804516434669495,0.7495123147964478,-0.06910606473684311,-0.15777960419654846,0.10783737897872925,1.3998407125473022,-0.3937312960624695,-0.33930814266204834,0.6759821772575378,0.36044859886169434,-0.42177554965019226,-0.7968953847885132,-0.3038349747657776,-0.18506549298763275,-0.3202253580093384,-0.6792835593223572,-0.7107693552970886,-0.13294263184070587,0.838556706905365,-0.328756719827652,-0.09835150837898254,0.0,0.0,0.0,0.0,0.0,0.0,0.0,0.0,0.0,0.0,0.0,0.0,0.0,0.0,0.0,0.0,0.0
0.07766713947057724,0.3036872446537018,-0.18849554657936096,0.028287511318922043,-0.033367689698934555,-0.9990426301956177,-0.21464505791664124,0.06706905364990234,-0.036720577627420425,0.2347501963376999,-0.05170586705207825,-0.09228062629699707,-0.3517646789550781,-0.06297843158245087,0.029796967282891273,0.24910995364189148,0.03851015865802765,0.026651810854673386,-0.021266330033540726,-0.11244494467973709,0.018067719414830208,0.0047217849642038345,0.09567566215991974,0.10413093119859695,0.01507615577429533,-0.21713019907474518,-0.0057600983418524265,0.0010891264537349343,0.018971027806401253,-0.10782766342163086,-0.10625214129686356,0.001330249011516571,0.19282618165016174,0.011282429099082947,-0.0029835926834493876,0.025283901020884514,0.0009817477548494935,0.0037711579352617264,-0.0443422757089138,-0.0036377895157784224,0.05645669251680374,0.0036854499485343695,-0.01685333624482155,0.03556887432932854,0.05503241345286369,-0.010969195514917374,0.0040347338654100895,0.06745230406522751,-0.09632512181997299,-0.12715919315814972,0.043181560933589935,-0.011965050362050533,0.026384470984339714,-0.006289321463555098,-0.0108912643045187,-0.004319689702242613,0.015217090025544167,0.026154372841119766,0.00544563215225935,0.02768835425376892,-0.021705828607082367,-0.0014572817599400878,0.041773367673158646,0.004761476535350084,-0.7350314259529114,0.11766866594552994,-0.16694417595863342,0.6591526865959167,-0.40883010625839233,-0.10302078723907471,-1.2371255159378052,0.8105182647705078,-0.38558968901634216,0.9593777656555176,-0.9994977116584778,0.49028706550598145,-0.15752029418945312,-1.6965502500534058,-0.4622661769390106,-0.23519985377788544,0.32955044507980347,0.5394898653030396,-0.20755016803741455,-0.910849392414093,-0.2693497836589813,0.13939036428928375,-0.23322373628616333,-0.5556671023368835,-0.34415796399116516,-0.5569230318069458,0.7289196848869324,-0.05147216469049454,0.024182111024856567,0.0,0.0,0.0,0.0,0.0,0.0,0.0,0.0,0.0,0.0,0.0,0.0,0.0,0.0,0.0,0.0,0.0
-0.04363322630524635,-0.3926990330219269,0.030543258413672447,0.03531210124492645,-0.0370338149368763,-0.9986900091171265,-0.1993381232023239,0.06031953543424606,-0.031859319657087326,0.23359118402004242,-0.05693778768181801,-0.11341485381126404,-0.33601582050323486,-0.07371629774570465,0.04399237781763077,0.24518126249313354,0.05175188183784485,-0.00228398060426116,-0.00814227294176817,0.0298384390771389,0.01738792471587658,-0.002241050126031041,0.10189548134803772,0.10294449329376221,0.009455553255975246,-0.2166508287191391,-0.008076408877968788,-0.00906582735478878,0.013949638232588768,-0.10851076245307922,-0.11152520030736923,0.011385014280676842,0.19308984279632568,0.008214467205107212,-0.005537671037018299,-0.02485535852611065,-0.019253162667155266,-0.009599311277270317,0.058086734265089035,-0.008696026168763638,-0.029713764786720276,0.10387825965881348,0.012708178721368313,-0.03685449808835983,-0.07684903591871262,0.03935420140624046,-0.04630733281373978,-0.05596741661429405,0.2348775714635849,0.1321536749601364,-0.05483981594443321,0.01817767135798931,-0.005368932615965605,-0.000997087568975985,-0.002837864449247718,0.0009326603612862527,-0.006332272198051214,-0.020325245335698128,0.023930100724101067,-0.039806801825761795,0.03658544272184372,0.000690291344653815,-0.05232715234160423,0.015168002806603909,-0.8776279091835022,-0.6661100387573242,0.24608464539051056,0.95777827501297,-0.5557951331138611,-0.46734052896499634,-0.860339343547821,-0.5387530326843262,0.2695026695728302,0.7800666093826294,-0.004853703081607819,-0.33055949211120605,0.12373064458370209,1.8288153409957886,-0.3589952290058136,-0.39961329102516174,0.7072544693946838,0.3993590474128723,-0.456018328666687,-0.7896741032600403,-0.27165260910987854,-0.2658281922340393,-0.4151289165019989,-0.6695478558540344,-0.7257876992225647,-0.12196682393550873,0.8114362955093384,-0.3833213448524475,-0.05845914036035538,0.0,0.0,0.0,0.0,0.0,0.0,0.0,0.0,0.0,0.0,0.0,0.0,0.0,0.0,0.0,0.0,0.0
0.040142565965652466,0.2569997012615204,-0.06501350551843643,0.017772691324353218,-0.032989878207445145,-0.9992976188659668,-0.2059938907623291,0.07104035466909409,-0.039372172206640244,0.23674435913562775,-0.06274432688951492,-0.103755883872509,-0.3489256203174591,-0.06285912543535233,0.02539103478193283,0.2479083389043808,0.04014793038368225,0.02254316210746765,-0.020904749631881714,-0.10708130896091461,0.024434588849544525,0.002996056340634823,0.09591534733772278,0.10156630724668503,0.011277155950665474,-0.21576398611068726,-0.005821457598358393,-0.002308641094714403,0.020001672208309174,-0.11192627251148224,-0.10735469311475754,0.004386226646602154,0.19344936311244965,0.009426312521100044,-0.0034667968284338713,0.005571028683334589,0.007254024501889944,0.03094063512980938,-0.05225079879164696,-0.00798880122601986,0.006012302357703447,-0.023998277261853218,-0.014780757017433643,0.04945359379053116,0.07254024595022202,-0.02493007481098175,-0.009032298810780048,0.07088062167167664,-0.04010951146483421,-0.17967800796031952,0.06174273043870926,-0.0005368932615965605,0.017487382516264915,-0.024390295147895813,0.001764077926054597,-0.00019634953059721738,0.008786641992628574,0.01595340110361576,0.020862137898802757,0.03160000592470169,-0.019481556490063667,-7.669904152862728e-05,0.041429754346609116,-0.006577710155397654,-0.6562683582305908,0.2819678783416748,-0.2252236008644104,0.4906075596809387,-0.60850989818573,-0.17615708708763123,-1.2256146669387817,0.8403854966163635,-0.4013440012931824,1.0776960849761963,-1.0835331678390503,0.38149625062942505,-0.19959652423858643,-1.550201416015625,-0.6496710777282715,-0.24173341691493988,0.37512922286987305,0.5408912301063538,-0.24589215219020844,-0.8720905184745789,-0.2536137104034424,0.16864453256130219,-0.27334702014923096,-0.5272176265716553,-0.34719064831733704,-0.5383529663085938,0.7669187784194946,-0.05494733154773712,-0.048232924193143845,0.0,0.0,0.0,0.0,0.0,0.0,0.0,0.0,0.0,0.0,0.0,0.0,0.0,0.0,0.0,0.0,0.0
-0.01745329052209854,-0.1797688901424408,-0.14049899578094482,0.04050182178616524,-0.0369420200586319,-0.9984966516494751,-0.203288733959198,0.05950993299484253,-0.03076118417084217,0.2257082313299179,-0.058013759553432465,-0.1097160205245018,-0.3524075150489807,-0.07457703351974487,0.04130060598254204,0.25022634863853455,0.04012194275856018,-0.0075125787407159805,-0.005062136333435774,0.029263250529766083,0.005047463811933994,0.00490154791623354,0.10061316192150116,0.10215353965759277,0.009395632892847061,-0.2166747897863388,-0.008743691258132458,-0.007685244083404541,0.013853764161467552,-0.11213000118732452,-0.10719889402389526,0.01342233270406723,0.19360515475273132,0.011205730028450489,-0.008206797763705254,0.010970639996230602,-0.03348850831389427,-0.06719517707824707,0.02868884801864624,0.03043997287750244,0.0181095153093338,0.010199268348515034,-0.0021271200384944677,-0.01577029749751091,-0.06610434502363205,0.03229274973273277,-0.05936451628804207,-0.06050994619727135,0.24773064255714417,0.09573274105787277,-0.04716990888118744,0.021322332322597504,-0.005215534474700689,0.013345633633434772,-0.007439807057380676,-0.0008344855159521103,-0.009621127508580685,-0.023930100724101067,0.018331071361899376,-0.013422331772744656,0.027611656114459038,0.000997087568975985,-0.03799363598227501,-0.002208932302892208,-0.9045036435127258,-0.6683122515678406,0.23417726159095764,0.8202983140945435,-0.9726102352142334,-0.4486122131347656,-1.0538921356201172,-0.4718032777309418,0.22064071893692017,0.7332676649093628,-0.23284006118774414,-0.3748404383659363,0.14210231602191925,1.5881932973861694,-0.22553646564483643,-0.39666348695755005,0.6242671012878418,0.4312090277671814,-0.4070447087287903,-0.8099846839904785,-0.27630338072776794,-0.14374135434627533,-0.46071213483810425,-0.7131853699684143,-0.6099144816398621,-0.1620917022228241,0.799768328666687,-0.3682344853878021,-0.05619499459862709,0.0,0.0,0.0,0.0,0.0,0.0,0.0,0.0,0.0,0.0,0.0,0.0,0.0,0.0,0.0,0.0,0.0
0.03272492066025734,0.3660827875137329,-0.16842424869537354,0.03363138809800148,-0.03579961508512497,-0.9987930059432983,-0.21353353559970856,0.06618274748325348,-0.040403347462415695,0.22845235466957092,-0.0580969899892807,-0.09214141219854355,-0.3584204614162445,-0.061035387217998505,0.028511345386505127,0.24391146004199982,0.035563740879297256,0.026793763041496277,-0.01748981513082981,-0.10286976397037506,0.013100886717438698,0.007262440398335457,0.09399787336587906,0.10316020995378494,0.012140019796788692,-0.21674670279026031,-0.0053229136392474174,6.902914174133912e-05,0.0177606213837862,-0.11302882432937622,-0.10688730329275131,0.006087986286729574,0.1928142011165619,0.010523108765482903,-0.004824369680136442,-0.038825783878564835,0.01587158814072609,0.02819797396659851,-0.027543475851416588,-0.005650041159242392,0.03577965125441551,0.039939992129802704,0.007690357510000467,0.0693378821015358,0.01385355181992054,-0.016173752024769783,0.017960553988814354,0.06453822553157806,0.02167630009353161,-0.1461823433637619,0.03627864643931389,-0.006366020534187555,0.029145633801817894,-0.01702718809247017,-0.008743691258132458,0.0010308350902050734,0.005694136489182711,0.005138835869729519,0.017410682514309883,0.00276116537861526,-0.02600097469985485,-0.0005368932615965605,0.021451188251376152,0.008688467554748058,-0.8341171145439148,0.23545220494270325,-0.18196715414524078,0.6433050036430359,-0.612778902053833,-0.013137556612491608,-0.9973795413970947,0.737379789352417,-0.3252580761909485,0.9568003416061401,-1.114527702331543,0.5835996866226196,-0.17288042604923248,-1.665401816368103,-0.5290359258651733,-0.2846253514289856,0.38833415508270264,0.5312315225601196,-0.25794094800949097,-0.8862404823303223,-0.2599678039550781,0.13763149082660675,-0.307556688785553,-0.46291717886924744,-0.396129310131073,-0.5440919399261475,0.7480217814445496,-0.13887014985084534,0.03828028589487076,0.0,0.0,0.0,0.0,0.0,0.0,0.0,0.0,0.0,0.0,0.0,0.0,0.0,0.0,0.0,0.0,0.0
-0.05148720741271973,-0.29801493883132935,0.007853980176150799,0.045967280864715576,-0.036710500717163086,-0.9982684850692749,-0.20320837199687958,0.06072859466075897,-0.03175218403339386,0.2289210706949234,-0.05824391916394234,-0.10497619956731796,-0.34500178694725037,-0.0711255744099617,0.04270675405859947,0.23444339632987976,0.049644824117422104,0.007010186556726694,-0.006870042532682419,0.03488112613558769,0.001797797973267734,0.0018216022290289402,0.09906719624996185,0.09848636388778687,0.008245146833360195,-0.21564415097236633,-0.007677574176341295,-0.006826214957982302,0.009946906939148903,-0.11017657816410065,-0.11262775212526321,0.011265171691775322,0.1946597695350647,0.008812719956040382,-0.005706408992409706,0.01902720518410206,-0.013089969754219055,-0.015256047248840332,0.025743607431650162,0.003970038145780563,-0.050588518381118774,0.08433680236339569,0.007799440063536167,-0.028883641585707664,-0.07766714692115784,0.04118476063013077,-0.028320899233222008,-0.05990998074412346,0.27940860390663147,0.08412321656942368,-0.05000777170062065,0.03298058733344078,-0.013575729914009571,-0.003067961661145091,-0.0033747577108442783,0.0013744467869400978,-0.0010799224255606532,-0.02707475982606411,0.035895150154829025,-0.016873789951205254,0.02124563418328762,0.0046786414459347725,-0.03637375310063362,-0.003239767625927925,-0.8284534215927124,-0.6480319499969482,0.2217666059732437,0.9170955419540405,-0.4695988893508911,-0.3074588477611542,-0.7968888282775879,-0.420701801776886,0.21030867099761963,0.739516019821167,0.029138900339603424,-0.09426923096179962,0.08697329461574554,1.352923035621643,-0.33383265137672424,-0.3681855797767639,0.6736579537391663,0.34679293632507324,-0.4385235011577606,-0.7742743492126465,-0.28964900970458984,-0.21947434544563293,-0.2994368374347687,-0.6424567103385925,-0.6537824869155884,-0.16805292665958405,0.8404010534286499,-0.31651660799980164,-0.04993332549929619,0.0,0.0,0.0,0.0,0.0,0.0,0.0,0.0,0.0,0.0,0.0,0.0,0.0,0.0,0.0,0.0,0.0
0.052359871566295624,0.2500183880329132,-0.07897613942623138,0.03343348205089569,-0.03521301969885826,-0.998820424079895,-0.20726612210273743,0.06607196480035782,-0.036720577627420425,0.23146066069602966,-0.06007058918476105,-0.09259870648384094,-0.35207271575927734,-0.06091608107089996,0.02405184507369995,0.23018233478069305,0.057029467076063156,0.022420158609747887,-0.020235154777765274,-0.11044299602508545,0.01541653461754322,0.00355931487865746,0.09604717046022415,0.10247711092233658,0.011672635562717915,-0.21596772968769073,-0.006197282578796148,-0.0005982525181025267,0.018251974135637283,-0.10821115970611572,-0.10885271430015564,0.0006711166352033615,0.19268237054347992,0.009564370848238468,-0.004732330795377493,0.017913000658154488,0.005563236773014069,0.013884717598557472,-0.04881468042731285,-0.007515577133744955,0.03891972824931145,0.004028282593935728,-0.007199483457952738,0.04782513901591301,0.056614119559526443,-0.008682169020175934,-0.008737217634916306,0.07670877873897552,-0.06986121088266373,-0.15499785542488098,0.03436116874217987,-0.0029912625905126333,0.034821365028619766,-0.013805828057229519,-0.0069029140286147594,-0.001963495509698987,0.012762719765305519,0.019941750913858414,0.028071848675608635,0.031983502209186554,-0.03781262785196304,7.669904152862728e-05,0.03126866742968559,0.0015217089094221592,-0.6878749132156372,0.14972001314163208,-0.1621014028787613,0.6678454279899597,-0.35738399624824524,-0.06929546594619751,-1.1372510194778442,0.7923945784568787,-0.3798263967037201,0.9167101383209229,-0.9285375475883484,0.5714752078056335,-0.16450746357440948,-1.7507470846176147,-0.5232468247413635,-0.22758597135543823,0.37845689058303833,0.5529265999794006,-0.18665467202663422,-0.9006885290145874,-0.25735902786254883,0.10855555534362793,-0.20793959498405457,-0.5033124685287476,-0.35824304819107056,-0.5385009050369263,0.7229170203208923,-0.05183142423629761,0.005502745509147644,0.0,0.0,0.0,0.0,0.0,0.0,0.0,0.0,0.0,0.0,0.0,0.0,0.0,0.0,0.0,0.0,0.0
-0.028361596167087555,-0.38440871238708496,0.012217302806675434,0.04389779642224312,-0.03990671783685684,-0.9982389807701111,-0.19045929610729218,0.05981673300266266,-0.0310691986232996,0.22633886337280273,-0.06633489578962326,-0.11469362676143646,-0.3446134328842163,-0.071952223777771,0.04084528237581253,0.22685019671916962,0.06921664625406265,-0.0005625872872769833,-0.004995177034288645,0.020461421459913254,0.012231236323714256,0.00037151097785681486,0.10353732109069824,0.10059558600187302,0.007765777874737978,-0.21569208800792694,-0.008828059770166874,-0.010845244862139225,0.01091762911528349,-0.11259739100933075,-0.11166901141405106,0.011840414255857468,0.19364111125469208,0.009219224564731121,-0.007953690364956856,-0.007970856502652168,-0.020180370658636093,-0.025541022419929504,0.029616056010127068,-0.0013933213194832206,-0.07479531317949295,0.021941279992461205,0.02105303481221199,-0.03291192278265953,-0.060704734176397324,0.03819091245532036,-0.02577277459204197,-0.0634240210056305,0.18085579574108124,0.14487093687057495,-0.050161171704530716,0.027228159829974174,-0.00621262239292264,0.013882527127861977,0.0006135923322290182,-0.003288855077698827,-0.009964738972485065,-0.03313398361206055,-0.022012624889612198,-0.006749515421688557,0.052385445684194565,-0.0019174760673195124,-0.038926295936107635,-0.0007853981223888695,-0.7542965412139893,-0.7382261157035828,0.2644434869289398,0.9243168234825134,-0.6052601933479309,-0.448270708322525,-0.9929119348526001,-0.5039901733398438,0.23883721232414246,0.6184478998184204,-0.040278397500514984,-0.29129791259765625,0.1294144243001938,1.6703846454620361,-0.3152450919151306,-0.3351852297782898,0.6585530638694763,0.37997183203697205,-0.410795658826828,-0.7859446406364441,-0.26532796025276184,-0.22382374107837677,-0.41289272904396057,-0.7209978699684143,-0.6585612297058105,-0.09485934674739838,0.8190751671791077,-0.3287840485572815,-0.050124749541282654,0.0,0.0,0.0,0.0,0.0,0.0,0.0,0.0,0.0,0.0,0.0,0.0,0.0,0.0,0.0,0.0,0.0
0.011344638653099537,0.3612831234931946,-0.19198620319366455,0.03120451420545578,-0.036746714264154434,-0.9988377690315247,-0.19932472705841064,0.07032449543476105,-0.03566261753439903,0.22967101633548737,-0.06886260211467743,-0.09591706842184067,-0.35463055968284607,-0.05734531581401825,0.021627912297844887,0.2243361622095108,0.05764472484588623,0.01765287294983864,-0.014918571338057518,-0.10592568665742874,0.014642233960330486,0.00635163951665163,0.09749726206064224,0.10500577837228775,0.010222543962299824,-0.21599169075489044,-0.006051554344594479,0.0004525243421085179,0.01631052978336811,-0.11248953640460968,-0.1073906421661377,0.004685832187533379,0.19310182332992554,0.012164467945694923,-0.0036125248298048973,-0.02074136771261692,0.01843504048883915,0.011227765120565891,-0.03828816115856171,-0.008704653941094875,0.039898019284009933,-0.033083342015743256,-0.0063813598826527596,0.02931218221783638,0.020616700872778893,-0.041129108518362045,-0.004222068004310131,0.06848079711198807,0.003737063379958272,-0.15121909976005554,0.06143593415617943,-0.007823302410542965,0.031063109636306763,-0.0217825286090374,-0.001764077926054597,0.005448699928820133,0.023316508159041405,0.023930100724101067,0.0009203884983435273,0.01925145834684372,-0.017794176936149597,-0.0012271846644580364,0.03617740422487259,0.0014726215740665793,-0.5733286142349243,0.10471542924642563,-0.1368223875761032,0.618040919303894,-0.5665681958198547,-0.06203253194689751,-1.1595664024353027,0.7457592487335205,-0.3395877480506897,0.8202207088470459,-1.17266845703125,0.49266737699508667,-0.1588716357946396,-1.406740665435791,-0.7643090486526489,-0.2618662118911743,0.38660961389541626,0.5514790415763855,-0.2731276750564575,-0.8821298480033875,-0.23223090171813965,0.19018855690956116,-0.29597949981689453,-0.42562323808670044,-0.36253461241722107,-0.5677900910377502,0.7627148032188416,-0.0904964953660965,0.003923051059246063,0.0,0.0,0.0,0.0,0.0,0.0,0.0,0.0,0.0,0.0,0.0,0.0,0.0,0.0,0.0,0.0,0.0
-0.04363322630524635,-0.25743603706359863,0.02967059426009655,0.05282037332653999,-0.03690517321228981,-0.9979219436645508,-0.19501253962516785,0.06273981928825378,-0.03073440119624138,0.2201177179813385,-0.0689573585987091,-0.111376091837883,-0.3469569981098175,-0.06622535735368729,0.04147469997406006,0.21445050835609436,0.06492812186479568,0.0028311244677752256,0.0009642164804972708,0.02373412437736988,-0.003188429167494178,0.00814927276223898,0.09971435368061066,0.09828262776136398,0.01013865415006876,-0.21534454822540283,-0.007033302448689938,-0.0062586418353021145,0.008700547739863396,-0.11195023357868195,-0.10830144584178925,0.012559467926621437,0.19358119368553162,0.011980390176177025,-0.00447922432795167,0.023141195997595787,-0.030652344226837158,-0.010970639996230602,0.019634954631328583,-0.0031518915202468634,-0.03632597252726555,0.04593956097960472,-0.0027270771097391844,-0.02022711932659149,-0.08486663550138474,0.0387469120323658,-0.023910610005259514,-0.052624791860580444,0.21809807419776917,0.09685397148132324,-0.03328738361597061,0.02377670258283615,-0.018100975081324577,0.006059224251657724,-0.0029912625905126333,0.00014726216613780707,-0.0018162332708016038,-0.0346679650247097,0.01986505091190338,-0.008590292185544968,0.03666214272379875,-0.0057524279691278934,-0.031759537756443024,-0.0030434178188443184,-0.8292964100837708,-0.7007887959480286,0.23258541524410248,0.8742043972015381,-0.5463978052139282,-0.3426179885864258,-0.855196475982666,-0.441055029630661,0.240984708070755,0.6174557209014893,-0.062225885689258575,-0.14648884534835815,0.06445606052875519,1.3790820837020874,-0.309708833694458,-0.4451215863227844,0.6401012539863586,0.30564871430397034,-0.43769147992134094,-0.7650871872901917,-0.2901250422000885,-0.2303970456123352,-0.4087710678577423,-0.6360728740692139,-0.6399788856506348,-0.17653964459896088,0.8318309783935547,-0.3706195652484894,-0.04262012988328934,0.0,0.0,0.0,0.0,0.0,0.0,0.0,0.0,0.0,0.0,0.0,0.0,0.0,0.0,0.0,0.0,0.0
0.00523598724976182,0.19940385222434998,-0.07243115454912186,0.041254673153162,-0.03592638671398163,-0.9985028505325317,-0.19616423547267914,0.06868825107812881,-0.03492606431245804,0.22148126363754272,-0.06789910048246384,-0.0935991182923317,-0.35055941343307495,-0.054865382611751556,0.02336885780096054,0.20574943721294403,0.07013053447008133,0.015132706612348557,-0.014382896013557911,-0.10422458499670029,0.010969826951622963,0.008952216245234013,0.0975571870803833,0.10451442748308182,0.015399729833006859,-0.21522469818592072,-0.004233787301927805,0.0005138835986144841,0.013578127138316631,-0.10677304863929749,-0.10608436167240143,0.0023728765081614256,0.19344936311244965,0.009556700475513935,-0.0046096122823655605,0.012599095702171326,0.020780324935913086,0.0059995693154633045,-0.04581489413976669,-0.00962421577423811,0.031470876187086105,-0.0142275495454669,-0.0020180370192974806,0.05159629508852959,0.027488935738801956,-0.01362342294305563,-0.002679084660485387,0.0725947916507721,-0.009031427092850208,-0.13708709180355072,0.03344077989459038,-0.001073786523193121,0.0351281613111496,-0.010814565233886242,-0.004065049346536398,-0.00029452433227561414,0.016346098855137825,0.01618349738419056,0.02768835425376892,0.024236897006630898,-0.031139809638261795,-0.0006135923322290182,0.018800469115376472,-4.9087382649304345e-05,-0.6201028823852539,0.12945005297660828,-0.14207002520561218,0.6577615141868591,-0.3404281437397003,-0.017414607107639313,-1.0628725290298462,0.6632989048957825,-0.3024781346321106,0.8500497341156006,-0.8427513837814331,0.4891479015350342,-0.14558668434619904,-1.5000526905059814,-0.5957452058792114,-0.27316468954086304,0.41108840703964233,0.5757877826690674,-0.2352234274148941,-0.8954775333404541,-0.2581886649131775,0.1201273500919342,-0.21531599760055542,-0.46498849987983704,-0.3544023633003235,-0.5313497185707092,0.7621683478355408,-0.11885792016983032,-0.013802159577608109,0.0,0.0,0.0,0.0,0.0,0.0,0.0,0.0,0.0,0.0,0.0,0.0,0.0,0.0,0.0,0.0,0.0
-0.030543258413672447,-0.21249382197856903,-0.037088241428136826,0.054685089737176895,-0.03869398310780525,-0.9977538585662842,-0.1854105442762375,0.06041327863931656,-0.02855152077972889,0.21323184669017792,-0.07227723300457001,-0.1130322739481926,-0.34437236189842224,-0.06729062646627426,0.04120686277747154,0.20069581270217896,0.08070652931928635,-0.0014476749347522855,0.00012052706006215885,0.02425636723637581,-0.005479367449879646,0.007873635739088058,0.09981022775173187,0.10023605823516846,0.012475578114390373,-0.21529661118984222,-0.00569873908534646,-0.00799970980733633,0.006962834857404232,-0.10829505324363708,-0.10698317736387253,0.01011468656361103,0.19416841864585876,0.007140681147575378,-0.008245146833360195,0.03616883233189583,-0.025798147544264793,-0.012341971509158611,0.006326818373054266,-0.005151028744876385,-0.06371250003576279,0.029397889971733093,-0.002072578528895974,-0.02185557596385479,-0.049523722380399704,0.037182897329330444,-0.01054740883409977,-0.05091062933206558,0.2269333451986313,0.09182333201169968,-0.034821365028619766,0.024236897006630898,-0.02009514905512333,0.0057524279691278934,-0.004295146092772484,0.00029452433227561414,-0.0036815539933741093,-0.03436116874217987,-0.0008436894277110696,0.0,0.04670971632003784,-0.0018407769966870546,-0.02439643070101738,9.817476529860869e-05,-0.6993491053581238,-0.7297579050064087,0.2558339536190033,0.8372331857681274,-0.5681532025337219,-0.39930999279022217,-0.9952625036239624,-0.43891581892967224,0.2115190625190735,0.5188245177268982,-0.043429307639598846,-0.23856326937675476,0.0859205573797226,1.3927218914031982,-0.3517012298107147,-0.3970554769039154,0.6139796376228333,0.3308422565460205,-0.4467790126800537,-0.7857654690742493,-0.30919092893600464,-0.20811223983764648,-0.404585063457489,-0.736696720123291,-0.6245285868644714,-0.13368095457553864,0.8324781060218811,-0.31143584847450256,-0.05098139867186546,0.0,0.0,0.0,0.0,0.0,0.0,0.0,0.0,0.0,0.0,0.0,0.0,0.0,0.0,0.0,0.0,0.0
0.05454153195023537,0.2914699614048004,-0.19984017312526703,0.04635438695549965,-0.03755002096295357,-0.9982193112373352,-0.1883433759212494,0.06656624376773834,-0.03160487487912178,0.21349602937698364,-0.06939379870891571,-0.09051147848367691,-0.34825602173805237,-0.05516365170478821,0.023663479834794998,0.19514791667461395,0.07874219864606857,0.015209482051432133,-0.01225358434021473,-0.11022628098726273,0.007277811877429485,0.009131979197263718,0.0963347926735878,0.10447847843170166,0.015567508526146412,-0.21649502217769623,-0.004433204885572195,0.0002684466599021107,0.012727247551083565,-0.10755203664302826,-0.1043945848941803,0.0027204190846532583,0.1931377798318863,0.01069184672087431,-0.003198350081220269,0.02794085256755352,-0.0020180370192974806,0.014570382423698902,-0.045378562062978745,-0.0082100173458457,0.03668897971510887,-0.013199052773416042,0.0009817477548494935,0.017570165917277336,0.023725571110844612,-0.01757868193089962,0.0019410569220781326,0.07602311670780182,-0.05514439567923546,-0.10237958282232285,0.033670879900455475,0.0,0.030066022649407387,-0.008206797763705254,-0.008973787538707256,0.00014726216613780707,0.016051575541496277,0.017410682514309883,0.006135923322290182,0.010814565233886242,-0.028071848675608635,-0.0009203884983435273,0.030925054103136063,0.007853982038795948,-0.609886884689331,0.1591722071170807,-0.14169663190841675,0.685734212398529,-0.29090553522109985,0.03834346681833267,-1.0195711851119995,0.6212327480316162,-0.2850690186023712,0.7291465997695923,-0.8406144380569458,0.544002890586853,-0.15353770554065704,-1.6058247089385986,-0.5565237402915955,-0.29870766401290894,0.42131149768829346,0.5490313172340393,-0.22355112433433533,-0.9055720567703247,-0.27030858397483826,0.1169702410697937,-0.21180763840675354,-0.42344820499420166,-0.3805450201034546,-0.5323364734649658,0.7534046173095703,-0.08113832026720047,0.03460630029439926,0.0,0.0,0.0,0.0,0.0,0.0,0.0,0.0,0.0,0.0,0.0,0.0,0.0,0.0,0.0,0.0,0.0
-0.07941247522830963,-0.4018619954586029,0.12479102611541748,0.05149310454726219,-0.03898833319544792,-0.9979121685028076,-0.17104104161262512,0.06083086133003235,-0.02721233107149601,0.21201318502426147,-0.07261603325605392,-0.10401531308889389,-0.32753875851631165,-0.0650748759508133,0.04055066034197807,0.1828334629535675,0.09487881511449814,-0.002714088186621666,-0.0015132841654121876,0.0302213653922081,0.007098224014043808,0.00013182648399379104,0.09964244067668915,0.09831858426332474,0.011265171691775322,-0.21581192314624786,-0.006128253415226936,-0.008659321814775467,0.005117264110594988,-0.10764791071414948,-0.11025486886501312,0.009167931973934174,0.1940126270055771,0.00784631259739399,-0.0036355345509946346,-0.009685019962489605,-0.028961557894945145,-0.0006856649997644126,0.04150611162185669,-0.007715361658483744,-0.08161844313144684,0.08819367736577988,0.01434442400932312,-0.0212556179612875,-0.09119345992803574,0.03747040778398514,-0.010170522145926952,-0.06368114799261093,0.2646739184856415,0.13105984032154083,-0.0522320456802845,0.022242723032832146,-0.015569904819130898,-0.002531068166717887,-0.0016106797847896814,0.002208932302892208,-0.0019144079415127635,-0.02538738213479519,0.005292234010994434,-0.014035924337804317,0.029682530090212822,-0.004525243770331144,-0.03956443443894386,0.0035342921037226915,-0.7019982933998108,-0.6946093440055847,0.23554083704948425,0.9221256971359253,-0.3153846263885498,-0.3294280171394348,-0.6858267188072205,-0.4984329640865326,0.26392972469329834,0.5493072867393494,0.23743382096290588,-0.17878484725952148,0.10760843753814697,1.5982638597488403,-0.4684973955154419,-0.4442541003227234,0.6703985929489136,0.3339429199695587,-0.47157976031303406,-0.7819435000419617,-0.30243805050849915,-0.25241050124168396,-0.37615135312080383,-0.6186883449554443,-0.6760350465774536,-0.12820309400558472,0.8365586400032043,-0.3325253129005432,-0.050713662058115005,0.0,0.0,0.0,0.0,0.0,0.0,0.0,0.0,0.0,0.0,0.0,0.0,0.0,0.0,0.0,0.0,0.0
0.05105087533593178,0.23431043326854706,-0.2111848145723343,0.0377640537917614,-0.035063501447439194,-0.9986713528633118,-0.17227309942245483,0.06872233748435974,-0.03215394169092178,0.21159560978412628,-0.07636991143226624,-0.08956132084131241,-0.3343552350997925,-0.052496232092380524,0.021453816443681717,0.17920304834842682,0.08549508452415466,0.017089487984776497,-0.0137802604585886,-0.10777930170297623,0.015128616243600845,0.004098604898899794,0.09897132217884064,0.10028399527072906,0.014548849314451218,-0.2156561315059662,-0.0032213598024100065,-0.00219359272159636,0.011696604080498219,-0.10653336346149445,-0.10570086538791656,0.0017137442482635379,0.19352127611637115,0.01046941988170147,-0.002891554031521082,0.02682664431631565,-0.002454369328916073,0.02905505709350109,-0.07101308554410934,0.003298866795375943,0.04663361608982086,0.0,-0.0018544124905019999,0.008313688449561596,0.03785182908177376,-0.02245766669511795,-0.006688017398118973,0.08485104888677597,-0.07953175157308578,-0.1812867373228073,0.05361262708902359,0.0018407769966870546,0.03167670592665672,-0.03044951893389225,-0.0008436894277110696,0.007706719916313887,0.003926991019397974,0.018100975081324577,0.02600097469985485,0.03313398361206055,-0.026767967268824577,0.002070873975753784,0.0440804697573185,-0.005497787147760391,-0.36868423223495483,0.21353840827941895,-0.16570541262626648,0.5766963362693787,-0.28765174746513367,-0.04536701738834381,-1.1065661907196045,0.7929542064666748,-0.3959057629108429,0.8247027397155762,-0.8533931374549866,0.5706292390823364,-0.18242760002613068,-1.7649762630462646,-0.7711491584777832,-0.2342192381620407,0.4221929907798767,0.5574756860733032,-0.21848666667938232,-0.8920375108718872,-0.2184906303882599,0.1260063648223877,-0.1851150393486023,-0.5008149743080139,-0.33532050251960754,-0.5402482748031616,0.7590929865837097,-0.019858665764331818,-0.04172053560614586,0.0,0.0,0.0,0.0,0.0,0.0,0.0,0.0,0.0,0.0,0.0,0.0,0.0,0.0,0.0,0.0,0.0
-0.034470248967409134,-0.22820177674293518,-0.06544984132051468,0.05574999004602432,-0.03883000835776329,-0.9976899027824402,-0.1632067859172821,0.058461710810661316,-0.026850750669836998,0.19767898321151733,-0.07619539648294449,-0.10612926632165909,-0.3298957347869873,-0.06545837223529816,0.03842134773731232,0.17571750283241272,0.09451203793287277,-0.006842498667538166,0.0018212978029623628,0.03798384964466095,-0.00011530721531016752,0.003870904678478837,0.10487954318523407,0.09656888991594315,0.011468903161585331,-0.214457705616951,-0.005905826110392809,-0.011305439285933971,0.0071066454984247684,-0.10551470518112183,-0.10882874578237534,0.011097392998635769,0.19420437514781952,0.01182699203491211,-0.008337185718119144,0.00951360259205103,-0.03299763426184654,-0.0009427894838154316,0.04052435979247093,0.0018130462849512696,-0.05152210593223572,0.06428109854459763,0.003817907767370343,-0.009342187084257603,-0.08655742555856705,0.04383338615298271,-0.014882112853229046,-0.06839509308338165,0.28221261501312256,0.08440980315208435,-0.049010686576366425,0.036432042717933655,-0.005215534474700689,-0.0005368932615965605,0.001764077926054597,-0.0005890486645512283,-0.0025525439996272326,-0.021168936043977737,0.028608743101358414,-0.03374757990241051,0.024927189573645592,0.005062136333435774,-0.041577018797397614,0.008590292185544968,-0.7758533954620361,-0.7890060544013977,0.2544163167476654,0.8960541486740112,-0.41236045956611633,-0.37429511547088623,-0.8398011922836304,-0.548629879951477,0.27802780270576477,0.49322283267974854,0.2171993851661682,-0.21358387172222137,0.11369554698467255,1.6377737522125244,-0.2687457799911499,-0.37547826766967773,0.669892430305481,0.35477036237716675,-0.4166682958602905,-0.7513329982757568,-0.3019135594367981,-0.2128937542438507,-0.39313405752182007,-0.7062341570854187,-0.704330325126648,-0.10760529339313507,0.8319542407989502,-0.33726024627685547,-0.06798234581947327,0.0,0.0,0.0,0.0,0.0,0.0,0.0,0.0,0.0,0.0,0.0,0.0,0.0,0.0,0.0,0.0,0.0
0.042760562151670456,0.2255837768316269,-0.13962632417678833,0.04476718232035637,-0.03774438053369522,-0.9982842803001404,-0.16184081137180328,0.06535610556602478,-0.03394845500588417,0.20635449886322021,-0.08130151033401489,-0.08266638219356537,-0.3314625918865204,-0.05619482696056366,0.015481031499803066,0.17619474232196808,0.08935762941837311,0.016397293657064438,-0.012280368246138096,-0.11228274554014206,0.017964906990528107,0.0027923244051635265,0.09807250648736954,0.09926533699035645,0.016178704798221588,-0.21506890654563904,-0.0037659229710698128,-0.0035895153414458036,0.011804461479187012,-0.10816322267055511,-0.10280068218708038,0.001761681167408824,0.1932096779346466,0.013951555825769901,-0.0008206797647289932,0.03034067712724209,0.010526517406105995,0.017741583287715912,-0.03337942436337471,0.00313431560061872,0.07560493797063828,-0.0392543226480484,0.004145157057791948,0.01851295679807663,0.037688206881284714,-0.02394593134522438,0.003380073932930827,0.05853865668177605,-0.1703207939863205,-0.10202061384916306,0.026998061686754227,-0.012118448503315449,0.020325245335698128,-0.013038836419582367,-0.01242524478584528,0.00039269906119443476,0.009621127508580685,0.012885438278317451,0.017717478796839714,0.02899223566055298,-0.04532913491129875,-0.0006135923322290182,0.042558763176202774,0.010995574295520782,-0.5399283766746521,0.26969748735427856,-0.17331978678703308,0.6532063484191895,-0.2126912623643875,0.0644623264670372,-0.8790386319160461,0.7448005676269531,-0.37253472208976746,0.8169794082641602,-0.8272968530654907,0.7109625935554504,-0.18773753941059113,-1.9553698301315308,-0.6130243539810181,-0.30688053369522095,0.3680826425552368,0.531282901763916,-0.2029057741165161,-0.9002128839492798,-0.235895574092865,0.1347665786743164,-0.19371220469474792,-0.4807727336883545,-0.3334936797618866,-0.5530838966369629,0.7476687431335449,-0.06630536168813705,0.06650927662849426,0.0,0.0,0.0,0.0,0.0,0.0,0.0,0.0,0.0,0.0,0.0,0.0,0.0,0.0,0.0,0.0,0.0
-0.08508478850126266,-0.3525564670562744,0.029234260320663452,0.04971158877015114,-0.03935384005308151,-0.9979882836341858,-0.14978811144828796,0.05945879966020584,-0.0277212243527174,0.2038916051387787,-0.08512195199728012,-0.09753898531198502,-0.3147227168083191,-0.06735027581453323,0.036881279200315475,0.169402614235878,0.10234765708446503,-0.008939859457314014,-0.0007633380591869354,0.04305907338857651,0.016317615285515785,-0.004494084510952234,0.10372906923294067,0.09883390367031097,0.010941597633063793,-0.21491311490535736,-0.006059224251657724,-0.009871167130768299,0.00490154791623354,-0.11070388555526733,-0.11032677441835403,0.009191900491714478,0.19391675293445587,0.010339030995965004,-0.007063982076942921,0.0035140335094183683,-0.0035452002193778753,0.00814227294176817,0.04254240170121193,0.001138872466981411,-0.08788598328828812,0.10713516920804977,0.020671242848038673,-0.005056779831647873,-0.08148506283760071,0.044734664261341095,-0.019183335825800896,-0.07105203717947006,0.2990571856498718,0.11918624490499496,-0.05514661222696304,0.02630777098238468,-0.01618349738419056,-0.004832039587199688,-0.0037582528311759233,0.00034361169673502445,-0.006283184979110956,-0.023316508159041405,0.01649029366672039,-0.02929903380572796,0.013038836419582367,-0.0026077672373503447,-0.04633849114179611,-0.010308350436389446,-0.6687718033790588,-0.7148746252059937,0.24319691956043243,0.9228167533874512,-0.3642269968986511,-0.3694196343421936,-0.5651294589042664,-0.6385732889175415,0.3018704950809479,0.5758976936340332,0.3444676101207733,-0.2741382122039795,0.1826663315296173,1.915952205657959,-0.5718963146209717,-0.3625999689102173,0.7390779256820679,0.4444643557071686,-0.4405398666858673,-0.7767789363861084,-0.2780892550945282,-0.20381523668766022,-0.4382752776145935,-0.6910436749458313,-0.7133957147598267,-0.10881409049034119,0.8359739780426025,-0.38775381445884705,-0.11222675442695618,0.0,0.0,0.0,0.0,0.0,0.0,0.0,0.0,0.0,0.0,0.0,0.0,0.0,0.0,0.0,0.0,0.0
0.12522736191749573,0.2526363730430603,-0.32943084836006165,0.032499849796295166,-0.0355716310441494,-0.9988390207290649,-0.14630621671676636,0.06772525608539581,-0.03528764471411705,0.20831458270549774,-0.09026537835597992,-0.0817776471376419,-0.31853941082954407,-0.05555567145347595,0.02052977681159973,0.17459258437156677,0.09251759201288223,0.01832750253379345,-0.014088273979723454,-0.11056212335824966,0.032450977712869644,-0.0013781859306618571,0.09978625178337097,0.10103899985551834,0.013913685455918312,-0.21421802043914795,-0.0030219422187656164,-0.004241457208991051,0.008341020904481411,-0.11210604012012482,-0.10407101362943649,0.0023608924821019173,0.19390475749969482,0.01151252631098032,-0.001587670180015266,0.010884933173656464,-0.008781188167631626,0.007885148748755455,-0.05999569222331047,0.0053884717635810375,0.08383117616176605,0.014998923055827618,-0.0073631079867482185,0.02734089456498623,0.056559573858976364,-0.026113009080290794,0.002770013641566038,0.05913860723376274,-0.18532805144786835,-0.12897546589374542,0.047400008887052536,-0.0026077672373503447,0.02653786912560463,-0.013805828057229519,-0.005292234010994434,0.0014235341222956777,0.01021017599850893,0.010507768951356411,0.018791263923048973,0.046786412596702576,-0.030602917075157166,0.0016106797847896814,0.053357988595962524,0.0014726215740665793,-0.3818458318710327,0.3157094120979309,-0.19690869748592377,0.5894502401351929,-0.1961459070444107,-0.011576779186725616,-0.9066532850265503,0.8115102052688599,-0.40809598565101624,0.901107907295227,-0.6649779081344604,0.688091516494751,-0.21890699863433838,-2.0438215732574463,-0.7865686416625977,-0.2641582190990448,0.41103798151016235,0.5408951044082642,-0.20266711711883545,-0.8728461265563965,-0.1984320878982544,0.14111025631427765,-0.1871209442615509,-0.4636172354221344,-0.31152579188346863,-0.5484195351600647,0.763874351978302,-0.04315632954239845,0.050337910652160645,0.0,0.0,0.0,0.0,0.0,0.0,0.0,0.0,0.0,0.0,0.0,0.0,0.0,0.0,0.0,0.0,0.0
-0.03752457723021507,-0.21293014287948608,-0.13089968264102936,0.043160222470760345,-0.03933614492416382,-0.9982935190200806,-0.1366104781627655,0.06058371812105179,-0.028618481010198593,0.2039256989955902,-0.09068439900875092,-0.10446116328239441,-0.31039711833000183,-0.06532201170921326,0.04186306521296501,0.17745600640773773,0.10559697449207306,-0.008649737574160099,0.0005088920588605106,0.02716958336532116,0.02165609784424305,-0.0037510625552386045,0.10849878191947937,0.09993645548820496,0.008796420879662037,-0.21402627229690552,-0.00569873908534646,-0.01211077906191349,0.004793690051883459,-0.10821115970611572,-0.11708588153123856,0.010450243949890137,0.19437214732170105,0.010730195790529251,-0.006534758489578962,-0.02134132571518421,-0.0023998278193175793,0.03505462780594826,0.059777528047561646,-0.03482578322291374,-0.12884703278541565,0.08279406279325485,0.028852475807070732,-0.002485535806044936,-0.0890117883682251,0.03919053077697754,-0.043046656996011734,-0.07987998425960541,0.1564909964799881,0.11413189023733139,-0.05414951965212822,0.029452431946992874,-0.004525243770331144,0.009127185679972172,-0.000997087568975985,0.0010799224255606532,0.00014726216613780707,-0.006749515421688557,0.009357282891869545,-0.047630105167627335,0.030833015218377113,0.0034514570143073797,-0.044522255659103394,0.01418625470250845,-0.7562037706375122,-0.6961612105369568,0.22762322425842285,0.9943621754646301,-0.06124722957611084,-0.35845568776130676,-0.4009458124637604,-0.637428879737854,0.3147919774055481,0.6503039002418518,0.6225258708000183,-0.20832642912864685,0.16768108308315277,1.9582046270370483,-0.5877552032470703,-0.38048118352890015,0.7646921277046204,0.3911365866661072,-0.458237886428833,-0.7799582481384277,-0.2853832542896271,-0.266253262758255,-0.36626237630844116,-0.6331389546394348,-0.809526264667511,-0.1204439103603363,0.8425150513648987,-0.38999143242836,-0.09070472419261932,0.0,0.0,0.0,0.0,0.0,0.0,0.0,0.0,0.0,0.0,0.0,0.0,0.0,0.0,0.0,0.0,0.0
0.030979590490460396,0.3119775652885437,-0.055414196103811264,0.025285398587584496,-0.03388155251741409,-0.9991058111190796,-0.14528842270374298,0.07365664839744568,-0.03421629220247269,0.2138369232416153,-0.09835133701562881,-0.08605039119720459,-0.30841511487960815,-0.05212125927209854,0.022632304579019547,0.17478007078170776,0.09362640976905823,0.01898515596985817,-0.02169487066566944,-0.09446443617343903,0.032871074974536896,-0.0014620755100622773,0.10308191180229187,0.10100305080413818,0.014704644680023193,-0.2143258899450302,-0.003067961661145091,-0.005376602988690138,0.013793842867016792,-0.10718052089214325,-0.10855311155319214,0.0036551887169480324,0.1932336539030075,0.010055244900286198,-0.0016643692506477237,-0.047739431262016296,-0.00949022825807333,0.013884717598557472,-0.03834270313382149,0.013035537675023079,0.04049890860915184,-0.008570813573896885,-0.009817477315664291,-0.014313258230686188,0.034197546541690826,-0.016457466408610344,0.017143545672297478,0.049625009298324585,0.007674474269151688,-0.1411193311214447,0.05974855646491051,-0.007823302410542965,0.014879614114761353,-0.018944663926959038,-0.005982525181025267,0.006626797374337912,0.010406525805592537,0.027611656114459038,0.004525243770331144,0.06335341185331345,-0.016336895525455475,-0.005292234010994434,0.03720824047923088,-0.02488730661571026,-0.5991911292076111,0.2999400496482849,-0.13675379753112793,0.5859357714653015,-0.1726953685283661,0.07361797243356705,-0.4810626804828644,0.49961552023887634,-0.2808885872364044,0.9413137435913086,-0.32886990904808044,0.6110239624977112,-0.16222377121448517,-1.5505423545837402,-0.8291263580322266,-0.27516859769821167,0.3806670308113098,0.5472355484962463,-0.2599063515663147,-0.8864800333976746,-0.27601158618927,0.1252138763666153,-0.22962093353271484,-0.4237266480922699,-0.25485438108444214,-0.5545234680175781,0.7453802824020386,-0.05569496005773544,0.04371345788240433,0.0,0.0,0.0,0.0,0.0,0.0,0.0,0.0,0.0,0.0,0.0,0.0,0.0,0.0,0.0,0.0,0.0
-0.025743603706359863,-0.15838861465454102,0.019634950906038284,0.03911185264587402,-0.03464634343981743,-0.9986342191696167,-0.131066232919693,0.0626886859536171,-0.028511345386505127,0.2049398273229599,-0.09493933618068695,-0.10408427566289902,-0.3002862334251404,-0.06156376004219055,0.03730982169508934,0.16496258974075317,0.10357353091239929,-0.004275568760931492,-0.012976747006177902,0.026120400056242943,0.002522261580452323,0.004002731293439865,0.10396873950958252,0.09904962033033371,0.012175972573459148,-0.21503295004367828,-0.005453302059322596,-0.009134856052696705,0.014093449339270592,-0.10773178935050964,-0.11519237607717514,0.012259862385690212,0.195235013961792,0.01231019664555788,-0.008130098693072796,0.02322690561413765,-0.005890486296266317,-0.009770727716386318,-0.008508480153977871,-0.007804454304277897,-0.10288552194833755,0.06702376157045364,-0.0130354268476367,-0.01217055507004261,-0.046414852142333984,0.01699470542371273,-0.02514456771314144,-0.05776728317141533,0.17389492690563202,0.01256097573786974,-0.018867963925004005,-0.012655341997742653,-0.0057524279691278934,0.006749515421688557,-0.0057524279691278934,0.00014726216613780707,0.0014235341222956777,-0.005138835869729519,-0.005599029827862978,-0.02017184905707836,0.029529130086302757,0.004065049346536398,-0.03136683627963066,-0.002356194658204913,-0.5335133671760559,-0.6802125573158264,0.20471510291099548,0.802323043346405,-0.16267389059066772,-0.3213435411453247,-0.49812257289886475,-0.37659406661987305,0.1964297592639923,0.5517185926437378,0.5218320488929749,-0.13237595558166504,0.1310395747423172,1.2462239265441895,-0.5984834432601929,-0.3399292826652527,0.614733099937439,0.3727330267429352,-0.4562627971172333,-0.818248450756073,-0.31394001841545105,-0.14664986729621887,-0.4272010326385498,-0.6747372150421143,-0.6477768421173096,-0.2102488875389099,0.8665065765380859,-0.372383177280426,-0.0661894753575325,0.0,0.0,0.0,0.0,0.0,0.0,0.0,0.0,0.0,0.0,0.0,0.0,0.0,0.0,0.0,0.0,0.0
0.05977752059698105,0.3154682517051697,-0.21074847877025604,0.03342563658952713,-0.031464509665966034,-0.9989457726478577,-0.1340928077697754,0.06778490543365479,-0.027761399745941162,0.20072990655899048,-0.09797070920467377,-0.08338025212287903,-0.30360743403434753,-0.04981176555156708,0.023556344211101532,0.15850283205509186,0.09264853596687317,0.015567702241241932,-0.024788398295640945,-0.09281131625175476,0.012225983664393425,0.010701913386583328,0.09778488427400589,0.10042780637741089,0.01810816489160061,-0.21674670279026031,-0.003336408408358693,-0.0011581555008888245,0.02569417841732502,-0.10475970804691315,-0.10661166906356812,0.010366355068981647,0.192790225148201,0.014480778947472572,-0.004924078471958637,-0.004113990347832441,-0.006544984877109528,0.021769866347312927,-0.04243331775069237,0.005524259526282549,0.05286342650651932,0.0021427033934742212,-0.01838049851357937,0.012427679263055325,0.024216443300247192,-0.01565282978117466,-0.0073959315195679665,0.06470964103937149,-0.026500051841139793,-0.12378302961587906,0.0433349572122097,-0.0065194182097911835,0.011351457796990871,-0.010047574527561665,-0.009970875456929207,0.00039269906119443476,0.01153553556650877,0.020248545333743095,0.002377670258283615,0.03719903528690338,-0.01296213734894991,-0.0033747577108442783,0.018309595063328743,0.008050331845879555,-0.5276313424110413,0.14192280173301697,-0.084576316177845,0.6165853142738342,-0.11654405295848846,0.10745617002248764,-0.8148534297943115,0.5716099739074707,-0.2820734977722168,0.7324726581573486,-0.5290648937225342,0.5716811418533325,-0.12876316905021667,-1.4961880445480347,-0.47691723704338074,-0.25236642360687256,0.4489704966545105,0.5149304866790771,-0.21037116646766663,-0.904259443283081,-0.25213685631752014,0.08689218759536743,-0.27873414754867554,-0.37136176228523254,-0.2719116806983948,-0.5044094324111938,0.7288292050361633,-0.10349904000759125,0.03433021903038025,0.0,0.0,0.0,0.0,0.0,0.0,0.0,0.0,0.0,0.0,0.0,0.0,0.0,0.0,0.0,0.0,0.0
-0.03490658104419708,-0.2805616557598114,-0.01788962259888649,0.04154570773243904,-0.03487251326441765,-0.9985278844833374,-0.11782164871692657,0.06139332056045532,-0.022310897707939148,0.1909465193748474,-0.09744903445243835,-0.10018344968557358,-0.2897200286388397,-0.061589330434799194,0.03623846918344498,0.15647456049919128,0.10505732148885727,-0.004945114254951477,-0.009026138111948967,0.03645387291908264,-0.007290410343557596,0.004781705792993307,0.10003791749477386,0.0987260490655899,0.012343752197921276,-0.215200737118721,-0.0051541756838560104,-0.007838642224669456,0.01786847971379757,-0.1032976359128952,-0.11532419919967651,0.01569933444261551,0.19540278613567352,0.013859516941010952,-0.008206797763705254,0.031969133764505386,0.0046360306441783905,-0.0007713732193224132,0.008290314115583897,-0.006619209889322519,-0.10166052728891373,0.09393610805273056,0.00032724926131777465,-0.02374115213751793,-0.042869653552770615,0.012341821566224098,-0.009472670964896679,-0.060081399977207184,0.28795644640922546,0.06395436823368073,-0.04502233490347862,0.017410682514309883,-0.006289321463555098,-0.012578642927110195,0.0008436894277110696,0.002405281877145171,0.006724971812218428,-0.021705828607082367,0.025770876556634903,-0.03321068361401558,0.007746603339910507,0.009433981962502003,-0.03539200499653816,-0.0005890486645512283,-0.6447306275367737,-0.6430058479309082,0.18035627901554108,0.7810937166213989,-0.07453710585832596,-0.2495172917842865,-0.41917741298675537,-0.36538758873939514,0.19218379259109497,0.5537434816360474,0.4745681881904602,-0.09076938033103943,0.08733740448951721,1.2540616989135742,-0.47755035758018494,-0.4803222119808197,0.6505093574523926,0.36200812458992004,-0.5037468671798706,-0.7630023956298828,-0.321702241897583,-0.19906088709831238,-0.45186352729797363,-0.6326700448989868,-0.7088826894760132,-0.21442128717899323,0.873936116695404,-0.3913704752922058,-0.04864656552672386,0.0,0.0,0.0,0.0,0.0,0.0,0.0,0.0,0.0,0.0,0.0,0.0,0.0,0.0,0.0,0.0,0.0
0.10079275071620941,0.37611839175224304,-0.24652773141860962,0.034390889108181,-0.032282035797834396,-0.9988867044448853,-0.12431672215461731,0.06988987326622009,-0.02687753550708294,0.19427867233753204,-0.10065791010856628,-0.07749970257282257,-0.3006344437599182,-0.05039127171039581,0.022632304579019547,0.1534918248653412,0.09160441905260086,0.0184639785438776,-0.020891357213258743,-0.1080232560634613,0.0038267369382083416,0.0055007594637572765,0.0975811555981636,0.09903763979673386,0.018156101927161217,-0.21674670279026031,-0.003512816270813346,-0.0040803891606628895,0.025646241381764412,-0.09952260553836823,-0.10609634965658188,0.008173241280019283,0.19289809465408325,0.01588437147438526,-0.0026767966337502003,-0.007370899897068739,-0.00970839336514473,0.01217055507004261,-0.03621558099985123,0.009840325452387333,0.07253763824701309,-0.0372830405831337,-0.007690357510000467,0.027855142951011658,0.042815111577510834,-0.018512673676013947,-0.006084568332880735,0.05339616537094116,-0.1150684505701065,-0.09329783916473389,0.028378644958138466,-0.006442719139158726,0.021859226748347282,-0.0072864084504544735,-0.013499030843377113,0.0005399612127803266,-0.0008344855159521103,0.013038836419582367,0.02346990630030632,0.048703890293836594,-0.04049709066748619,0.0009203884983435273,0.031612277030944824,0.004663301631808281,-0.48774439096450806,0.25737810134887695,-0.1248944103717804,0.6141169667243958,-0.1179555356502533,0.12313341349363327,-0.8277717232704163,0.6981624364852905,-0.3472384512424469,0.7176324129104614,-0.7702306509017944,0.7351382970809937,-0.14107073843479156,-1.8868122100830078,-0.48001354932785034,-0.2563841938972473,0.4000241756439209,0.4950729012489319,-0.15771232545375824,-0.9237743020057678,-0.2371288239955902,0.038604993373155594,-0.2447618842124939,-0.4464094936847687,-0.28971046209335327,-0.5372966527938843,0.7012696862220764,-0.05152444541454315,0.05503666400909424,0.0,0.0,0.0,0.0,0.0,0.0,0.0,0.0,0.0,0.0,0.0,0.0,0.0,0.0,0.0,0.0,0.0
-0.0719948261976242,-0.39880770444869995,0.15053462982177734,0.0401490181684494,-0.035107214003801346,-0.9985769391059875,-0.10635818541049957,0.06060076504945755,-0.02300727739930153,0.19172203540802002,-0.10106565058231354,-0.09858722239732742,-0.27920740842819214,-0.062126219272613525,0.03674736246466637,0.1488557904958725,0.10764587670564651,-0.00516432523727417,-0.007606596685945988,0.03619345277547836,0.0009847505716606975,-0.007394266780465841,0.104771688580513,0.0962572991847992,0.010294449515640736,-0.21476930379867554,-0.005783108063042164,-0.012686021625995636,0.014812502078711987,-0.1008768230676651,-0.11694207042455673,0.013805827125906944,0.1949354112148285,0.013383982703089714,-0.007900001481175423,0.037711579352617264,-0.0033270337153226137,0.010884933173656464,0.0328340083360672,-0.028527287766337395,-0.11997213214635849,0.12513387203216553,0.019744036719202995,-0.01105634868144989,-0.08557567000389099,0.038544949144124985,-0.03082890622317791,-0.05382470414042473,0.3067030608654022,0.12848706543445587,-0.06780195236206055,0.027995148673653603,-0.029452431946992874,-0.01173495315015316,0.00882038939744234,0.0007853981223888695,-0.006332272198051214,-0.035358257591724396,0.0217825286090374,-0.0351281613111496,0.009357282891869545,0.010354370810091496,-0.0352938286960125,0.005006913095712662,-0.5727759003639221,-0.7344511151313782,0.20603156089782715,0.8813439607620239,-0.033144816756248474,-0.2855827212333679,-0.24723750352859497,-0.5162162780761719,0.26399171352386475,0.565048098564148,0.5975123643875122,-0.1213807463645935,0.14853978157043457,1.7071720361709595,-0.557768702507019,-0.4402143955230713,0.7207104563713074,0.4078137278556824,-0.48896464705467224,-0.751393735408783,-0.30981847643852234,-0.2081167995929718,-0.47461509704589844,-0.7079173922538757,-0.7940559387207031,-0.1973726898431778,0.8720457553863525,-0.4197394549846649,-0.07748092710971832,0.0,0.0,0.0,0.0,0.0,0.0,0.0,0.0,0.0,0.0,0.0,0.0,0.0,0.0,0.0,0.0,0.0
0.11388272047042847,0.3001966178417206,-0.178023561835289,0.020666223019361496,-0.0321432389318943,-0.9992694854736328,-0.10294325649738312,0.06894391775131226,-0.0290738046169281,0.1981562227010727,-0.10499873757362366,-0.07381639629602432,-0.2855551540851593,-0.05059579759836197,0.02351616881787777,0.1552729457616806,0.0977599248290062,0.024389229714870453,-0.01762373559176922,-0.12572552263736725,0.0147792873904109,-0.005117264110594988,0.09806052595376968,0.09741976857185364,0.011996209621429443,-0.2162793129682541,-0.002653786912560463,-0.006795535329729319,0.018335863947868347,-0.10497541725635529,-0.10206964612007141,0.0047217849642038345,0.19271832704544067,0.014887284487485886,-0.0007976700435392559,0.0036854499485343695,-0.02356194518506527,0.016970209777355194,-0.04401502013206482,0.01429703738540411,0.08621909469366074,-0.07713732123374939,-0.019362246617674828,0.004971071612089872,0.0832303911447525,-0.012851721607148647,0.027924129739403725,0.05228195711970329,-0.16738471388816833,-0.0908619835972786,0.05230874568223953,-0.006672816816717386,0.021092236042022705,-0.015033011324703693,-0.01702718809247017,0.0016689710319042206,0.005105087999254465,0.00882038939744234,-0.005982525181025267,0.06726505607366562,-0.015723302960395813,-0.006059224251657724,0.043393250554800034,-0.012811806984245777,-0.2649187445640564,0.2993059754371643,-0.1271664798259735,0.6440993547439575,-0.11924560368061066,0.07159536331892014,-0.7767398357391357,0.7902291417121887,-0.3744431436061859,0.8903626203536987,-0.38258135318756104,0.7383368611335754,-0.15279780328273773,-1.9941304922103882,-0.7138618230819702,-0.17239008843898773,0.3723137378692627,0.547823429107666,-0.14751477539539337,-0.9139304161071777,-0.15671437978744507,0.15020078420639038,-0.20408454537391663,-0.46928226947784424,-0.2481595277786255,-0.5711392164230347,0.7134491205215454,-0.05920540541410446,0.05133005976676941,0.0,0.0,0.0,0.0,0.0,0.0,0.0,0.0,0.0,0.0,0.0,0.0,0.0,0.0,0.0,0.0,0.0
-0.08028513193130493,-0.5052727460861206,-0.10210175067186356,0.02671944908797741,-0.036031756550073624,-0.998993456363678,-0.08518560230731964,0.06279946863651276,-0.022618912160396576,0.19380143284797668,-0.11070818454027176,-0.0996183305978775,-0.26893582940101624,-0.05877702683210373,0.03677414730191231,0.15868179500102997,0.1064407080411911,-0.011059977114200592,0.0014597165863960981,0.011818211525678635,0.019774695858359337,-0.013002884574234486,0.10503534972667694,0.10102701932191849,0.004589958116412163,-0.21498501300811768,-0.006887574214488268,-0.010016894899308681,0.007861651480197906,-0.1056944727897644,-0.11091400682926178,0.0068549769930541515,0.19535484910011292,0.01333796326071024,-0.006389030255377293,-0.012341971509158611,0.004581489600241184,0.023826859891414642,0.05737769603729248,-0.03571561351418495,-0.155955508351326,0.1210198923945427,0.042760565876960754,-0.019198622554540634,-0.06724971532821655,0.015998316928744316,-0.027021486312150955,-0.05802440643310547,0.19697971642017365,0.1888938844203949,-0.06181943044066429,0.014879614114761353,-0.00015339808305725455,0.009970875456929207,-0.0003834952076431364,-0.0011290098773315549,-0.002650718903169036,-0.027458256110548973,0.00015339808305725455,-0.027611656114459038,0.014879614114761353,0.009357282891869545,-0.04628940671682358,0.01536435168236494,-0.5134106874465942,-0.7874666452407837,0.23588356375694275,0.9245587587356567,-0.2206135094165802,-0.41296514868736267,-0.33521750569343567,-0.5918994545936584,0.26901841163635254,0.5306622982025146,0.721994161605835,-0.283846378326416,0.19831696152687073,2.0513010025024414,-0.5715281963348389,-0.3590819239616394,0.7546567916870117,0.46689483523368835,-0.43188321590423584,-0.7562956213951111,-0.2508564293384552,-0.16151945292949677,-0.47305718064308167,-0.6784644722938538,-0.7706363201141357,-0.21553458273410797,0.8891414403915405,-0.43252861499786377,-0.10076364874839783,0.0,0.0,0.0,0.0,0.0,0.0,0.0,0.0,0.0,0.0,0.0,0.0,0.0,0.0,0.0,0.0,0.0
0.058468520641326904,0.18718655407428741,-0.1448623090982437,-0.0027027323376387358,-0.03001854009926319,-0.9995458126068115,-0.09415817260742188,0.0741509273648262,-0.028966670855879784,0.20034641027450562,-0.11835159361362457,-0.08486346155405045,-0.27062320709228516,-0.04722956568002701,0.020288722589612007,0.1548212766647339,0.09397971630096436,0.01446346566081047,-0.015079274773597717,-0.11672918498516083,0.022594531998038292,-0.002145176287740469,0.10144007205963135,0.10144646465778351,0.006567355245351791,-0.2143019139766693,-0.004049709532409906,-0.0027765054255723953,0.010150638408958912,-0.10773178935050964,-0.10434664785861969,-0.0014980281703174114,0.1931857168674469,0.010131943970918655,-0.0027074762620031834,-0.08365114033222198,-0.00703585846349597,0.009685019962489605,-0.04548764228820801,0.016483230516314507,0.011358867399394512,-0.03908291086554527,-0.006490442901849747,-0.014998923055827618,0.0359974168241024,-0.016574431210756302,-0.0011264880886301398,0.04208269342780113,-0.0014326705131679773,-0.1891440451145172,0.0920388475060463,-0.0076699042692780495,0.02155243046581745,-0.016260197386145592,-0.004908738657832146,0.008050331845879555,0.015462527051568031,0.019941750913858414,0.013422331772744656,0.03190680220723152,-0.01073786523193121,-0.005599029827862978,0.032299499958753586,-0.004074252676218748,-0.4377373456954956,0.2695960998535156,-0.13830018043518066,0.3972489833831787,-0.32095980644226074,0.0006774291396141052,-0.6232340335845947,0.5506101846694946,-0.3066362142562866,0.7655422687530518,-0.5136981010437012,0.5419325828552246,-0.19867770373821259,-1.4944448471069336,-0.8615542650222778,-0.2301906943321228,0.4602416753768921,0.5208483338356018,-0.26456892490386963,-0.8720783591270447,-0.2197282910346985,0.11700069904327393,-0.21235433220863342,-0.47609439492225647,-0.3271466791629791,-0.4759428799152374,0.7378067970275879,-0.025448637083172798,-0.03612147644162178,0.0,0.0,0.0,0.0,0.0,0.0,0.0,0.0,0.0,0.0,0.0,0.0,0.0,0.0,0.0,0.0,0.0
-0.020071282982826233,-0.08683011680841446,0.022252945229411125,0.025740033015608788,-0.031511519104242325,-0.9991717338562012,-0.09670263528823853,0.059373579919338226,-0.02789531834423542,0.1931111365556717,-0.11723338812589645,-0.09473922103643417,-0.27438631653785706,-0.06108652055263519,0.03601080924272537,0.14623098075389862,0.09984947741031647,0.0008009712910279632,-0.0065620290115475655,0.016022229567170143,-0.008593457750976086,0.008796420879662037,0.10698877274990082,0.0983545333147049,0.006735134404152632,-0.21494905650615692,-0.006181942764669657,-0.00544563215225935,0.00672315014526248,-0.10589820146560669,-0.10391521453857422,0.004098604898899794,0.19458787143230438,0.010806894861161709,-0.008620972745120525,0.035226043313741684,-0.03452479466795921,-0.012770511209964752,0.04450589418411255,-0.005062791984528303,-0.010990000329911709,0.02185557596385479,-0.00627227732911706,0.013199052773416042,-0.052087169140577316,0.019459357485175133,6.678033241769299e-05,-0.06273835152387619,0.23939184844493866,0.07548895478248596,-0.01840776950120926,0.030372818931937218,-0.008360194973647594,0.016336895525455475,-0.0069029140286147594,-4.9087382649304345e-05,0.007559457328170538,-0.016643691807985306,0.03328738361597061,-0.017487382516264915,0.03681553900241852,0.002837864449247718,-0.04152792692184448,-0.010112001560628414,-0.7516658902168274,-0.718368411064148,0.18633416295051575,0.7123572826385498,-0.6150735020637512,-0.26636803150177,-0.5225833654403687,-0.4491431713104248,0.257678359746933,0.4442704916000366,0.14635857939720154,-0.11796566843986511,0.10303415358066559,1.5134388208389282,-0.2935808300971985,-0.3926998972892761,0.6739980578422546,0.3563547432422638,-0.4526779353618622,-0.8036481142044067,-0.3303253948688507,-0.11815434694290161,-0.3991365134716034,-0.683480978012085,-0.6252017021179199,-0.19648367166519165,0.8558959364891052,-0.30174845457077026,-0.10320791602134705,0.0,0.0,0.0,0.0,0.0,0.0,0.0,0.0,0.0,0.0,0.0,0.0,0.0,0.0,0.0,0.0,0.0
0.058032192289829254,0.240855410695076,-0.1304633468389511,0.019677508622407913,-0.031655944883823395,-0.9993051886558533,-0.09944797307252884,0.06857746094465256,-0.03347973898053169,0.19983509182929993,-0.12014622986316681,-0.07054044306278229,-0.27595317363739014,-0.052189432084560394,0.020288722589612007,0.14212331175804138,0.09629129618406296,0.017024632543325424,-0.01731572113931179,-0.11683052033185959,0.0006620307685807347,0.009048090316355228,0.10062514245510101,0.09743174910545349,0.017616810277104378,-0.2160755842924118,-0.003313398687168956,-0.00020708741794805974,0.011109377257525921,-0.10710860788822174,-0.10398712009191513,-0.006771087180823088,0.19372500479221344,0.008620972745120525,-0.0037122336216270924,-0.027855142951011658,0.0020180370192974806,0.029483599588274956,-0.039760783314704895,0.0003403390001039952,0.08698540180921555,-0.005228196270763874,-0.0029997846577316523,0.016970209777355194,0.030106930062174797,-0.00328395189717412,-0.0007218319806270301,0.0621383897960186,-0.06636311113834381,-0.11647538095712662,0.02017184905707836,-0.008283495903015137,0.014802915044128895,0.0072864084504544735,-0.009280583821237087,-0.0006381359999068081,0.004712389316409826,0.012195147573947906,0.020018449053168297,0.007439807057380676,-0.04103398695588112,-0.0007669904152862728,0.021647537127137184,0.012320933863520622,-0.4200739860534668,0.3435251712799072,-0.15276259183883667,0.6046940088272095,-0.34951353073120117,0.16552871465682983,-0.6570818424224854,0.5444545745849609,-0.2626819908618927,0.704754114151001,-0.5369439125061035,0.5627697110176086,-0.09315359592437744,-1.6413688659667969,-0.4855344593524933,-0.36189040541648865,0.37165868282318115,0.4908295273780823,-0.1840260922908783,-0.8992028832435608,-0.23344075679779053,0.06654724478721619,-0.22395434975624084,-0.45851197838783264,-0.32840049266815186,-0.4620448648929596,0.7592419385910034,-0.07757794857025146,0.06149648129940033,0.0,0.0,0.0,0.0,0.0,0.0,0.0,0.0,0.0,0.0,0.0,0.0,0.0,0.0,0.0,0.0,0.0
-0.054977867752313614,-0.240855410695076,-0.02356194332242012,0.026450958102941513,-0.03391087427735329,-0.9990750551223755,-0.09071645140647888,0.05820605158805847,-0.02788192592561245,0.1965029388666153,-0.12115722894668579,-0.09577801823616028,-0.26375314593315125,-0.06435901671648026,0.036024197936058044,0.1385440230369568,0.11108623445034027,-0.006757253315299749,-0.0005892434273846447,0.026744674891233444,-0.0025358644779771566,0.0038349521346390247,0.10346540808677673,0.09904962033033371,0.013482253067195415,-0.21428993344306946,-0.0035511658061295748,-0.00786932185292244,0.001701759989373386,-0.1128610372543335,-0.11244798451662064,0.0018815234070643783,0.19474366307258606,0.005230874754488468,-0.008874079212546349,0.014998923055827618,-0.013144510798156261,-0.023141195997595787,0.026289021596312523,-0.002851165132597089,-0.1406671553850174,0.07045208662748337,0.004963280167430639,-0.005313904490321875,-0.043796855956315994,0.025364110246300697,-0.03416122496128082,-0.051253464072942734,0.2850222885608673,0.13734641671180725,-0.035588353872299194,0.013115535490214825,-0.000690291344653815,-0.007900001481175423,7.669904152862728e-05,0.0010308350902050734,-0.0036815539933741093,-0.044792238622903824,-0.005215534474700689,-0.027841752395033836,0.04724660888314247,-0.001073786523193121,-0.03166136145591736,-0.010995574295520782,-0.5897718667984009,-0.7038394808769226,0.20255908370018005,0.7595046162605286,-0.39233800768852234,-0.3292710483074188,-0.4210047125816345,-0.48576757311820984,0.22931569814682007,0.4775042235851288,0.49622583389282227,-0.2419438362121582,0.10656563937664032,1.6864991188049316,-0.3417244851589203,-0.4127598702907562,0.6589272022247314,0.396537184715271,-0.526713490486145,-0.751833438873291,-0.3019002079963684,-0.17405393719673157,-0.34296470880508423,-0.6478615999221802,-0.6707872748374939,-0.05575861409306526,0.8649849891662598,-0.2788395285606384,-0.11865304410457611,0.0,0.0,0.0,0.0,0.0,0.0,0.0,0.0,0.0,0.0,0.0,0.0,0.0,0.0,0.0,0.0,0.0
0.12740902602672577,0.3783000707626343,-0.15533427894115448,0.012968887574970722,-0.03136409819126129,-0.9994242787361145,-0.09654192626476288,0.0665406808257103,-0.029622873291373253,0.20447111129760742,-0.12430641800165176,-0.0674925222992897,-0.26944470405578613,-0.055385224521160126,0.023944709450006485,0.13630270957946777,0.10284437239170074,0.02743610553443432,-0.010686732828617096,-0.10746152698993683,0.0033551431261003017,0.007202519569545984,0.09988212585449219,0.09922938793897629,0.018503643572330475,-0.21479326486587524,-0.002201262628659606,-0.0035358259920030832,0.0070706927217543125,-0.1065932959318161,-0.10695920884609222,-0.003511378075927496,0.19338944554328918,0.007048642262816429,-0.003926991019397974,-0.01174201350659132,-0.0029452431481331587,0.027255186811089516,-0.04881468042731285,0.006481350399553776,0.08948367089033127,0.005828152876347303,0.0023998278193175793,0.020398536697030067,0.03856086730957031,0.001287411549128592,0.01657041534781456,0.08339401334524155,-0.041867271065711975,-0.14202533662319183,0.03566505387425423,-0.010047574527561665,0.025847574695944786,-0.008130098693072796,-0.0108912643045187,0.002650718903169036,0.0030434178188443184,0.02377670258283615,0.01173495315015316,0.04111068695783615,-0.04057379066944122,-0.0003067961661145091,0.0440804697573185,0.003828815883025527,-0.29969069361686707,0.3747216463088989,-0.1381462663412094,0.6169226169586182,-0.24143503606319427,0.18281099200248718,-0.6194865703582764,0.6472909450531006,-0.30350884795188904,0.7401889562606812,-0.6455952525138855,0.7268453240394592,-0.15650838613510132,-1.8589260578155518,-0.662634015083313,-0.3799546957015991,0.4409835934638977,0.5105543732643127,-0.19858090579509735,-0.9083814024925232,-0.23529642820358276,0.054239626973867416,-0.11092934757471085,-0.3467999994754791,-0.2636648714542389,-0.49337032437324524,0.7251954078674316,0.01623191498219967,0.07712365686893463,0.0,0.0,0.0,0.0,0.0,0.0,0.0,0.0,0.0,0.0,0.0,0.0,0.0,0.0,0.0,0.0,0.0
-0.07635814696550369,-0.37175506353378296,0.21336647868156433,0.02452564798295498,-0.03485299274325371,-0.9990913271903992,-0.08162336051464081,0.055939167737960815,-0.021052060648798943,0.19840337336063385,-0.12315936386585236,-0.08532179892063141,-0.2557849884033203,-0.06715426594018936,0.0376044437289238,0.1318371295928955,0.11277037858963013,0.0036925615277141333,0.0033881496638059616,0.03714418783783913,-0.006036644801497459,0.0016298546688631177,0.10490351915359497,0.0962572991847992,0.012463593855500221,-0.21275594830513,-0.003236699616536498,-0.010944953188300133,0.0038109836168587208,-0.10404065251350403,-0.11728961020708084,0.00672315014526248,0.1958102583885193,0.008828059770166874,-0.009625730104744434,0.019712870940566063,-0.00027270769351162016,0.010113559663295746,0.02459823526442051,-0.0074066296219825745,-0.11659342050552368,0.10584954172372818,0.014617132022976875,-0.010542100295424461,-0.061741024255752563,0.016582505777478218,-0.02401925064623356,-0.07105203717947006,0.3357430398464203,0.0926249548792839,-0.046556320041418076,0.02208932302892208,-0.005215534474700689,-0.012041749432682991,0.008897088468074799,0.0013744467869400978,0.003288855077698827,-0.024927189573645592,0.03236699476838112,-0.026384470984339714,0.029989322647452354,0.006366020534187555,-0.02822524681687355,-0.006921321153640747,-0.4326271414756775,-0.777250349521637,0.23163333535194397,0.8744645118713379,-0.21056844294071198,-0.28619736433029175,-0.4075017273426056,-0.34567272663116455,0.19537028670310974,0.41903871297836304,0.5267233848571777,-0.0728142112493515,0.10676504671573639,1.5208388566970825,-0.32374632358551025,-0.4453118145465851,0.6832224130630493,0.3483351469039917,-0.5115617513656616,-0.7378228306770325,-0.2973408102989197,-0.19803142547607422,-0.3246920704841614,-0.5917941331863403,-0.6852745413780212,-0.07021395862102509,0.8944728970527649,-0.27711373567581177,-0.0905546098947525,0.0,0.0,0.0,0.0,0.0,0.0,0.0,0.0,0.0,0.0,0.0,0.0,0.0,0.0,0.0,0.0,0.0
0.10995573550462723,0.3176499009132385,-0.2247111201286316,0.010087225586175919,-0.03068860061466694,-0.9994785189628601,-0.0785566121339798,0.06506635248661041,-0.026623088866472244,0.2052125334739685,-0.12842488288879395,-0.06382892280817032,-0.2687617242336273,-0.05433700978755951,0.025752615183591843,0.1326637715101242,0.10380284488201141,0.03113393485546112,-0.003240838646888733,-0.11310391873121262,0.005371143110096455,0.004625910893082619,0.10038545727729797,0.09843842685222626,0.01672997884452343,-0.21354691684246063,-0.0012501943856477737,-0.004141748417168856,0.01510012336075306,-0.10127229988574982,-0.10252504795789719,0.0014500912511721253,0.19322165846824646,0.013667769730091095,-0.004509903956204653,0.00565673690289259,-0.005835944786667824,0.018341539427638054,-0.04428773373365402,0.007096129935234785,0.12208620458841324,0.005313904490321875,-0.02367102913558483,0.03685449808835983,0.05634140968322754,-0.006094834301620722,0.012785280123353004,0.06745230406522751,-0.12733887135982513,-0.1417134404182434,0.03129320964217186,-0.004141747951507568,0.026921361684799194,-0.011198059655725956,-0.009664079174399376,0.0009326603612862527,0.015855226665735245,0.03313398361206055,0.019404856488108635,0.07393787801265717,-0.03267379105091095,-0.00046019424917176366,0.05031457170844078,-0.02356194518506527,-0.060005590319633484,0.3046132028102875,-0.12846583127975464,0.6638809442520142,-0.2723408341407776,0.14257413148880005,-0.9333237409591675,0.9196531176567078,-0.4108886420726776,0.7138419151306152,-0.6636021137237549,0.8090906143188477,-0.13454310595989227,-2.1344423294067383,-0.595221757888794,-0.2549743950366974,0.39249855279922485,0.4923454821109772,-0.12811678647994995,-0.9052883982658386,-0.16828373074531555,0.09173738956451416,-0.15174859762191772,-0.4876575171947479,-0.2275858074426651,-0.5209291577339172,0.7013579607009888,-0.02124609425663948,0.07127214968204498,0.0,0.0,0.0,0.0,0.0,0.0,0.0,0.0,0.0,0.0,0.0,0.0,0.0,0.0,0.0,0.0,0.0
-0.06632250547409058,-0.32594019174575806,0.021380281075835228,0.020468801259994507,-0.03466220572590828,-0.9991897344589233,-0.06953047960996628,0.05606699734926224,-0.02019497938454151,0.19588933885097504,-0.1282861828804016,-0.08845317363739014,-0.2594141662120819,-0.06602083146572113,0.03556887432932854,0.1382201910018921,0.11613402515649796,0.00010852404375327751,0.016726477071642876,0.03057735785841942,0.002000307897105813,-0.00027563716867007315,0.11059601604938507,0.0983785018324852,0.007597998715937138,-0.2102632373571396,-0.003405437571927905,-0.012593982741236687,0.011816445738077164,-0.10006189346313477,-0.10933208465576172,0.012439625337719917,0.1952829509973526,0.014388740994036198,-0.006435049697756767,0.0320548415184021,-0.007199483457952738,0.022455530241131783,0.024816399440169334,-0.025317344814538956,-0.15172767639160156,0.06496676057577133,0.027434397488832474,-0.016798794269561768,-0.06806784123182297,0.05196643993258476,-0.06549052894115448,-0.046539515256881714,0.2680140435695648,0.1472717970609665,-0.043181560933589935,0.0391165129840374,-0.00138058268930763,-0.019941750913858414,0.0072864084504544735,-0.0012762719998136163,-0.0017671460518613458,-0.022702915593981743,0.02684466354548931,-0.006672816816717386,0.03405437618494034,0.011504855938255787,-0.027096236124634743,0.041233401745557785,-0.4952734112739563,-0.8421760201454163,0.25935056805610657,0.8665132522583008,-0.18833088874816895,-0.3694806396961212,-0.4668133556842804,-0.48903658986091614,0.24015316367149353,0.4357801675796509,0.6556826233863831,-0.16364917159080505,0.10314841568470001,1.7976524829864502,-0.28436073660850525,-0.4308850169181824,0.7189923524856567,0.3833574652671814,-0.4859746992588043,-0.7048824429512024,-0.2514483630657196,-0.23511803150177002,-0.47391167283058167,-0.7086426615715027,-0.8353665471076965,-0.1378864198923111,0.8958010077476501,-0.4126377999782562,-0.08890271186828613,0.0,0.0,0.0,0.0,0.0,0.0,0.0,0.0,0.0,0.0,0.0,0.0,0.0,0.0,0.0,0.0,0.0
0.07112215459346771,0.20900316536426544,-0.260490357875824,-9.306389256380498e-05,-0.03266308829188347,-0.9994666576385498,-0.06919568032026291,0.06504078954458237,-0.0258865337818861,0.20972074568271637,-0.1377735584974289,-0.06196794658899307,-0.25989627838134766,-0.05547896772623062,0.02284657396376133,0.13836506009101868,0.10573829710483551,0.030490608885884285,0.003133703488856554,-0.11841749399900436,0.0197053924202919,-0.0019174760673195124,0.10256658494472504,0.10203369706869125,0.011984225362539291,-0.21106617152690887,-0.0023700003512203693,-0.0036738840863108635,0.01643037237226963,-0.10061316192150116,-0.09817477315664291,0.006243781186640263,0.19402460753917694,0.012724371626973152,0.000966407940723002,-0.02159844897687435,-0.0073631079867482185,0.019541455432772636,-0.037197332829236984,0.005759240593761206,0.11394388973712921,-0.0012856218963861465,-0.00043633230961859226,0.01911291293799877,0.04352414980530739,-0.012472066096961498,0.03975997865200043,0.05990998074412346,-0.15785858035087585,-0.12405141443014145,0.03597185015678406,-0.008436894975602627,0.026998061686754227,-0.009357282891869545,-0.008743691258132458,0.003926991019397974,0.02557452954351902,0.021629130467772484,0.004908738657832146,0.037045639008283615,-0.02738155797123909,-0.000997087568975985,0.033772122114896774,-0.003141592489555478,-0.17359080910682678,0.3560710549354553,-0.11300670355558395,0.6866949796676636,-0.29807049036026,0.18812128901481628,-0.6485157012939453,0.7087932229042053,-0.3133852481842041,0.7538743019104004,-0.5685943961143494,0.8054370880126953,-0.15053166449069977,-1.988296389579773,-0.7621327638626099,-0.3187701404094696,0.3506016135215759,0.49268049001693726,-0.16276726126670837,-0.9109118580818176,-0.18087604641914368,0.12479251623153687,-0.24461090564727783,-0.4805547893047333,-0.2795746624469757,-0.5627923607826233,0.7353162169456482,-0.13959629833698273,0.004171088337898254,0.0,0.0,0.0,0.0,0.0,0.0,0.0,0.0,0.0,0.0,0.0,0.0,0.0,0.0,0.0,0.0,0.0
-0.06763149797916412,-0.24390974640846252,0.05759585648775101,0.012109056115150452,-0.03448358550667763,-0.9993318915367126,-0.07033398747444153,0.05692773312330246,-0.019726261496543884,0.2075561285018921,-0.13751591742038727,-0.0863477811217308,-0.2542448937892914,-0.06803204864263535,0.03709555044770241,0.1377173811197281,0.1189211830496788,-0.0025671077892184258,0.01319101732224226,0.030493898317217827,0.016105366870760918,-0.005153216887265444,0.11282509565353394,0.10072741657495499,0.006986803375184536,-0.21002355217933655,-0.002891554031521082,-0.009280583821237087,0.0120321623980999,-0.09929490089416504,-0.10332798957824707,0.011396998539566994,0.19582223892211914,0.011834662407636642,-0.006473399233072996,0.009256478399038315,-0.011453723534941673,-0.01851295679807663,0.036161042749881744,-0.027987822890281677,-0.15682564675807953,0.05339616537094116,0.007254024501889944,-0.0047996556386351585,-0.06948592513799667,0.04592746123671532,-0.06718340516090393,-0.07842294126749039,0.24476993083953857,0.14344772696495056,-0.03773592785000801,0.02768835425376892,-0.015800002962350845,-0.002837864449247718,-0.004295146092772484,0.0021107576321810484,0.003926991019397974,-0.019404856488108635,0.029682530090212822,-0.022166023030877113,0.016260197386145592,0.01296213734894991,-0.026114491745829582,0.03018874302506447,-0.6260796785354614,-0.7319161891937256,0.22671008110046387,0.8520524501800537,-0.27186936140060425,-0.3217222988605499,-0.3520198166370392,-0.6083271503448486,0.278881698846817,0.5236681699752808,0.6866527199745178,-0.21973809599876404,0.10839609801769257,1.9370297193527222,-0.38731566071510315,-0.358816921710968,0.717716634273529,0.3521465063095093,-0.4640260636806488,-0.7419807314872742,-0.23571515083312988,-0.2101319432258606,-0.49783259630203247,-0.6821447014808655,-0.7895686030387878,-0.1914902776479721,0.8982881307601929,-0.40860769152641296,-0.1617392897605896,0.0,0.0,0.0,0.0,0.0,0.0,0.0,0.0,0.0,0.0,0.0,0.0,0.0,0.0,0.0,0.0,0.0
0.08944811671972275,0.1762782335281372,-0.18587753176689148,-0.004404842387884855,-0.03126853331923485,-0.9995014071464539,-0.07259722054004669,0.06563733518123627,-0.02489553391933441,0.21991318464279175,-0.14320513606071472,-0.06033777445554733,-0.25658848881721497,-0.05662945657968521,0.026315074414014816,0.13865481317043304,0.10914137959480286,0.032096412032842636,-0.005571028683334589,-0.11040359735488892,0.02923034317791462,-0.0033076461404561996,0.10277032852172852,0.10477808117866516,0.0120321623980999,-0.2118811011314392,-0.0020862140227109194,-0.0016336896223947406,0.014704644680023193,-0.10096070170402527,-0.09577792882919312,0.0025047031231224537,0.1943601667881012,0.009633399546146393,-0.002791845239698887,-0.004885363858193159,-0.022852905094623566,0.019198622554540634,-0.05077817663550377,0.009750318713486195,0.11219128221273422,-0.0212556179612875,-0.001145372400060296,0.013627593405544758,0.05595961958169937,-0.005766880698502064,0.030715227127075195,0.06102418899536133,-0.10803941637277603,-0.13476116955280304,0.04578932747244835,-0.01441942062228918,0.03206019848585129,-0.007823302410542965,-0.0072864084504544735,0.0019144079415127635,0.017867809161543846,0.017717478796839714,7.669904152862728e-05,0.042031075805425644,-0.03075631521642208,-0.0022242721170186996,0.03818998858332634,-0.00647953525185585,-0.19894671440124512,0.44972383975982666,-0.13422927260398865,0.6621589064598083,-0.31781744956970215,0.20220547914505005,-0.5008374452590942,0.6254457235336304,-0.2796206772327423,0.8188843727111816,-0.371349036693573,0.7415251731872559,-0.11437863111495972,-1.9203479290008545,-0.8499990701675415,-0.32107803225517273,0.3507882356643677,0.5304715633392334,-0.1941896378993988,-0.9202238321304321,-0.22541818022727966,0.10434770584106445,-0.2674033045768738,-0.47397682070732117,-0.27383747696876526,-0.5307344794273376,0.7435148358345032,-0.11094310134649277,0.00012408196926116943,0.0,0.0,0.0,0.0,0.0,0.0,0.0,0.0,0.0,0.0,0.0,0.0,0.0,0.0,0.0,0.0,0.0
-0.03752457723021507,-0.3001966178417206,0.05715952813625336,0.005934074986726046,-0.035150185227394104,-0.9993646144866943,-0.06792344897985458,0.055104002356529236,-0.0195119921118021,0.21538794040679932,-0.14507390558719635,-0.08052285015583038,-0.25104424357414246,-0.06879051774740219,0.039425741881132126,0.13398469984531403,0.11911334842443466,0.0012226372491568327,0.0051424880512058735,0.026865767315030098,0.023608634248375893,-0.0029241510201245546,0.109888955950737,0.10076336562633514,0.008472846820950508,-0.21184514462947845,-0.00247737905010581,-0.008099419064819813,0.008448879234492779,-0.10245873034000397,-0.10635999590158463,0.009096027351915836,0.19600200653076172,0.008720681071281433,-0.012118448503315449,-0.035826001316308975,-0.00250891107134521,-0.016113130375742912,0.029070639982819557,-0.014544009231030941,-0.12987694144248962,0.02742660418152809,0.006054110825061798,-0.008399397134780884,-0.05797765776515007,0.03269883617758751,-0.04228903353214264,-0.07902289181947708,0.16639821231365204,0.142909973859787,-0.02155243046581745,0.00621262239292264,-0.024927189573645592,0.005982525181025267,-0.004065049346536398,0.0009817477548494935,-0.0012762719998136163,-0.020248545333743095,0.008897088468074799,-0.034514568746089935,0.02899223566055298,0.007439807057380676,-0.0348520427942276,-0.012271846644580364,-0.5601488947868347,-0.7112578749656677,0.22426052391529083,0.8614569902420044,-0.3992115259170532,-0.26839062571525574,-0.4108232855796814,-0.5165359973907471,0.23992785811424255,0.4228634536266327,0.6413353681564331,-0.17311909794807434,0.11606182157993317,1.692347764968872,-0.44361916184425354,-0.33615928888320923,0.6924625039100647,0.32653263211250305,-0.47328874468803406,-0.7629260420799255,-0.23905599117279053,-0.1889173984527588,-0.4925253391265869,-0.6585595011711121,-0.7292658090591431,-0.1717289835214615,0.8925030827522278,-0.37551620602607727,-0.1307593286037445,0.0,0.0,0.0,0.0,0.0,0.0,0.0,0.0,0.0,0.0,0.0,0.0,0.0,0.0,0.0,0.0,0.0
0.08770278841257095,0.22514744102954865,-0.1295906901359558,-0.0031232922337949276,-0.03161417692899704,-0.9994955062866211,-0.07247669249773026,0.06300400197505951,-0.02504284493625164,0.2189246267080307,-0.14939701557159424,-0.06528403609991074,-0.2593338191509247,-0.05614369362592697,0.028323858976364136,0.12818965315818787,0.11105064302682877,0.03179015964269638,-0.009200232103466988,-0.09613415598869324,0.023568280041217804,0.005404885392636061,0.10386088490486145,0.10138654708862305,0.01444099098443985,-0.21137776970863342,-0.0012655341997742653,2.3009713913779706e-05,0.014261228032410145,-0.10553868114948273,-0.09968478232622147,0.0038469363935291767,0.19439612329006195,0.0085979625582695,-0.004686311352998018,-0.0021427033934742212,0.0017998708644881845,0.0320548415184021,-0.06370451301336288,0.003312534885481,0.0651470199227333,-0.0007713732193224132,-0.00021816615480929613,-0.0019712871871888638,0.03239767253398895,-0.006180120632052422,0.013455419801175594,0.07173770666122437,-0.023395180702209473,-0.18194276094436646,0.06366020441055298,-0.02630777098238468,0.02853204309940338,-0.0069029140286147594,0.0003834952076431364,0.005056000780314207,0.017818722873926163,0.024697091430425644,0.016106797382235527,0.05368932709097862,-0.021935924887657166,0.0006135923322290182,0.03907356038689613,0.0021107576321810484,-0.11984053254127502,0.34969380497932434,-0.13508962094783783,0.5917373895645142,-0.42839717864990234,0.1645926833152771,-0.5622055530548096,0.6625732779502869,-0.30443552136421204,0.6887049674987793,-0.5707604885101318,0.7625324726104736,-0.11744718253612518,-1.6982215642929077,-0.9698253870010376,-0.34035927057266235,0.44865769147872925,0.5392806529998779,-0.25717419385910034,-0.8821711540222168,-0.26016271114349365,0.11886328458786011,-0.2737392783164978,-0.4565213918685913,-0.2569276690483093,-0.5127535462379456,0.7515102028846741,-0.0940224900841713,0.06409870088100433,0.0,0.0,0.0,0.0,0.0,0.0,0.0,0.0,0.0,0.0,0.0,0.0,0.0,0.0,0.0,0.0,0.0
-0.01745329052209854,-0.10777407139539719,-0.08464846014976501,0.019669655710458755,-0.03467518836259842,-0.9992052912712097,-0.06863322108983994,0.04910442978143692,-0.017744261771440506,0.20441146194934845,-0.14640693366527557,-0.08020174503326416,-0.2583696246147156,-0.06948080658912659,0.04305494576692581,0.11780120432376862,0.11687184870243073,0.017089510336518288,0.005731731187552214,0.038961101323366165,-0.0032318085432052612,0.01043826062232256,0.10558661818504333,0.09423196315765381,0.011936288326978683,-0.21049092710018158,-0.0015109711093828082,-0.006818545050919056,0.009347695857286453,-0.10561057925224304,-0.11001519113779068,0.012571452185511589,0.19614581763744354,0.01046941988170147,-0.012064759619534016,0.010884933173656464,-0.016144296154379845,-0.017227334901690483,0.006217735353857279,-0.003713320242241025,-0.07904026657342911,0.022455530241131783,-0.019689496606588364,-0.0036854499485343695,-0.0728674978017807,0.038151197135448456,-0.007819118909537792,-0.05502462014555931,0.2411031275987625,0.06207139417529106,-0.024083498865365982,0.01702718809247017,-0.013805828057229519,-0.004218447487801313,0.004448544234037399,0.001325359451584518,0.0023071072064340115,-0.025233983993530273,0.024160197004675865,-0.022472819313406944,0.023393206298351288,0.007439807057380676,-0.027930721640586853,-0.0120264096185565,-0.4957347512245178,-0.7282952666282654,0.22239837050437927,0.8412765860557556,-0.4440326690673828,-0.17437173426151276,-0.5833967328071594,-0.3266232907772064,0.1893111765384674,0.282310426235199,0.3487590551376343,0.042086269706487656,0.0660429447889328,1.2158644199371338,-0.2739567160606384,-0.45469385385513306,0.6700748801231384,0.3021850883960724,-0.4996585547924042,-0.7460426092147827,-0.30624088644981384,-0.17220553755760193,-0.46647292375564575,-0.655506432056427,-0.6890780925750732,-0.17722198367118835,0.8895196914672852,-0.33748993277549744,-0.12040331959724426,0.0,0.0,0.0,0.0,0.0,0.0,0.0,0.0,0.0,0.0,0.0,0.0,0.0,0.0,0.0,0.0,0.0
0.06326817721128464,0.24303707480430603,-0.09642942994832993,0.01262746099382639,-0.03520268574357033,-0.9993005990982056,-0.06949029862880707,0.05945027619600296,-0.02185557410120964,0.2125585973262787,-0.14843325316905975,-0.05667279660701752,-0.2634986937046051,-0.05986785888671875,0.0243732500821352,0.11912213265895844,0.11643650382757187,0.032129403203725815,-0.006575420964509249,-0.10632526129484177,0.01324792206287384,0.007861651480197906,0.10176365077495575,0.09819874167442322,0.018251974135637283,-0.21167737245559692,-0.001411262433975935,-0.0014572818763554096,0.013374395668506622,-0.10377700626850128,-0.10253702849149704,0.0041705104522407055,0.19442008435726166,0.011106021702289581,-0.003313398687168956,-0.00711377477273345,-0.02198024094104767,0.028026560321450233,-0.019144080579280853,0.011288833804428577,0.10181532055139542,-0.03428325429558754,-0.006326818373054266,0.021427033469080925,0.052523501217365265,-0.019771292805671692,0.015480110421776772,0.05862436443567276,-0.16729314625263214,-0.09376543015241623,0.012041749432682991,-0.01273204106837511,0.027151459828019142,-0.004601942375302315,-0.008283495903015137,0.0020616701804101467,0.009915651753544807,0.013652428984642029,0.023086411878466606,0.03796602413058281,-0.05138836055994034,0.00199417513795197,0.029992392286658287,0.010946487076580524,-0.2708730101585388,0.358676552772522,-0.1363505721092224,0.7247755527496338,-0.2873202860355377,0.2991723418235779,-0.5150339603424072,0.6985258460044861,-0.3095601499080658,0.6893301010131836,-0.7077139616012573,0.9363799095153809,-0.12947887182235718,-1.9871262311935425,-0.6202009916305542,-0.42546188831329346,0.4539492130279541,0.5244193077087402,-0.1998540759086609,-0.9056057333946228,-0.2832430899143219,0.06974568963050842,-0.21276575326919556,-0.42171576619148254,-0.2672119140625,-0.5217859745025635,0.7533921599388123,-0.14158472418785095,0.13080529868602753,0.0,0.0,0.0,0.0,0.0,0.0,0.0,0.0,0.0,0.0,0.0,0.0,0.0,0.0,0.0,0.0,0.0
-0.0907571092247963,-0.2788163125514984,0.034470248967409134,0.01812376268208027,-0.035521961748600006,-0.9992047548294067,-0.06043738126754761,0.04983733594417572,-0.020610127598047256,0.20936280488967896,-0.15073804557323456,-0.0736832246184349,-0.2514861822128296,-0.07077617198228836,0.03895702585577965,0.11728135496377945,0.12608785927295685,0.004697564989328384,0.005986177362501621,0.03766578063368797,0.01054070983082056,-0.0019174760673195124,0.10661725699901581,0.09839048981666565,0.012259862385690212,-0.21130585670471191,-0.0017333984142169356,-0.008828059770166874,0.006639260798692703,-0.10616186261177063,-0.11140535771846771,0.011684619821608067,0.1955585926771164,0.007992040365934372,-0.00957971066236496,0.015856005251407623,-0.008890270255506039,0.006085277535021305,0.014889839105308056,-0.020974645391106606,-0.14407341182231903,0.06565243005752563,0.01003564428538084,0.006856651045382023,-0.07063129544258118,0.05709845945239067,-0.07977147400379181,-0.06436681002378464,0.22496584057807922,0.12614326179027557,-0.04586602374911308,0.03129320964217186,-0.006366020534187555,-0.011811652220785618,-0.000690291344653815,0.00034361169673502445,-0.002699806122109294,-0.028685441240668297,0.024160197004675865,-0.022549517452716827,0.023316508159041405,0.0023009711876511574,-0.03234858810901642,-0.013891729526221752,-0.41694939136505127,-0.6897204518318176,0.2183004915714264,0.8566775918006897,-0.2757720351219177,-0.20558497309684753,-0.27944037318229675,-0.5217715501785278,0.24593403935432434,0.42697131633758545,0.6733128428459167,-0.12210457026958466,0.14352285861968994,1.7193046808242798,-0.5159888863563538,-0.42182955145835876,0.691443145275116,0.39159801602363586,-0.49355584383010864,-0.7437191605567932,-0.25580674409866333,-0.17720934748649597,-0.47122737765312195,-0.6699919700622559,-0.6945393085479736,-0.13249745965003967,0.881193995475769,-0.36479973793029785,-0.12334094941616058,0.0,0.0,0.0,0.0,0.0,0.0,0.0,0.0,0.0,0.0,0.0,0.0,0.0,0.0,0.0,0.0,0.0
0.09730209410190582,0.3769910931587219,-0.24609139561653137,0.0026743831112980843,-0.03282370790839195,-0.9994578957557678,-0.059566907584667206,0.061052434146404266,-0.02484196610748768,0.21486809849739075,-0.15685299038887024,-0.060536302626132965,-0.2555707097053528,-0.06054963171482086,0.0251767635345459,0.11929257214069366,0.124464251101017,0.03553442656993866,-0.008102096617221832,-0.10089853405952454,0.016639549285173416,-0.0009227853151969612,0.10334557294845581,0.09855826944112778,0.017484985291957855,-0.21029917895793915,-0.00025310684577561915,-0.0036048549227416515,0.013721938244998455,-0.10606598854064941,-0.09920541942119598,0.005812349263578653,0.19414444267749786,0.008360195904970169,-0.0016106799012050033,0.0012856218963861465,-0.017344210296869278,0.02956930361688137,-0.04477860406041145,-0.0009088257211260498,0.07991620153188705,0.036597371101379395,0.0073631079867482185,0.009685019962489605,0.06921321898698807,-0.0035185706801712513,-0.002243947936221957,0.06753800809383392,-0.03302966058254242,-0.17876112461090088,0.03850291669368744,-0.0065961177460849285,0.02630777098238468,-0.009740778245031834,-0.010124272666871548,0.004859651438891888,-0.00014726216613780707,0.01986505091190338,0.031446605920791626,0.0648873895406723,-0.037889327853918076,0.0014572817599400878,0.045209482312202454,0.006037748884409666,-0.152794748544693,0.43793785572052,-0.1500546932220459,0.6641313433647156,-0.2760138213634491,0.22668713331222534,-0.4543819725513458,0.6551620960235596,-0.3005162179470062,0.8214230537414551,-0.31130385398864746,0.8032937049865723,-0.1510123759508133,-1.984437346458435,-0.8779672384262085,-0.32798340916633606,0.41271865367889404,0.5163782835006714,-0.19124099612236023,-0.8661748766899109,-0.210576593875885,0.10945706069469452,-0.21649137139320374,-0.43636712431907654,-0.21833489835262299,-0.5419808030128479,0.7506720423698425,-0.10736992955207825,0.10726070404052734,0.0,0.0,0.0,0.0,0.0,0.0,0.0,0.0,0.0,0.0,0.0,0.0,0.0,0.0,0.0,0.0,0.0
-0.09119344502687454,-0.3460114896297455,-0.02094394899904728,0.012699078768491745,-0.03417860344052315,-0.9993352890014648,-0.04685800150036812,0.05133722722530365,-0.020061058923602104,0.2068232148885727,-0.15237700939178467,-0.08515898138284683,-0.24531249701976776,-0.06902913749217987,0.03272979333996773,0.11890055239200592,0.13633108139038086,0.008225679397583008,0.00512909609824419,0.03468742594122887,0.002741469070315361,-0.0049494849517941475,0.10551470518112183,0.09384846687316895,0.012020178139209747,-0.2090408354997635,-0.0011121361749246716,-0.009725438430905342,0.010665960609912872,-0.10122436285018921,-0.10886470228433609,0.013434316031634808,0.19630160927772522,0.010032234713435173,-0.008137768134474754,0.046539515256881714,-0.0005454153870232403,0.025883857160806656,0.026888979598879814,-0.01879698969423771,-0.13119705021381378,0.07448036968708038,0.010581058450043201,-0.012427679263055325,-0.05688682943582535,0.02693791128695011,-0.036514364182949066,-0.05896719917654991,0.3159509003162384,0.07838354259729385,-0.04563593119382858,0.0029912625905126333,-0.012885438278317451,-0.00475534051656723,0.004065049346536398,0.00014726216613780707,0.00029452433227561414,-0.01495631318539381,0.027841752395033836,-0.024773789569735527,0.008130098693072796,0.009587380103766918,-0.027292585000395775,0.01845685765147209,-0.5048157572746277,-0.6859756112098694,0.21089251339435577,0.8725380897521973,0.05112762749195099,-0.2206173837184906,-0.2148531675338745,-0.3847264051437378,0.1817217767238617,0.4906373620033264,0.9787014126777649,0.009094271808862686,0.12033587694168091,1.400404930114746,-0.3144947290420532,-0.3899075388908386,0.6616559028625488,0.3117308020591736,-0.4846212863922119,-0.7372997403144836,-0.2973608374595642,-0.19948038458824158,-0.3634592890739441,-0.608037531375885,-0.7809816002845764,-0.13555634021759033,0.9023689031600952,-0.3317074775695801,-0.15094031393527985,0.0,0.0,0.0,0.0,0.0,0.0,0.0,0.0,0.0,0.0,0.0,0.0,0.0,0.0,0.0,0.0,0.0
