action_0,target_dof_pos_0,qj0,dqj0,action_1,target_dof_pos_1,qj1,dqj1,action_2,target_dof_pos_2,qj2,dqj2,action_3,target_dof_pos_3,qj3,dqj3,action_4,target_dof_pos_4,qj4,dqj4,action_5,target_dof_pos_5,qj5,dqj5,action_6,target_dof_pos_6,qj6,dqj6,action_7,target_dof_pos_7,qj7,dqj7,action_8,target_dof_pos_8,qj8,dqj8,action_9,target_dof_pos_9,qj9,dqj9,action_10,target_dof_pos_10,qj10,dqj10,action_11,target_dof_pos_11,qj11,dqj11,action_12,target_dof_pos_12,qj12,dqj12,action_13,target_dof_pos_13,qj13,dqj13,action_14,target_dof_pos_14,qj14,dqj14,action_15,target_dof_pos_15,qj15,dqj15,action_16,target_dof_pos_16,qj16,dqj16,action_17,target_dof_pos_17,qj17,dqj17,action_18,target_dof_pos_18,qj18,dqj18,action_19,target_dof_pos_19,qj19,dqj19,action_20,target_dof_pos_20,qj20,dqj20,action_21,target_dof_pos_21,qj21,dqj21,action_22,target_dof_pos_22,qj22,dqj22,action_23,target_dof_pos_23,qj23,dqj23,action_24,target_dof_pos_24,qj24,dqj24,action_25,target_dof_pos_25,qj25,dqj25,action_26,target_dof_pos_26,qj26,dqj26,action_27,target_dof_pos_27,qj27,dqj27,action_28,target_dof_pos_28,qj28,dqj28
0.29419931769371,0.0735498294234276,-0.0202215202152729,0.0171416271477938,0.726703643798828,0.181675910949707,-0.0462580397725105,0.0130899697542191,-0.56348317861557,-0.140870794653893,-0.0331449434161186,-0.00857081357389689,1.62655913829803,0.406639784574509,-0.0586065873503685,0.00981747731566429,1.93207156658173,0.483017891645432,0.041556216776371,-0.00624950975179672,1.12351274490356,0.280878186225891,0.0317681431770325,0.00934892427176237,-0.70777428150177,-0.176943570375443,0.01360640861094,0.0137133002281189,0.301025867462158,0.0752564668655396,-0.0309011898934841,-0.00654498487710953,-0.34077787399292,-0.08519446849823,-0.0171416271477938,0.0171416271477938,2.31334805488586,0.578337013721466,-0.040428914129734,0.00545415375381708,-2.26063275337219,-0.565158188343048,-0.0382692627608776,-0.024333730340004,-0.26497095823288,-0.0662427395582199,-0.00139800843317062,-0.00365237891674042,0.113481104373932,0.028370276093483,-0.0376580096781254,-0.00857081357389689,0.0382632836699486,0.00956582091748714,-0.00568538578227162,0.00663455482572317,-1.35007774829865,-0.337519437074661,0.0883818343281746,-0.00874163024127483,-1.31121718883514,-0.327804297208786,0.033316146582365,0.00306796166114509,-6.52811098098755,-1.63202774524689,0.12301167845726,-0.00766990380361676,-0.621497631072998,-0.15537440776825,-0.240930870175362,0,-4.13432359695435,-1.03358089923859,0.180422514677048,-0.0138058271259069,0.334465891122818,0.0836164727807045,-0.283690571784973,-0.00153398083057255,-3.42946720123291,-0.857366800308228,-0.138403430581093,0.00392699055373669,-1.43866908550262,-0.359667271375656,0.26806315779686,-0.00687223393470049,0.755012273788452,0.188753068447113,0.0145728178322315,0.00306796166114509,5.20883417129517,1.30220854282379,-0.114442959427834,0.00306796166114509,1.3101612329483,0.327540308237076,0.138022318482399,0,-3.01740407943726,-0.754351019859314,0.321800410747528,0.00460194237530232,-1.30387723445892,-0.325969308614731,0.509557247161865,0.00920388475060463,-2.25469708442688,-0.56367427110672,-0.391234159469605,-0.013744467869401,1.78496980667114,0.446242451667786,0.00118116522207856,0.00294524314813316
0.204022735357285,0.0510056838393211,-0.082989327609539,-5.49560546875,0.498212516307831,0.124553129076958,-0.0427128449082375,-0.12653636932373,-0.55853682756424,-0.13963420689106,-0.0620446540415287,-2.11699080467224,1.60134756565094,0.400336891412735,-0.00674951542168856,4.25642204284668,1.03974843025208,0.259937107563019,0.0414959229528904,-1.19608473777771,1.96572506427765,0.491431266069412,0.0516539141535759,-0.347342252731323,-1.01327085494995,-0.253317713737488,-0.0789985433220863,-8.6513786315918,0.326008200645447,0.0815020501613617,-0.0303983855992556,-0.106901414692402,-0.227584898471832,-0.0568962246179581,-0.0255517363548279,-1.0113559961319,2.3951780796051,0.598794519901276,0.0996235311031342,13.0376100540161,-1.61079895496368,-0.402699738740921,-0.112440288066864,-6.21812057495117,-0.533830046653748,-0.133457511663437,-0.0141356969252229,-1.35581398010254,0.206713289022446,0.0516783222556114,-0.0105528142303228,1.47932231426239,0.0603753253817558,0.015093831345439,-0.00447010667994618,0.529535591602325,-0.565717101097107,-0.141429275274277,0.0346819385886192,-3.46020340919495,-0.469033718109131,-0.117258429527283,0.0427956692874432,0.998621463775635,-10.9419994354248,-2.7354998588562,0.0290793217718601,-6.3184666633606,-1.42254614830017,-0.355636537075043,-0.175485014915466,5.50392293930054,-3.24337100982666,-0.810842752456665,0.123880937695503,-4.95475816726685,-0.116930328309536,-0.029232582077384,-0.214421764016151,4.13254404067993,-6.0020170211792,-1.5005042552948,-0.0889018625020981,5.85907030105591,1.29901432991028,0.32475358247757,0.173792362213135,-6.45990037918091,1.28038656711578,0.320096641778946,0.0781251639127731,5.30910730361939,7.61822700500488,1.90455675125122,-0.0325787179172039,5.5453405380249,1.56801080703735,0.392002701759338,0.0921107530593872,-4.72772884368897,-1.13048148155212,-0.282620370388031,0.20790234208107,-10.1227388381958,-0.885833263397217,-0.221458315849304,0.358220487833023,-8.28503036499023,-3.49539351463318,-0.873848378658295,-0.335980147123337,5.0285120010376,2.8162145614624,0.704053640365601,0.0216751489788294,-1.33615863323212
0.739055395126343,0.184763848781586,-0.18281252682209,-2.32611870765686,0.780390083789825,0.195097520947456,-0.0512179136276245,-0.866119623184204,-0.709920406341553,-0.177480101585388,-0.0918684005737305,-0.503963828086853,2.36707258224487,0.591768145561218,0.104753844439983,4.65130233764648,2.77387714385986,0.693469285964966,-0.00848353561013937,-1.91027545928955,1.47940289974213,0.369850724935532,0.0509339310228825,0.122685417532921,-1.76278054714203,-0.440695136785507,-0.229563623666763,-4.74480199813843,0.183555409312248,0.0458888523280621,-0.030534740537405,-0.20180369913578,-0.153606414794922,-0.0384016036987305,-0.0324619561433792,0.541675388813019,2.45226311683655,0.613065779209137,0.391429275274277,11.1711978912354,-1.93988966941834,-0.484972417354584,-0.218062654137611,-2.98174142837524,-0.393725633621216,-0.098431408405304,-0.0804804936051369,-2.81356120109558,0.357370585203171,0.0893426463007927,0.0298773199319839,0.512534618377686,0.293430328369141,0.0733575820922852,-0.0216824747622013,-1.80410361289978,-0.940713047981262,-0.235178261995316,0.0284330695867538,1.44143068790436,1.45647633075714,0.364119082689285,0.0612274073064327,0.75165057182312,-13.690526008606,-3.42263150215149,-0.106354407966137,1.31768953800201,-0.760932326316834,-0.190233081579208,-0.136943742632866,-5.46864128112793,-1.0736700296402,-0.268417507410049,-0.104262761771679,-11.3039045333862,-0.0560781881213188,-0.0140195470303297,-0.174706041812897,-0.480135977268219,-5.74981307983398,-1.4374532699585,0.076146811246872,5.0825080871582,-2.48479652404785,-0.621199131011963,0.189415961503983,7.22860813140869,0.744689583778381,0.186172395944595,0.206739872694016,3.52048587799072,9.0152063369751,2.25380158424377,0.136039331555367,9.52295303344727,0.170396119356155,0.0425990298390389,0.0619344748556614,0.949534118175507,0.673399209976196,0.168349802494049,0.00431432109326124,-3.68615579605103,1.00114500522614,0.250286251306534,0.206823766231537,-5.35512685775757,1.36921048164368,0.342302620410919,-0.347554057836533,-7.24726152420044,-0.086803749203682,-0.0217009373009205,0.0299816560000181,1.03967082500458
0.0487677231431007,0.0121919307857752,-0.234532028436661,-2.20955562591553,0.97811359167099,0.244528397917748,-0.053365483880043,0.166897118091583,-0.614754319190979,-0.153688579797745,-0.103238120675087,-0.483393877744675,2.88745021820068,0.721862554550171,0.211067229509354,4.53785610198975,3.28825640678406,0.822064101696014,-0.0506783947348595,-1.78537976741791,1.05115735530853,0.262789338827133,0.044927503913641,0.636689782142639,-2.31456327438355,-0.578640818595886,-0.296523123979569,-1.7175909280777,-0.308940351009369,-0.0772350877523422,-0.0156466029584408,1.35699343681335,-0.00826912187039852,-0.00206728046759963,-0.0330913737416267,0.0205699522048235,2.27805066108704,0.569512665271759,0.560968220233917,5.82503604888916,-1.63729047775269,-0.409322619438171,-0.277902543544769,-2.47810029983521,-0.274889945983887,-0.0687224864959717,-0.101751402020454,-0.118907190859318,0.0379294492304325,0.00948236230760813,0.0256053041666746,-0.342832535505295,-0.137720227241516,-0.034430056810379,-0.0242083203047514,0.0660822615027428,-0.629987835884094,-0.157496958971024,0.0413962937891483,-0.229047387838364,0.630504310131073,0.157626077532768,0.0953225269913673,1.15815544128418,-16.7533760070801,-4.18834400177002,-0.107313141226769,-0.230097115039825,1.0123987197876,0.253099679946899,-0.177630186080933,-0.561436951160431,0.474015921354294,0.118503980338573,-0.200508072972298,-0.975611805915833,-1.9360419511795,-0.484010487794876,-0.1252471357584,2.08007788658142,0.268301784992218,0.0670754462480545,0.0129544688388705,-12.6606187820435,2.75103998184204,0.68775999546051,0.149095267057419,-9.72322940826416,0.280908942222595,0.0702272355556488,0.232446029782295,-0.158000022172928,11.4010496139526,2.85026240348816,0.112682074308395,-0.590582609176636,-1.71260678768158,-0.428151696920395,0.156789615750313,2.44516539573669,-0.692102670669556,-0.173025667667389,0.00419447897002101,0.475534051656723,2.59676814079285,0.649192035198212,0.186138987541199,-1.17196130752563,-0.207899749279022,-0.0519749373197556,-0.428755313158035,-2.29728960990906,-1.62111783027649,-0.405279457569122,0.0286164134740829,6.94979190826416
-0.899340510368347,-0.224835127592087,-0.292987674474716,-3.22091174125671,0.0454912669956684,0.0113728167489171,-0.0475022718310356,0.0327249243855476,-0.265304923057556,-0.066326230764389,-0.102729231119156,0.215984493494034,3.46083736419678,0.865209341049194,0.333777159452438,5.91884756088257,4.15914630889893,1.03978657722473,-0.095062330365181,-1.68463909626007,0.419234156608582,0.104808539152145,0.0604928694665432,1.39017391204834,-2.00207948684692,-0.500519871711731,-0.331395626068115,-1.45532405376434,-0.0822815746068955,-0.0205703936517239,-0.00182373262941837,0.447240591049194,0.113394029438496,0.0283485073596239,-0.0300915893167257,-0.865652143955231,2.18255376815796,0.54563844203949,0.633159101009369,1.11591994762421,-1.72401809692383,-0.431004524230957,-0.312431216239929,-1.03637516498566,-0.16604870557785,-0.0415121763944626,-0.0895466282963753,0.740689277648926,0.145282611250877,0.0363206528127193,0.0138873960822821,0.716520011425018,0.59126615524292,0.14781653881073,-0.0283049587160349,0.0488210059702396,-0.218883812427521,-0.0547209531068802,0.0207700002938509,-1.50784695148468,0.832864344120026,0.208216086030006,0.0926500484347343,-0.5506991147995,-19.7785625457764,-4.94464063644409,-0.107468940317631,-0.228563144803047,0.929993867874146,0.232498466968536,-0.140011698007584,-0.0414174795150757,-0.513471603393555,-0.128367900848389,-0.141054332256317,0.682621479034424,-0.634094595909119,-0.15852364897728,-0.188799485564232,-4.68784523010254,0.0669132247567177,0.0167283061891794,-0.132137104868889,-4.9048113822937,4.64083194732666,1.16020798683167,-0.0165516529232264,-7.97179126739502,2.18201565742493,0.545503914356232,0.213798582553864,-0.990951597690582,14.0702953338623,3.51757383346558,0.117188148200512,0.0813009813427925,-1.048588514328,-0.262147128582001,0.15336212515831,-1.95429158210754,0.0764098912477493,0.0191024728119373,-0.0397157222032547,-2.91302943229675,2.43040251731873,0.607600629329681,0.239876255393028,3.69996166229248,-3.50025224685669,-0.875063061714172,-0.366721123456955,5.34954357147217,-3.24509143829346,-0.811272859573364,0.15395799279213,5.59988880157471
-2.27864050865173,-0.569660127162933,-0.384079337120056,-4.54424524307251,-0.138657003641129,-0.0346642509102821,-0.0595866292715073,-0.0174532923847437,-0.0213342607021332,-0.0053335651755333,-0.0842216312885284,0.903363645076752,3.84633255004883,0.961583137512207,0.494691759347916,8.05578517913818,-1.41469037532806,-0.353672593832016,-0.115429475903511,-0.300911426544189,-1.18278121948242,-0.295695304870605,0.0610096305608749,0.0387719161808491,-1.64441382884979,-0.411103457212448,-0.355782270431519,-0.713091671466827,-0.949150562286377,-0.237287640571594,0.00780625827610493,0.421060681343079,0.323157429695129,0.0807893574237824,-0.0261811558157206,0.87936544418335,0.442452907562256,0.110613226890564,0.624747753143311,-1.2926344871521,-1.10528576374054,-0.276321440935135,-0.338683098554611,-1.21446108818054,0.42596247792244,0.10649061948061,-0.0681058689951897,1.25955665111542,0.179784744977951,0.0449461862444878,0.0386222265660763,0.407970726490021,-0.883582472801209,-0.220895618200302,0.00259118713438511,0.966626703739166,0.110850632190704,0.0277126580476761,-0.00931094121187925,-1.48795211315155,1.15977513790131,0.289943784475327,0.0655057728290558,-1.08299040794373,-22.1851043701172,-5.5462760925293,-0.109086811542511,-0.0674951523542404,-0.276521623134613,-0.0691304057836533,-0.102489091455936,1.77788376808167,0.349775195121765,0.0874437987804413,-0.143235459923744,-0.573708832263947,-1.00900840759277,-0.252252101898193,-0.193005949258804,1.23178660869598,-2.49619221687317,-0.624048054218292,-0.119558468461037,1.90360867977142,2.74214601516724,0.685536503791809,-0.0591503009200096,1.09955739974976,-0.200418502092361,-0.0501046255230904,0.205601364374161,-0.0951068103313446,16.2223110198975,4.05557775497437,0.120112299919128,0.194815561175346,0.330885350704193,0.0827213376760483,0.0883357226848602,-3.17380619049072,-0.981751620769501,-0.245437905192375,-0.0212959684431553,1.94662165641785,0.96129846572876,0.24032461643219,0.303764164447784,2.59396147727966,-2.26829147338867,-0.567072868347168,-0.283372282981873,-1.23111164569855,-2.44704866409302,-0.611762166023254,0.229360818862915,-0.362264901399612
-1.94203865528107,-0.485509663820267,-0.483139187097549,-4.23226737976074,0.0578001029789448,0.0144500257447362,-0.0652282685041428,-0.317431747913361,-0.268975168466568,-0.067243792116642,-0.0476081892848015,1.46389484405518,3.55668878555298,0.889172196388245,0.692472994327545,9.93528652191162,-2.9971170425415,-0.749279260635376,-0.171400785446167,-3.00124216079712,0.166801542043686,0.0417003855109215,-0.0668482184410095,-9.17350387573242,-1.94539940357208,-0.486349850893021,-0.333136558532715,2.43411087989807,-1.11784172058105,-0.279460430145264,0.00249698013067246,-0.747219085693359,0.559001505374908,0.139750376343727,-0.0119455708190799,0.841653883457184,1.70249438285828,0.425623595714569,0.514573872089386,-9.6429443359375,0.0453186295926571,0.0113296573981643,-0.335840910673142,0.917753577232361,-1.20320510864258,-0.300801277160645,0.00952798500657082,4.68489360809326,0.0665892064571381,0.0166473016142845,0.0449699871242046,-0.291407644748688,0.697728753089905,0.174432188272476,-0.0470699556171894,-2.78377032279968,-0.227244541049004,-0.0568111352622509,-0.0292215347290039,-0.686152160167694,0.573877155780792,0.143469288945198,0.0560741908848286,0.335941791534424,-22.9240207672119,-5.73100519180298,-0.110069513320923,0.00460194237530232,-1.92811489105225,-0.482028722763062,-0.0932852104306221,0.260776728391647,0.0537090562283993,0.0134272640570998,-0.109451927244663,3.2965247631073,0.13789576292038,0.0344739407300949,-0.196025967597961,-0.882038950920105,-0.838854610919952,-0.209713652729988,-0.180472850799561,-5.57141828536987,-0.0766284614801407,-0.0191571153700352,0.00737844780087471,7.6782488822937,0.374742388725281,0.0936855971813202,0.194707706570625,-0.357417523860931,17.2904491424561,4.32261228561401,0.120759442448616,-0.00306796166114509,0.88946396112442,0.222365990281105,0.0682741329073906,0.15493206679821,0.265882253646851,0.0664705634117127,-0.0169337093830109,-0.780796229839325,0.651722311973572,0.162930577993393,0.298598945140839,-1.41893219947815,-1.24294662475586,-0.310736656188965,-0.320387244224548,-0.818777620792389,1.66416382789612,0.41604095697403,0.111251965165138,-10.148325920105
-2.59321570396423,-0.648303925991058,-0.550353109836578,-2.43411087989807,0.0135134942829609,0.00337837357074022,-0.0582827478647232,1.6373370885849,-0.355566710233688,-0.0888916775584221,-0.00447289319708943,0.382258266210556,3.76349782943726,0.940874457359314,0.866400837898254,4.78656530380249,-1.91347408294678,-0.478368520736694,-0.274068951606751,-6.07788133621216,-0.509882628917694,-0.127470657229424,-0.0668685510754585,4.93008947372437,-1.38149774074554,-0.345374435186386,-0.334676623344421,-1.87357985973358,-0.100476697087288,-0.025119174271822,-0.0124422889202833,1.32535934448242,-0.0465379729866982,-0.0116344932466745,-0.0105929896235466,-0.428540676832199,1.43030714988709,0.357576787471771,0.471792817115784,2.81870675086975,0.0728119164705277,0.0182029791176319,-0.272114187479019,-1.70045292377472,0.603753685951233,0.150938421487808,-0.0656164363026619,1.29426193237305,-0.171008720993996,-0.0427521802484989,0.0380999445915222,0.49196469783783,-1.48780524730682,-0.371951311826706,0.0143485870212317,3.84102821350098,-0.151533424854279,-0.0378833562135696,-0.0523245558142662,-0.941037893295288,-0.446433156728745,-0.111608289182186,0.0783049240708351,1.79629147052765,-23.8892421722412,-5.9723105430603,-0.108595453202724,-0.0230097118765116,-0.932971954345703,-0.233242988586426,-0.126098021864891,0.227029159665108,0.174438983201981,0.0436097458004952,-0.0530901178717613,1.19036912918091,-0.668036341667175,-0.167009085416794,-0.169720605015755,0.641203939914703,-1.08231687545776,-0.270579218864441,-0.262494802474976,-0.877682387828827,-0.0191691666841507,-0.00479229167103767,0.100000210106373,3.98884105682373,0.444870144128799,0.1112175360322,0.175209373235703,-1.32689332962036,18.4172382354736,4.60430955886841,0.120807379484177,0.0306796152144671,0.894497454166412,0.223624363541603,0.0786524713039398,-1.05384480953217,-0.769689857959747,-0.192422464489937,0.00800546258687973,2.28869938850403,0.856367468833923,0.214091867208481,0.273995339870453,-0.570640861988068,-1.84348964691162,-0.460872411727905,-0.326630532741547,-1.06225097179413,0.798803508281708,0.199700877070427,0.00795369036495686,-0.387790352106094
-2.71887969970703,-0.679719924926758,-0.591131389141083,-0.98735773563385,-0.310080081224442,-0.0775200203061104,-0.0479369014501572,0.153807148337364,0.150030881166458,0.0375077202916145,-0.0229938849806786,-1.61474120616913,3.73136138916016,0.932840347290039,0.921743452548981,1.31881439685822,-1.44853377342224,-0.36213344335556,-0.35107359290123,-1.74331104755402,0.000845842063426971,0.000211460515856743,-0.0759735852479935,-3.26332020759583,-1.29161870479584,-0.322904676198959,-0.334998041391373,-0.466252207756043,-1.02816700935364,-0.257041752338409,0.00390312820672989,-0.22143866121769,-0.0498443469405174,-0.0124610867351294,-0.00826280005276203,-0.155988797545433,2.27071690559387,0.567679226398468,0.498236954212189,1.1508264541626,-0.245766177773476,-0.0614415444433689,-0.276275217533112,-0.801893353462219,0.722667574882507,0.180666893720627,-0.0392495542764664,-0.345843344926834,0.202532559633255,0.0506331399083138,0.0504874475300312,0.00342832505702972,0.674743890762329,0.168685972690582,-0.027850491926074,-1.10632419586182,-0.206878066062927,-0.0517195165157318,-0.0611188597977161,-0.305335521697998,-0.896265625953674,-0.224066406488419,0.0926140919327736,0.527689397335053,-25.5827121734619,-6.39567804336548,-0.107876405119896,-0.113514579832554,-1.11561286449432,-0.278903216123581,-0.118356205523014,0.00613592332229018,-0.895507037639618,-0.223876759409904,-0.0262334682047367,1.59380602836609,-0.139244824647903,-0.0348112061619759,-0.165466204285622,-0.994019567966461,-1.86354804039001,-0.465887010097504,-0.270732283592224,-0.676424145698547,0.731439173221588,0.182859793305397,0.116490505635738,0.644026517868042,1.61377215385437,0.403443038463593,0.163141265511513,-0.179475754499435,19.6585731506348,4.91464328765869,0.121742151677608,0.029145635664463,1.67125749588013,0.417814373970032,0.0320218503475189,-1.52170896530151,1.28991270065308,0.322478175163269,-0.00020373183360789,-0.605922400951386,0.0754241496324539,0.0188560374081135,0.276667833328247,-0.15493206679821,-0.334847331047058,-0.0837118327617645,-0.343511998653412,-0.0304341781884432,-0.16469232738018,-0.0411730818450451,0.00377359287813306,-0.00196349527686834
-2.38737106323242,-0.596842765808106,-0.616602778434753,-1.23248291015625,0.13917475938797,0.0347936898469925,-0.0394062623381615,0.789761424064636,-0.495106369256973,-0.123776592314243,-0.0352206863462925,-0.00685665011405945,3.98123359680176,0.99530839920044,0.934756755828857,0.0305432621389627,-1.57453715801239,-0.393634289503098,-0.365491360425949,-0.113520324230194,0.0239270851016045,0.00598177127540112,-0.0547834075987339,2.88985729217529,-1.5426219701767,-0.385655492544174,-0.333391010761261,-1.11249160766602,-0.468105018138886,-0.117026254534721,0.00398834981024265,-0.986110985279083,0.0405543372035027,0.0101385843008757,-0.0262079406529665,-2.12384748458862,2.20603466033936,0.551508665084839,0.538768112659454,1.60461211204529,0.592722952365875,0.148180738091469,-0.290932565927506,-0.899303138256073,0.80319219827652,0.20079804956913,-0.0206161811947823,2.31266140937805,-0.128056332468987,-0.0320140831172466,0.0565271899104118,-0.567387819290161,-1.80177879333496,-0.45044469833374,0.0530827455222607,3.0282084941864,-0.40467295050621,-0.101168237626553,-0.0641632527112961,0.203622743487358,0.168088719248772,0.0420221798121929,0.0911879688501358,-0.165669918060303,-27.222297668457,-6.80557441711426,-0.107588782906532,-0.00920388475060463,-0.885985970497131,-0.221496492624283,-0.113370768725872,-0.335941791534424,0.347949951887131,0.0869874879717827,-0.00858070515096188,-0.202485457062721,-0.700734317302704,-0.175183579325676,-0.152115777134895,1.27934002876282,-1.53637218475342,-0.384093046188355,-0.287299275398254,0.376991122961044,0.806274056434631,0.201568514108658,0.13433837890625,2.02043676376343,0.136016666889191,0.0340041667222977,0.182148233056068,0.133456334471703,21.1946029663086,5.29865074157715,0.123084381222725,0.00306796166114509,0.671076118946075,0.167769029736519,0.065913237631321,2.27489352226257,-1.27685034275055,-0.319212585687637,0.0396438166499138,1.56005847454071,0.441409379243851,0.110352344810963,0.233848184347153,-2.733553647995,-1.39027786254883,-0.347569465637207,-0.334630250930786,-1.28019905090332,0.64313930273056,0.16078482568264,-0.0211612656712532,-2.08326864242554
-2.57346725463867,-0.643366813659668,-0.629740238189697,-0.63252604007721,-0.629523873329163,-0.157380968332291,-0.0131922345608473,0.0534507073462009,0.158706784248352,0.039676696062088,-0.0410729423165321,-0.416541516780853,3.39509439468384,0.84877359867096,0.936086177825928,0.383972436189652,-0.438462525606155,-0.109615631401539,-0.374361544847488,-0.520944893360138,-0.510594666004181,-0.127648666501045,-0.0247696340084076,0.628034293651581,-1.39338576793671,-0.348346441984177,-0.362263947725296,-0.929076194763184,-0.927452147006989,-0.231863036751747,-0.000681769102811813,0.679587543010712,-0.0393588244915009,-0.00983970612287521,-0.054625540971756,-0.0651381835341454,3.37286853790283,0.843217134475708,0.597732663154602,2.32237863540649,2.06845259666443,0.517113149166107,-0.308755338191986,-0.803454518318176,1.0891101360321,0.272277534008026,-0.00715059554204345,-0.91696709394455,0.0175430290400982,0.00438575726002455,0.0314977392554283,0.800513923168182,1.12215638160706,0.280539095401764,-0.0294231977313757,-3.39600515365601,-0.307537287473679,-0.0768843218684197,-0.0592939704656601,0.655210733413696,-0.555963277816773,-0.138990819454193,0.082283690571785,-1.02469921112061,-28.6794414520264,-7.16986036300659,-0.108056165277958,0.00460194237530232,-0.978138089179993,-0.244534522294998,-0.129106059670448,-0.952602088451386,-1.40399956703186,-0.350999891757965,0.023357255384326,1.77481579780579,-0.423020422458649,-0.105755105614662,-0.153206333518028,-0.18867963552475,-1.97936534881592,-0.49484133720398,-0.296403467655182,-1.28314423561096,0.920496940612793,0.230124235153198,0.160584792494774,0.590030372142792,2.50421977043152,0.62605494260788,0.175101518630981,0.777728259563446,22.4231624603272,5.60579061508179,0.120663568377495,-0.0552233085036278,0.0141831981018186,0.00354579952545464,0.0914755910634995,0.539961218833923,1.17368829250336,0.293422073125839,0.00502139050513506,-1.9911071062088,1.09304797649384,0.273261994123459,0.202389597892761,-1.19650506973267,-1.55452489852905,-0.388631224632263,-0.321215599775314,2.06167006492615,-1.20801174640656,-0.302002936601639,-0.00906582735478878,1.66209888458252
-2.70205283164978,-0.675513207912445,-0.647096157073975,-0.164559617638588,-0.229639604687691,-0.0574099011719227,-0.0236914809793234,0.0392699092626572,-0.267035931348801,-0.0667589828372002,-0.042063944041729,-0.79022890329361,3.48384952545166,0.870962381362915,0.92172646522522,-1.29154372215271,-1.2718950510025,-0.317973762750626,-0.342305898666382,2.79685235023499,-0.270503729581833,-0.0676259323954582,-0.0643601268529892,-2.68913078308105,-1.12441658973694,-0.281104147434235,-0.399573773145676,-2.40497016906738,0.0588166564702988,0.0147041641175747,-0.00602513551712036,-0.930478632450104,-0.49936854839325,-0.124842137098312,-0.0435370542109013,0.234840273857117,3.36011004447937,0.840027511119843,0.693538248538971,4.61094188690186,3.44200730323792,0.860501825809479,-0.316346824169159,0.156079113483429,2.24763631820679,0.561909079551697,-0.0108544789254665,1.40446209907532,-0.215793967247009,-0.0539484918117523,0.034926064312458,-0.154274642467499,-1.8588559627533,-0.464713990688324,0.0208961218595505,1.11107361316681,-0.584243774414063,-0.146060943603516,-0.0506933517754078,0.695412874221802,0.303200989961624,0.075800247490406,0.070718914270401,-0.816077768802643,-29.8941059112549,-7.47352647781372,-0.107217267155647,-0.0475534051656723,-0.29618439078331,-0.0740460976958275,-0.156801596283913,-1.50330114364624,0.834899723529816,0.208724930882454,0.00384693639352918,-1.82850515842438,-1.18280839920044,-0.29570209980011,-0.150617748498917,-0.225495174527168,-1.80916953086853,-0.452292382717133,-0.311145007610321,0.933642089366913,0.509386777877808,0.127346694469452,0.184775665402412,1.49716520309448,0.063593216240406,0.0158983040601015,0.200400218367577,1.01089334487915,23.7551021575928,5.93877553939819,0.122173584997654,0.0122718466445804,0.144727796316147,0.0361819490790367,0.11564777046442,1.63522350788116,-2.23087596893311,-0.557718992233276,0.0601128749549389,2.70901012420654,0.650995075702667,0.162748768925667,0.199537351727486,-0.0552233085036278,-2.13645911216736,-0.53411477804184,-0.308299481868744,-1.63657343387604,-0.467753469944,-0.116938367486,-0.00460194237530232,0.161988362669945
-3.07760238647461,-0.769400596618652,-0.650845885276794,0.32397672533989,-0.268167287111282,-0.0670418217778206,-0.0165414251387119,-0.0872664600610733,-0.0679328814148903,-0.0169832203537226,-0.0665309354662895,-0.251981914043427,0.996834933757782,0.249208733439446,0.886913597583771,-1.49989235401154,-0.330348134040833,-0.0825870335102081,-0.325682491064072,-0.301798611879349,-0.843291282653809,-0.210822820663452,-0.0792310386896133,0.220148548483849,-2.07108402252197,-0.517771005630493,-0.432772278785706,-1.67987930774689,-0.483474850654602,-0.120868712663651,0.00357076711952686,-0.0599956922233105,-0.00435389392077923,-0.00108847348019481,-0.0866857394576073,-1.23419713973999,4.48942852020264,1.12235713005066,0.797252416610718,4.41459226608276,-0.817560315132141,-0.204390078783035,-0.310338467359543,0.352758556604385,1.20195484161377,0.300488710403442,0.0372666381299496,1.21437788009644,0.254986017942429,0.0637465044856072,0.0280158463865519,-0.671951770782471,2.24150991439819,0.560377478599548,-0.0724355652928352,-4.23837471008301,-0.0610671043395996,-0.0152667760848999,-0.0236193276941776,1.6556293964386,-0.630863010883331,-0.157715752720833,0.0572007074952126,-1.36064100265503,-31.8411808013916,-7.9602952003479,-0.107492908835411,-0.00766990380361676,-0.554511666297913,-0.138627916574478,-0.173172056674957,0.0138058271259069,-1.51579248905182,-0.378948122262955,0.0456598997116089,3.04188394546509,-0.654809832572937,-0.163702458143234,-0.172848477959633,-0.866699159145355,-2.21074032783508,-0.552685081958771,-0.3250812292099,-2.14217352867126,1.85458362102509,0.463645905256271,0.177550613880157,-2.36797547340393,1.79704320430756,0.449260801076889,0.208693295717239,0.90965062379837,25.804759979248,6.45118999481201,0.117943152785301,0.0966407880187035,0.830297112464905,0.207574278116226,0.115863487124443,-0.805339932441711,-0.0797511488199234,-0.0199377872049809,-0.000371510977856815,-3.97147631645203,0.612572550773621,0.153143137693405,0.190369412302971,-0.213223323225975,-3.27301502227783,-0.818253755569458,-0.322243362665176,5.57043647766113,0.444472104310989,0.111118026077747,-0.0209234990179539,-0.733365535736084
-2.61389994621277,-0.653474986553192,-0.641525089740753,0.380544096231461,1.0784957408905,0.269623935222626,-0.0167374350130558,0.112355574965477,-0.805537223815918,-0.20138430595398,-0.0642944946885109,0.863937973976135,1.26600360870361,0.316500902175903,0.757496774196625,-11.7547922134399,-0.405386120080948,-0.101346530020237,-0.289553135633469,2.87942934036255,0.14930185675621,0.0373254641890526,-0.132942229509354,-4.04433822631836,-1.59685599803925,-0.399213999509811,-0.486005067825317,-4.94364500045776,0.718323171138763,0.179580792784691,-0.0109935291111469,-0.645771861076355,-0.496608555316925,-0.124152138829231,-0.0851188898086548,0.310263425111771,4.68082189559937,1.17020547389984,0.923499047756195,6.37372446060181,-2.43242931365967,-0.608107328414917,-0.33045694231987,0.241772621870041,0.299091845750809,0.0747729614377022,0.109596475958824,6.63539266586304,0.200310170650482,0.0500775426626205,0.0160300992429256,-1.54617476463318,-1.06895995140076,-0.267239987850189,0.0145084233954549,3.86647462844849,-0.467438399791718,-0.116859599947929,0.00206632562913001,-0.0690461546182632,0.899300396442413,0.224825099110603,0.0424840785562992,0.115048557519913,-32.9451637268066,-8.23629093170166,-0.106138691306114,-0.130388364195824,-1.0005509853363,-0.250137746334076,-0.169900357723236,-0.455592304468155,1.6923668384552,0.4230917096138,-0.000359526748070493,-3.95767045021057,-0.772147595882416,-0.193036898970604,-0.172908395528793,0.0429514609277248,-1.05386364459991,-0.263465911149979,-0.364642590284348,-0.374045878648758,-0.4972203373909,-0.124305084347725,0.196242168545723,3.34972310066223,-0.800268650054932,-0.200067162513733,0.239900216460228,0.785398185253143,26.9553985595703,6.73884963989258,0.118206806480885,-0.0138058271259069,0.265355795621872,0.066338948905468,0.134954363107681,1.05691277980804,-1.21434140205383,-0.303585350513458,-0.0217393841594458,1.00935935974121,1.20233500003815,0.300583750009537,0.183382615447044,-0.316000044345856,-1.90000987052917,-0.475002467632294,-0.297185778617859,-5.20620775222778,-0.447092324495316,-0.111773081123829,-0.00131155364215374,1.73180294036865
-2.44092893600464,-0.61023223400116,-0.647551476955414,-0.282836824655533,-0.186958685517311,-0.0467396713793278,-0.00688586942851543,0.0370882488787174,-0.339021921157837,-0.0847554802894592,-0.0547594614326954,1.71587681770325,1.19836151599884,0.29959037899971,0.697526633739471,-1.13337314128876,-2.20518970489502,-0.551297426223755,-0.099453791975975,5.91267347335815,0.0631712302565575,0.0157928075641394,0.0138976108282804,6.30071544647217,-2.53778982162476,-0.634447455406189,-0.551919937133789,-2.07927942276001,-0.020951047539711,-0.00523776188492775,-0.0111213605850935,-0.254163563251495,-0.0408094674348831,-0.0102023668587208,-0.0744455456733704,2.08785009384155,4.54598617553711,1.13649654388428,1.04891896247864,4.32078075408936,-2.65611863136292,-0.664029657840729,-0.367104440927506,-3.1147632598877,-0.271712273359299,-0.0679280683398247,0.118162572383881,-3.06022238731384,0.366457909345627,0.0916144773364067,0.00223644659854472,0.797085583209992,2.08656907081604,0.52164226770401,-0.0717228427529335,-3.82039070129395,-0.156424105167389,-0.0391060262918472,-0.00226109847426415,0.197320327162743,-0.434397786855698,-0.108599446713924,0.0390206389129162,-0.995553553104401,-33.9241256713867,-8.48103141784668,-0.107061475515366,0.176407784223557,-0.34550204873085,-0.0863755121827126,-0.186162948608398,1.16429138183594,-1.70485103130341,-0.426212757825851,0.0421844720840454,4.46388387680054,-1.09049916267395,-0.272624790668488,-0.176347881555557,0.11965049803257,-2.16290307044983,-0.540725767612457,-0.355392694473267,-2.02632713317871,2.53863286972046,0.634658217430115,0.170103132724762,-3.04145431518555,1.27443540096283,0.318608850240707,0.231703013181686,-0.777728259563446,28.1753902435303,7.04384756088257,0.1162174269557,0.0184077695012093,1.09461534023285,0.273653835058212,0.111513212323189,-0.768524348735809,1.16260147094727,0.290650367736816,-0.0349460020661354,-1.71499049663544,1.16814076900482,0.292035192251205,0.204115331172943,1.15508759021759,-0.342518746852875,-0.0856296867132187,-0.368515878915787,-0.0559596195816994,1.15733027458191,0.289332568645477,-0.0124559244140983,-1.00040090084076
-2.72836089134216,-0.682090222835541,-0.655399084091187,-0.205699503421783,0.947683811187744,0.236920952796936,-0.0294694751501083,-0.604320287704468,-0.604226529598236,-0.151056632399559,-0.036800928413868,0.0857081338763237,1.81330072879791,0.453325182199478,0.698949813842773,-0.580321967601776,-0.305570840835571,-0.0763927102088928,-0.0908896252512932,0.328955769538879,-0.264289081096649,-0.0660722702741623,0.0201640240848064,0.419443070888519,-1.76002538204193,-0.440006345510483,-0.598523736000061,-1.36961591243744,0.20151849091053,0.0503796227276325,-0.0239556655287743,0.218166172504425,-0.14839693903923,-0.0370992347598076,-0.0255785211920738,1.07992243766785,3.86544370651245,0.966360926628113,1.11342287063599,1.64497292041779,-1.38775300979614,-0.346938252449036,-0.435397207736969,-2.89986395835876,0.146894693374634,0.0367236733436585,0.0311003476381302,-4.79394912719727,0.105917364358902,0.0264793410897255,-0.0076869479380548,-0.773087382316589,-0.503598988056183,-0.125899747014046,-0.030916903167963,2.450350522995,-0.572426676750183,-0.143106669187546,0.02155726775527,0.00425480213016272,0.574595153331757,0.143648788332939,0.0255144163966179,0.857495248317719,-35.3036880493164,-8.8259220123291,-0.105599403381348,0.0398835018277168,-1.62840437889099,-0.407101094722748,-0.149023845791817,0.0429514609277248,1.37880742549896,0.344701856374741,0.00900015328079462,-3.73370933532715,-0.339219570159912,-0.084804892539978,-0.19186744093895,-1.19497108459473,-0.524358987808228,-0.131089746952057,-0.397799581289291,1.17417025566101,-1.13979732990265,-0.284949332475662,0.207049071788788,4.80467319488525,-0.208306908607483,-0.0520767271518707,0.220138236880302,-1.47568953037262,29.5756893157959,7.39392232894898,0.117451801896095,-0.0138058271259069,0.554250359535217,0.138562589883804,0.131359085440636,0.457126289606094,-1.6752907037735,-0.418822675943375,0.0172932371497154,2.75809741020203,1.22913432121277,0.307283580303192,0.23280556499958,1.50023317337036,-2.87707233428955,-0.719268083572388,-0.335926473140717,-0.828595042228699,0.165178582072258,0.0412946455180645,0.0196733046323061,1.60613930225372
-2.63485622406006,-0.658714056015015,-0.674683451652527,-0.565673649311066,0.0328062362968922,0.00820155907422304,-0.0314210392534733,0.306523442268372,-0.109957255423069,-0.0274893138557673,-0.0437245406210423,0.191986218094826,1.43960046768188,0.359900116920471,0.69561767578125,-0.67413341999054,-1.5875905752182,-0.39689764380455,-0.0573015511035919,0.776867985725403,-0.203210800886154,-0.0508027002215385,0.0100011611357331,-0.0356764905154705,-2.11953926086426,-0.529884815216065,-0.603157341480255,0.0651381835341454,-0.0903187543153763,-0.0225796885788441,-0.0181521065533161,0.644680976867676,0.0959594696760178,0.0239898674190044,-0.0113831115886569,0.858795464038849,3.92121601104736,0.980304002761841,1.09361755847931,-3.11650347709656,-2.27775144577026,-0.569437861442566,-0.449599087238312,0.839520633220673,-0.0387560166418552,-0.00968900416046381,0.0147157590836287,1.26840722560883,0.404994130134583,0.101248532533646,-0.0215341690927744,1.44161081314087,1.62938022613525,0.407345056533814,-0.0781282782554627,0.124316275119782,-0.287714868783951,-0.0719287171959877,0.00941375643014908,-1.07755172252655,-0.295346528291702,-0.0738366320729256,0.0302961207926273,-0.780796229839325,-35.6468620300293,-8.91171550750732,-0.107085444033146,0.0337475761771202,0.147973775863647,0.0369934439659119,-0.195690408349037,-0.793068051338196,-2.30035352706909,-0.575088381767273,0.0645590201020241,4.79982566833496,-0.580951690673828,-0.145237922668457,-0.187493205070496,1.33916521072388,-1.95607960224152,-0.489019900560379,-0.347300946712494,-0.710785329341888,0.96785169839859,0.241962924599648,0.222726345062256,-1.41273498535156,1.31692433357239,0.329231083393097,0.199381560087204,0.1027767136693,30.6109275817871,7.65273189544678,0.118446491658688,0.0490873865783215,1.01613140106201,0.254032850265503,0.0972639694809914,-0.857495248317719,0.547897458076477,0.136974364519119,-0.0180961806327105,-1.78401970863342,0.803586602210999,0.20089665055275,0.256582260131836,1.30848562717438,-2.35099196434021,-0.587747991085053,-0.35403510928154,2.42589855194092,1.12251222133636,0.280628055334091,0.0318684540688992,-0.821722805500031
-2.42454743385315,-0.606136858463287,-0.701266348361969,-1.31819105148315,-0.444084882736206,-0.111021220684052,-0.0315914824604988,0.463603079319,-0.0294490233063698,-0.00736225582659245,-0.0256722643971443,0.0274266004562378,3.61688804626465,0.904222011566162,0.685544550418854,-0.683950901031494,-1.3564430475235,-0.339110761880875,-0.0495574623346329,0.609323143959045,-1.03792715072632,-0.25948178768158,0.0174038838595152,-0.202961787581444,-1.92696344852448,-0.481740862131119,-0.596943497657776,0.358260005712509,-0.33466511964798,-0.0836662799119949,-0.0152375418692827,0.109083086252213,0.316788285970688,0.079197071492672,0.00778069160878658,0.373687475919724,2.03007864952087,0.507519662380219,1.00566923618317,-3.23213148117065,-0.6236572265625,-0.155914306640625,-0.465047925710678,-1.64125406742096,0.49436566233635,0.123591415584087,0.00655996333807707,-0.919326543807983,0.212582111358643,0.0531455278396606,-0.0121330572292209,-0.377115786075592,-0.979578018188477,-0.244894504547119,-0.0134622156620026,1.73736357688904,-0.661021828651428,-0.165255457162857,0.0169880278408527,0.101187236607075,0.638567209243774,0.159641802310944,0.0398595333099365,2.05093240737915,-35.9835205078125,-8.99588012695313,-0.10743298381567,-0.18867963552475,-1.09198594093323,-0.272996485233307,-0.144697532057762,2.16904878616333,-0.219460338354111,-0.0548650845885277,0.00995889119803906,-5.36586475372314,-0.610012650489807,-0.152503162622452,-0.175461038947105,0.352815568447113,-3.5887176990509,-0.897179424762726,-0.316682666540146,7.34445428848267,0.404528558254242,0.10113213956356,0.213882952928543,-0.598866105079651,0.308271408081055,0.0770678520202637,0.21433787047863,-0.785398185253143,31.0666446685791,7.76666116714478,0.119141571223736,0,0.675922870635986,0.168980717658997,0.105892613530159,0.66421365737915,-0.750809133052826,-0.187702283263206,0.017341174185276,2.59856343269348,1.35107433795929,0.337768584489822,0.256594240665436,-0.401902973651886,-1.49832987785339,-0.374582469463348,-0.381807833909988,-3.22896814346313,-0.110049396753311,-0.0275123491883278,0.0577390380203724,2.54567193984985
-2.14618921279907,-0.536547303199768,-0.728344738483429,-1.1227765083313,-0.519017159938812,-0.129754289984703,-0.045576274394989,-0.397062420845032,0.0402267053723335,0.0100566763430834,-0.0212797224521637,-0.821083903312683,5.14701795578003,1.28675448894501,0.729859530925751,3.28776383399963,-2.62999677658081,-0.657499194145203,-0.0728110298514366,-3.82033085823059,-0.32410529255867,-0.0810263231396675,-0.0614589527249336,-7.33439350128174,-2.50363397598267,-0.625908493995667,-0.588854789733887,-2.11527681350708,-1.59212899208069,-0.398032248020172,-0.0179816633462906,0.877027928829193,0.706749618053436,0.176687404513359,0.0211591944098473,-0.569101989269257,0.777750611305237,0.194437652826309,0.910818159580231,0.0305432621389627,-1.49657869338989,-0.374144673347473,-0.397673070430756,9.81429195404053,0.723005950450897,0.180751487612724,-0.00283183041028678,-4.48457193374634,0.412142217159271,0.103035554289818,-0.0121464496478438,1.81529831886292,-0.114822000265121,-0.0287055000662804,-0.0649691298604012,-0.637627065181732,-0.516118407249451,-0.129029601812363,0.0137753188610077,-0.157956659793854,-0.292847037315369,-0.0732117593288422,0.0727202817797661,0.0536893270909786,-35.1462516784668,-8.7865629196167,-0.106977589428425,0.437184512615204,-0.375373363494873,-0.0938433408737183,-0.163440868258476,-1.21031081676483,-1.51025235652924,-0.377563089132309,-0.0256702098995447,1.27167010307312,-0.849200963973999,-0.2123002409935,-0.174538254737854,-0.254640817642212,-2.56153202056885,-0.640383005142212,-0.235979944467545,-3.06305289268494,0.381033957004547,0.0952584892511368,0.188119739294052,-0.622428059577942,0.660364091396332,0.165091022849083,0.210958316922188,0.42644664645195,30.6061878204346,7.65154695510864,0.118314661085606,-0.111980594694614,0.782622635364533,0.195655658841133,0.104214824736118,-0.302194207906723,0.620109617710114,0.155027404427528,-0.00324772507883608,-2.33778667449951,1.16545307636261,0.291363269090652,0.269417375326157,0.981747686862946,-1.14557123184204,-0.28639280796051,-0.407640069723129,0.536034226417542,-0.0138252507895231,-0.00345631269738078,0.0563968047499657,-1.09072160720825
-2.54201602935791,-0.635504007339478,-0.758476555347443,-1.15877389907837,0.00912471488118172,0.00228117872029543,-0.0379404574632645,0.485419720411301,-0.377945899963379,-0.0944864749908447,-0.0361849032342434,-0.174844592809677,4.49502038955689,1.12375509738922,0.864935040473938,9.23715496063232,-2.39369177818298,-0.598422944545746,-0.198274329304695,-6.32478618621826,-0.155245840549469,-0.0388114601373673,-0.107896246016026,1.77948391437531,-2.45527648925781,-0.613819122314453,-0.595001637935638,-0.171416267752647,-0.735724210739136,-0.183931052684784,-0.0161323640495539,-0.188713729381561,0.419109612703323,0.104777403175831,0.0163515042513609,-1.07306575775146,1.40670931339264,0.35167732834816,0.884885311126709,-2.36164855957031,-1.25165629386902,-0.312914073467255,-0.382504820823669,1.45519530773163,0.203990370035172,0.0509975925087929,0.00618518004193902,0.115089975297451,-0.253963887691498,-0.0634909719228745,0.012668733485043,0.166273772716522,-1.24533152580261,-0.311332881450653,-0.000722999917343259,2.65611672401428,-0.528627157211304,-0.132156789302826,0.0307385474443436,0.429237931966782,-0.673915445804596,-0.168478861451149,0.0914755910634995,1.40359246730804,-34.2609939575195,-8.56524848937988,-0.10663004219532,0.0475534051656723,-1.12322461605072,-0.28080615401268,-0.148951932787895,0.196349546313286,-0.902296662330627,-0.225574165582657,-0.0220629591494799,-1.52937889099121,-0.356973886489868,-0.089243471622467,-0.185827389359474,-0.834485530853272,-2.44774198532105,-0.611935496330261,-0.294900149106979,-0.258199661970139,0.385614573955536,0.096403643488884,0.16909071803093,-1.1025025844574,0.427938401699066,0.106984600424767,0.198458775877953,-0.955670058727264,29.6854000091553,7.42135000228882,0.118734113872051,0.0184077695012093,-0.198036134243011,-0.0495090335607529,0.121280357241631,0.796136021614075,-1.74574077129364,-0.43643519282341,0.0277914181351662,2.69213628768921,1.08317482471466,0.270793706178665,0.276164472103119,-0.0674951523542404,-2.66962623596191,-0.667406558990479,-0.386593848466873,0.410370528697968,0.247915506362915,0.0619788765907288,0.0399908795952797,-0.610647022724152
-2.72848391532898,-0.682120978832245,-0.778484046459198,0.210841998457909,-0.337169110774994,-0.0842922776937485,-0.0227284822613001,-0.460330605506897,0.0433106049895287,0.0108276512473822,-0.0490143373608589,0.19027204811573,4.54988288879395,1.13747072219849,1.04838216304779,5.37343263626099,-2.15967655181885,-0.539919137954712,-0.302805155515671,-3.37800645828247,0.262525200843811,0.0656313002109528,-0.0756073147058487,1.52946484088898,-1.92129945755005,-0.480324864387512,-0.58558714389801,0.181701242923737,-1.14146065711975,-0.285365164279938,-0.0181606281548738,-0.0196349546313286,0.0996532514691353,0.0249133128672838,-0.00216948706656694,-0.255410224199295,1.85744059085846,0.464360147714615,0.843109905719757,-1.65260875225067,-0.952051281929016,-0.238012820482254,-0.348825126886368,1.44810235500336,-0.148892521858215,-0.0372231304645538,-0.00226332433521748,0.284309238195419,0.172371834516525,0.0430929586291313,0.0364393480122089,1.85300981998444,0.101233921945095,0.0253084804862738,-0.012683036737144,-0.232141405344009,-0.642463326454163,-0.160615831613541,0.0445628874003887,0.186040714383125,-0.556286513805389,-0.139071628451347,0.102441154420376,-0.118116520345211,-32.834285736084,-8.208571434021,-0.105695277452469,0.00460194237530232,-0.318120151758194,-0.0795300379395485,-0.171266555786133,-0.73631078004837,-1.08201992511749,-0.270504981279373,-0.0258619580417871,0.18714565038681,-0.80389928817749,-0.200974822044373,-0.173064202070236,1.01702928543091,-1.81985068321228,-0.45496267080307,-0.312548607587814,-1.35677528381348,0.726879358291626,0.181719839572907,0.151265859603882,0.349502176046371,0.274820059537888,0.0687050148844719,0.193928733468056,0.998621463775635,29.0055122375488,7.25137805938721,0.118949830532074,0.0797670036554337,0.830433189868927,0.207608297467232,0.0907565355300903,-1.58460211753845,-1.26320743560791,-0.315801858901978,0.0122119253501296,-1.66436910629272,0.617565989494324,0.154391497373581,0.274390816688538,-0.0368155390024185,-3.74902749061584,-0.937256872653961,-0.372634619474411,5.73733329772949,-0.48447185754776,-0.12111796438694,0.0414481647312641,0.118791475892067
-2.87996959686279,-0.719992399215698,-0.76057904958725,1.19991385936737,0.198131635785103,0.0495329089462757,-0.0400539413094521,-0.387244939804077,-0.362110942602158,-0.0905277356505394,-0.0402560383081436,-0.0788514837622643,4.35822010040283,1.08955502510071,1.11953330039978,1.91004467010498,-1.9410799741745,-0.485269993543625,-0.364523828029633,-2.21461510658264,0.190341174602509,0.0475852936506271,-0.00641543325036764,3.67665791511536,-1.99896156787872,-0.499740391969681,-0.571271240711212,0.255410224199295,-0.6534743309021,-0.163368582725525,-0.0306625701487064,-1.04392504692078,0.328398108482361,0.0820995271205902,-0.0149185713380575,-1.27705121040344,1.7429176568985,0.435729414224625,0.795565068721771,-2.60381317138672,-0.61792528629303,-0.154481321573257,-0.309590518474579,1.4434130191803,-0.0740869641304016,-0.0185217410326004,-0.00401348760351539,0.294752657413483,0.0373208485543728,0.0093302121385932,0.0669059082865715,-0.507392168045044,-0.725230574607849,-0.181307643651962,0.0202258732169867,0.799079179763794,-0.215447321534157,-0.0538618303835392,0.0328928083181381,-0.389139920473099,0.2526675760746,0.0631668940186501,0.101770043373108,-0.13805827498436,-32.3591461181641,-8.08978652954102,-0.105695277452469,-0.0138058271259069,-1.49606215953827,-0.374015539884567,-0.147537797689438,1.28854382038116,0.410983473062515,0.102745868265629,-0.0524429678916931,-1.78401970863342,-0.640292942523956,-0.160073235630989,-0.178013682365417,-0.337475776672363,-1.30462157726288,-0.32615539431572,-0.330012977123261,-0.297469556331635,0.86984521150589,0.217461302876472,0.159158185124397,-0.161988362669945,0.0641553476452828,0.0160388369113207,0.202221810817719,0.0690291374921799,29.1263427734375,7.28158569335938,0.118961811065674,0.00613592332229018,0.398205280303955,0.0995513200759888,0.100919157266617,1.02776718139648,-0.734960615634918,-0.18374015390873,-0.0169217251241207,-0.920388460159302,1.13361823558807,0.283404558897018,0.251824527978897,-1.29161179065704,-2.55707263946533,-0.639268159866333,-0.314841896295548,-0.0117809725925326,0.548530876636505,0.137132719159126,0.00732475845143199,-2.17555284500122
-2.46988964080811,-0.617472410202026,-0.74141526222229,1.03878259658813,-0.0527396313846111,-0.0131849078461528,-0.0335941798985004,0.382881611585617,-0.267349034547806,-0.0668372586369515,-0.047152865678072,0.709663331508637,4.44288492202759,1.1107212305069,1.1266747713089,-0.546506226062775,-1.35109519958496,-0.33777379989624,-0.399159342050552,-1.16945505142212,0.247180759906769,0.0617951899766922,0.028916547074914,0.712673723697662,-1.63866746425629,-0.409666866064072,-0.566624224185944,0.380544096231461,-1.02997088432312,-0.25749272108078,-0.0406249240040779,0.5279620885849,0.524932265281677,0.131233066320419,-0.0376178361475468,-0.392543226480484,2.35380625724793,0.588451564311981,0.739625871181488,-2.94415235519409,0.816753685474396,0.204188421368599,-0.267704457044601,2.11573266983032,-0.455205142498016,-0.113801285624504,0.00122050801292062,0.424395024776459,0.159161239862442,0.0397903099656105,0.0646560713648796,0.749089062213898,0.134081840515137,0.0335204601287842,-0.00306534604169428,-0.437860310077667,-0.652128338813782,-0.163032084703445,0.0306642577052116,-0.430529206991196,-0.176613569259644,-0.0441533923149109,0.0923144891858101,-0.602854430675507,-31.2599639892578,-7.81499099731445,-0.106018848717213,-0.0322135947644711,-1.01072382926941,-0.252680957317352,-0.171086803078651,-0.785398185253143,-0.878987908363342,-0.219746977090836,-0.0308114439249039,1.8254371881485,-0.665372908115387,-0.166343227028847,-0.179427817463875,-0.216291293501854,-1.33130407333374,-0.332826018333435,-0.336202591657639,-1.4696763753891,0.151808813214302,0.0379522033035755,0.172028288245201,1.68467903137207,0.211468160152435,0.0528670400381088,0.199956804513931,-0.233165085315704,28.8352909088135,7.20882272720337,0.118961811065674,0.0184077695012093,0.784054100513458,0.196013525128365,0.0967246815562248,-1.00015544891357,-0.0285271890461445,-0.00713179726153612,-0.019905798137188,0.253106832504272,1.22155547142029,0.305388867855072,0.25775671005249,0.791534066200256,-1.40218162536621,-0.350545406341553,-0.338733643293381,-1.66504406929016,-0.517753124237061,-0.129438281059265,-0.000138058283482678,1.42549777030945
-3.07916164398193,-0.769790410995483,-0.690512657165527,2.52324748039246,0.29411706328392,0.0735292658209801,-0.0310631096363068,0.0294524319469929,-0.430821508169174,-0.107705377042294,-0.0449432022869587,-0.179987072944641,3.65119123458862,0.912797808647156,1.10220777988434,-1.25445544719696,-1.57911574840546,-0.394778937101364,-0.404367715120316,0.42873951792717,0.416812002658844,0.104203000664711,0.042922418564558,0.66462767124176,-1.24977695941925,-0.312444239854813,-0.561883509159088,0.353117495775223,-0.748112440109253,-0.187028110027313,-0.0316255688667297,0.33270338177681,0.404286295175552,0.101071573793888,-0.0317387916147709,0.798799812793732,2.64559936523438,0.661399841308594,0.684803128242493,-2.3954644203186,1.37696766853333,0.344241917133331,-0.204294264316559,2.52376008033752,-0.301854103803635,-0.0754635259509087,-0.00258447485975921,0.639756441116333,0.0292449556291103,0.00731123890727758,0.0698387324810028,-0.742232441902161,-0.745086073875427,-0.186271518468857,0.0212510712444782,0.556077003479004,-0.098820261657238,-0.0247050654143095,0.00655613886192441,-0.46299022436142,0.866763591766357,0.216690897941589,0.0782569944858551,-0.257708758115768,-30.9687118530273,-7.74217796325684,-0.106270514428616,-0.00766990380361676,-0.873442053794861,-0.218360513448715,-0.173064202070236,0.302194207906723,1.24099516868591,0.310248792171478,-0.0633126646280289,-2.57248568534851,-1.1318187713623,-0.282954692840576,-0.183718174695969,-0.331339836120605,-0.770856082439423,-0.192714020609856,-0.349126368761063,0.759872674942017,0.832990765571594,0.208247691392899,0.172327414155006,-0.806996643543243,0.644586443901062,0.161146610975266,0.182399913668633,-1.23332059383392,28.5139904022217,7.12849760055542,0.119021736085415,0.0184077695012093,0.602106153964996,0.150526538491249,0.101050987839699,0.880504965782166,-0.265551686286926,-0.0663879215717316,-0.00609997054561973,0.368155390024185,1.23486542701721,0.308716356754303,0.268374741077423,0.518485486507416,-1.71376466751099,-0.428441166877747,-0.352769583463669,-0.659734427928925,0.482487678527832,0.120621919631958,-0.0160531103610992,-1.56392407417297
-2.49873805046082,-0.624684512615204,-0.644806146621704,2.60724139213562,-0.202711910009384,-0.050677977502346,-0.0306881368160248,0.333794236183167,-0.509469091892242,-0.127367272973061,-0.0524694472551346,-0.294835984706879,2.57366228103638,0.643415570259094,1.05381917953491,-3.08486938476563,-0.791266918182373,-0.197816729545593,-0.402147382497788,-0.0892684236168861,-0.621880114078522,-0.15547002851963,0.0684982538223267,1.21277260780334,-1.44262218475342,-0.360655546188355,-0.562780737876892,-0.275980174541473,-0.401989698410034,-0.100497424602509,-0.025285117328167,0.0676315128803253,0.139334440231323,0.0348336100578308,-0.0193646810948849,0.459395587444305,3.27652454376221,0.819131135940552,0.650970280170441,-1.19664132595062,1.81255686283112,0.453139215707779,-0.169111624360085,1.41372418403625,0.32719349861145,0.0817983746528626,0.0134867010638118,0.740958631038666,0.275814265012741,0.0689535662531853,0.0607858151197434,-0.433683156967163,0.234083354473114,0.0585208386182785,-0.0195269212126732,-1.83257246017456,-0.454633384943008,-0.113658346235752,0.00146233895793557,-0.730802655220032,-0.165411978960037,-0.0413529947400093,0.0765432491898537,-0.734776794910431,-30.4479331970215,-7.61198329925537,-0.107480920851231,-0.0460194237530232,-0.692173957824707,-0.173043489456177,-0.172237291932106,-0.0828349590301514,-1.6153336763382,-0.403833419084549,-0.00844887923449278,3.87176752090454,-0.265705764293671,-0.0664264410734177,-0.202988803386688,-0.335941791534424,-1.55909872055054,-0.389774680137634,-0.331309199333191,-1.13490033149719,0.00406928360462189,0.00101732090115547,0.175962939858437,0.0765763148665428,0.913453638553619,0.228363409638405,0.171254575252533,-0.47860199213028,28.2028751373291,7.05071878433228,0.11944118142128,0.0230097118765116,0.64166784286499,0.160416960716248,0.108037792146206,-0.121184483170509,0.667336881160736,0.166834220290184,-0.0121040679514408,-0.171805843710899,1.41152346134186,0.352880865335465,0.280406892299652,0.546097159385681,-1.69426918029785,-0.423567295074463,-0.368209093809128,-0.000981747638434172,-0.519491493701935,-0.129872873425484,-0.011182720772922,1.17122507095337
-2.33414244651794,-0.583535611629486,-0.570507884025574,3.89800596237183,1.23808753490448,0.30952188372612,-0.0405397042632103,-0.493055492639542,-0.607286810874939,-0.151821702718735,-0.0655399337410927,-1.65245270729065,1.3557995557785,0.338949888944626,0.93575382232666,-7.39910554885864,-1.09058487415314,-0.272646218538284,-0.375867754220963,2.09337878227234,0.331320524215698,0.0828301310539246,-0.0223610084503889,-6.94030380249023,-1.91860139369965,-0.479650348424912,-0.576735138893127,-1.67816519737244,0.60789030790329,0.151972576975822,-0.024083498865366,0.0818123072385788,-0.505428731441498,-0.126357182860374,-0.0101510565727949,0.48510804772377,4.5392370223999,1.13480925559998,0.651669144630432,0.873755395412445,-2.38527607917786,-0.596319019794464,-0.146404266357422,1.24665355682373,0.432487457990646,0.108121864497662,0.0279873926192522,0.683441579341888,0.164636492729187,0.0411591231822968,0.0617232471704483,-0.373687475919724,0.0840815380215645,0.0210203845053911,-0.00180935231037438,-0.549020230770111,-0.22919924557209,-0.0572998113930225,-0.0161702018231154,-0.807276487350464,1.50525605678558,0.376314014196396,0.0653859302401543,0.83908748626709,-30.3994426727295,-7.59986066818237,-0.1066540107131,-0.00766990380361676,-0.614855408668518,-0.15371385216713,-0.166868358850479,0.512349605560303,0.844873309135437,0.211218327283859,-0.0429754331707954,-3.27504897117615,-1.08859097957611,-0.272147744894028,-0.181644901633263,0.776194274425507,-1.04115307331085,-0.260288268327713,-0.331846088171005,1.95662319660187,-0.394221842288971,-0.0985554605722427,0.146778956055641,-0.720602810382843,0.00895480066537857,0.00223870016634464,0.154980003833771,-1.00168943405151,28.3831901550293,7.09579753875732,0.120328016579151,0.00306796166114509,0.472086429595947,0.118021607398987,0.118547953665257,1.26400017738342,-0.56037962436676,-0.14009490609169,0.0313027948141098,2.19205856323242,1.2440220117569,0.311005502939224,0.291815876960754,0.371223360300064,-1.85850119590759,-0.464625298976898,-0.376431226730347,-1.08286774158478,0.648116171360016,0.162029042840004,-0.0224344693124294,-0.870810210704804
-1.62546145915985,-0.406365364789963,-0.533465921878815,-1.3387610912323,0.718263447284699,0.179565861821175,-0.0463176965713501,-0.289070159196854,-0.548177421092987,-0.137044355273247,-0.0671603530645371,1.14848899841309,1.88139045238495,0.470347613096237,0.821139931678772,-0.501782178878784,-1.72211480140686,-0.430528700351715,-0.40441969037056,3.53727793693543,-0.109139010310173,-0.0272847525775433,0.0994064435362816,0.508429229259491,-2.4540638923645,-0.613515973091126,-0.625334322452545,-2.24041056632996,0.475806534290314,0.118951633572578,-0.0287110060453415,-1.67442524433136,-0.252331912517548,-0.0630829781293869,-0.0139677468687296,0.966787755489349,4.7693510055542,1.19233775138855,0.749392211437225,8.41903209686279,-2.57932591438293,-0.644831478595734,-0.225076839327812,-6.01819467544556,-0.0245027281343937,-0.00612568203359842,0.0631582885980606,1.93652606010437,0.275265783071518,0.0688164457678795,0.0391177274286747,-0.913648664951325,1.26870024204254,0.317175060510635,-0.0298487208783627,-2.3721559047699,-0.645549535751343,-0.161387383937836,-0.0170911978930235,0.229551136493683,-0.18736344575882,-0.0468408614397049,0.0874728634953499,0.575242817401886,-29.4506721496582,-7.36266803741455,-0.106809809803963,0.0184077695012093,-0.558870077133179,-0.139717519283295,-0.153026565909386,1.73186433315277,-1.69805228710175,-0.424513071775436,-0.0116366827860475,3.15846633911133,-0.625835299491882,-0.156458824872971,-0.195258975028992,-0.73631078004837,-1.31120574474335,-0.327801436185837,-0.292706549167633,-1.37051975727081,0.673321902751923,0.168330475687981,0.0957664251327515,-3.03850913047791,1.1209089756012,0.280227243900299,0.136368498206139,-0.161067977547646,27.5212268829346,6.88030672073364,0.119632929563522,0.0659611746668816,-0.0147822899743915,-0.00369557249359787,0.124887607991695,0.676485538482666,0.719287037849426,0.179821759462357,0.0313267633318901,0.00460194237530232,1.76580488681793,0.441451221704483,0.295722752809525,0.113514579832554,-1.21902513504028,-0.304756283760071,-0.395467936992645,0.137444674968719,-0.229562297463417,-0.0573905743658543,0.0040650493465364,2.05283451080322
-1.81402993202209,-0.453507483005524,-0.520194530487061,0.0668523460626602,1.52499902248383,0.381249755620956,-0.0301682874560356,1.10392081737518,-0.748622417449951,-0.187155604362488,-0.0409925915300846,0.553674519062042,2.08499026298523,0.521247565746307,0.797260940074921,-0.371973305940628,-0.373745560646057,-0.0934363901615143,-0.393945008516312,0.778640151023865,0.31012487411499,0.0775312185287476,0.0596526190638542,-0.454324156045914,-2.58818817138672,-0.64704704284668,-0.672580897808075,-1.4981781244278,-0.215947017073631,-0.0539867542684078,-0.0261884611099958,1.37335598468781,0.0286891926079988,0.00717229815199971,-0.0200208835303783,-0.877651214599609,4.61267614364624,1.15316903591156,0.938625812530518,8.43430328369141,-2.18475222587585,-0.546188056468964,-0.32563316822052,-4.18526458740234,-0.0888195633888245,-0.0222048908472061,0.0392135158181191,-2.36677765846252,0.188464492559433,0.0471161231398582,0.0284042116254568,0.00171416252851486,0.0291068628430367,0.00727671571075916,-0.0268947891891003,0.327734649181366,-0.478868275880814,-0.119717068970203,-0.0132089927792549,0.250583559274673,0.402828484773636,0.100707121193409,0.095190703868866,1.08299040794373,-28.6053409576416,-7.1513352394104,-0.106534168124199,-0.0644271895289421,-0.799180150032044,-0.199795037508011,-0.138993039727211,-0.245436921715736,0.0833642780780792,0.0208410695195198,-0.04414988681674,-3.11244702339172,-0.928562760353088,-0.232140690088272,-0.194348186254501,0.348213642835617,-1.08516502380371,-0.271291255950928,-0.293642282485962,1.85648488998413,-0.376501381397247,-0.0941253453493118,0.0859642848372459,1.1025025844574,-0.349159479141235,-0.0872898697853088,0.146794781088829,0.340543746948242,26.8945598602295,6.72363996505737,0.121981836855412,-0.0168737880885601,0.970577001571655,0.242644250392914,0.108613036572933,-1.20264089107513,-1.05846297740936,-0.264615744352341,0.0534736141562462,1.52937889099121,1.09390592575073,0.273476481437683,0.318169206380844,1.02776718139648,-2.5436372756958,-0.63590931892395,-0.371798604726791,0.97094851732254,0.137793406844139,0.0344483517110348,0.0168507806956768,1.36070227622986
-2.02631068229675,-0.506577670574188,-0.516083240509033,0.28112268447876,0.119229033589363,0.0298072583973408,0.0122803691774607,1.62970125675201,-0.21715122461319,-0.0542878061532974,-0.0391712933778763,0.210841998457909,1.8833634853363,0.470840871334076,0.794048130512238,-0.766854047775269,-1.15255415439606,-0.288138538599014,-0.367567926645279,0.612764596939087,0.589622616767883,0.147405654191971,0.0750199630856514,-0.299966156482697,-2.74694919586182,-0.686737298965454,-0.677790343761444,0.419969826936722,-0.247033461928368,-0.0617583654820919,0.00498543679714203,1.6177020072937,0.118106655776501,0.0295266639441252,-0.0312432926148176,-1.59931373596191,4.45245552062988,1.11311388015747,1.09026837348938,5.50542306900024,-2.29290699958801,-0.573226749897003,-0.390911430120468,-2.02064943313599,0.295247435569763,0.0738118588924408,0.00577661860734224,-1.27854740619659,0.146925806999207,0.0367314517498016,0.0288863182067871,0.394257396459579,0.209845960140228,0.0524614900350571,-0.0275725014507771,0.429049760103226,-0.375220954418182,-0.0938052386045456,-0.00744252605363727,0.439855992794037,-0.576731503009796,-0.144182875752449,0.107258819043636,0.134990304708481,-27.5817241668701,-6.89543104171753,-0.106462262570858,-0.00920388475060463,0.0213153958320618,0.00532884895801544,-0.157700419425964,0.104310691356659,-2.22332048416138,-0.555830121040344,-0.0227820128202438,2.46510720252991,-0.675695419311523,-0.168923854827881,-0.20152673125267,-0.404970914125443,-1.99091243743896,-0.497728109359741,-0.246065869927406,-0.140389919281006,0.907611191272736,0.226902797818184,0.0626937970519066,-2.18635225296021,0.485051244497299,0.121262811124325,0.142348632216454,-0.0628932118415833,25.8557300567627,6.46393251419067,0.119393244385719,-0.00920388475060463,0.306546092033386,0.0766365230083466,0.114149741828442,0.905048668384552,0.0752141028642654,0.0188035257160664,0.0403269194066525,-1.14895164966583,1.44463908672333,0.361159771680832,0.315616548061371,0.134990304708481,-1.55553531646729,-0.388883829116821,-0.395222514867783,0.107992246747017,0.613231360912323,0.153307840228081,0.0206013638526201,-0.864919781684876
-1.79114019870758,-0.447785049676895,-0.513659298419952,0.186843737959862,0.466599941253662,0.116649985313416,0.0209303144365549,-0.225801974534988,-0.263255000114441,-0.0658137500286102,-0.0253910347819328,0.306835114955902,1.84429550170898,0.461073875427246,0.764195144176483,-2.12821102142334,-1.00044167041779,-0.250110417604446,-0.358384102582932,0.981234967708588,0.0647228211164475,0.0161807052791119,0.0859062150120735,0.413058459758759,-2.66586971282959,-0.666467428207398,-0.67702704668045,0.245125263929367,0.0395710319280624,0.00989275798201561,0.0220467131584883,-0.27707102894783,-0.266282439231873,-0.0665706098079681,-0.0337475761771202,0.9685018658638,4.52873229980469,1.13218307495117,1.16126608848572,1.76060080528259,-2.02031636238098,-0.505079090595245,-0.433866441249847,-1.98440754413605,0.458340466022491,0.114585116505623,0.0277276393026114,2.26857280731201,0.147155717015266,0.0367889292538166,0.0279221031814814,-0.262266874313355,-0.0441045239567757,-0.0110261309891939,-0.00768648460507393,-0.131020024418831,-0.390283703804016,-0.097570925951004,-0.00425400817766786,-0.0982033163309097,-0.501334846019745,-0.125333711504936,0.118152476847172,0.762388467788696,-26.9598388671875,-6.73995971679688,-0.105875037610531,-0.0368155390024185,-1.14983177185059,-0.287457942962647,-0.123317681252956,1.17502927780151,-1.63421750068665,-0.408554375171661,-0.041992723941803,-2.47124314308167,-0.551334977149963,-0.137833744287491,-0.19744011759758,0.245436921715736,-3.49595022201538,-0.873987555503845,-0.220540434122086,6.10254383087158,-0.0357550531625748,-0.00893876329064369,0.0672420486807823,1.31652367115021,0.0849035158753395,0.0212258789688349,0.148903995752335,-0.124252445995808,25.0470600128174,6.26176500320435,0.12020817399025,0.00766990380361676,0.765069603919983,0.191267400979996,0.101794011890888,-0.53382533788681,-0.493800342082977,-0.123450085520744,0.0523950345814228,0.246970906853676,1.20476150512695,0.301190376281738,0.323885679244995,0.214757308363915,-1.61180686950684,-0.402951717376709,-0.389124929904938,0,-0.284507125616074,-0.0711267814040184,0.0254564117640257,1.99687480926514
-1.27703320980072,-0.31925830245018,-0.506923139095306,-0.207413673400879,1.31238460540771,0.328096151351929,-0.00641715247184038,-0.895572066307068,-0.747028112411499,-0.186757028102875,-0.0113965030759573,0.894792854785919,2.33642482757568,0.584106206893921,0.708741724491119,-2.6059947013855,0.0936832427978516,0.0234208106994629,-0.32310351729393,1.76691079139709,-0.0806258991360664,-0.0201564747840166,0.0690644904971123,0.0635652542114258,-2.86403369903564,-0.716008424758911,-0.669795393943787,0.368544965982437,-0.358072459697723,-0.0895181149244309,0.013575728982687,-0.934841990470886,-0.00404640100896359,-0.0010116002522409,-0.0292077250778675,0.743946611881256,4.58967924118042,1.14741981029511,1.16891038417816,-0.534507095813751,-2.03922820091248,-0.509807050228119,-0.462142199277878,-0.845718562602997,0.229942172765732,0.057485543191433,0.0728859007358551,1.87723362445831,0.249072551727295,0.0622681379318237,0.0268909260630608,0.13713301718235,0.556351602077484,0.139087900519371,-0.0456971377134323,-1.22210764884949,-0.333478063344955,-0.0833695158362389,-0.0104299038648605,0.278638899326324,0.211663991212845,0.0529159978032112,0.116762302815914,-0.653475821018219,-26.6295604705811,-6.65739011764526,-0.105958923697472,-0.00460194237530232,-0.968867778778076,-0.242216944694519,-0.125019431114197,0.0813009813427925,-0.189411729574204,-0.0473529323935509,-0.098102867603302,-1.72419440746307,-1.11454999446869,-0.278637498617172,-0.190872758626938,0.18714565038681,-1.70495200157166,-0.426238000392914,-0.182091191411018,-0.663661479949951,0.61547327041626,0.153868317604065,0.0779185593128204,0.9267697930336,0.528319299221039,0.13207982480526,0.149647027254105,-0.00306796166114509,24.8632831573486,6.21582078933716,0.12020817399025,0.0199417509138584,0.801434576511383,0.200358644127846,0.106000475585461,0.613592326641083,0.193287804722786,0.0483219511806965,0.0357729122042656,-0.83755350112915,1.24045157432556,0.31011289358139,0.320434212684631,0.0153398076072335,-1.65947723388672,-0.41486930847168,-0.379054337739944,0.490873843431473,0.990164756774902,0.247541189193726,0.0180933047086,-1.38819134235382
-0.46139657497406,-0.115349143743515,-0.516337692737579,-0.490250527858734,1.44136905670166,0.360342264175415,-0.0150500554591417,-0.100356437265873,-0.958933293819428,-0.239733323454857,-0.00629419088363648,-0.0788514837622643,3.08823776245117,0.772059440612793,0.675573647022247,-0.773398995399475,1.80729103088379,0.451822757720947,-0.278023362159729,1.17628335952759,0.53534734249115,0.133836835622787,0.0755515769124031,0.789695680141449,-3.02611708641052,-0.756529271602631,-0.657769501209259,0.853653013706207,-0.380076706409454,-0.0950191766023636,-0.00868403539061546,-0.231256127357483,0.138586446642876,0.0346466116607189,-0.0299576707184315,-1.85643804073334,4.41967248916626,1.10491812229157,1.14100897312164,-1.37662851810455,-1.66603124141693,-0.416507810354233,-0.476694107055664,-0.546357214450836,0.221428737044334,0.0553571842610836,0.0751116499304771,-0.74509197473526,0.178539216518402,0.0446348041296005,0.0364795252680779,-0.161131292581558,-0.0507385469973087,-0.0126846367493272,-0.0346986204385757,1.08437192440033,-0.671852111816406,-0.167963027954102,-0.00259498157538474,0.559000730514526,0.215233772993088,0.0538084432482719,0.100943125784397,-1.2670681476593,-26.4102611541748,-6.6025652885437,-0.107025526463985,-0.00460194237530232,-0.808507919311523,-0.202126979827881,-0.138273984193802,-1.6367574930191,-0.317801207304001,-0.0794503018260002,-0.0922305956482887,1.49102938175201,-0.776889562606812,-0.194222390651703,-0.208885043859482,-1.02009725570679,-0.0892801806330681,-0.022320045158267,-0.236447811126709,-3.17595362663269,-0.172903433442116,-0.0432258583605289,0.100000210106373,1.47654855251312,0.471608400344849,0.117902100086212,0.149107724428177,-0.297592282295227,24.477222442627,6.11930561065674,0.120339997112751,0.0260776728391647,0.472287595272064,0.118071898818016,0.108037792146206,-0.595184564590454,0.274878740310669,0.0687196850776672,0.0357489436864853,0.133456334471703,1.83882832527161,0.459707081317902,0.32019454240799,0.0521553456783295,-1.98329281806946,-0.495823204517365,-0.380043745040894,-0.517381012439728,-0.0758237019181252,-0.0189559254795313,0.0367541797459126,2.29925322532654
-0.791861474514008,-0.197965368628502,-0.527345776557922,-0.0239982772618532,0.720498561859131,0.180124640464783,-0.0157573912292719,-0.260708540678024,-0.627538740634918,-0.15688468515873,-0.0167934373021126,-1.13477563858032,3.1375002861023,0.784375071525574,0.684658229351044,0.314159274101257,2.50024461746216,0.62506115436554,-0.248708918690681,0.97653740644455,0.351586639881134,0.0878966599702835,0.0922802016139031,0.00226630130782723,-3.07762622833252,-0.76940655708313,-0.634855926036835,1.15705978870392,-0.1828543394804,-0.0457135848701,-0.00702222343534231,0.567232012748718,-0.0668625459074974,-0.0167156364768744,-0.0378990657627583,0.390829086303711,4.02840995788574,1.00710248947144,1.12141668796539,-0.376336604356766,-1.46215212345123,-0.365538030862808,-0.479608207941055,0.233071655035019,0.446675837039948,0.111668959259987,0.0610170848667622,-0.356015890836716,0.108901917934418,0.0272254794836044,0.0368678905069828,0.44739642739296,0.0529656931757927,0.0132414232939482,-0.0391808971762657,0.224427118897438,-0.44214591383934,-0.110536478459835,-0.00922453124076128,0.120947182178497,0.472404628992081,0.11810115724802,0.0832184627652168,-0.790000081062317,-26.0534210205078,-6.51335525512695,-0.107061475515366,-0.00153398083057255,-0.675535321235657,-0.168883830308914,-0.144805386662483,0.216291293501854,-0.177880495786667,-0.0444701239466667,-0.0928897261619568,-1.40052449703217,-1.01836812496185,-0.254592031240463,-0.215056926012039,0.323669940233231,-1.50056207180023,-0.375140517950058,-0.252293825149536,2.18046164512634,0.914542257785797,0.228635564446449,0.0885643884539604,-1.28510773181915,0.400517016649246,0.100129254162312,0.142516404390335,-0.0843689441680908,23.9298973083496,5.9824743270874,0.120399914681911,0.00613592332229018,0.89332503080368,0.22333125770092,0.103136241436005,-0.0966407880187035,0.121247544884682,0.0303118862211704,0.0533657558262348,0.443320453166962,1.3937691450119,0.348442286252975,0.345852762460709,1.38518464565277,-1.08102941513062,-0.270257353782654,-0.409511536359787,-1.29983389377594,0.7618328332901,0.190458208322525,0.0406811721622944,-0.297469556331635
-0.958508133888245,-0.239627033472061,-0.534778296947479,-0.557102859020233,0.452263593673706,0.113065898418427,-0.0248845778405666,-0.317431747913361,-0.545388579368591,-0.136347144842148,-0.0391445122659206,-0.531390428543091,3.14485836029053,0.786214590072632,0.692132115364075,0.594502747058868,3.45429086685181,0.863572716712952,-0.245632112026215,0.136478558182716,-0.669672846794128,-0.167418211698532,0.0865789130330086,-0.232330307364464,-2.70853972434998,-0.677134931087494,-0.612491488456726,0.725090801715851,0.166598781943321,0.0416496954858303,0.00175555609166622,-0.297796785831451,-0.163457363843918,-0.0408643409609795,-0.0299710631370544,0.519391298294067,3.6699583530426,0.917489588260651,1.10073351860046,-1.52825391292572,-1.40343308448792,-0.350858271121979,-0.469333499670029,0.758658587932587,0.562678933143616,0.140669733285904,0.0773914009332657,1.44531285762787,-0.0327780842781067,-0.00819452106952667,0.0599421262741089,0.567387819290161,-0.0937184318900108,-0.0234296079725027,-0.0232691150158644,0.815569937229157,-0.585069417953491,-0.146267354488373,-0.00705963606014848,-0.297087401151657,0.309742093086243,0.0774355232715607,0.0772982537746429,-0.385029166936874,-26.6721534729004,-6.6680383682251,-0.107277192175388,0.00613592332229018,-0.995956420898438,-0.248989105224609,-0.143786728382111,-0.240834981203079,-0.00445804372429848,-0.00111451093107462,-0.0893903374671936,0.877436995506287,-0.707969844341278,-0.17699246108532,-0.220545694231987,-0.366621404886246,-0.485834985971451,-0.121458746492863,-0.263292461633682,-1.50796449184418,0.00559334456920624,0.00139833614230156,0.100874580442905,0.770671963691711,0.358980596065521,0.0897451490163803,0.137974381446838,-0.319068014621735,24.1261882781982,6.03154706954956,0.120339997112751,-0.00306796166114509,0.0353101752698422,0.00882754381746054,0.118476048111916,0.747048616409302,-1.02760756015778,-0.256901890039444,0.0644991025328636,0.37582528591156,1.67870116233826,0.419675290584564,0.353930115699768,0.0582912713289261,-2.96195363998413,-0.740488409996033,-0.392653077840805,1.87513816356659,0.123507380485535,0.0308768451213837,0.0603468082845211,0.209112271666527
-1.1653323173523,-0.291333079338074,-0.544407069683075,-0.605099439620972,0.176546856760979,0.0441367141902447,-0.0330743305385113,-0.529052913188934,-0.369326025247574,-0.0923315063118935,-0.0480233393609524,-0.428540676832199,3.47578001022339,0.868945002555847,0.707557141780853,1.06465077400208,4.44905090332031,1.11226272583008,-0.244962811470032,0.147794216871262,-1.79812967777252,-0.449532419443131,0.0671211555600166,-0.40463924407959,-2.610426902771,-0.652606725692749,-0.585105061531067,1.44846749305725,0.168248042464256,0.0420620106160641,0.00108230859041214,-0.413424849510193,-0.0756756737828255,-0.0189189184457064,-0.0311093740165234,-0.00171416252851486,2.94731163978577,0.736827909946442,1.0428512096405,-3.40993714332581,-1.63214802742004,-0.408037006855011,-0.452988386154175,0.748588621616364,0.567214071750641,0.14180351793766,0.107738047838211,1.48287618160248,0.199098289012909,0.0497745722532272,0.0622455328702927,0.442253947257996,0.448688805103302,0.112172201275826,-0.0163192246109247,0.356867104768753,-0.489932686090469,-0.122483171522617,-0.00932817347347736,-0.0464939884841442,0.292695194482803,0.0731737986207008,0.0728041678667069,-0.231631100177765,-27.3805313110352,-6.84513282775879,-0.107253223657608,-0.00460194237530232,-0.464639097452164,-0.116159774363041,-0.151192992925644,-0.231631100177765,-0.75231659412384,-0.18807914853096,-0.0611435174942017,1.26553416252136,-0.606874406337738,-0.151718601584435,-0.217777341604233,0.145728170871735,-1.48114824295044,-0.37028706073761,-0.255806654691696,0.712748885154724,0.42405766248703,0.106014415621758,0.0983665212988854,-0.0363246649503708,0.855924546718597,0.213981136679649,0.132617443799973,0.210155367851257,24.4873867034912,6.1218466758728,0.121023096144199,0.0214757304638624,0.602117121219635,0.150529280304909,0.107462547719479,-0.536893248558044,-0.602157890796661,-0.150539472699165,0.0481885708868504,-0.739378750324249,1.1252932548523,0.281323313713074,0.364368379116058,0.1027767136693,-3.19895601272583,-0.799739003181458,-0.357018709182739,1.6444274187088,0.392425835132599,0.0981064587831497,0.0565271936357021,-0.246418669819832
-1.29129457473755,-0.322823643684387,-0.567026019096375,-1.29933524131775,0.374962419271469,0.0937406048178673,-0.0500759482383728,-0.694859206676483,-0.181076973676682,-0.0452692434191704,-0.0635981112718582,-0.569101989269257,4.37838888168335,1.09459722042084,0.74104905128479,2.09548592567444,4.31422710418701,1.07855677604675,-0.24610561132431,0.0164253506809473,-2.27343988418579,-0.568359971046448,0.0410864315927029,-1.20583200454712,-2.64176750183105,-0.660441875457764,-0.548973739147186,1.86843729019165,-0.0971048027276993,-0.0242762006819248,-0.000997086986899376,0.12653636932373,-0.0436198636889458,-0.0109049659222364,-0.0180522762238979,0.389114916324616,2.30004477500916,0.575011193752289,0.937790632247925,-5.99956941604614,-0.970801651477814,-0.242700412869453,-0.444576799869537,0.242705389857292,0.465315401554108,0.116328850388527,0.125622645020485,0.796567916870117,0.256544709205627,0.0641361773014069,0.0719814375042915,-0.418255686759949,0.250027477741241,0.0625068694353104,0.0107232304289937,0.238336652517319,-0.378827720880508,-0.0947069302201271,-0.00260953046381474,-0.00848192535340786,1.0026433467865,0.250660836696625,0.0698800161480904,0.00460194237530232,-28.488639831543,-7.12215995788574,-0.107720606029034,-0.00920388475060463,-0.83875036239624,-0.20968759059906,-0.138178110122681,0.395767033100128,0.235709875822067,0.0589274689555168,-0.0682981014251709,-0.231631100177765,-0.792292714118958,-0.198073178529739,-0.205841049551964,0.662679672241211,-1.29227328300476,-0.32306832075119,-0.261190921068192,0.0471238903701305,-0.104824468493462,-0.0262061171233654,0.0992025434970856,0.126645445823669,0.363724201917648,0.0909310504794121,0.152175694704056,0.483203947544098,25.2280712127686,6.30701780319214,0.120915241539478,0.0184077695012093,0.0799151584506035,0.0199787896126509,0.12279037386179,0.532291352748871,-0.0396717675030232,-0.00991794187575579,0.0328847132623196,-0.615126311779022,1.57904076576233,0.394760191440582,0.347063153982163,-0.811475813388825,-1.42711448669434,-0.356778621673584,-0.378816574811935,-2.71944117546082,-0.193227484822273,-0.0483068712055683,0.0688527300953865,0.430987238883972
-2.2206301689148,-0.555157542228699,-0.61452704668045,-2.53353238105774,0.00611098483204842,0.0015277462080121,-0.0535188838839531,0.0501782186329365,-0.321268677711487,-0.0803171694278717,-0.0566209331154823,0.486822187900543,4.55508327484131,1.13877081871033,0.822810232639313,4.48767805099487,-1.8979834318161,-0.474495857954025,-0.245177865028381,0.310852736234665,-0.785038352012634,-0.196259588003159,0.000869097653776407,-2.50712060928345,-2.18193626403809,-0.545484066009522,-0.508463203907013,1.7998708486557,-1.36103343963623,-0.340258359909058,-0.00235210359096527,0.210530340671539,0.716558039188385,0.179139509797096,-0.007419110275805,0.0908506214618683,1.2377895116806,0.309447377920151,0.773220062255859,-7.27147769927979,0.110902085900307,0.0277255214750767,-0.419408470392227,1.70745635032654,0.195766121149063,0.0489415302872658,0.117114573717117,-0.678284823894501,-0.0840378552675247,-0.0210094638168812,0.0689013004302979,-0.202271193265915,-0.80636477470398,-0.201591193675995,0.0210999697446823,1.04636991024017,-0.350869804620743,-0.0877174511551857,-0.000829727447126061,0.335216522216797,-0.546957314014435,-0.136739328503609,0.0837098136544228,0.500077724456787,-28.3012771606445,-7.07531929016113,-0.107864417135715,-0.0276116542518139,-0.454554408788681,-0.11363860219717,-0.141473785042763,-0.219359248876572,-1.00190448760986,-0.250476121902466,-0.0272760968655348,2.4911847114563,-0.666136384010315,-0.166534096002579,-0.203528091311455,0.0168737880885601,-1.63057839870453,-0.407644599676132,-0.265992283821106,-0.826631546020508,1.32276177406311,0.330690443515778,0.0728871002793312,-1.39997220039368,1.00500845909119,0.251252114772797,0.145656272768974,0.11965049803257,25.1016254425049,6.27540636062622,0.120963178575039,0.0122718466445804,0.540136635303497,0.135034158825874,0.115444041788578,-0.63506805896759,-0.0280139930546284,-0.00700349826365709,0.0203611981123686,-0.766990423202515,1.01692426204681,0.254231065511704,0.345768868923187,0.250038862228394,-1.74229049682617,-0.435572624206543,-0.39371919631958,0.407425314188004,0.23365330696106,0.0584133267402649,0.0555301085114479,-1.03279864788055
-2.41526699066162,-0.603816747665405,-0.685490727424622,-2.72894692420959,0.0908215939998627,0.0227053984999657,-0.0550358220934868,1.23045718669891,-0.318414866924286,-0.0796037167310715,-0.042599618434906,-0.131990522146225,4.26456499099731,1.06614124774933,0.935259580612183,6.1031985282898,-2.11924815177918,-0.529812037944794,-0.298116624355316,-2.83373093605042,0.216576278209686,0.0541440695524216,-0.0917558670043945,-5.30420064926148,-1.59133720397949,-0.397834300994873,-0.510003328323364,-1.8221549987793,-0.770332396030426,-0.192583099007607,-0.0121951475739479,0.611956059932709,0.257799029350281,0.0644497573375702,0.00383008224889636,0.385686606168747,2.048912525177,0.512228131294251,0.692038357257843,2.49472999572754,0.0368113033473492,0.00920282583683729,-0.331757336854935,1.32806944847107,0.0350491963326931,0.00876229908317328,0.0127941658720374,-0.0988462343811989,-0.00715010240674019,-0.00178752560168505,0.0701065734028816,0.551960349082947,-0.160002142190933,-0.0400005355477333,-0.00478385295718908,0.516488492488861,-0.558363676071167,-0.139590919017792,0.00667760381475091,0.216622889041901,-0.105150550603867,-0.0262876376509666,0.0831345692276955,0.352815568447113,-27.5170059204102,-6.87925148010254,-0.108379743993282,-0.36201947927475,-1.46425664424896,-0.366064161062241,-0.132018223404884,0.216291293501854,-0.496927827596664,-0.124231956899166,-0.0379420556128025,-0.590582609176636,-0.214536219835281,-0.0536340549588203,-0.19669708609581,0.513883590698242,-2.15443181991577,-0.538607954978943,-0.288380742073059,-0.0785398185253143,-0.135814651846886,-0.0339536629617214,0.111282639205456,2.83037853240967,1.19381701946259,0.298454254865646,0.150186315178871,-0.322135955095291,24.7737407684326,6.19343519210815,0.120567694306374,0.0122718466445804,0.13122820854187,0.0328070521354675,0.117037944495678,-0.608990371227264,0.620510637760162,0.155127659440041,0.00817324128001928,-0.432582587003708,1.38873505592346,0.347183763980866,0.326785862445831,-1.00015544891357,-0.948288977146149,-0.237072244286537,-0.39941793680191,-0.52228981256485,-0.966234743595123,-0.241558685898781,0.0579077787697315,0.182605072855949
-3.06585788726807,-0.766464471817017,-0.719465970993042,-0.236554443836212,-0.238537415862083,-0.0596343539655209,-0.0309437997639179,1.22827541828156,-0.0562764331698418,-0.0140691082924604,-0.0522417835891247,-0.587957799434662,4.23014640808106,1.05753660202026,1.02302026748657,2.86233997344971,-1.52358055114746,-0.380895137786865,-0.349875688552856,-2.62784910202026,-0.0170561745762825,-0.00426404364407063,-0.0459881909191608,4.43346500396729,-1.28483688831329,-0.321209222078323,-0.507753491401672,0.14398966729641,-1.03192925453186,-0.257982313632965,-0.00718414317816496,0.128718033432961,0.181192070245743,0.0452980175614357,-0.00676290737465024,-0.54510372877121,2.58657145500183,0.646642863750458,0.700270771980286,-0.298887640237808,0.898480355739594,0.224620088934898,-0.325048089027405,0.251110941171646,0.115433126688004,0.0288582816720009,0.0212542694061995,-0.4165980219841,-0.0218674503266811,-0.00546686258167028,0.0738563016057015,-0.0994214341044426,-0.560796856880188,-0.140199214220047,0.0284867566078901,0.144345074892044,-0.675143837928772,-0.168785959482193,0.00275896489620209,0.206132113933563,-0.467629909515381,-0.116907477378845,0.08587896078825,0.0920388475060463,-27.464241027832,-6.86606025695801,-0.107337109744549,0.0460194237530232,-0.413168609142303,-0.103292152285576,-0.156334221363068,-0.101242728531361,-0.649914145469666,-0.162478536367416,-0.0142252752557397,1.54778659343719,-0.727987706661224,-0.181996926665306,-0.177917808294296,1.14895164966583,-1.54729986190796,-0.38682496547699,-0.302685111761093,-1.66209888458252,1.37188720703125,0.342971801757813,0.124513223767281,-0.119773223996162,0.370799154043198,0.0926997885107994,0.151888072490692,0.36048549413681,25.0146598815918,6.25366497039795,0.120603650808334,0.0260776728391647,0.950503528118134,0.237625882029533,0.0979470759630203,-0.302194207906723,-0.986925661563873,-0.246731415390968,0.031949944794178,1.11827194690704,0.262062847614288,0.0655157119035721,0.319044053554535,-0.0138058271259069,-1.57041597366333,-0.392603993415833,-0.389861226081848,0.821722805500031,0.655794978141785,0.163948744535446,0.0167970899492502,-2.43473434448242
-2.77372622489929,-0.693431556224823,-0.733728289604187,-0.198842868208885,0.112248942255974,0.0280622355639935,-0.0247397013008595,0.309795945882797,-0.41755422949791,-0.104388557374477,-0.0545184090733528,-0.0925647839903832,3.83088970184326,0.957722425460815,1.04935359954834,0.297796785831451,-0.593523383140564,-0.148380845785141,-0.37445479631424,-0.28832021355629,0.00792738050222397,0.00198184512555599,-0.0100238854065537,0.157031327486038,-1.3871830701828,-0.3467957675457,-0.507632911205292,-0.226269468665123,-0.976365745067596,-0.244091436266899,-0.00983452051877976,-0.809396505355835,0.199145123362541,0.0497862808406353,-0.0219627097249031,-0.803942263126373,3.64291548728943,0.910728871822357,0.704796016216278,0.677405953407288,2.55985927581787,0.639964818954468,-0.311510622501373,0.144518420100212,0.265389859676361,0.0663474649190903,0.0253227241337299,0.0513397417962551,-0.00216337665915489,-0.000540844164788723,0.066062219440937,-0.723376631736755,-0.254928082227707,-0.0637320205569267,0.0140807619318366,-0.795483350753784,-0.619962811470032,-0.154990702867508,0.00387197267264128,-0.251403868198395,-0.143501996994019,-0.0358754992485046,0.0888989791274071,0.0153398076072335,-28.2472629547119,-7.06181573867798,-0.107205286622047,0,-1.20232582092285,-0.300581455230713,-0.144158244132996,0.0460194237530232,-0.652192115783691,-0.163048028945923,-0.00902412179857492,-0.358951508998871,-0.629139423370361,-0.15728485584259,-0.172992289066315,0.0521553456783295,-1.80316996574402,-0.450792491436005,-0.310239970684052,0.17376933991909,0.593757569789887,0.148439392447472,0.160722851753235,1.13882732391357,1.1241842508316,0.281046062707901,0.153469994664192,0.739378750324249,25.911563873291,6.47789096832275,0.119704835116863,0.0322135947644711,0.451887398958206,0.112971849739552,0.102213457226753,-0.340543746948242,-0.436339527368546,-0.109084881842136,0.0173891112208366,-0.470932096242905,0.703544616699219,0.175886154174805,0.276703774929047,-1.83157300949097,-2.61304831504822,-0.653262078762054,-0.362050175666809,2.65857267379761,-0.066619485616684,-0.016654871404171,0.0145037891343236,-1.33910393714905
-2.77192378044128,-0.692980945110321,-0.720041811466217,0.507392168045044,-0.0754678249359131,-0.0188669562339783,-0.0167289134114981,-0.402516543865204,-0.57473349571228,-0.14368337392807,-0.0621383972465992,0.0514248758554459,2.43594694137573,0.608986735343933,1.02839779853821,-1.78678095340729,-0.867282390594482,-0.216820597648621,-0.345497399568558,2.08581924438477,-0.884504079818726,-0.221126019954681,-0.00513038318604231,0.169170439243317,-1.66282546520233,-0.415706366300583,-0.531336605548859,-2.08956432342529,0.209459379315376,0.0523648448288441,-0.0265293456614018,-0.836667239665985,-0.423141598701477,-0.105785399675369,-0.0250830203294754,0.407970726490021,4.26313304901123,1.06578326225281,0.75822114944458,2.97687721252441,2.64808392524719,0.662020981311798,-0.300309926271439,0.649118840694428,0.988833665847778,0.247208416461945,0.0360308699309826,0.717274606227875,-0.00700800493359566,-0.00175200123339891,0.0440325513482094,-0.512534618377686,-0.323203325271606,-0.0808008313179016,0.00144456699490547,-1.55861973762512,-0.472031325101852,-0.118007831275463,0.00114319124259055,0.366747319698334,-0.126421540975571,-0.0316053852438927,0.0798508897423744,-0.773126304149628,-27.9478492736816,-6.98696231842041,-0.107025526463985,-0.0352815575897694,-0.645172476768494,-0.161293119192123,-0.165813744068146,-0.383495211601257,-0.0837930142879486,-0.0209482535719872,-0.0176407787948847,-0.305262178182602,-0.656617820262909,-0.164154455065727,-0.177282646298409,-0.527689397335053,-1.90737152099609,-0.476842880249023,-0.316736370325089,-0.314159274101257,0.45070493221283,0.112676233053207,0.180135369300842,1.07992243766785,0.510185360908508,0.127546340227127,0.179619565606117,1.02930116653442,26.4777412414551,6.61943531036377,0.12029206007719,0.00766990380361676,1.00408244132996,0.251020610332489,0.0919429734349251,0.0138058271259069,-0.563571512699127,-0.140892878174782,0.0257181469351053,-0.219359248876572,0.753589272499085,0.188397318124771,0.253789931535721,-0.917320489883423,-2.39106130599976,-0.597765326499939,-0.34453210234642,-0.477129399776459,0.0732215344905853,0.0183053836226463,0.00304495193995535,-0.228747203946114
-2.61540269851685,-0.653850674629211,-0.690311789512634,2.55581641197205,1.13381540775299,0.283453851938248,-0.0245777815580368,-0.176714584231377,-0.694969415664673,-0.173742353916168,-0.0794942900538445,-1.66102373600006,1.09119641780853,0.272799104452133,0.91979193687439,-7.45473766326904,-0.0648640990257263,-0.0162160247564316,-0.312604486942291,1.04604780673981,0.0204211249947548,0.0051052812486887,-0.102485343813896,-6.29749202728272,-2.10318231582642,-0.525795578956604,-0.578194856643677,-2.93636059761047,0.589363515377045,0.147340878844261,-0.0231631100177765,0.272707670927048,-0.342127621173859,-0.0855319052934647,-0.0363188199698925,-0.176558747887611,5.1184606552124,1.2796151638031,0.853200078010559,4.65893840789795,-2.82384991645813,-0.705962479114533,-0.281514972448349,1.60786712169647,0.106280162930489,0.0265700407326221,0.0842521712183952,2.06394171714783,0.300365954637527,0.0750914886593819,0.0348457135260105,-0.670237600803375,1.0954601764679,0.273865044116974,-0.022728132084012,-0.625118792057037,-0.430399388074875,-0.107599847018719,0.00793122313916683,0.206794679164886,0.194797247648239,0.0486993119120598,0.0657095089554787,-0.621262192726135,-28.6802368164063,-7.17005920410156,-0.107121393084526,-0.0276116542518139,-0.939092516899109,-0.234773129224777,-0.162422209978104,0.454058319330215,-0.0523256994783878,-0.013081424869597,-0.0110734244808555,0.639670014381409,-1.10929930210114,-0.277324825525284,-0.176479697227478,0.148796141147614,-0.888921082019806,-0.222230270504951,-0.344255983829498,-1.78285384178162,0.401352167129517,0.100338041782379,0.171821191906929,-0.865901470184326,-0.343191802501678,-0.0857979506254196,0.200532034039497,0.655009806156158,27.4360103607178,6.85900259017944,0.119908563792706,-0.00766990380361676,0.596122324466705,0.149030581116676,0.111381389200687,1.01089334487915,-0.597387313842773,-0.149346828460693,0.0225423276424408,-0.115048557519913,1.00363564491272,0.25090891122818,0.239384904503822,-0.32520392537117,-1.63326621055603,-0.408316552639008,-0.37921541929245,-1.20165920257568,0.964859247207642,0.24121481180191,-0.000145728175994009,-0.924806356430054
-2.08783626556397,-0.521959066390991,-0.678741157054901,-0.305120944976807,0.825422465801239,0.20635561645031,-0.0143768088892102,-0.0152716310694814,-0.681860268115997,-0.170465067028999,-0.0652319267392159,0.707949161529541,2.06244611740112,0.515611529350281,0.870857954025269,0.173442095518112,-0.593900561332703,-0.148475140333176,-0.284182906150818,1.7780100107193,0.384065210819244,0.0960163027048111,0.0665616244077683,0.0865891948342323,-2.44349479675293,-0.610873699188232,-0.643841922283173,-2.55410242080688,-0.0269283801317215,-0.00673209503293037,-0.0255748685449362,0.813759744167328,-0.144659981131554,-0.0361649952828884,-0.0366536192595959,0.644525170326233,4.69858598709106,1.17464649677277,0.989332377910614,7.56054782867432,-2.37250590324402,-0.593126475811005,-0.345576673746109,-5.14616918563843,-0.0367635227739811,-0.00919088069349527,0.0630167052149773,-2.3639063835144,0.226439028978348,0.0566097572445869,0.00886543467640877,-1.09192156791687,0.103414781391621,0.0258536953479052,0.00389934657141566,-0.254527300596237,-0.748773574829102,-0.187193393707275,0.0232971366494894,0.793078720569611,-0.000789433484897018,-0.000197358371224254,0.0598132684826851,-0.332873821258545,-28.6002597808838,-7.15006494522095,-0.107049494981766,0.029145635664463,-0.522827923297882,-0.130706980824471,-0.15731692314148,0.00613592332229018,-0.613710284233093,-0.153427571058273,0.000695085036568344,0.559902966022492,-0.977202832698822,-0.244300708174706,-0.198386862874031,-1.19497108459473,-1.1537926197052,-0.2884481549263,-0.338771998882294,0.29845130443573,0.244113400578499,0.0610283501446247,0.157325074076653,-0.19536779820919,0.355658054351807,0.0889145135879517,0.194072544574738,-0.487805902957916,27.2726497650147,6.81816244125366,0.119153559207916,-0.00153398083057255,0.497158706188202,0.12428967654705,0.115767613053322,-0.288388401269913,-0.705351293087006,-0.176337823271751,0.0206128675490618,-0.0306796152144671,1.40629351139069,0.351573377847672,0.243795096874237,0.452524334192276,-2.0649676322937,-0.516241908073425,-0.379944056272507,0.272925853729248,-0.103484645485878,-0.0258711613714695,0.0315769948065281,2.63402915000916
-2.48919582366943,-0.622298955917358,-0.672353267669678,0.48510804772377,0.566974520683289,0.141743630170822,-0.00726084224879742,0.028361601755023,-0.543434381484985,-0.135858595371246,-0.0547460690140724,0.275980174541473,1.71460831165314,0.428652077913284,0.858151435852051,-1.28172612190247,-0.941742062568665,-0.235435515642166,-0.273604482412338,1.04109227657318,0.555519998073578,0.138879999518394,0.0751707255840302,0.166347593069077,-2.49941539764404,-0.624853849411011,-0.697315752506256,-1.41589832305908,0.266349375247955,0.0665873438119888,-0.0229671001434326,0.502873003482819,-0.26019960641861,-0.0650499016046524,-0.0218153987079859,0.195414543151855,4.85584497451782,1.21396124362946,1.11199116706848,4.44731712341309,-2.21266984939575,-0.553167462348938,-0.413608133792877,-2.46166324615479,0.314610302448273,0.0786525756120682,0.0223524160683155,-1.74084889888763,0.218853086233139,0.0547132715582848,-0.00757981278002262,-0.155988797545433,0.377688646316528,0.0944221615791321,-0.028556939214468,-0.778189361095429,-0.330029338598251,-0.0825073346495628,0.0156179973855615,-0.325062453746796,0.150599330663681,0.0376498326659203,0.0443416349589825,-0.469398111104965,-28.3140506744385,-7.07851266860962,-0.107361078262329,-0.0383495204150677,-0.770669102668762,-0.192667275667191,-0.14684271812439,0.460194230079651,-0.363160461187363,-0.0907901152968407,-0.0094915060326457,-0.529223382472992,-0.8098424077034,-0.20246060192585,-0.216123521327972,-0.526155412197113,-1.94340407848358,-0.485851019620895,-0.315631896257401,1.68566083908081,0.848413527011871,0.212103381752968,0.142292067408562,-1.20460450649261,0.294820010662079,0.0737050026655197,0.19030949473381,-0.00920388475060463,27.0137882232666,6.75344705581665,0.119213476777077,-0.00153398083057255,0.811261832714081,0.20281545817852,0.108193583786488,0.0383495204150677,-0.294856011867523,-0.0737140029668808,0.0134223327040672,-0.486271917819977,1.19860088825226,0.299650222063065,0.264012485742569,0.983281672000885,-1.59612655639648,-0.399031639099121,-0.378893285989761,-0.0461421422660351,0.845577657222748,0.211394414305687,0.0336555391550064,-0.471238911151886
-2.32312345504761,-0.580780863761902,-0.663152992725372,0.75594574213028,0.775639235973358,0.19390980899334,-0.0108316093683243,-0.0610865242779255,-0.677168965339661,-0.169292241334915,-0.048625972121954,0.277694344520569,1.95352232456207,0.488380581140518,0.820679724216461,-1.95585954189301,-0.653022944927216,-0.163255736231804,-0.253955096006393,1.14378464221954,0.505363047122955,0.126340761780739,0.0818034559488297,-0.245504513382912,-2.41681718826294,-0.604204297065735,-0.716238498687744,-0.335975885391235,-0.0519830733537674,-0.0129957683384418,-0.0165073368698359,0.289070159196854,-0.146096378564835,-0.0365240946412087,-0.0218555741012096,-0.176558747887611,4.97037696838379,1.24259424209595,1.17006945610046,1.33735847473145,-2.10712838172913,-0.526782095432282,-0.451673001050949,-1.51012802124023,0.299349397420883,0.0748373493552208,0.0391793064773083,2.23329520225525,0.222101956605911,0.0555254891514778,-0.0101242726668715,-0.154274642467499,0.189372211694717,0.0473430529236794,-0.0161999966949224,-0.179071024060249,-0.576538324356079,-0.14413458108902,0.0231614410877228,-0.162089005112648,-0.447615027427673,-0.111903756856918,0.0454921200871468,0.150330111384392,-28.3072357177734,-7.07680892944336,-0.107492908835411,0,-0.490015864372253,-0.122503966093063,-0.154081180691719,-0.790000081062317,-0.920348048210144,-0.230087012052536,0.00795752555131912,1.15201961994171,-0.94231116771698,-0.235577791929245,-0.218748062849045,0.228563144803047,-1.28852868080139,-0.322132170200348,-0.298551023006439,-0.589048624038696,0.464749038219452,0.116187259554863,0.1452756524086,0.664643168449402,0.680161714553833,0.170040428638458,0.186882004141808,-0.388097137212753,27.0915775299072,6.77289438247681,0.119213476777077,0.0107378652319312,0.527529895305634,0.131882473826408,0.117349535226822,-0.0521553456783295,-0.242111906409264,-0.0605279766023159,0.00882038939744234,-0.13805827498436,1.40558993816376,0.351397484540939,0.278453469276428,0.727106869220734,-1.72114133834839,-0.430285334587097,-0.378248989582062,0.0589048638939858,0.411524444818497,0.102881111204624,0.0536663196980953,0.83154034614563
-2.44222521781921,-0.610556304454804,-0.644993603229523,0.630811870098114,0.67626029253006,0.169065073132515,-0.0122036691755056,-0.123263873159885,-0.661606550216675,-0.165401637554169,-0.0442869998514652,0.236554443836212,1.9371851682663,0.484296292066574,0.779952526092529,-1.95258712768555,-0.545903205871582,-0.136475801467896,-0.225983664393425,1.30995559692383,0.588540136814117,0.147135034203529,0.0821265205740929,0.223857164382935,-2.44661235809326,-0.611653089523315,-0.715555489063263,0.279408514499664,-0.0811621695756912,-0.0202905423939228,-0.0139847919344902,0.350156664848328,-0.0797418281435967,-0.0199354570358992,-0.0250964127480984,-0.419969826936722,4.86412572860718,1.21603143215179,1.19031798839569,0.689405024051666,-2.01936221122742,-0.504840552806854,-0.474797695875168,-0.908456861972809,0.28125935792923,0.0703148394823074,0.0653468370437622,0.525225102901459,0.168927937746048,0.042231984436512,-0.00752624543383718,0.606813549995422,0.121692381799221,0.0304230954498053,-0.0273398160934448,0.160794571042061,-0.418283581733704,-0.104570895433426,0.0160638317465782,0.09200219810009,-0.276879698038101,-0.0692199245095253,0.0478889644145966,0.029145635664463,-28.158842086792,-7.039710521698,-0.10743298381567,-0.0153398076072335,-0.640760183334351,-0.160190045833588,-0.15335014462471,0,-0.86477267742157,-0.216193169355392,0.00564457010477781,-0.598252534866333,-0.801082909107208,-0.200270727276802,-0.222786754369736,-0.253106832504272,-1.80599927902222,-0.451499819755554,-0.285404801368713,1.35579359531403,0.635626614093781,0.158906653523445,0.146648570895195,-0.222856730222702,0.641924977302551,0.160481244325638,0.186498507857323,0.0951068103313446,26.9591274261475,6.73978185653687,0.119225464761257,0.00920388475060463,0.675894856452942,0.168973714113235,0.111453294754028,-0.179475754499435,-0.0829365104436874,-0.0207341276109219,0.00558464881032705,-0.223961189389229,1.4603465795517,0.365086644887924,0.292295247316361,0.840621471405029,-1.4655327796936,-0.366383194923401,-0.379644930362701,-0.257217884063721,0.308449506759644,0.0771123766899109,0.0678939968347549,0.533088982105255
-2.10465502738953,-0.526163756847382,-0.636690616607666,0.275980174541473,0.611325562000275,0.152831390500069,-0.0149733573198318,-0.278161853551865,-0.626443207263947,-0.156610801815987,-0.0414613075554371,0.164559617638588,1.96412456035614,0.491031140089035,0.739148616790772,-2.10639429092407,-0.502867102622986,-0.125716775655746,-0.194438874721527,1.52308118343353,0.486947417259216,0.121736854314804,0.0880048498511314,0.382018595933914,-2.55391407012939,-0.638478517532349,-0.707761406898499,0.593100249767304,-0.0789463669061661,-0.0197365917265415,-0.0113855460658669,0.173442095518112,-0.0719820708036423,-0.0179955177009106,-0.0321673341095448,-0.735375761985779,4.80989360809326,1.20247340202332,1.19562721252441,-0.100356437265873,-1.97522604465485,-0.493806511163712,-0.489482164382935,-0.408842146396637,0.285138696432114,0.0712846741080284,0.0666810125112534,0.244816914200783,0.174212232232094,0.0435530580580235,-0.00258463597856462,0.185129567980766,0.134034067392349,0.0335085168480873,-0.0286808181554079,-0.0487743951380253,-0.399255692958832,-0.099813923239708,0.0101887453347445,-0.299566388130188,-0.223106175661087,-0.0557765439152718,0.0482245236635208,0.0598252490162849,-28.1027755737305,-7.02569389343262,-0.10743298381567,-0.00306796166114509,-0.669010281562805,-0.167252570390701,-0.154836192727089,-0.0337475761771202,-0.47161266207695,-0.117903165519238,-0.0030919301789254,-0.56297093629837,-0.908216834068298,-0.227054208517075,-0.223110318183899,0.179475754499435,-1.30457520484924,-0.326143801212311,-0.278593927621841,-0.271944105625153,0.683543622493744,0.170885905623436,0.147292837500572,0.138426423072815,0.639442443847656,0.159860610961914,0.186043113470078,-0.1027767136693,26.8962211608887,6.72405529022217,0.119237445294857,0,0.585533142089844,0.146383285522461,0.11484482884407,0.351281613111496,-0.193011984229088,-0.048252996057272,0.00662727653980255,-0.00766990380361676,1.49359309673309,0.373398274183273,0.307802826166153,0.717903017997742,-1.61990547180176,-0.404976367950439,-0.377796471118927,0.166897118091583,0.300281405448914,0.0750703513622284,0.0717059373855591,0.0373064130544663
-1.88864398002625,-0.472160995006561,-0.627892136573792,0.305120944976807,0.749451518058777,0.187362879514694,-0.0225239507853985,-0.485419720411301,-0.677018165588379,-0.169254541397095,-0.0392248630523682,0.0994214341044426,1.91171371936798,0.477928429841995,0.699733853340149,-1.77041828632355,-0.213434725999832,-0.053358681499958,-0.167465150356293,1.13046967983246,0.326935231685638,0.0817338079214096,0.0851178392767906,-0.323958545923233,-2.69955635070801,-0.674889087677002,-0.691811680793762,0.9685018658638,-0.104578420519829,-0.0261446051299572,-0.00849654898047447,0.178896248340607,-0.0916841104626656,-0.0229210276156664,-0.0387159697711468,-0.0994214341044426,4.66039085388184,1.16509771347046,1.19111049175262,-0.318522572517395,-1.93159365653992,-0.482898414134979,-0.494339764118195,-0.158534064888954,0.261248052120209,0.0653120130300522,0.0735912248492241,0.238164842128754,0.144921958446503,0.0362304896116257,0.00597278540953994,0.596528589725494,0.161020398139954,0.0402550995349884,-0.0296390689909458,-0.137752115726471,-0.368286490440369,-0.0920716226100922,0.00718102976679802,-0.0811928883194923,0.0723616182804108,0.0180904045701027,0.0428555905818939,-0.480135977268219,-28.1444492340088,-7.0361123085022,-0.107468940317631,0,-0.793529152870178,-0.198382288217545,-0.155603185296059,0.0766990408301354,-0.233926504850388,-0.0584816262125969,-0.0173052214086056,-0.63660204410553,-0.937125146389008,-0.234281286597252,-0.224344700574875,-0.0766990408301354,-1.1920907497406,-0.29802268743515,-0.279437631368637,0.000981747638434172,0.612878799438477,0.153219699859619,0.15372022986412,0.283725082874298,0.517161250114441,0.12929031252861,0.184557065367699,-0.0168737880885601,26.8595275878906,6.71488189697266,0.119225464761257,0.0199417509138584,0.563511550426483,0.140877887606621,0.119674474000931,0.11965049803257,-0.152558162808418,-0.0381395407021046,0.00583631778135896,0.0613592304289341,1.52472448348999,0.381181120872498,0.321177244186401,0.474000066518784,-1.66316175460815,-0.415790438652039,-0.376822412014008,0.0215984489768744,0.354804128408432,0.088701032102108,0.0719360336661339,0.00196349527686834
-1.718714594841,-0.429678648710251,-0.623218357563019,0.0137133002281189,0.773803889751434,0.193450972437859,-0.0292223338037729,-0.38179075717926,-0.719831228256226,-0.179957807064056,-0.035501915961504,0.234840273857117,1.83718276023865,0.459295690059662,0.663949489593506,-1.51407313346863,0.000670734792947769,0.000167683698236942,-0.138010069727898,1.22002804279327,0.107168115675449,0.0267920289188623,0.0809518024325371,0.143476605415344,-2.72218418121338,-0.680546045303345,-0.674094200134277,1.49474990367889,-0.0732836574316025,-0.0183209143579006,-0.00688586942851543,0.0152716310694814,-0.0586067214608192,-0.0146516803652048,-0.0385418757796288,0,4.40530347824097,1.10132586956024,1.17831027507782,-0.827940583229065,-1.89994418621063,-0.474986046552658,-0.496308416128159,-0.0331995785236359,0.228456303477287,0.0571140758693218,0.0768728852272034,0.0420740284025669,0.116558432579041,0.0291396081447601,0.0176906939595938,0.56224536895752,0.13630399107933,0.0340759977698326,-0.0265879034996033,0.352779895067215,-0.367362886667252,-0.0918407216668129,0.00666407914832234,-0.0885461047291756,0.189478725194931,0.0473696812987328,0.0344306789338589,-0.305262178182602,-28.3341293334961,-7.08353233337402,-0.107516877353191,-0.00153398083057255,-0.821474671363831,-0.205368667840958,-0.156154453754425,0.0122718466445804,-0.151190966367722,-0.0377977415919304,-0.0237287655472755,-0.153398081660271,-0.952465653419495,-0.238116413354874,-0.227556467056274,-0.20708741247654,-1.13683450222015,-0.284208625555038,-0.280733823776245,-0.107010506093502,0.529499053955078,0.13237476348877,0.156956925988197,0.136462926864624,0.414027601480484,0.103506900370121,0.183670237660408,0.00460194237530232,26.9113521575928,6.72783803939819,0.119225464761257,0.0107378652319312,0.620957255363464,0.155239313840866,0.119015343487263,-0.0260776728391647,-0.272979378700256,-0.0682448446750641,0.00836498942226172,0.2055534273386,1.49544322490692,0.37386080622673,0.331028282642365,0.624330163002014,-1.78233051300049,-0.445582628250122,-0.376684337854385,0.00687223393470049,0.489061653614044,0.122265413403511,0.0733012780547142,-0.065777100622654
-1.56652128696442,-0.391630321741104,-0.620325744152069,0.294835984706879,0.784310400485992,0.196077600121498,-0.0399261116981506,-0.495237201452255,-0.693411946296692,-0.173352986574173,-0.0350867658853531,0.0514248758554459,1.79934704303741,0.449836760759354,0.631522834300995,-1.4617133140564,0.0927557349205017,0.0231889337301254,-0.107432216405869,1.12805044651032,-0.111182987689972,-0.027795746922493,0.0739214271306992,0.187345653772354,-2.77607345581055,-0.694018363952637,-0.646908640861511,1.58902883529663,-0.0594993084669113,-0.0148748271167278,-0.00653646234422922,0.0349065847694874,-0.0726109966635704,-0.0181527491658926,-0.0352876447141171,0.310263425111771,4.20428800582886,1.05107200145721,1.14986348152161,-1.37008345127106,-1.94005823135376,-0.48501455783844,-0.495898306369782,0.0207887440919876,0.20467646420002,0.051169116050005,0.0757520794868469,-0.0642543882131577,0.126271784305573,0.0315679460763931,0.0250964127480984,0.311977595090866,0.267412513494492,0.0668531283736229,-0.0239401888102293,0.0364116579294205,-0.361613869667053,-0.0904034674167633,0.00299651664681733,-0.108123287558556,0.110111594200134,0.0275278985500336,0.0363002195954323,0.170271873474121,-28.6966247558594,-7.17415618896484,-0.107540845870972,-0.0107378652319312,-0.81581711769104,-0.20395427942276,-0.156118497252464,0.00460194237530232,-0.282599061727524,-0.070649765431881,-0.0231535229831934,0.0828349590301514,-0.917765498161316,-0.229441374540329,-0.231559202075005,-0.259242743253708,-1.21696710586548,-0.30424177646637,-0.281255394220352,0.00883573014289141,0.5500608086586,0.13751520216465,0.157002940773964,-0.0323976762592793,0.417529255151749,0.104382313787937,0.183142930269241,-0.00306796166114509,27.1530914306641,6.78827285766602,0.119213476777077,0.00153398083057255,0.597269237041473,0.149317309260368,0.118691764771938,-0.0107378652319312,-0.24414686858654,-0.0610367171466351,0.0105101652443409,0.029145635664463,1.42833602428436,0.357084006071091,0.344019174575806,0.66421365737915,-1.72717332839966,-0.431793332099915,-0.377159863710403,-0.027488935738802,0.461771041154861,0.115442760288715,0.0767373964190483,0.164933606982231
-1.43191802501678,-0.357979506254196,-0.61914724111557,-0.0274266004562378,0.72739177942276,0.18184794485569,-0.0479965545237064,-0.361065000295639,-0.635341882705689,-0.158835470676422,-0.0309352781623602,0.260552734136581,1.70181429386139,0.425453573465347,0.59818434715271,-1.36353850364685,0.0539774335920811,0.0134943583980203,-0.0798688307404518,1.23354637622833,-0.545889675617218,-0.136472418904305,0.0717766508460045,-0.0605955310165882,-2.659836769104,-0.664959192276001,-0.615732312202454,1.32504773139954,0.0182564705610275,0.00456411764025688,-0.00607626792043448,0.00981747731566429,-0.0535652711987495,-0.0133913177996874,-0.0297166164964438,0.217698663473129,3.79684066772461,0.949210166931152,1.10450875759125,-2.21329569816589,-1.87960374355316,-0.46990093588829,-0.49653747677803,-0.0500491820275784,0.244353622198105,0.0610884055495262,0.0737987384200096,-0.135149478912354,0.080051377415657,0.0200128443539143,0.0364929139614105,0.522819578647614,0.288395017385483,0.0720987543463707,-0.0124301724135876,0.171255171298981,-0.381979554891586,-0.0954948887228966,0.00456902291625738,-0.0733414217829704,0.461799383163452,0.115449845790863,0.0335078947246075,-0.164135947823524,-29.1639099121094,-7.29097747802734,-0.107552826404572,-0.0122718466445804,-0.834031939506531,-0.208507984876633,-0.155243650078774,0.0460194237530232,-0.0939659774303436,-0.0234914943575859,-0.0236568599939346,-0.0398835018277168,-0.865861117839813,-0.216465279459953,-0.233356833457947,-0.044485442340374,-1.10845458507538,-0.277113646268845,-0.284070253372192,-0.0559596195816994,0.464848577976227,0.116212144494057,0.156803518533707,0.0157079622149467,0.444007515907288,0.111001878976822,0.182148233056068,-0.156466037034988,27.4385662078857,6.85964155197144,0.119225464761257,0.00460194237530232,0.503213584423065,0.125803396105766,0.11879962682724,0.0122718466445804,-0.301278591156006,-0.0753196477890015,0.0098989699035883,-0.0383495204150677,1.45388114452362,0.363470286130905,0.34834548830986,0.0782330185174942,-1.84571003913879,-0.461427509784699,-0.37785017490387,-0.00392699055373669,0.417546421289444,0.104386605322361,0.0807717591524124,0.269980609416962
-1.55818259716034,-0.389545649290085,-0.61988377571106,-0.0257124379277229,0.494146943092346,0.123536735773087,-0.0562374368309975,-0.270526051521301,-0.437699675559998,-0.109424918889999,-0.0285649131983519,0.106278084218502,1.73128485679626,0.432821214199066,0.568919360637665,-1.37881004810333,-0.121634379029274,-0.0304085947573185,-0.0547588132321835,1.14968323707581,-1.25626039505005,-0.314065098762512,0.0590147748589516,-0.719283938407898,-2.45932340621948,-0.614830851554871,-0.586511194705963,1.55988800525665,0.0304745584726334,0.00761863961815834,-0.00386051833629608,0.113446407020092,0.0354381799697876,0.0088595449924469,-0.0252705067396164,0.370259135961533,3.01621174812317,0.754052937030792,1.04389095306396,-3.23104071617126,-1.88726627826691,-0.471816569566727,-0.496400237083435,0.0238231588155031,0.352287590503693,0.0880718976259232,0.0737975910305977,0.0462265722453594,0.0891650021076202,0.0222912505269051,0.0443941354751587,0.351403325796127,0.409525871276855,0.102381467819214,-0.00306816794909537,0.588696599006653,-0.411334604024887,-0.102833651006222,0.00592986727133393,-0.00450646318495274,0.380294650793076,0.0950736626982689,0.0454082302749157,0.193281576037407,-29.8082447052002,-7.45206117630005,-0.107552826404572,-0.00153398083057255,-0.816473841667175,-0.204118460416794,-0.153314188122749,0.0720971003174782,-0.53613543510437,-0.134033858776093,-0.0165022779256105,0.46172821521759,-0.683022141456604,-0.170755535364151,-0.233536601066589,0.0567572899162769,-1.10496783256531,-0.276241958141327,-0.282168120145798,0.0991565138101578,0.388897001743317,0.0972242504358292,0.154909059405327,-0.17376933991909,0.530113339424133,0.132528334856033,0.177738040685654,-0.253106832504272,27.8005771636963,6.95014429092407,0.119249433279037,0.00613592332229018,0.49416583776474,0.123541459441185,0.11883557587862,-0.0214757304638624,-0.274671018123627,-0.0686677545309067,0.00952745880931616,-0.0337475761771202,1.28386223316193,0.320965558290482,0.351197719573975,0.111980594694614,-1.88285636901855,-0.470714092254639,-0.379545211791992,0.0117809725925326,0.553863704204559,0.13846592605114,0.0848981738090515,0.186532065272331
-1.8516263961792,-0.4629065990448,-0.625454843044281,-0.433683156967163,0.242125853896141,0.0605314634740353,-0.0622625723481178,-0.170169606804848,-0.287113189697266,-0.0717782974243164,-0.0259401015937328,0.0925647839903832,3.49629402160645,0.874073505401611,0.543523490428925,-1.01338171958923,-0.597147345542908,-0.149286836385727,-0.0335245467722416,0.800948023796082,-0.796225607395172,-0.199056401848793,0.0288542434573174,-1.97541546821594,-2.17715573310852,-0.54428893327713,-0.54914778470993,1.69702088832855,-0.615087687969208,-0.153771921992302,-0.00163624621927738,0.138535514473915,0.275702685117722,0.0689256712794304,-0.0154140722006559,0.695950031280518,1.70722377300262,0.426805943250656,0.945000350475311,-5.72358894348145,-0.995015978813171,-0.248753994703293,-0.495247453451157,0.019580939784646,0.0802742838859558,0.020068570971489,0.0804766789078713,0.431644856929779,0.149405658245087,0.0373514145612717,0.048987552523613,-0.00514248805120587,-0.410231202840805,-0.102557800710201,0.0141459600999951,0.717837750911713,-0.55210018157959,-0.138025045394897,0.0086821923032403,0.0747236534953117,0.68659508228302,0.171648770570755,0.0595496147871017,0.80840790271759,-29.9999866485596,-7.49999666213989,-0.107552826404572,-0.00306796166114509,-0.825818300247192,-0.206454575061798,-0.150246232748032,0.15493206679821,-0.469945162534714,-0.117486290633678,-0.0200256407260895,-0.530757367610931,-0.612516760826111,-0.153129190206528,-0.226861387491226,0.477068036794663,-1.27950966358185,-0.319877415895462,-0.273876935243607,0.516399323940277,0.456830203533173,0.114207550883293,0.151043429970741,-0.180641576647758,0.526109874248505,0.131527468562126,0.173447698354721,-0.176407784223557,27.8948879241943,6.97372198104858,0.119225464761257,-0.00306796166114509,0.456602334976196,0.114150583744049,0.119914159178734,-0.0260776728391647,-0.193983599543571,-0.0484958998858929,0.00935968011617661,-0.113514579832554,1.43689680099487,0.359224200248718,0.346308141946793,-0.228563144803047,-1.90627026557922,-0.476567566394806,-0.381738811731339,-0.100138261914253,0.259758651256561,0.0649396628141403,0.0942401140928268,0.587085127830505
-1.76058185100555,-0.440145462751389,-0.656965970993042,-2.15127420425415,-0.0882980078458786,-0.0220745019614697,-0.0703756287693977,-0.423242330551147,-0.313000708818436,-0.0782501772046089,-0.0232617221772671,-0.0394257418811321,4.39883089065552,1.09970772266388,0.586330056190491,4.85528755187988,-2.57141780853272,-0.642854452133179,-0.04498540610075,-1.98419404029846,-0.230123519897461,-0.0575308799743652,-0.0380075350403786,-5.36613178253174,-2.00713992118835,-0.501784980297089,-0.502530634403229,2.44782423973084,-1.18211221694946,-0.295528054237366,-0.00582912657409906,-0.118900552392006,0.546892940998077,0.136723235249519,-0.000388364976970479,0.661666810512543,1.5320885181427,0.383022129535675,0.771387815475464,-10.4916105270386,-0.290516823530197,-0.0726292058825493,-0.467367619276047,2.08774089813232,-0.103183627128601,-0.0257959067821503,0.0521681159734726,-2.0812885761261,-0.0384127385914326,-0.00960318464785814,0.0468046739697456,-0.361688315868378,-0.768766403198242,-0.192191600799561,-0.00487544015049934,0.354019314050674,-0.636955499649048,-0.159238874912262,4.42318632849492E-05,-1.14079058170319,-0.0622206032276154,-0.0155551508069038,0.0884675532579422,1.42353415489197,-28.3252182006836,-7.0813045501709,-0.108056165277958,0.0628932118415833,-0.826375842094421,-0.206593960523605,-0.151396721601486,-0.291456341743469,-0.863275170326233,-0.215818792581558,-0.0265091061592102,-0.566038906574249,-0.642041087150574,-0.160510271787643,-0.216039627790451,0.582912683486939,-1.65260767936707,-0.413151919841766,-0.269159942865372,-0.0422151535749435,0.54691743850708,0.13672935962677,0.148619741201401,-0.15020740032196,0.983954608440399,0.2459886521101,0.173795238137245,-0.0337475761771202,26.1999416351318,6.54998540878296,0.11947713047266,0.0122718466445804,0.142509430646896,0.0356273576617241,0.118895500898361,-0.159534007310867,-0.309597551822662,-0.0773993879556656,0.00981508009135723,0.150330111384392,1.12957167625427,0.282392919063568,0.347159028053284,-0.00460194237530232,-1.70109677314758,-0.425274193286896,-0.387261152267456,-0.263108402490616,-0.163485378026962,-0.0408713445067406,0.0926371067762375,-0.154134392738342
-2.60732746124268,-0.651831865310669,-0.694650769233704,-1.42446911334991,-0.154923364520073,-0.0387308411300182,-0.0597655922174454,1.29917943477631,-0.133068889379501,-0.0332672223448753,-0.0317120105028153,-1.55474555492401,4.39735841751099,1.09933960437775,0.758050680160523,8.90990543365479,-1.96390020847321,-0.490975052118301,-0.16931663453579,-7.17299175262451,0.150877952575684,0.0377194881439209,-0.0886465907096863,0.289423763751984,-1.47345697879791,-0.368364244699478,-0.494616031646729,-1.01478433609009,-1.20000445842743,-0.300001114606857,-0.00356224458664656,0.39051741361618,0.475090473890305,0.118772618472576,0.00215609511360526,-0.0994214341044426,2.20758891105652,0.55189722776413,0.685246229171753,0.110173903405666,0.261623173952103,0.0654057934880257,-0.351513028144836,0.194898664951324,-0.195506930351257,-0.0488767325878143,-0.014067018404603,1.41739130020142,-0.0326467789709568,-0.0081616947427392,0.0599421262741089,0.965073525905609,-0.436451464891434,-0.109112866222858,-5.28333039255813E-05,0.871414959430695,-0.750753045082092,-0.187688261270523,0.00331306108273566,0.833158791065216,-0.712298095226288,-0.178074523806572,0.101027019321918,0.648873865604401,-27.6049461364746,-6.90123653411865,-0.104700580239296,-0.173339828848839,-0.910184741020203,-0.227546185255051,-0.159617900848389,-0.458660244941711,-0.924626708030701,-0.231156677007675,-0.0373787991702557,-0.397301018238068,-0.128408402204514,-0.0321021005511284,-0.206044778227806,0.42798063158989,-1.91519057750702,-0.478797644376755,-0.276009172201157,-0.0726493299007416,0.744718968868256,0.186179742217064,0.148987889289856,0.251327395439148,0.673504710197449,0.168376177549362,0.181081637740135,0.110446617007256,25.6916427612305,6.42291069030762,0.119620941579342,0.044485442340374,0.313012003898621,0.0782530009746552,0.108097709715366,-0.882038950920105,-0.366639256477356,-0.091659814119339,0.00747815659269691,-0.11965049803257,0.783550977706909,0.195887744426727,0.330728650093079,-1.09986424446106,-1.39470052719116,-0.348675131797791,-0.386195033788681,0.482038110494614,-0.382219135761261,-0.0955547839403153,0.0769751593470573,-0.685259878635407
-2.94455671310425,-0.736139178276062,-0.707158803939819,0.0308549292385578,0.179700687527657,0.0449251718819141,-0.053177997469902,0.297796785831451,-0.294865250587463,-0.0737163126468658,-0.0420237667858601,-0.59824275970459,4.110182762146,1.0275456905365,0.931586503982544,7.4863715171814,-1.87014245986938,-0.467535614967346,-0.256233215332031,-2.75154376029968,0.0223365947604179,0.00558414869010448,-0.0293890312314034,3.30058741569519,-1.46111810207367,-0.365279525518417,-0.491576075553894,-0.383972436189652,-0.987776517868042,-0.246944129467011,-0.00326396990567446,-0.211621165275574,0.298301756381989,0.0745754390954971,0.00309352786280215,0.14398966729641,2.53433227539063,0.633583068847656,0.691731572151184,0.279252678155899,0.87401556968689,0.218503892421722,-0.336948186159134,0.277230203151703,0.0517786704003811,0.0129446676000953,-0.0216733850538731,-0.0949546024203301,-0.0124262012541294,-0.00310655031353235,0.0790389701724052,0.361688315868378,-0.321428507566452,-0.080357126891613,0.0118258614093065,-0.267888218164444,-0.499010771512985,-0.124752692878246,0.00310228927992284,-0.00458529219031334,-0.361851096153259,-0.0904627740383148,0.106827385723591,-0.0828349590301514,-27.7198638916016,-6.92996597290039,-0.105575434863567,0.0138058271259069,-0.892056584358215,-0.223014146089554,-0.164243802428246,-0.130388364195824,-0.69390082359314,-0.173475205898285,-0.0356291010975838,0.088970884680748,-0.49338835477829,-0.123347088694572,-0.17339976131916,1.98036921024323,-1.95456063747406,-0.488640159368515,-0.280457735061646,-0.065777100622654,1.04502213001251,0.261255532503128,0.161183044314384,0.936587333679199,0.621842622756958,0.15546065568924,0.179583609104157,0.122718460857868,25.6939258575439,6.42348146438599,0.119608961045742,0.00460194237530232,0.472501456737518,0.11812536418438,0.0995050221681595,-0.378893256187439,-0.67798113822937,-0.169495284557343,0.00755006168037653,0.0567572899162769,0.746211290359497,0.186552822589874,0.298898547887802,-1.47415554523468,-1.73713898658752,-0.434284746646881,-0.367281049489975,1.28608953952789,0.09352245926857,0.0233806148171425,0.0407195203006268,-1.97920334339142
-2.91753149032593,-0.729382872581482,-0.704922318458557,0.785086452960968,-0.119395866990089,-0.0298489667475224,-0.0410084202885628,0.545415341854096,-0.200062200427055,-0.0500155501067638,-0.0513177439570427,0.260552734136581,4.08947658538818,1.02236914634705,1.03866696357727,3.07723355293274,-1.70453596115112,-0.426133990287781,-0.306437075138092,-1.95748221874237,-0.0272817686200142,-0.00682044215500355,-0.00474552903324366,0.0853831693530083,-1.32226693630219,-0.330566734075546,-0.498995184898376,-0.406256556510925,-0.766695082187653,-0.191673770546913,-0.00723527558147907,-0.368700802326202,0.346901565790176,0.0867253914475441,0.0028256899677217,-0.0394257418811321,2.91694283485413,0.729235708713532,0.698685646057129,-0.0501782186329365,2.4332001209259,0.608300030231476,-0.329346656799316,0.32980740070343,0.0991384387016296,0.0247846096754074,-0.0175135359168053,0.128404065966606,0.11493980884552,0.02873495221138,0.0744455456733704,-0.611956059932709,-0.143997400999069,-0.0359993502497673,0.00180759956128895,-0.760916233062744,-0.567968964576721,-0.14199224114418,0.00136507651768625,-0.21115754544735,0.0856732577085495,0.0214183144271374,0.102572984993458,-0.30986413359642,-28.0187721252441,-7.00469303131104,-0.105611383914948,-0.00766990380361676,-1.08368742465973,-0.270921856164932,-0.167707249522209,-0.345145672559738,-0.316439956426621,-0.0791099891066551,-0.0358328334987164,-0.133456334471703,-0.640187442302704,-0.160046860575676,-0.163033396005631,0.029145635664463,-1.55095899105072,-0.38773974776268,-0.295306652784348,-1.26841807365417,0.276475608348846,0.0691189020872116,0.188572272658348,1.39015471935272,0.260999113321304,0.0652497783303261,0.184149608016014,0.437184512615204,26.0778388977051,6.51945972442627,0.119620941579342,0.0122718466445804,0.40856271982193,0.102140679955482,0.0974437370896339,-0.131922349333763,-0.56419974565506,-0.141049936413765,0.00900015328079462,-0.0352815575897694,1.05547714233398,0.263869285583496,0.271718353033066,-0.934194326400757,-1.90621566772461,-0.476553916931152,-0.348896265029907,0.505600094795227,-0.145146563649178,-0.0362866409122944,0.0241985488682985,-0.733365535736084
-3.02696919441223,-0.756742298603058,-0.679317057132721,1.06106674671173,-0.228296086192131,-0.0570740215480328,-0.0322221182286739,0.777762353420258,-0.178547590970993,-0.0446368977427483,-0.0491482578217983,-0.111420571804047,3.68281412124634,0.920703530311585,1.06272482872009,-0.235619455575943,-1.64614582061768,-0.411536455154419,-0.339585095643997,-1.07832741737366,-0.0818342566490173,-0.0204585641622543,-0.0084893349558115,-0.281904757022858,-1.04175686836243,-0.260439217090607,-0.515413641929627,-0.966787755489349,-0.633713781833649,-0.158428445458412,-0.00975782237946987,-0.134172186255455,0.340534627437592,0.0851336568593979,0.000656202901154757,0.130276367068291,3.45318388938904,0.86329597234726,0.709824025630951,0.5279620885849,4.12669038772583,1.03167259693146,-0.313242048025131,0.748691499233246,0.430215090513229,0.107553772628307,-0.0138183860108256,0.378114193677902,0.205219298601151,0.0513048246502876,0.0579467341303825,-1.00792765617371,-0.381691426038742,-0.0954228565096855,0.000403306039515883,-0.302920907735825,-0.490363121032715,-0.122590780258179,-0.00786760915070772,-0.354554027318954,0.28131377696991,0.0703284442424774,0.0986661240458489,-0.265378683805466,-28.4602794647217,-7.11506986618042,-0.105623371899128,-0.00920388475060463,-0.848603010177612,-0.212150752544403,-0.172680705785751,-0.0260776728391647,0.0518920682370663,0.0129730170592666,-0.0359406918287277,0.0260776728391647,-1.03106141090393,-0.257765352725983,-0.167132005095482,-0.291456341743469,-1.11120223999023,-0.277800559997559,-0.317764133214951,-1.02199935913086,0.532353758811951,0.133088439702988,0.188441872596741,-0.556650936603546,0.288911312818527,0.0722278282046318,0.185611680150032,0.0368155390024185,26.3872737884522,6.59681844711304,0.119632929563522,0.00613592332229018,0.926263809204102,0.231565952301025,0.0859268978238106,-0.297592282295227,-0.140736743807793,-0.0351841859519482,0.00586028629913926,-0.398835003376007,0.759921669960022,0.189980417490006,0.27139475941658,0.323669940233231,-1.83299684524536,-0.45824921131134,-0.349371820688248,-0.228747203946114,0.301346510648727,0.0753366276621819,0.00636602053418756,-0.91695237159729
-2.8316433429718,-0.70791083574295,-0.649064719676971,1.12106239795685,-0.374293506145477,-0.0935733765363693,-0.0243050735443831,0.338157534599304,-0.196993112564087,-0.0492482781410217,-0.0513980947434902,0.2142703384161,3.16820049285889,0.792050123214722,1.01862287521362,-4.39713859558106,-0.93660831451416,-0.23415207862854,-0.364972054958344,-1.09322690963745,-0.348156213760376,-0.087039053440094,-0.0174680333584547,-0.601880490779877,-1.05009281635284,-0.262523204088211,-0.538782477378845,-1.22905468940735,-0.524404108524323,-0.131101027131081,-0.011777563020587,-0.0883572921156883,0.194164335727692,0.0485410839319229,0.0080351373180747,0.678808391094208,4.11792182922363,1.02948045730591,0.731751441955566,1.37226510047913,5.9691104888916,1.4922776222229,-0.306479036808014,0.392638355493546,1.18381333351135,0.295953333377838,-0.00404261099174619,0.698143899440765,0.300464868545532,0.0751162171363831,0.0427469313144684,-1.24448204040527,-0.499967724084854,-0.124991931021214,-0.0146158719435334,-0.413942366838455,-0.660109281539917,-0.165027320384979,-0.00620994484052062,0.046514518558979,0.109064936637878,0.0272662341594696,0.0963531732559204,-0.243902951478958,-28.4514026641846,-7.11285066604614,-0.105683289468288,-0.0122718466445804,-0.591661095619202,-0.1479152739048,-0.171674028038979,-0.0245436932891607,-0.36912152171135,-0.0922803804278374,-0.0262814052402973,0.194815561175346,-0.912925720214844,-0.228231430053711,-0.185491845011711,-0.937262237071991,-1.4431746006012,-0.360793650150299,-0.320417910814285,0.00687223393470049,0.301159381866455,0.0752898454666138,0.174965858459473,-0.540943026542664,0.395678162574768,0.098919540643692,0.179439797997475,-0.489339858293533,26.7062091827393,6.67655229568481,0.119644910097122,0,0.893505156040192,0.223376289010048,0.086849682033062,-0.073631078004837,0.17133004963398,0.042832512408495,0.0108936605975032,0.250038862228394,0.798365473747253,0.199591368436813,0.267787516117096,-0.190213620662689,-1.73290467262268,-0.43322616815567,-0.365977168083191,-0.929715096950531,0.0812611132860184,0.0203152783215046,-0.00212456355802715,-0.00981747731566429
-2.74205756187439,-0.685514390468597,-0.617031335830689,1.89072144031525,-0.224485084414482,-0.0561212711036205,-0.0260947160422802,-0.369791626930237,-0.310078501701355,-0.0775196254253388,-0.0536613240838051,0.0102849761024117,2.15236806869507,0.538092017173767,0.9259192943573,-4.73420572280884,-0.41466411948204,-0.10366602987051,-0.353653937578201,1.28473818302155,-0.641286969184876,-0.160321742296219,-0.0465971268713474,-1.95692646503448,-1.57240569591522,-0.393101423978806,-0.578462660312653,-2.69637775421143,-0.0333418995141983,-0.00833547487854958,-0.0169930979609489,-0.633772671222687,-0.187483757734299,-0.0468709394335747,0.0233018975704908,1.10734903812408,4.4346866607666,1.10867166519165,0.786625325679779,3.66519141197205,4.75025987625122,1.18756496906281,-0.305170893669128,0.278952300548553,1.63085782527924,0.407714456319809,0.0363788902759552,1.8599191904068,0.255903363227844,0.0639758408069611,0.0213600732386112,-0.726804971694946,-0.431434035301209,-0.107858508825302,-0.0247144736349583,-0.511015236377716,-0.291207581758499,-0.0728018954396248,-0.0115392934530973,-0.255643457174301,0.398607164621353,0.0996517911553383,0.0853636339306831,-0.697961270809174,-28.0280246734619,-7.00700616836548,-0.105755195021629,-0.0306796152144671,-0.23702284693718,-0.0592557117342949,-0.1653703302145,0.211689352989197,0.311763256788254,0.0779408141970635,-0.0372589565813541,-0.450990349054337,-1.09184300899506,-0.272960752248764,-0.196589231491089,-0.435650557279587,-1.28650856018066,-0.321627140045166,-0.329813569784164,-0.306305259466171,0.119202449917793,0.0298006124794483,0.153911963105202,-1.15060830116272,0.0823499634861946,0.0205874908715487,0.169984251260757,-0.513883590698242,26.8829135894775,6.72072839736939,0.119644910097122,-0.00306796166114509,0.726932108402252,0.181733027100563,0.095298558473587,0.647339880466461,0.00097612664103508,0.00024403166025877,0.0270364116877317,1.24405837059021,1.12229132652283,0.280572831630707,0.261819362640381,-0.449456363916397,-2.01983404159546,-0.504958510398865,-0.382275700569153,-0.816814064979553,-0.0560786947607994,-0.0140196736901999,-0.0050851465202868,-0.167878866195679
-1.6621481180191,-0.415537029504776,-0.573105931282044,2.01071262359619,1.34491205215454,0.336228013038635,-0.0368751958012581,-0.695950090885162,-0.684158086776733,-0.171039521694183,-0.0594600178301334,0.443968117237091,1.87313497066498,0.468283742666245,0.811876356601715,-4.52912950515747,1.70678961277008,0.42669740319252,-0.38629749417305,-3.01128768920898,0.0490727126598358,0.012268178164959,-0.0565934404730797,1.61100769042969,-2.53659653663635,-0.634149134159088,-0.642958045005798,-3.15405917167664,0.501172780990601,0.12529319524765,-0.0278076622635126,-1.1977322101593,-0.337263882160187,-0.0843159705400467,0.0222707223147154,-0.169702097773552,5.21674299240112,1.30418574810028,0.889282763004303,4.60875988006592,-2.93456053733826,-0.733640134334564,-0.284026712179184,1.59342229366303,-0.200174957513809,-0.0500437393784523,0.0821825787425041,2.53767538070679,0.392031937837601,0.0980079844594002,0.0136463418602943,-0.56395947933197,1.10692155361176,0.276730388402939,-0.0502909980714321,-0.920927584171295,-0.661294221878052,-0.165323555469513,-0.00140898744575679,0.36718025803566,0.216900229454041,0.0542250573635101,0.0782090574502945,-0.788466095924377,-28.4088916778564,-7.10222291946411,-0.106845758855343,-0.134990304708481,-0.685645341873169,-0.171411335468292,-0.143487125635147,1.05077683925629,-1.28742671012878,-0.321856677532196,-0.00527305901050568,2.00337886810303,-0.80238676071167,-0.200596690177917,-0.211329832673073,-0.570640861988068,-1.17277526855469,-0.293193817138672,-0.325924903154373,0.0598866119980812,0.0008210688829422,0.00020526722073555,0.117740698158741,-2.17064428329468,0.0774268582463265,0.0193567145615816,0.157748356461525,-0.762388467788696,26.9649295806885,6.74123239517212,0.119620941579342,0.0276116542518139,0.468702077865601,0.1171755194664,0.110590428113937,0.826815664768219,0.465395927429199,0.1163489818573,0.0390206389129162,0.322135955095291,1.41746282577515,0.354365706443787,0.265582412481308,0.320601969957352,-1.57291221618652,-0.393228054046631,-0.413875699043274,-1.22031247615814,0.297028124332428,0.074257031083107,-0.00906582735478878,-0.117809727787972
-1.13784301280975,-0.284460753202438,-0.559901475906372,-0.14398966729641,1.79973518848419,0.449933797121048,-0.0461813434958458,0.784307301044464,-1.03729438781738,-0.259323596954346,-0.0469118095934391,1.07820820808411,3.18323373794556,0.795808434486389,0.776160180568695,-0.977384388446808,1.76535105705261,0.441337764263153,-0.349846959114075,0.733404099941254,0.92463481426239,0.231158703565598,0.0248970855027437,0.398438364267349,-2.57460975646973,-0.643652439117432,-0.718916893005371,-2.70152020454407,-0.410994708538055,-0.102748677134514,-0.0463603064417839,0.0141808008775115,0.109124101698399,0.0272810254245996,0.0158024374395609,-0.714805841445923,4.50973272323608,1.12743318080902,1.01695251464844,6.91368579864502,-1.67835307121277,-0.419588267803192,-0.354475855827332,-5.5349440574646,-0.246949374675751,-0.0617373436689377,0.0273866783827543,-4.26302528381348,0.275347501039505,0.0688368752598763,-0.00372294709086418,-0.145703822374344,-0.137857496738434,-0.0344643741846085,-0.0285434909164906,0.337237328290939,-0.93330979347229,-0.233327448368073,0.0136986644938588,0.597318232059479,0.91157329082489,0.227893322706223,0.0634564757347107,-0.150330111384392,-27.7821254730225,-6.94553136825562,-0.107205286622047,-0.0782330185174942,-0.441229343414307,-0.110307335853577,-0.136308580636978,0.296058297157288,-0.160056799650192,-0.0400141999125481,-0.0271203014999628,-2.15064096450806,-0.891777336597443,-0.222944334149361,-0.214529618620873,-0.401902973651886,-1.61733031272888,-0.40433257818222,-0.300898015499115,2.0822868347168,-0.294646561145782,-0.0736616402864456,0.0824591442942619,-0.250345647335053,0.558554351329804,0.139638587832451,0.133696019649506,-0.85442727804184,26.2622585296631,6.56556463241577,0.119860626757145,0.0153398076072335,0.70268589258194,0.175671473145485,0.118212394416332,0.240834981203079,-0.721681892871857,-0.180420473217964,0.0757283195853233,2.0141167640686,1.30664849281311,0.326662123203278,0.282240480184555,0.727106869220734,-2.47359585762024,-0.61839896440506,-0.411099195480347,0.129590705037117,0.951144397258759,0.23778609931469,0.00502378726378083,1.06519627571106
-1.22477269172668,-0.306193172931671,-0.559486329555512,0.0239982772618532,0.391915023326874,0.0979787558317184,-0.0116838198155165,1.56534218788147,-0.382227957248688,-0.0955569893121719,-0.0412068627774715,-0.653095960617065,3.41974544525147,0.854936361312866,0.783540308475494,-0.0599956922233105,2.38756465911865,0.596891164779663,-0.336257994174957,0.841825902462006,0.967350840568543,0.241837710142136,0.0386305190622807,0.508534133434296,-3.08877396583557,-0.772193491458893,-0.75206184387207,0.577672839164734,-0.196443244814873,-0.0491108112037182,-0.0355627872049809,1.5631605386734,0.163369879126549,0.0408424697816372,-0.00255785207264125,-2.47525072097778,4.28899431228638,1.07224857807159,1.12096500396729,2.82416081428528,-1.60932767391205,-0.402331918478012,-0.399936109781265,-0.113487981259823,0.399986088275909,0.0999965220689774,-0.0262632500380278,-1.63610327243805,0.215345650911331,0.0538364127278328,-0.00199539237655699,0.870794653892517,0.0679211989045143,0.0169802997261286,-0.0296721812337637,0.868401229381561,-0.774433493614197,-0.193608373403549,0.0159333795309067,0.207984685897827,-0.53192800283432,-0.13298200070858,0.085327684879303,0.92652440071106,-26.4671821594238,-6.61679553985596,-0.107984259724617,-0.029145635664463,-0.394624978303909,-0.0986562445759773,-0.130112737417221,0.0429514609277248,-1.87672817707062,-0.469182044267654,-0.00771784083917737,1.58767008781433,-0.746060729026794,-0.186515182256699,-0.218136861920357,-0.0260776728391647,-1.50975298881531,-0.377438247203827,-0.282137423753738,-0.648935258388519,0.00244201719760895,0.000610504299402237,0.0548704974353313,-1.9487692117691,-0.0798645243048668,-0.0199661310762167,0.140634879469872,0.994019567966461,25.3805904388428,6.34514760971069,0.119728803634644,0.0184077695012093,0.422472327947617,0.105618081986904,0.113778233528137,-0.392699092626572,-0.544047653675079,-0.13601191341877,0.0719053521752358,-0.269980609416962,1.79494500160217,0.448736250400543,0.291995644569397,1.12900984287262,-2.36655735969543,-0.591639339923859,-0.413476884365082,0.674460649490356,0.108916431665421,0.0272291079163551,0.0511659309267998,1.24191081523895
-1.313236951828,-0.328309237957001,-0.55447781085968,-0.0788514837622643,0.298242956399918,0.0745607390999794,-0.000835167244076729,-0.140717163681984,-0.214957684278488,-0.053739421069622,-0.048237606883049,-0.0359974168241024,3.74345350265503,0.935863375663757,0.789164960384369,0.466875582933426,3.21347260475159,0.803368151187897,-0.330180734395981,0.586034774780273,-0.39075568318367,-0.0976889207959175,0.0455292984843254,1.03014922142029,-2.71351480484009,-0.678378701210022,-0.758289039134979,0.481679707765579,0.140630856156349,0.0351577140390873,-0.0103799365460873,0.477783888578415,-0.302204370498657,-0.0755510926246643,-0.0176773015409708,0.509106278419495,4.15599250793457,1.03899812698364,1.14213395118713,-0.176714584231377,-0.890961050987244,-0.222740262746811,-0.409075736999512,-0.237350061535835,0.842371642589569,0.210592910647392,0.0169201102107763,4.06959772109985,0.16739696264267,0.0418492406606674,0.00913327280431986,0.512534618377686,-0.388320416212082,-0.0970801040530205,0.00961741618812084,0.771042227745056,-0.875532984733582,-0.218883246183395,0.0225122049450874,0.189787641167641,-0.236729592084885,-0.0591823980212212,0.108493193984032,1.42506814002991,-25.904598236084,-6.476149559021,-0.107025526463985,0.00766990380361676,-0.464374750852585,-0.116093687713146,-0.123149901628494,0.0567572899162769,-1.03345656394959,-0.258364140987396,-0.0377742797136307,-2.53260231018066,-0.949139773845673,-0.237284943461418,-0.212600156664848,0.271514594554901,-1.63334333896637,-0.408335834741592,-0.256987810134888,2.22169494628906,0.468720138072968,0.117180034518242,0.0269750542938709,-0.334775984287262,-0.275094896554947,-0.0687737241387367,0.153901413083076,0.217825278639793,24.5570545196533,6.13926362991333,0.119716815650463,-0.00460194237530232,0.7347691655159,0.183692291378975,0.109643675386906,0.0843689441680908,-0.989944279193878,-0.24748606979847,0.0676150023937225,-0.0414174795150757,1.35093748569489,0.337734371423721,0.325659334659576,1.54318463802338,-2.13177180290222,-0.532942950725555,-0.420211046934128,-0.166897118091583,0.460295110940933,0.115073777735233,0.0556604973971844,-0.0500691309571266
-1.45020520687103,-0.362551301717758,-0.562070965766907,-0.670237600803375,0.341279625892639,0.0853199064731598,-0.00363894365727901,0.0469057224690914,-0.139569580554962,-0.0348923951387405,-0.0397337526082993,0.697664201259613,4.83252954483032,1.20813238620758,0.807393729686737,1.51407313346863,4.51167631149292,1.12791907787323,-0.298134386539459,1.12749326229095,-1.05694627761841,-0.264236569404602,0.000518384505994618,-1.92421591281891,-2.80861711502075,-0.702154278755188,-0.743531167507172,0.361688315868378,-0.222107395529747,-0.0555268488824368,-0.00129536166787148,-0.572686195373535,0.0477152019739151,0.0119288004934788,-0.0188691802322865,0.659952640533447,2.98334455490112,0.745836138725281,1.11643970012665,-2.23511219024658,-1.26818692684174,-0.317046731710434,-0.389799654483795,1.4536566734314,0.567402482032776,0.141850620508194,0.112051844596863,4.46000337600708,0.321785271167755,0.0804463177919388,0.024225939065218,0.901649534702301,0.562429249286652,0.140607312321663,-0.00652541080489755,-0.788697600364685,-0.62003493309021,-0.155008733272553,0.028201125562191,0.229220688343048,0.326631516218185,0.0816578790545464,0.118248350918293,-0.208621382713318,-25.9953193664551,-6.49882984161377,-0.107073463499546,-0.00153398083057255,-0.651265382766724,-0.162816345691681,-0.119554631412029,0.0628932118415833,-0.707484364509583,-0.176871091127396,-0.0638159960508347,-0.92499041557312,-0.895421445369721,-0.22385536134243,-0.215548276901245,-0.366621404886246,-1.05193316936493,-0.262983292341232,-0.254288017749786,-0.889463484287262,0.0756011158227921,0.018900278955698,0.0390474833548069,0.697040855884552,0.338574081659317,0.0846435204148293,0.150725603103638,-0.164135947823524,24.8553314208984,6.21383285522461,0.119656898081303,0.0184077695012093,0.0527422279119492,0.0131855569779873,0.130723923444748,0.693359315395355,-0.0994293540716171,-0.0248573385179043,0.0439461544156075,-1.47262156009674,1.65367662906647,0.413419157266617,0.336744755506516,0.492407828569412,-2.48618650436401,-0.621546626091003,-0.414029091596603,0.291579067707062,0.435589879751205,0.108897469937801,0.0596258379518986,-0.461421400308609
-3.01770496368408,-0.754426240921021,-0.599072813987732,-2.80608415603638,-0.814151048660278,-0.20353776216507,-0.00563311856240034,0.14835299551487,-0.0238999202847481,-0.00597498007118702,-0.0308951027691364,-0.332547545433044,4.78179550170898,1.19544887542725,0.885669350624085,5.26544046401978,-2.47636532783508,-0.619091331958771,-0.267671376466751,1.8097186088562,-1.14371192455292,-0.285927981138229,-0.0696798264980316,-3.57539677619934,-2.36077833175659,-0.590194582939148,-0.718461573123932,3.32376146316528,-0.891514718532562,-0.222878679633141,-0.0145387286320329,0.304341793060303,0.721865355968475,0.180466338992119,-0.0213466808199883,-1.94214630126953,1.15232181549072,0.288080453872681,1.0114643573761,-7.24857091903687,1.52373325824738,0.380933314561844,-0.371974021196365,0.24857372045517,1.11416590213776,0.278541475534439,0.14386673271656,0.28763473033905,-0.0525576956570149,-0.0131394239142537,0.053165826946497,0.353117495775223,-1.00911045074463,-0.252277612686157,0.0141354249790311,0.567454695701599,0.126924455165863,0.0317311137914658,0.0308342762291431,-0.552389442920685,-0.422423094511032,-0.105605773627758,0.116019286215305,-0.277650535106659,-26.7916431427002,-6.69791078567505,-0.107804499566555,-0.0429514609277248,-0.600725114345551,-0.150181278586388,-0.122263066470623,0.0107378652319312,-0.258682817220688,-0.064670704305172,-0.0848003774881363,-0.602854430675507,-0.898895740509033,-0.224723935127258,-0.220329985022545,-0.357417523860931,-1.58168733119965,-0.395421832799912,-0.254149943590164,0.124681957066059,0.533461272716522,0.133365318179131,0.0450069978833199,0.0952295288443565,0.509645879268646,0.127411469817162,0.147358030080795,-0.335941791534424,25.0283374786377,6.25708436965942,0.120555713772774,0.0214757304638624,0.798766434192658,0.199691608548164,0.104011088609695,-1.81163132190704,0.80016154050827,0.200040385127068,0.0321416929364204,-0.115048557519913,1.47533369064331,0.368833422660828,0.35002326965332,0.435650557279587,-0.885661244392395,-0.221415311098099,-0.434461742639542,-2.2531111240387,-0.197894126176834,-0.0494735315442085,0.0671270042657852,1.12606465816498
-2.47371411323547,-0.618428528308868,-0.676196753978729,-3.10263442993164,0.483553409576416,0.120888352394104,-0.0255237370729446,-2.15657258033752,-0.459601014852524,-0.114900253713131,-0.0359304547309876,-0.0874222964048386,4.15277147293091,1.03819286823273,1.00700724124908,6.11192464828491,-2.65533399581909,-0.663833498954773,-0.314757376909256,-4.06819772720337,0.83710777759552,0.20927694439888,-0.161115109920502,-4.30654001235962,-1.69233918190002,-0.423084795475006,-0.644819498062134,4.65395164489746,-1.1278178691864,-0.2819544672966,-0.0204530768096447,-2.00931024551392,0.415851891040802,0.103962972760201,-0.00832975935190916,2.84036755561829,2.74543833732605,0.686359584331513,0.775290906429291,-14.1426210403442,0.927156448364258,0.231789112091064,-0.269843071699142,7.68689584732056,-1.22513437271118,-0.306283593177795,0.193797245621681,3.26730871200562,0.0361430011689663,0.00903575029224157,0.0459609851241112,0.2742660343647,0.296772092580795,0.0741930231451988,-0.0299743991345167,-2.85130739212036,-0.748290061950684,-0.187072515487671,0.0345454998314381,-0.66107702255249,0.435091555118561,0.10877288877964,0.102021709084511,-0.521553456783295,-25.2102947235107,-6.30257368087769,-0.107828468084335,0.00766990380361676,-1.48190855979919,-0.370477139949799,-0.115923412144184,0.794602036476135,-0.56573212146759,-0.141433030366898,-0.0807137563824654,0.219359248876572,-0.255468666553497,-0.0638671666383743,-0.221887931227684,-0.0398835018277168,-1.33077597618103,-0.332693994045258,-0.277934312820435,-1.54428911209106,0.879531919956207,0.219882979989052,0.0649410784244537,1.05636060237885,0.754117727279663,0.188529431819916,0.143942534923553,-0.337475776672363,24.3389225006104,6.08473062515259,0.121154926717281,0.0644271895289421,0.155529171228409,0.0388822928071022,0.114413395524025,1.62295162677765,-0.350045502185822,-0.0875113755464554,0.0549356900155544,1.51097106933594,1.29464161396027,0.323660403490067,0.352096527814865,0.0184077695012093,-1.52634167671204,-0.381585419178009,-0.433111816644669,-0.0363246649503708,-0.687324702739716,-0.171831175684929,0.0610370971262455,-1.93207955360413
-2.9423725605011,-0.735593140125275,-0.720349788665772,-1.24448204040527,-0.299619197845459,-0.0749047994613648,-0.0391079857945442,0.14835299551487,-0.155951172113419,-0.0389877930283546,-0.0368411056697369,0.653095960617065,4.10334348678589,1.02583587169647,1.08518064022064,1.28172612190247,-1.56014490127563,-0.390036225318909,-0.390816032886505,-3.54242300987244,-0.474975228309631,-0.118743807077408,-0.0178879573941231,10.9402494430542,-1.22589433193207,-0.306473582983017,-0.618504464626312,1.7810150384903,-0.0571005493402481,-0.014275137335062,-0.0277224406599998,0.171260431408882,0.0913994908332825,0.0228498727083206,-0.0161238424479961,-0.503963828086853,2.89163112640381,0.722907781600952,0.727907955646515,0.0610865242779255,2.94365882873535,0.735914707183838,-0.249000653624535,0.827409744262695,0.449600636959076,0.112400159239769,-0.0675871074199677,-0.576268434524536,-0.113374173641205,-0.0283435434103012,0.0667318180203438,1.19305717945099,-0.798435389995575,-0.199608847498894,-0.00638478295877576,2.30073475837708,-0.490460723638535,-0.122615180909634,0.012721898034215,-0.82894629240036,-0.0198326855897903,-0.00495817139744759,0.0970242843031883,-0.408038884401321,-24.3043899536133,-6.07609748840332,-0.106222577393055,-0.507747650146484,-1.39725399017334,-0.349313497543335,-0.130208611488342,-0.978679716587067,0.178084522485733,0.0445211306214333,-0.0657095089554787,0.374291300773621,-0.701635360717773,-0.175408840179443,-0.200148552656174,1.73186433315277,-1.13697874546051,-0.284244686365128,-0.297500252723694,-0.490873843431473,0.101647242903709,0.0254118107259274,0.11997264623642,3.09643244743347,1.13423335552216,0.283558338880539,0.133300542831421,-0.342077702283859,23.4647579193115,5.86618947982788,0.123120337724686,-0.0843689441680908,1.42106676101685,0.355266690254211,0.0924822688102722,-1.44500994682312,0.558797657489777,0.139699414372444,0.0274199079722166,-1.86992263793945,0.767574548721314,0.191893637180328,0.346739590167999,-0.595184564590454,-1.48001146316528,-0.370002865791321,-0.414466291666031,1.27627205848694,1.0821545124054,0.270538628101349,0.00737077789381146,-2.69980621337891
-2.8887665271759,-0.722191631793976,-0.733888983726502,-0.166273772716522,-0.450315773487091,-0.112578943371773,-0.0348043218255043,0.623955190181732,0.121428526937962,0.0303571317344904,-0.0433763489127159,-1.06106674671173,3.79619789123535,0.949049472808838,1.07437455654144,-1.38644587993622,-0.801851868629456,-0.200462967157364,-0.419602751731873,0.173476815223694,-0.324904203414917,-0.0812260508537293,-0.0236788578331471,-5.47256326675415,-0.826206147670746,-0.206551536917686,-0.6077641248703,0.606813549995422,-0.681402564048767,-0.170350641012192,-0.00986860971897841,0.557414531707764,0.073974996805191,0.0184937492012978,-0.0225787367671728,0.731947422027588,3.71195435523987,0.927988588809967,0.721755027770996,-0.162533789873123,3.81874513626099,0.954686284065247,-0.22983418405056,0.548332691192627,1.31935894489288,0.329839736223221,-0.0551352314651012,0.417102217674255,0.0339707620441914,0.00849269051104784,0.0821057111024857,-0.0308549292385578,-0.143595099449158,-0.0358987748622894,-0.0231267455965281,0.104667663574219,-1.11169373989105,-0.277923434972763,0.0163944680243731,-0.150749281048775,0.17447517812252,0.0436187945306301,0.0874369069933891,0.00920388475060463,-24.5851287841797,-6.14628219604492,-0.107528857886791,-0.0107378652319312,-0.58057564496994,-0.145143911242485,-0.155159771442413,-0.66421365737915,-1.33328104019165,-0.333320260047913,-0.0372949093580246,2.3684663772583,-0.681667387485504,-0.170416846871376,-0.197152495384216,-0.369689375162125,-1.80750250816345,-0.451875627040863,-0.298980534076691,-0.263108402490616,0.291306376457214,0.0728265941143036,0.138733223080635,-0.211075767874718,0.618848621845245,0.154712155461311,0.136056914925575,-0.0782330185174942,23.7144947052002,5.92862367630005,0.121945880353451,-0.00766990380361676,-0.425025522708893,-0.106256380677223,0.118344224989414,1.19343709945679,-0.85236668586731,-0.213091671466827,0.056685384362936,2.61697125434876,0.997365236282349,0.249341309070587,0.324412971735001,-1.15201961994171,-1.6882815361023,-0.422070384025574,-0.39213153719902,-0.190459057688713,-0.813028395175934,-0.203257098793983,0.0278340820223093,0.613592326641083
-2.85644841194153,-0.714112102985382,-0.72126042842865,0.913648664951325,-0.235726058483124,-0.0589315146207809,-0.0381449908018112,-0.322885930538178,-0.279808610677719,-0.0699521526694298,-0.0489072017371655,0.639382660388947,3.26000690460205,0.815001726150513,1.02130734920502,-2.61363053321838,-0.695295691490173,-0.173823922872543,-0.393685251474381,1.80931317806244,-0.271788537502289,-0.0679471343755722,-0.0652864649891853,-0.46495196223259,-1.42976021766663,-0.357440054416657,-0.596889913082123,0.224555298686028,-0.227347835898399,-0.0568369589745998,-0.0131581462919712,-0.700313329696655,-0.167867511510849,-0.0419668778777123,-0.0112224081531167,0.188557893037796,3.93595504760742,0.983988761901856,0.744270443916321,2.06167006492615,5.34436273574829,1.33609068393707,-0.234359994530678,-0.230035424232483,1.82812440395355,0.457031100988388,-0.0267917830497026,1.70784544944763,0.0831131637096405,0.0207782909274101,0.0766284242272377,-0.810798943042755,-0.945332944393158,-0.23633323609829,0.000310090283164755,0.513085961341858,-0.491503477096558,-0.122875869274139,0.0017896112985909,-0.384093791246414,0.69946950674057,0.174867376685143,0.0933211594820023,0.348213642835617,-25.4590702056885,-6.36476755142212,-0.107229255139828,-0.0107378652319312,-0.850125312805176,-0.212531328201294,-0.150473937392235,0.141126230359077,0.387173682451248,0.096793420612812,-0.0639358386397362,-1.94355368614197,-0.823122620582581,-0.205780655145645,-0.195306912064552,-0.222427219152451,-1.89596545696259,-0.473991364240646,-0.307701230049133,2.62322974205017,0.512247085571289,0.128061771392822,0.127074971795082,-0.71471232175827,0.217194437980652,0.054298609495163,0.142025053501129,0.878970980644226,24.2221260070801,6.05553150177002,0.12430677562952,0.0981747731566429,1.02080678939819,0.255201697349548,0.0813728868961334,-1.11213612556458,-1.15410590171814,-0.288526475429535,0.0453602932393551,-1.39132058620453,0.450844675302506,0.112711168825626,0.298275381326675,-1.60761189460754,-3.18888759613037,-0.797221899032593,-0.364228427410126,4.78503847122192,-0.512613952159882,-0.12815348803997,0.00250805867835879,0.17376933991909
-2.5344545841217,-0.633613646030426,-0.697141647338867,1.58560037612915,-0.544160723686218,-0.136040180921555,-0.0396363586187363,-0.344702512025833,-0.233219414949417,-0.0583048537373543,-0.046978771686554,0.831368923187256,2.09583234786987,0.523958086967468,0.940739274024963,-4.19533538818359,-0.123537421226501,-0.0308843553066254,-0.353107869625092,1.94348216056824,-1.00035226345062,-0.250088065862656,-0.069408655166626,-0.202446341514587,-1.73882353305817,-0.434705883264542,-0.612853050231934,-1.15534567832947,-0.136881723999977,-0.0342204309999943,-0.0188764855265617,-0.416697353124619,-0.0791173949837685,-0.0197793487459421,-0.0260874126106501,-0.00514248805120587,4.54628038406372,1.13657009601593,0.807470440864563,4.21278858184814,5.57326364517212,1.39331591129303,-0.232025653123856,0.353032201528549,2.71925067901611,0.679812669754028,0.0139691904187202,1.39810752868652,0.121864765882492,0.030466191470623,0.0612679235637188,-0.634240210056305,-0.228062182664871,-0.0570155456662178,-0.0311856959015131,-1.30361676216125,-0.751986622810364,-0.187996655702591,0.0179509203881025,0.509163498878479,-0.374224632978439,-0.0935561582446098,0.104969829320908,-0.282252460718155,-25.7776126861572,-6.44440317153931,-0.107121393084526,-0.00613592332229018,-0.307679265737534,-0.0769198164343834,-0.168114706873894,-0.388097137212753,-0.851527333259583,-0.212881833314896,-0.0254185423254967,2.34545660018921,-1.17046844959259,-0.292617112398148,-0.195570573210716,0.115048557519913,-1.09869503974915,-0.274673759937286,-0.324099481105804,-2.27863621711731,0.646589517593384,0.161647379398346,0.119497112929821,-0.525234997272492,0.284993559122086,0.0712483897805214,0.161044016480446,0.670349597930908,25.3019981384277,6.32549953460693,0.121682234108448,-0.0552233085036278,0.339174270629883,0.0847935676574707,0.118907481431961,2.16291284561157,-0.20323745906353,-0.0508093647658825,0.023357255384326,-0.803805947303772,0.662720143795013,0.165680035948753,0.258775383234024,-1.60300993919373,-2.24089670181274,-0.560224175453186,-0.344394057989121,-0.483019888401032,0.616331458091736,0.154082864522934,-0.0267296172678471,-2.53879952430725
-2.51401925086975,-0.628504812717438,-0.646480083465576,3.21234083175659,1.40243852138519,0.350609630346298,-0.0585810244083405,-0.961021900177002,-0.607739865779877,-0.151934966444969,-0.047675147652626,-0.347975015640259,1.35969865322113,0.339924663305283,0.794227063655853,-8.75173568725586,0.126397609710693,0.0315994024276733,-0.297515779733658,3.20626044273376,0.5076664686203,0.126916617155075,-0.142210125923157,-5.34589052200317,-2.37327456474304,-0.593318641185761,-0.648368358612061,-2.00385594367981,-0.123932734131813,-0.0309831835329533,-0.026214025914669,-0.532325387001038,-0.0858908072113991,-0.0214727018028498,-0.0157622620463371,0.726804971694946,4.89306974411011,1.22326743602753,0.915488243103027,5.1847186088562,-2.71390342712402,-0.678475856781006,-0.213355228304863,1.46165037155151,-0.0694425106048584,-0.0173606276512146,0.0542668327689171,2.75885629653931,0.29603523015976,0.0740088075399399,0.0421710796654224,-0.539961218833923,0.618835628032684,0.154708907008171,-0.025038868188858,-0.53035032749176,-0.354111462831497,-0.0885278657078743,0.0157697852700949,0.00520221330225468,0.08309006690979,0.0207725167274475,0.0950948297977448,-0.0981747731566429,-26.5528583526611,-6.63821458816528,-0.106222577393055,0.0122718466445804,-1.10039019584656,-0.275097548961639,-0.152475297451019,0.995553553104401,-0.086441844701767,-0.0216104611754417,-0.0358208492398262,-2.40374779701233,-0.827161252498627,-0.206790313124657,-0.211221963167191,-1.26246619224548,-0.767259120941162,-0.191814780235291,-0.334952384233475,1.00236439704895,-0.569781124591827,-0.142445281147957,0.12026409804821,0.286670327186585,-0.722979664802551,-0.180744916200638,0.160384893417358,-0.044485442340374,25.8838348388672,6.4709587097168,0.121754132211208,-0.00460194237530232,0.555804193019867,0.138951048254967,0.11479689180851,-0.681087493896484,-0.289222717285156,-0.0723056793212891,0.0228419341146946,0.251572847366333,1.53903913497925,0.384759783744812,0.235502004623413,-1.0937283039093,-1.76251220703125,-0.440628051757813,-0.366076856851578,-1.47262156009674,-0.882281959056854,-0.220570489764214,-0.0201334990561008,2.66446328163147
-2.36839318275452,-0.592098295688629,-0.605367004871368,0.317120105028152,1.11096787452698,0.277741968631744,-0.0437014102935791,1.21518552303314,-0.591524243354797,-0.147881060838699,-0.0487866774201393,1.73130428791046,2.01695322990418,0.504238307476044,0.687001824378967,-1.8140515089035,-0.654653906822205,-0.163663476705551,-0.159938156604767,5.75904321670532,0.349446177482605,0.0873615443706513,0.0105804791674018,11.2030210494995,-2.00302886962891,-0.500757217407227,-0.700636923313141,-1.7141627073288,-0.197307005524635,-0.0493267513811588,-0.0308500565588474,0.483238041400909,0.0837647020816803,0.0209411755204201,-0.0100840972736478,-0.222841143608093,4.82779264450073,1.20694816112518,1.0370477437973,4.84983396530151,-2.2840850353241,-0.571021258831024,-0.277607709169388,-5.63413524627686,-0.250752866268158,-0.0626882165670395,0.0390513092279434,-3.29908657073975,0.288511663675308,0.0721279159188271,0.0306942239403725,-1.58560037612915,-0.0241977497935295,-0.00604943744838238,-0.000399704789742827,1.39682507514954,-0.735587477684021,-0.183896869421005,0.0231913309544325,0.00405241269618273,0.263476759195328,0.0658691897988319,0.0866579338908196,-1.05231082439423,-27.1466197967529,-6.78665494918823,-0.106989569962025,-0.130388364195824,0.00214695930480957,0.000536739826202393,-0.156118497252464,0.273048579692841,-0.886062622070313,-0.221515655517578,-0.0378581658005714,1.15968942642212,-0.749104380607605,-0.187276095151901,-0.222331345081329,-0.429514616727829,-1.7834460735321,-0.445861518383026,-0.293956756591797,1.53741693496704,0.917353093624115,0.229338273406029,0.085051566362381,-1.36462926864624,0.696553230285645,0.174138307571411,0.148364707827568,-0.958737969398499,26.1788311004639,6.54470777511597,0.121238812804222,-0.00766990380361676,1.31717443466187,0.329293608665466,0.111081786453724,-0.262310713529587,-0.204010263085365,-0.0510025657713413,0.0228659026324749,-0.319068014621735,0.787452936172485,0.196863234043121,0.2568698823452,1.69351482391357,-1.89221620559692,-0.473054051399231,-0.384346574544907,0.202240020036697,1.64329600334167,0.410824000835419,-0.0283709764480591,-1.90753579139709
-1.98150241374969,-0.495375603437424,-0.600920855998993,-0.0171416271477938,0.711564362049103,0.177891090512276,-0.0176748670637608,1.34826683998108,-0.306229710578918,-0.0765574276447296,-0.0250696279108524,1.10392069816589,1.88822591304779,0.472056478261948,0.692566752433777,-0.32397672533989,-0.39407542347908,-0.0985188558697701,-0.16086345911026,0.757085919380188,0.781155705451965,0.195288926362991,0.0155500192195177,0.982472479343414,-2.59062266349793,-0.647655665874481,-0.72326922416687,-0.306835114955902,-0.0116305202245712,-0.00290763005614281,-0.032673791050911,0.50941801071167,0.0125612262636423,0.00314030656591058,-0.010793867520988,-0.125133872032166,4.6167516708374,1.15418791770935,1.12848150730133,2.49582076072693,-2.07326030731201,-0.518315076828003,-0.365297555923462,-2.97417807579041,0.0802392959594727,0.0200598239898682,-0.0149311805143952,-2.27191567420959,0.214772254228592,0.053693063557148,0.00756642082706094,-0.803942263126373,0.279733657836914,0.0699334144592285,-0.0187138952314854,-0.0698811188340187,-0.471253752708435,-0.117813438177109,0.0130419712513685,-0.426109880208969,-0.144421935081482,-0.0361054837703705,0.0797070786356926,0.434116572141647,-27.5372314453125,-6.88430786132813,-0.107660688459873,-0.0368155390024185,-0.950735807418823,-0.237683951854706,-0.121400199830532,0.682621479034424,-0.754723429679871,-0.188680857419968,-0.0275757014751434,-0.555301070213318,-0.585080742835999,-0.146270185709,-0.216051608324051,0.759320497512817,-2.01998710632324,-0.504996776580811,-0.289209097623825,1.77696335315704,0.327415525913239,0.0818538814783096,0.0982438027858734,-0.0706858411431313,0.285482704639435,0.0713706761598587,0.144685551524162,-0.210155367851257,26.3404712677002,6.58511781692505,0.12026809155941,-0.0383495204150677,0.393989622592926,0.0984974056482315,0.13407951593399,0.0843689441680908,-0.0973666459321976,-0.0243416614830494,0.0265091061592102,0.11965049803257,1.59268689155579,0.398171722888947,0.262945890426636,-0.0705631151795387,-1.46745729446411,-0.366864323616028,-0.394294440746307,-0.613592326641083,0.959885954856873,0.239971488714218,-0.0050007775425911,0.222856730222702
-1.89468324184418,-0.473670810461044,-0.583243608474731,0.786800682544708,0.78380560874939,0.195951402187347,0.00054541602730751,0.295615136623383,-0.366681456565857,-0.0916703641414642,-0.00577190704643726,0.517677128314972,2.07381868362427,0.518454670906067,0.684453725814819,-0.377427458763123,-0.203335165977478,-0.0508337914943695,-0.159407868981361,0.0373268499970436,0.754318535327911,0.188579633831978,0.0179133471101522,-0.041644848883152,-2.53992533683777,-0.634981334209442,-0.720309615135193,0.72166246175766,-0.127862498164177,-0.0319656245410442,-0.0224642958492041,0.368700802326202,-0.0934846550226212,-0.0233711637556553,-0.0041514877229929,0.481679707765579,4.45975208282471,1.11493802070618,1.15617835521698,0.680678427219391,-1.70807099342346,-0.427017748355866,-0.409895837306976,-1.55992162227631,0.0977660417556763,0.0244415104389191,-0.00887450203299522,1.45300912857056,0.24045667052269,0.0601141676306725,-0.007419110275805,-0.135418847203255,0.0863774791359901,0.0215943697839975,-0.0104703791439533,-0.131664767861366,-0.520425200462341,-0.130106300115585,0.0139508144930005,-0.0903015211224556,-0.248928099870682,-0.0622320249676704,0.0857830867171288,-0.0352815575897694,-27.8681831359863,-6.96704578399658,-0.107516877353191,-0.0368155390024185,-0.464623808860779,-0.116155952215195,-0.140071630477905,-0.559902966022492,-0.753395199775696,-0.188348799943924,-0.0228419341146946,0.273048579692841,-0.945122480392456,-0.236280620098114,-0.205325737595558,0.217825278639793,-1.10561561584473,-0.276403903961182,-0.29480043053627,-0.753000497817993,0.118216022849083,0.0295540057122707,0.101097010076046,0.750055253505707,0.419801294803619,0.104950323700905,0.140826627612114,0.474000066518784,26.5488262176514,6.63720655441284,0.120543725788593,-0.00153398083057255,0.392172038555145,0.0980430096387863,0.119207091629505,-0.595184564590454,0.0406677238643169,0.0101669309660792,0.0245317090302706,-0.0935728251934052,1.79080641269684,0.44770160317421,0.287729263305664,1.28087401390076,-1.87009000778198,-0.467522501945496,-0.391456574201584,0.338702976703644,-0.370036363601685,-0.0925090909004211,0.0543642826378346,2.92855334281921
-1.9359542131424,-0.483988553285599,-0.572945237159729,0.541675388813019,0.597244679927826,0.149311169981956,0.00254811160266399,-0.0654498487710953,-0.303317546844482,-0.0758293867111206,-0.00433897413313389,-0.0994214341044426,2.50465679168701,0.626164197921753,0.672795474529266,-0.761399865150452,0.279171943664551,0.0697929859161377,-0.157517954707146,0.093943253159523,0.827417135238648,0.206854283809662,0.0160381067544222,-0.118542224168777,-2.51893353462219,-0.629733383655548,-0.70758730173111,1.04735338687897,-0.213077172636986,-0.0532692931592464,-0.0222001112997532,0.0796306431293488,0.118136756122112,0.0295341890305281,-0.000468716345494613,0.423398166894913,4.16208648681641,1.0405216217041,1.15127813816071,-0.765763223171234,-1.70184397697449,-0.425460994243622,-0.425644397735596,-0.416652411222458,-0.000450883060693741,-0.000112720765173435,0.0046448246575892,0.711786150932312,0.229282408952713,0.0573206022381783,-0.00227662222459912,0.502249658107758,0.279074549674988,0.069768637418747,-0.0171069782227278,-0.188218921422958,-0.42343345284462,-0.105858363211155,0.00955730304121971,-0.191090822219849,-0.000693499809131026,-0.000173374952282757,0.083985447883606,-0.144194200634956,-28.1586170196533,-7.03965425491333,-0.107540845870972,-0.0230097118765116,-0.673861742019653,-0.168465435504913,-0.133600145578384,0.161067977547646,-0.563865303993225,-0.140966325998306,-0.0290497615933418,-0.788466095924377,-0.82403028011322,-0.206007570028305,-0.210790544748306,-0.417242765426636,-1.37935614585876,-0.344839036464691,-0.283725112676621,0.852157056331635,0.827452838420868,0.206863209605217,0.0982207953929901,-0.731402039527893,0.576883912086487,0.144220978021622,0.144589677453041,0.122718460857868,26.7600498199463,6.69001245498657,0.120687536895275,0.0168737880885601,1.06030559539795,0.265076398849487,0.107294768095016,-0.191747605800629,0.216314658522606,0.0540786646306515,0.0253346525132656,0.0644271895289421,1.10156297683716,0.27539074420929,0.315257042646408,1.84231090545654,-1.48503088951111,-0.371257722377777,-0.401112973690033,-0.470257133245468,1.39295053482056,0.348237633705139,0.0617580711841583,-1.83488655090332
-1.75059473514557,-0.437648683786392,-0.567789316177368,-0.171416267752647,0.177983239293098,0.0444958098232746,0.00106526352465153,0.0458148941397667,-0.11526507884264,-0.02881626971066,-0.00670933956280351,-0.275980174541473,3.50260257720947,0.875650644302368,0.667145311832428,0.0916297882795334,0.912658870220184,0.228164717555046,-0.154039800167084,-0.169101431965828,0.747302412986755,0.186825603246689,0.0155638204887509,0.284843683242798,-2.6039776802063,-0.650994420051575,-0.674897730350494,1.39532840251923,-0.215850636363029,-0.0539626590907574,-0.0289581492543221,-0.0447240620851517,0.249352544546127,0.0623381361365318,0.00788782630115748,-0.251981914043427,3.06090354919434,0.765225887298584,1.10182428359985,-2.12493824958801,-1.24278426170349,-0.310696065425873,-0.432419776916504,-0.223199740052223,0.193696320056915,0.0484240800142288,0.00829559471458197,-0.112838335335255,0.251385152339935,0.0628462880849838,0.0140748824924231,0.301692634820938,0.0813529267907143,0.0203382316976786,-0.0074491654522717,0.398159950971603,-0.428859025239944,-0.107214756309986,0.005619325209409,-0.282386690378189,0.681035041809082,0.170258760452271,0.0766031667590141,-0.125786423683167,-28.9643592834473,-7.24108982086182,-0.107576794922352,-0.00766990380361676,-0.554357528686523,-0.138589382171631,-0.140730753540993,-0.492407828569412,-0.215507954359055,-0.0538769885897636,-0.0427357479929924,-0.404970914125443,-0.748294413089752,-0.187073603272438,-0.214996993541718,0.0168737880885601,-1.01844930648804,-0.254612326622009,-0.273577809333801,-0.28765207529068,0.109399899840355,0.0273499749600887,0.107693128287792,1.06617796421051,0.434104204177856,0.108526051044464,0.145907938480377,0.0306796152144671,27.1328754425049,6.78321886062622,0.120603650808334,0.00460194237530232,-0.0551966689527035,-0.0137991672381759,0.12196346372366,0.302194207906723,-0.568457305431366,-0.142114326357842,0.0486200004816055,1.23332059383392,1.73075664043427,0.432689160108566,0.319487452507019,-0.322135955095291,-2.52414488792419,-0.631036221981049,-0.398221433162689,0.313177525997162,0.356627017259598,0.0891567543148994,0.093856617808342,0.849211752414703
-2.56967210769653,-0.642418026924133,-0.579935789108276,-1.47760820388794,-1.29736649990082,-0.324341624975204,-0.000715857371687889,0.412334024906158,0.101466439664364,0.025366609916091,-0.00531658250838518,0.287979334592819,4.68417072296143,1.17104268074036,0.704429566860199,2.3551037311554,-2.81320142745972,-0.703300356864929,-0.149631693959236,0.193877056241035,-1.03722417354584,-0.259306043386459,0.0170307550579309,1.37156796455383,-2.38578748703003,-0.596446871757507,-0.641123354434967,2.58838558197022,-0.960966110229492,-0.240241527557373,-0.0284382998943329,0.19089537858963,0.756699025630951,0.189174756407738,0.0122669767588377,0.80908477306366,0.542904019355774,0.135726004838943,1.00846457481384,-6.12828731536865,-0.394106924533844,-0.098526731133461,-0.421223938465118,0.928040444850922,1.07568943500519,0.268922358751297,0.0256543699651957,1.17288553714752,0.164628252387047,0.0411570630967617,0.0206904783844948,0.310263425111771,-0.948301494121552,-0.237075373530388,-0.00932854320853949,1.24134540557861,-0.0116072446107864,-0.00290181115269661,-0.00661608763039112,-0.267957389354706,0.111514210700989,0.0278785526752472,0.0846565663814545,-0.328271895647049,-28.5890617370605,-7.14726543426514,-0.108463630080223,-0.0659611746668816,-0.624198794364929,-0.156049698591232,-0.139903843402863,0.150330111384392,-0.417623966932297,-0.104405991733074,-0.0459834709763527,-0.0536893270909786,-1.00685441493988,-0.25171360373497,-0.211042210459709,0.190213620662689,-1.46599924564362,-0.366499811410904,-0.27161431312561,0.196349546313286,0.661080121994019,0.165270030498505,0.101074002683163,-0.80012434720993,0.462773352861404,0.115693338215351,0.149491220712662,0.510815620422363,26.480094909668,6.62002372741699,0.121993817389011,0.0874369069933891,0.988862693309784,0.247215673327446,0.085986815392971,-2.0371265411377,0.580355405807495,0.145088851451874,0.0362163297832012,-0.477068036794663,1.29923951625824,0.32480987906456,0.338758081197739,1.18116521835327,-2.01899194717407,-0.504747986793518,-0.414197832345963,0.138426423072815,0.225519433617592,0.056379858404398,0.101396135985851,0.313177525997162
-2.0986156463623,-0.524653911590576,-0.642542898654938,-2.84036755561829,-0.0693481713533402,-0.017337042838335,-0.0322902947664261,-0.60977441072464,-0.45803028345108,-0.11450757086277,-0.0175032075494528,-2.36383032798767,4.1548113822937,1.03870284557343,0.828690528869629,8.26958751678467,-1.69780600070953,-0.424451500177383,-0.254353225231171,-7.14750480651856,-0.440130114555359,-0.11003252863884,-0.0984750017523766,-8.67936420440674,-1.95423901081085,-0.488559752702713,-0.593796372413635,-2.38440036773682,-0.528538286685944,-0.132134571671486,-0.0292393788695335,1.76387345790863,0.765961229801178,0.191490307450295,0.0276274811476469,-4.09684896469116,1.51028847694397,0.377572119235992,0.816077768802643,0.773398995399475,0.752558767795563,0.188139691948891,-0.351828157901764,5.47759294509888,3.17152166366577,0.792880415916443,-0.0275848302990198,-18.5949840545654,0.0902599692344666,0.0225649923086166,0.0185745600610971,0.150846317410469,-0.462786734104157,-0.115696683526039,-0.0396593511104584,-0.225139394402504,-0.3905248939991,-0.0976312234997749,0.00177147996146232,0.905733585357666,0.835746049880981,0.208936512470245,0.0741703733801842,-0.454058319330215,-27.0960483551025,-6.77401208877564,-0.104472883045673,0.840621471405029,-0.859249830245972,-0.214812457561493,-0.140359252691269,-0.105844676494598,-0.136720031499863,-0.0341800078749657,-0.0570928491652012,0.0782330185174942,-0.519764602184296,-0.129941150546074,-0.21677066385746,-0.306796163320541,-1.84883260726929,-0.462208151817322,-0.284998297691345,-1.06617796421051,0.236817702651024,0.059204425662756,0.100345358252525,0.514435768127441,0.88764488697052,0.22191122174263,0.150845438241959,-0.615126311779022,25.3399486541748,6.3349871635437,0.120076343417168,-0.397301018238068,-0.0836333259940147,-0.0209083314985037,0.110662333667278,1.15815544128418,0.540834188461304,0.135208547115326,0.0677468255162239,1.85458278656006,0.920072555541992,0.230018138885498,0.3403280377388,0.133456334471703,-0.749780416488648,-0.187445104122162,-0.443274438381195,-2.95407891273499,-0.562403857707977,-0.140600964426994,0.0996934175491333,-0.571377158164978
-3.00933861732483,-0.752334654331207,-0.678031444549561,-0.431968986988068,-0.146417930722237,-0.0366044826805592,-0.0342674255371094,-0.550869524478912,0.0131700560450554,0.00329251401126385,-0.0708297342061997,-0.812513113021851,4.37704229354858,1.09426057338715,0.977256536483765,4.42004632949829,-2.28093099594116,-0.570232748985291,-0.311070621013641,-1.13186526298523,-0.0717326179146767,-0.0179331544786692,-0.124147310853004,0.57149463891983,-1.59438979625702,-0.398597449064255,-0.568552672863007,1.25819540023804,-1.06177484989166,-0.265443712472916,-0.00201974157243967,1.61006617546082,0.262418061494827,0.0656045153737068,0.0357697531580925,0.737089931964874,2.26864171028137,0.567160427570343,0.790502905845642,-2.80670762062073,0.253579825162888,0.0633949562907219,-0.324312448501587,1.23898863792419,0.939259350299835,0.234814837574959,-0.0260567963123322,-0.663622975349426,-0.114202231168747,-0.0285505577921867,0.0341493338346481,1.56845879554749,-0.749021112918854,-0.187255278229713,-0.00986610259860754,1.13018119335175,-0.566399574279785,-0.141599893569946,0.00275426357984543,0.291215062141418,-0.680331766605377,-0.170082941651344,0.0908284410834312,0.49854376912117,-26.756046295166,-6.6890115737915,-0.108032196760178,-0.00153398083057255,-0.693577885627747,-0.173394471406937,-0.15169632434845,-0.00306796166114509,-0.672627449035645,-0.168156862258911,-0.0315304957330227,1.39745652675629,-0.890091896057129,-0.222522974014282,-0.206655979156494,0.667281627655029,-1.07860481739044,-0.269651204347611,-0.320011407136917,-1.57472336292267,0.915543854236603,0.228885963559151,0.0993022546172142,-0.498727828264236,0.436150938272476,0.109037734568119,0.146878659725189,-0.210155367851257,24.9537830352783,6.23844575881958,0.122820734977722,0.0153398076072335,1.09052896499634,0.272632241249085,0.0789161249995232,-1.83157300949097,-1.03802621364594,-0.259506553411484,0.0941840261220932,0.878970980644226,0.431277930736542,0.107819482684135,0.316575288772583,-1.8100973367691,-2.29942178726196,-0.574855446815491,-0.416099965572357,2.37190246582031,0.338843464851379,0.0847108662128449,0.0506980679929256,-1.6012305021286
-3.09282279014587,-0.773205697536469,-0.691610813140869,-0.161131292581558,-0.0876816064119339,-0.0219204016029835,-0.038673359900713,-0.0163624621927738,-0.130584195256233,-0.0326460488140583,-0.0693700164556503,0.56224536895752,4.24571847915649,1.06142961978912,1.04021787643433,2.25038385391235,-1.66076767444611,-0.415191918611527,-0.358988165855408,-2.63006329536438,-0.0675418451428413,-0.0168854612857103,-0.0749907195568085,3.0402569770813,-1.18889880180359,-0.297224700450897,-0.551839590072632,0.262266874313355,-0.951839745044708,-0.237959936261177,0.00634897686541081,-0.634863495826721,0.27118456363678,0.067796140909195,0.0280560217797756,-0.435397326946259,2.61919283866882,0.654798209667206,0.748531460762024,-1.19991385936737,0.238092139363289,0.0595230348408222,-0.301687091588974,0.777804374694824,0.317793726921082,0.0794484317302704,-0.0309810098260641,0.786538422107697,0.0461778901517391,0.0115444725379348,0.0584690161049366,0.826226353645325,-0.144421964883804,-0.0361054912209511,-0.00935448706150055,-0.477558434009552,-0.443784564733505,-0.110946141183376,-0.00181179831270128,-0.350208044052124,0.0533176064491272,0.0133294016122818,0.0948910936713219,0.394233047962189,-27.1592350006104,-6.78980875015259,-0.106869727373123,0.0230097118765116,-1.10788810253143,-0.276972025632858,-0.149778842926025,0.383495211601257,-0.56903886795044,-0.14225971698761,-0.032680980861187,-0.587514638900757,-0.499004572629929,-0.124751143157482,-0.205062076449394,-0.174873813986778,-1.62056040763855,-0.405140101909637,-0.311919659376144,1.06912326812744,0.664371311664581,0.166092827916145,0.12565603852272,1.49814701080322,0.763518273830414,0.190879568457603,0.150965288281441,0.875903010368347,25.0310611724854,6.25776529312134,0.121310718357563,-0.00613592332229018,0.152989327907562,0.0382473319768906,0.0965329334139824,0.931126356124878,-0.77250599861145,-0.193126499652863,0.0641994923353195,-0.475534051656723,0.808676481246948,0.202169120311737,0.277374893426895,-1.43427205085754,-2.66228079795837,-0.665570199489594,-0.383019685745239,3.60497760772705,0.310190618038178,0.0775476545095444,0.0365931130945683,-2.55843448638916
-2.79406189918518,-0.698515474796295,-0.697155058383942,-0.255410224199295,-0.0772233307361603,-0.0193058326840401,-0.0438377633690834,-0.514872133731842,-0.256957918405533,-0.0642394796013832,-0.0508758127689362,0.776515662670136,4.14066362380981,1.03516590595245,1.0689971446991,0.860665440559387,-1.56303656101227,-0.390759140253067,-0.385252237319946,-0.490235596895218,-0.0288206413388252,-0.00720516033470631,-0.0428038835525513,1.03735995292664,-1.25698757171631,-0.314246892929077,-0.544206202030182,0.389114916324616,-0.585210800170898,-0.146302700042725,-0.00893969926983118,-0.823577284812927,0.274610906839371,0.0686527267098427,0.00124544627033174,-1.20334219932556,2.71724057197571,0.679310142993927,0.722913980484009,-1.55225229263306,1.91670787334442,0.479176968336105,-0.283745586872101,0.744207739830017,0.606919407844544,0.151729851961136,-0.0399593859910965,-0.695855379104614,0.259072870016098,0.0647682175040245,0.0602099634706974,-0.416541516780853,-0.277751386165619,-0.0694378465414047,-0.00222594058141112,-0.577351689338684,-0.660960197448731,-0.165240049362183,-0.00475527718663216,0.397922396659851,0.369991630315781,0.0924979075789452,0.0890547782182694,-0.42644664645195,-27.0681648254395,-6.76704120635986,-0.106893695890903,-0.00460194237530232,-0.901954650878906,-0.225488662719727,-0.159941464662552,-0.49854376912117,-0.370406478643417,-0.0926016196608543,-0.0340951196849346,0.372757345438004,-0.629306197166443,-0.157326549291611,-0.198374882340431,0.53382533788681,-1.71699261665344,-0.429248154163361,-0.305139482021332,-0.00981747731566429,0.433858454227448,0.108464613556862,0.150821000337601,1.50109219551086,0.19945240020752,0.0498631000518799,0.174706041812897,1.26093220710754,24.8343696594238,6.20859241485596,0.121682234108448,0.00153398083057255,0.842256724834442,0.210564181208611,0.0827750414609909,-0.75165057182312,-0.0951002538204193,-0.0237750634551048,0.0523231290280819,-0.951068103313446,0.996500968933106,0.249125242233276,0.259818017482758,-0.828349649906158,-1.16960287094116,-0.292400717735291,-0.38211464881897,-0.754963994026184,-0.502778112888336,-0.125694528222084,0.0310631133615971,0.702931344509125
-2.42178130149841,-0.605445325374603,-0.697128236293793,0.181701242923737,-0.215683475136757,-0.0539208687841892,-0.0475704483687878,0.0152716310694814,-0.280341506004334,-0.0700853765010834,-0.0334395617246628,0.63252604007721,3.72311305999756,0.93077826499939,1.06904828548431,-0.667588472366333,-0.769461750984192,-0.192365437746048,-0.392328977584839,-0.265755951404572,-0.257119536399841,-0.0642798840999603,-0.0282663330435753,0.480047106742859,-1.32217967510223,-0.330544918775558,-0.543563365936279,0.0548532009124756,-0.303390026092529,-0.0758475065231323,-0.00530927814543247,0.652316808700562,0.288431197404861,0.0721077993512154,-0.00835654325783253,0.131990522146225,3.14563369750977,0.786408424377441,0.704753398895264,-0.496327996253967,4.27529048919678,1.06882262229919,-0.256519317626953,1.00074052810669,1.54455816745758,0.386139541864395,-0.0591053627431393,-0.193882539868355,0.137116268277168,0.0342790670692921,0.0539827309548855,-1.00792765617371,-0.418778955936432,-0.104694738984108,-0.00855790916830301,-0.271939724683762,-0.690690636634827,-0.172672659158707,-0.00293102441355586,0.191992461681366,0.489849656820297,0.122462414205074,0.0929736196994782,0.329805880784988,-26.8749523162842,-6.71873807907105,-0.106857746839523,0,-0.999600768089294,-0.249900192022324,-0.16135561466217,0.265378683805466,-0.11457571387291,-0.0286439284682274,-0.0336397215723991,0.0659611746668816,-0.575109481811523,-0.143777370452881,-0.193689048290253,0.168737888336182,-1.17123687267303,-0.292809218168259,-0.320325881242752,-1.10839319229126,0.647838950157166,0.161959737539291,0.155399933457375,-0.291579067707062,0.385455787181854,0.0963639467954636,0.186174944043159,-0.0981747731566429,24.7014636993408,6.17536592483521,0.12109500169754,-0.00153398083057255,0.533593416213989,0.133398354053497,0.101734086871147,1.25326228141785,-0.515984177589417,-0.128996044397354,0.0423162989318371,-0.538427233695984,0.639856457710266,0.159964114427567,0.252951055765152,-0.0245436932891607,-1.81354260444641,-0.453385651111603,-0.370824545621872,0.153152629733086,0.270676493644714,0.0676691234111786,0.0120264096185565,-2.12450194358826
-2.72422766685486,-0.681056916713715,-0.669755220413208,1.53246140480042,-0.274247884750366,-0.0685619711875916,-0.0510474741458893,-0.122173048555851,-0.244671881198883,-0.0611679702997208,-0.0285247378051281,-0.210841998457909,2.67526960372925,0.668817400932312,1.03074991703033,-3.03905439376831,-1.07402265071869,-0.268505662679672,-0.370868533849716,1.77619230747223,-0.518342912197113,-0.129585728049278,-0.0430567339062691,-1.34702730178833,-0.914816439151764,-0.228704109787941,-0.547380089759827,-0.49196469783783,-0.414458334445953,-0.103614583611488,0.0100390519946814,1.00138258934021,0.0508056804537773,0.0127014201134443,0.00907970499247313,1.43818247318268,4.01942014694214,1.00485503673553,0.706832766532898,0.60977441072464,5.79273462295532,1.44818365573883,-0.245248839259148,0.719991028308868,2.82920837402344,0.707302093505859,-0.0292677693068981,2.11926698684692,0.0551953129470348,0.0137988282367587,0.0342832542955875,-0.14398966729641,-0.44370824098587,-0.110927060246468,-0.0154644371941686,-0.370980978012085,-0.704316258430481,-0.17607906460762,-0.00260157836601138,0.117253109812737,-0.436162918806076,-0.109040729701519,0.103028386831284,0.446388423442841,-27.2134399414063,-6.80335998535156,-0.106845758855343,0.00306796166114509,-0.568380773067474,-0.142095193266869,-0.167791143059731,-0.632000088691711,-1.02044296264648,-0.255110740661621,-0.0232733655720949,0.638136029243469,-0.843207716941834,-0.210801929235458,-0.187409311532974,0.408038884401321,-1.58203125,-0.3955078125,-0.320839762687683,0.384845107793808,0.201570942997932,0.0503927357494831,0.158007696270943,0.272925853729248,0.7740718126297,0.193517953157425,0.182064354419708,-0.233165085315704,24.9320220947266,6.23300552368164,0.121106989681721,0.0138058271259069,0.597315192222595,0.149328798055649,0.105497136712074,-0.66574764251709,-0.00420554354786873,-0.00105138588696718,0.0226262174546719,-0.228563144803047,0.568809866905212,0.142202466726303,0.239600613713264,-0.725572884082794,-2.02641797065735,-0.506604492664337,-0.364934056997299,0.528180301189423,-0.394155919551849,-0.0985389798879623,0.000429514650022611,0.260163158178329
-3.29167556762695,-0.822918891906738,-0.621731877326965,3.10949110984802,0.0954384654760361,0.023859616369009,-0.0570129528641701,-0.795215666294098,-0.354050070047379,-0.0885125175118446,-0.0374169573187828,-0.517677128314972,1.63470995426178,0.408677488565445,0.9125736951828,-7.15257692337036,-0.763903319835663,-0.190975829958916,-0.344361901283264,0.83178985118866,-0.759291052818298,-0.189822763204575,-0.0841959193348885,-2.17086935043335,-0.851250350475311,-0.212812587618828,-0.567454516887665,-1.72444760799408,-0.797161936759949,-0.199290484189987,0.0247056130319834,-0.0294524319469929,0.115645624697208,0.0289114061743021,0.0173692889511585,0.359974145889282,4.6556453704834,1.16391134262085,0.755332112312317,3.30412650108337,5.49584531784058,1.37396132946014,-0.232334792613983,0.63997083902359,3.95135760307312,0.98783940076828,0.014107845723629,2.10958433151245,0.0920607894659042,0.0230151973664761,0.0349662378430367,0.0634240210056305,-0.392188340425491,-0.0980470851063728,-0.0313099958002567,-1.01094138622284,-0.496073305606842,-0.124018326401711,0.00223305192776024,0.176435649394989,-0.215386837720871,-0.0538467094302177,0.0900614559650421,-0.182543709874153,-27.6948738098145,-6.92371845245361,-0.106665998697281,-0.0214757304638624,-0.349956899881363,-0.0874892249703407,-0.160816311836243,0.450990349054337,-0.251352161169052,-0.062838040292263,-0.0395958796143532,-1.43887400627136,-1.20649564266205,-0.301623910665512,-0.192226976156235,-0.585980653762817,-1.76680827140808,-0.44170206785202,-0.311973363161087,1.27136325836182,0.400296568870544,0.100074142217636,0.142905652523041,-1.19380521774292,0.356955528259277,0.0892388820648193,0.185312077403069,-0.0674951523542404,25.575647354126,6.39391183853149,0.121142938733101,-0.0122718466445804,0.622824847698212,0.155706211924553,0.106336027383804,0.481669962406158,-0.237310066819191,-0.0593275167047977,0.0337715484201908,0.457126289606094,0.555908679962158,0.13897716999054,0.220689505338669,-0.967941880226135,-1.38041043281555,-0.345102608203888,-0.380450278520584,-0.879645943641663,0.375968217849731,0.0939920544624329,-0.0190443731844425,-1.21442186832428
-2.33758950233459,-0.584397375583649,-0.564709186553955,2.1752724647522,1.24479699134827,0.311199247837067,-0.0643675401806831,-0.0807214826345444,-0.464286148548126,-0.116071537137032,-0.0538220293819904,-0.26398104429245,1.77144920825958,0.442862302064896,0.716454267501831,-10.2112665176392,0.0751824378967285,0.0187956094741821,-0.317394256591797,1.44109869003296,1.50169038772583,0.375422596931458,-0.136093288660049,-2.69365811347961,-1.90156638622284,-0.47539159655571,-0.617325961589813,-3.1009202003479,-0.983044326305389,-0.245761081576347,0.0109594408422709,-0.749400734901428,0.44142958521843,0.110357396304607,0.00162041932344437,-1.42104077339172,4.92986822128296,1.23246705532074,0.85144454240799,4.94582653045654,-2.88120007514954,-0.720300018787384,-0.214127644896507,1.37926995754242,-0.604834794998169,-0.151208698749542,0.0619578920304775,2.66248607635498,0.582700788974762,0.145675197243691,0.029663048684597,-0.689093410968781,1.0329498052597,0.258237451314926,-0.0500998049974442,-0.605871081352234,-0.623941540718079,-0.15598538517952,0.0030829319730401,-0.22286257147789,-0.00444802641868591,-0.00111200660467148,0.0804381221532822,-0.532291352748871,-27.7581806182861,-6.93954515457153,-0.106905683875084,-0.044485442340374,-0.704641580581665,-0.176160395145416,-0.144973173737526,0.685689389705658,-0.762139201164246,-0.190534800291061,-0.0291096828877926,0.713301062583923,-0.753062963485718,-0.188265740871429,-0.217573612928391,-0.955670058727264,-0.493238836526871,-0.123309709131718,-0.317511022090912,-1.14177262783051,-0.277060925960541,-0.0692652314901352,0.126952260732651,-0.97094851732254,-0.387013673782349,-0.0967534184455872,0.176371842622757,-0.118116520345211,25.9470252990723,6.48675632476807,0.121154926717281,0.0199417509138584,0.446887731552124,0.111721932888031,0.107103019952774,-0.228563144803047,-0.11885704100132,-0.02971426025033,0.0297208782285452,-0.503145694732666,1.49705672264099,0.374264180660248,0.205984860658646,-0.526155412197113,-2.30205368995667,-0.575513422489166,-0.371031612157822,1.36659276485443,-0.76771891117096,-0.19192972779274,-0.0111060217022896,1.12115585803986
-1.0218790769577,-0.255469769239426,-0.554584920406342,-1.10220658779144,1.88166916370392,0.47041729092598,-0.0661742240190506,-0.296705991029739,-0.792782068252564,-0.198195517063141,-0.0320334136486054,1.11591994762421,2.50650835037231,0.626627087593079,0.671125113964081,1.1846421957016,0.819265127182007,0.204816281795502,-0.246250092983246,0.570977330207825,0.698702931404114,0.174675732851028,0.0515361092984676,1.22659385204315,-2.60425066947937,-0.651062667369843,-0.685383558273315,-3.01178383827209,-0.0937288254499435,-0.0234322063624859,-0.0184333361685276,-1.39299082756042,-0.00544310919940472,-0.00136077729985118,-0.0135258147493005,0.14398966729641,4.67616510391235,1.16904127597809,0.980921030044556,6.40863084793091,-1.91783404350281,-0.479458510875702,-0.29219064116478,-6.30400228500366,0.0123625360429287,0.00309063401073217,-0.0108832232654095,-7.12908411026001,0.374473094940186,0.0936182737350464,0.00788782630115748,-0.521105468273163,0.132021129131317,0.0330052822828293,-0.0355599895119667,-0.256767272949219,-0.950876474380493,-0.237719118595123,0.0104280803352594,0.934348106384277,1.09014201164246,0.272535502910614,0.0617666952311993,-1.16735935211182,-28.156379699707,-7.03909492492676,-0.107025526463985,0.383495211601257,-0.189781725406647,-0.0474454313516617,-0.139795988798141,0.225495174527168,-0.451294988393784,-0.112823747098446,-0.0404946953058243,-1.02469921112061,-0.591957628726959,-0.14798940718174,-0.220473796129227,-0.127320408821106,-2.01410102844238,-0.503525257110596,-0.280488401651382,2.91088199615479,0.740184605121613,0.185046151280403,0.086531862616539,-1.70136880874634,0.213036209344864,0.053259052336216,0.157808274030685,-1.00168943405151,25.6909503936768,6.42273759841919,0.120531745254993,-0.233165085315704,1.20965766906738,0.302414417266846,0.10677944868803,0.0782330185174942,-0.359652370214462,-0.0899130925536156,0.0443416349589825,1.34069919586182,0.881080389022827,0.220270097255707,0.234663113951683,2.19666051864624,-1.44579648971558,-0.361449122428894,-0.385113567113876,-2.19715118408203,1.15586078166962,0.288965195417404,-0.0354119464755058,-1.11919236183167
-1.06039953231812,-0.265099883079529,-0.544808864593506,0.212556168437004,1.19011390209198,0.297528475522995,-0.0442468225955963,1.62751948833466,-0.504692435264587,-0.126173108816147,-0.0165256001055241,0.0154274646192789,2.83572435379028,0.708931088447571,0.691484451293945,0.887936234474182,1.03270196914673,0.258175492286682,-0.24338199198246,-0.598778545856476,0.813493072986603,0.203373268246651,0.0361110307276249,-0.0330605655908585,-3.05732703208923,-0.764331758022308,-0.721447944641113,-0.574244499206543,-0.335151195526123,-0.0837877988815308,-0.0366110056638718,-0.457058101892471,0.17164121568203,0.0429103039205074,-0.0139409629628062,0.550246179103851,4.36787891387939,1.09196972846985,1.0930038690567,3.80699944496155,-1.811856508255,-0.452964127063751,-0.364127844572067,-1.44742393493652,-0.00619674101471901,-0.00154918525367975,-0.0281735192984343,2.10099029541016,0.277794748544693,0.0694486871361733,-0.000187486541108228,-0.481679707765579,0.246264576911926,0.0615661442279816,-0.0609048306941986,0.3669253885746,-0.64358389377594,-0.160895973443985,0.0009478724678047,-0.23605851829052,0.0709533393383026,0.0177383348345757,0.0663207024335861,0.931126356124878,-27.6716575622559,-6.91791439056397,-0.109074823558331,0.00920388475060463,-1.0502735376358,-0.262568384408951,-0.123233787715435,0.250038862228394,-0.850193619728088,-0.212548404932022,-0.0350418761372566,0.697961270809174,-0.695574998855591,-0.173893749713898,-0.207878366112709,0.82528167963028,-1.18929100036621,-0.297322750091553,-0.269459068775177,-0.957203984260559,-0.72252893447876,-0.18063223361969,0.0927674919366837,0.120754972100258,0.00341553241014481,0.000853883102536202,0.148292809724808,-0.622796177864075,25.796365737915,6.44909143447876,0.120148248970509,-0.0383495204150677,0.392533600330353,0.0981334000825882,0.118284299969673,-0.0107378652319312,-0.341880857944489,-0.0854702144861221,0.0424720942974091,-0.00306796166114509,1.81011354923248,0.452528387308121,0.247042819857597,0.314466059207916,-2.4404513835907,-0.610112845897675,-0.378709197044373,0.999419212341309,0.482596278190613,0.120649069547653,-0.0177481584250927,1.37837374210358
-1.55848813056946,-0.389622032642365,-0.53491222858429,0.611956059932709,0.625064373016357,0.156266093254089,-0.0235977377742529,0.956658661365509,-0.368053615093231,-0.0920134037733078,-0.0111956251785159,-0.366830796003342,3.29873657226563,0.824684143066406,0.714613437652588,0.901026248931885,2.11645913124084,0.529114782810211,-0.256393015384674,-0.709729611873627,0.663346171379089,0.165836542844772,0.034242320805788,0.00949660874903202,-2.81716799736023,-0.704291999340057,-0.724956631660461,0.934218645095825,-0.143762215971947,-0.0359405539929867,-0.0292990319430828,0.476693063974381,-0.0455943420529366,-0.0113985855132341,0.00950824562460184,0.303406774997711,4.10520935058594,1.02630233764648,1.1325124502182,0.833394706249237,-1.28305339813232,-0.320763349533081,-0.386401236057282,-0.971026957035065,0.340952783823013,0.0852381959557533,-0.0111978724598885,-0.0440598912537098,0.169877573847771,0.0424693934619427,-0.000816905638203025,0.966787755489349,-0.241987496614456,-0.060496874153614,-0.0338037088513374,1.43196308612823,-0.567891955375671,-0.141972988843918,0.00554582849144936,0.232034727931023,0.00817707180976868,0.00204426795244217,0.083805687725544,0.986349642276764,-27.4690189361572,-6.86725473403931,-0.108391724526882,0.0184077695012093,-0.192488431930542,-0.0481221079826355,-0.135337859392166,-0.414174824953079,-0.898724913597107,-0.224681228399277,-0.0400153286755085,-0.363553434610367,-0.991417646408081,-0.24785441160202,-0.201850309967995,-0.510815620422363,-1.35074281692505,-0.337685704231262,-0.273784905672073,0.491855621337891,0.391567826271057,0.0978919565677643,0.0549395233392715,-1.2212940454483,0.204983949661255,0.0512459874153137,0.13972407579422,0.0782330185174942,25.540153503418,6.38503837585449,0.120435871183872,0.0122718466445804,0.576972365379334,0.144243091344833,0.109332084655762,-0.230097115039825,-0.109406664967537,-0.0273516662418842,0.0447011590003967,0.20708741247654,1.76078152656555,0.440195381641388,0.289287209510803,1.90520417690277,-1.8982310295105,-0.474557757377625,-0.387314826250076,-1.05046999454498,0.468372941017151,0.117093235254288,0.0134069928899407,1.7092227935791
-1.55657684803009,-0.389144212007523,-0.538688719272614,-0.944503664970398,0.0172782428562641,0.00431956071406603,-0.0126297753304243,0.0981747731566429,-0.0452221557497978,-0.0113055389374495,-0.0150390984490514,-0.438825607299805,4.00256872177124,1.00064218044281,0.745923697948456,1.71151340007782,2.45677995681763,0.614194989204407,-0.258521109819412,0.211851894855499,0.219347476959229,0.0548368692398071,0.0323633924126625,0.303431034088135,-2.73848176002502,-0.684620440006256,-0.709408640861511,0.282836824655533,0.00227795541286469,0.000569488853216171,-0.0291371122002602,-0.833394706249237,-0.0168529506772757,-0.00421323766931891,0.00622723158448935,0.356545835733414,3.40922141075134,0.852305352687836,1.11354219913483,-1.96894955635071,-1.07559967041016,-0.268899917602539,-0.387314707040787,0.523130595684052,0.372227430343628,0.093056857585907,0.0271387975662947,2.51725101470947,0.248190194368362,0.0620475485920906,0.0211324114352465,0.889650404453278,0.181501626968384,0.045375406742096,-0.0257927514612675,0.364978969097137,-0.496377795934677,-0.124094448983669,0.00317750917747617,-0.2311881929636,0.307160079479218,0.0767900198698044,0.0955022946000099,0.409572869539261,-27.458028793335,-6.86450719833374,-0.108367756009102,-0.0199417509138584,-0.62382435798645,-0.155956089496613,-0.118296287953854,0.18867963552475,-0.732327222824097,-0.183081805706024,-0.0479728542268276,-0.398835003376007,-0.715940892696381,-0.178985223174095,-0.207614719867706,-0.125786423683167,-1.54081511497498,-0.385203778743744,-0.260508298873901,0.5114905834198,0.42653501033783,0.106633752584457,0.040642824023962,-0.672497153282166,0.261128783226013,0.0652821958065033,0.140191465616226,-0.339009761810303,25.8166179656982,6.45415449142456,0.120519757270813,0.0107378652319312,0.433621019124985,0.108405254781246,0.108852714300156,0.199417501688004,0.0357883982360363,0.00894709955900908,0.0433469414710999,-0.194815561175346,1.76556611061096,0.441391527652741,0.330453038215637,1.36984479427338,-1.88675594329834,-0.471688985824585,-0.406098425388336,-0.322013258934021,0.150042325258255,0.0375105813145638,0.0462725311517715,1.1113383769989
-2.64068031311035,-0.660170078277588,-0.563758373260498,-1.61645531654358,-0.924797117710114,-0.231199279427528,-0.0152204986661673,0.355610817670822,0.193739116191864,0.048434779047966,-0.0117982598021626,-0.114848896861076,4.79843521118164,1.19960880279541,0.806362569332123,3.89535665512085,-1.15635097026825,-0.289087742567062,-0.247613474726677,0.722336351871491,-0.828003883361816,-0.207000970840454,0.0247054174542427,-0.388758897781372,-2.49062085151672,-0.622655212879181,-0.684419333934784,1.66788017749786,-0.66946280002594,-0.167365700006485,-0.0428491979837418,-0.494146347045898,0.57089364528656,0.14272341132164,0.00914666429162026,-0.152560472488403,1.11132550239563,0.277831375598907,1.03566706180573,-5.18908214569092,-0.174202233552933,-0.0435505583882332,-0.370343923568726,0.927775621414185,0.991406440734863,0.247851610183716,0.0605872459709644,1.37766349315643,0.176981866359711,0.0442454665899277,0.0371357277035713,0.0617098584771156,-0.531417667865753,-0.132854416966438,-0.0106725366786122,0.616850733757019,0.0150146260857582,0.00375365652143955,0.00122201314661652,0.0332579910755158,0.100798189640045,0.0251995474100113,0.0989417657256126,0.0322135947644711,-27.3653373718262,-6.84133434295654,-0.108379743993282,-0.0245436932891607,-0.650067210197449,-0.162516802549362,-0.126493498682976,-0.0184077695012093,-0.13128849864006,-0.0328221246600151,-0.0592619925737381,-0.572174847126007,-0.863531291484833,-0.215882822871208,-0.204954221844673,0.0997087508440018,-1.0709593296051,-0.267739832401276,-0.263982772827148,-0.386808604001999,0.432172894477844,0.108043223619461,0.0521783605217934,0.836449086666107,0.445782154798508,0.111445538699627,0.126697227358818,-0.605922400951386,25.8960132598877,6.47400331497192,0.120531745254993,0.00306796166114509,0.475170195102692,0.118792548775673,0.112639732658863,0.164135947823524,0.29195100069046,0.0729877501726151,0.0449887812137604,0.162601962685585,1.4036740064621,0.350918501615524,0.357597291469574,0.987883627414703,-1.94011735916138,-0.485029339790344,-0.411705136299133,-0.447676956653595,0.321464657783508,0.0803661644458771,0.0505983605980873,-0.157079637050629
-2.69687390327454,-0.674218475818634,-0.627543985843658,-2.28155064582825,0.10514061152935,0.0262851528823376,-0.0294098202139139,-1.7933257818222,-0.400102585554123,-0.100025646388531,-0.0200744513422251,-0.287979334592819,4.02118587493897,1.00529646873474,0.936810553073883,7.6379976272583,-3.07052373886108,-0.767630934715271,-0.271113991737366,-0.852632462978363,0.409684538841248,0.102421134710312,-0.0733486860990524,-6.36227321624756,-1.83720624446869,-0.459301561117172,-0.623981714248657,3.72830367088318,-0.954617142677307,-0.238654285669327,-0.0601576119661331,-1.27518117427826,0.553910076618195,0.138477519154549,0.0345376990735531,1.76558756828308,2.31107497215271,0.577768743038178,0.812063872814179,-14.2495222091675,0.872342050075531,0.218085512518883,-0.314829260110855,3.41053152084351,-0.711525797843933,-0.177881449460983,0.149860665202141,5.36351346969605,0.0589503608644009,0.0147375902161002,0.0380463749170303,0.250267744064331,0.0799911245703697,0.0199977811425924,-0.0327723622322083,-1.42166376113892,-0.242117524147034,-0.0605293810367584,0.00316879292950034,-0.986350297927856,0.27646940946579,0.0691173523664475,0.0930814743041992,-0.440252482891083,-26.1774349212647,-6.54435873031616,-0.108451642096043,0.0168737880885601,-0.787624478340149,-0.196906119585037,-0.131922349333763,-0.328271895647049,-0.884115815162659,-0.221028953790665,-0.0532698817551136,0.355883538722992,-0.388937413692474,-0.0972343534231186,-0.206212565302849,-0.0782330185174942,-1.84877789020538,-0.462194472551346,-0.265209943056107,-0.0196349546313286,0.957214593887329,0.239303648471832,0.0681624412536621,0.654825747013092,1.18829226493835,0.297073066234589,0.125558733940125,0.125786423683167,25.4788246154785,6.36970615386963,0.12104706466198,0.0337475761771202,0.261718720197678,0.0654296800494194,0.112867429852486,-0.418776750564575,0.77376139163971,0.193440347909927,0.053377740085125,0.385029166936874,1.28691971302032,0.321729928255081,0.359143257141113,-0.148796141147614,-1.08037936687469,-0.270094841718674,-0.423746883869171,-0.944441258907318,-1.03733551502228,-0.259333878755569,0.0560900121927261,0.407425314188004
-2.69502639770508,-0.67375659942627,-0.680160701274872,-0.594814419746399,-0.430582463741303,-0.107645615935326,-0.0212541557848454,-0.170169606804848,0.0408317074179649,0.0102079268544912,-0.0376981869339943,-0.911934554576874,4.18549919128418,1.04637479782105,1.04565501213074,2.51327419281006,-1.8101361989975,-0.452534049749374,-0.349599659442902,-5.48800897598267,-0.0847480073571205,-0.0211870018392801,-0.02096913382411,6.089684009552,-1.53719675540924,-0.38429918885231,-0.602902889251709,1.24448204040527,-0.475290358066559,-0.11882258951664,-0.0589559972286224,1.39844512939453,0.437875092029572,0.109468773007393,0.0184808168560267,-1.94728875160217,2.21029829978943,0.552574574947357,0.75650817155838,-1.07774078845978,1.38777589797974,0.346943974494934,-0.254270225763321,2.62997221946716,0.0308840833604336,0.0077210208401084,0.00336192268878222,-0.113005764782429,0.0599097274243832,0.0149774318560958,0.058227963745594,0.863937973976135,-0.3167564868927,-0.0791891217231751,-0.00655517773702741,-0.718431055545807,-0.620622873306274,-0.155155718326569,-0.00615226337686181,0.130642235279083,0.40206316113472,0.10051579028368,0.0874848440289497,0.177941769361496,-25.4168891906738,-6.35422229766846,-0.103801764547825,-0.130388364195824,-0.933100938796997,-0.233275234699249,-0.14047908782959,-0.231631100177765,0.317679077386856,0.079419769346714,-0.0618625693023205,-0.598252534866333,-0.895794332027435,-0.223948583006859,-0.188284158706665,1.21337878704071,-1.1988171339035,-0.299704283475876,-0.29200091958046,-0.912043631076813,0.171705946326256,0.042926486581564,0.108590506017208,2.27667307853699,0.0828965976834297,0.0207241494208574,0.131706640124321,-0.216291293501854,25.0028133392334,6.25070333480835,0.121502466499805,0.0460194237530232,1.06916916370392,0.26729229092598,0.0954663380980492,-0.421844720840454,-0.908804595470429,-0.227201148867607,0.0856632441282272,0.800737977027893,0.845222592353821,0.211305648088455,0.345505207777023,-0.799203991889954,-2.29967498779297,-0.574918746948242,-0.406075417995453,1.30474269390106,0.483089059591293,0.120772264897823,0.0139515558257699,-1.70529580116272
-2.78273630142212,-0.69568407535553,-0.686843276023865,-0.385686606168747,-0.169399037957191,-0.0423497594892979,-0.0222256779670715,0.723220825195313,-0.0906476825475693,-0.0226619206368923,-0.0483849197626114,-0.971930205821991,4.28695774078369,1.07173943519592,1.06295490264893,-0.284706830978394,-1.67448055744171,-0.418620139360428,-0.402608454227448,-0.741696000099182,0.12911194562912,0.03227798640728,0.000600341998506337,-1.14975333213806,-1.7227658033371,-0.430691450834274,-0.586484432220459,0.58110111951828,-1.26510417461395,-0.316276043653488,-0.0276116542518139,1.59588551521301,0.561902940273285,0.140475735068321,0.0127223012968898,-0.106278084218502,2.38959789276123,0.597399473190308,0.734452962875366,-0.873755395412445,1.12322270870209,0.280805677175522,-0.235833376646042,0.437259614467621,-0.00652814283967018,-0.00163203570991755,0.00739468913525343,0.206644684076309,0.123161852359772,0.0307904630899429,0.0723162367939949,0.329119235277176,-0.482304751873016,-0.120576187968254,0.0114461341872811,0.898128211498261,-0.449463695287704,-0.112365923821926,-0.00513340393081307,-0.278969049453735,0.156615868210793,0.0391539670526981,0.0939203724265099,0.124252445995808,-26.0258483886719,-6.50646209716797,-0.107924342155457,-0.0122718466445804,-0.86602509021759,-0.216506272554398,-0.147441923618317,0.0536893270909786,-0.999969601631165,-0.249992400407791,-0.0302481837570667,2.2994372844696,-0.548389792442322,-0.13709744811058,-0.192466661334038,-0.536893248558044,-1.3584132194519,-0.339603304862976,-0.298474341630936,-1.33124995231628,0.334221720695496,0.0835554301738739,0.118952549993992,-0.154134392738342,0.212441056966782,0.0531102642416954,0.124276414513588,0.423378705978394,25.3769283294678,6.34423208236694,0.120939210057259,0.0199417509138584,0.286033451557159,0.0715083628892899,0.115180388092995,0.716369032859802,-0.0809493809938431,-0.0202373452484608,0.0567093528807163,-0.711767077445984,0.984361529350281,0.24609038233757,0.326977610588074,-0.167203903198242,-2.0548632144928,-0.5137158036232,-0.411620765924454,1.28118073940277,-0.0126141589134932,-0.00315353972837329,0.000774660322349519,-1.21736717224121
-2.66754603385925,-0.666886508464813,-0.693110704421997,-0.0702806711196899,0.111312940716743,0.0278282351791859,-0.0160641875118017,-0.380699932575226,-0.397453367710114,-0.0993633419275284,-0.047313567250967,0.718234181404114,4.30501270294189,1.07625317573547,1.04390799999237,-0.70904004573822,-1.48981130123138,-0.372452825307846,-0.413296759128571,-0.421411514282227,0.261073887348175,0.0652684718370438,0.00960555858910084,0.991247713565826,-1.61737990379334,-0.404344975948334,-0.586511194705963,-0.305120944976807,-1.10812568664551,-0.277031421661377,-0.018271416425705,-0.376336604356766,0.567698061466217,0.141924515366554,0.00581208290532231,-0.747374951839447,2.60066986083984,0.650167465209961,0.726322829723358,0.114537231624126,1.31927597522736,0.329818993806839,-0.231340289115906,0.23016531765461,-0.085967481136322,-0.0214918702840805,0.000978587660938501,-0.449417471885681,0.000545736402273178,0.000136434100568295,0.0786238163709641,0.392543226480484,-0.582383036613464,-0.145595759153366,0.0205898825079203,0.00194906000979245,-0.483049154281616,-0.120762288570404,-0.00794719252735376,-0.00374974031001329,0.36305096745491,0.0907627418637276,0.105437211692333,0.674951553344727,-25.9932537078857,-6.49831342697144,-0.10740901529789,-0.00613592332229018,-1.12160897254944,-0.28040224313736,-0.138981059193611,0.197883516550064,0.259301275014877,0.0648253187537193,-0.0501659661531448,-2.05093240737915,-0.671707689762116,-0.167926922440529,-0.188511863350868,0.400368988513947,-1.28859782218933,-0.322149455547333,-0.310009866952896,0.452585697174072,0.449589192867279,0.11239729821682,0.117794394493103,0.0363246649503708,0.228105783462524,0.0570264458656311,0.127392306923866,-0.0322135947644711,25.38942527771,6.34735631942749,0.121250800788403,0.0122718466445804,0.67800498008728,0.16950124502182,0.103507749736309,-0.417242765426636,-0.317829757928848,-0.0794574394822121,0.0687175467610359,0.509281635284424,1.09025251865387,0.272563129663467,0.310151755809784,-0.779262244701386,-1.80309867858887,-0.450774669647217,-0.404272973537445,-0.0314159244298935,-0.344745099544525,-0.0861862748861313,-0.00450223404914141,0.0245436932891607
-2.65729260444641,-0.664323151111603,-0.688718140125275,0.147417992353439,-0.00908685848116875,-0.00227171462029219,-0.0246118698269129,-0.746128261089325,-0.197283059358597,-0.0493207648396492,-0.0489607714116573,-0.0617098584771156,4.08413648605347,1.02103412151337,1.03828346729279,-0.0359974168241024,-1.34019005298615,-0.335047513246536,-0.414356499910355,0.13386145234108,-0.0530665591359139,-0.0132666397839785,0.0332004874944687,1.06134390830994,-1.63950788974762,-0.409876972436905,-0.588064670562744,-0.0291407629847527,-1.02230036258698,-0.255575090646744,-0.0153312850743532,0.215984493494034,0.469755083322525,0.117438770830631,0.0032676225528121,-0.0514248758554459,2.71728134155273,0.679320335388184,0.732254266738892,0.0949022769927979,1.82405197620392,0.45601299405098,-0.228679269552231,0.0818355679512024,0.0775115787982941,0.0193778946995735,-0.00151843042112887,0.00242439517751336,0.130453169345856,0.0326132923364639,0.0806459933519363,-0.426826506853104,-0.241832375526428,-0.0604580938816071,0.0124973654747009,-0.337762206792831,-0.644480228424072,-0.161120057106018,-0.00342882378026843,0.212086468935013,0.0766331851482391,0.0191582962870598,0.104286730289459,-0.334407806396484,-26.0913429260254,-6.52283573150635,-0.10740901529789,0.0107378652319312,-0.763567566871643,-0.190891891717911,-0.147969231009483,-0.56297093629837,-1.17545735836029,-0.293864339590073,-0.0268686320632696,2.00337886810303,-0.496529102325439,-0.12413227558136,-0.189326792955399,0.0168737880885601,-1.88305532932282,-0.470763832330704,-0.303544133901596,-0.256236135959625,0.476928651332855,0.119232162833214,0.124912060797215,0.163951858878136,0.465404599905014,0.116351149976254,0.128986209630966,-0.0306796152144671,25.5209064483643,6.38022661209106,0.121238812804222,0,0.419219017028809,0.104804754257202,0.11238806694746,0.575242817401886,-0.310921907424927,-0.0777304768562317,0.0682022273540497,-0.0613592304289341,0.965826153755188,0.241456538438797,0.301606982946396,-0.228563144803047,-1.94061493873596,-0.485153734683991,-0.399410277605057,0.310232281684876,-0.073091134428978,-0.0182727836072445,-0.0170501973479986,-1.08875823020935
-2.68780755996704,-0.67195188999176,-0.683374762535095,0.431968986988068,0.00937666371464729,0.00234416592866182,-0.0373865216970444,-0.237801104784012,-0.321547716856003,-0.0803869292140007,-0.0460145547986031,0.222841143608093,3.95239210128784,0.98809802532196,1.03325533866882,-0.398153215646744,-1.50020635128021,-0.375051587820053,-0.406761795282364,0.495719373226166,0.0153825804591179,0.00384564511477947,0.0149239301681519,-1.41778314113617,-1.69856059551239,-0.424640148878098,-0.590689480304718,-0.183415398001671,-0.947682619094849,-0.236920654773712,-0.0140614900738001,-0.0512690469622612,0.459720551967621,0.114930137991905,0.00061602721689269,-0.154274642467499,2.66122174263001,0.665305435657501,0.743281841278076,0.477783888578415,2.08638310432434,0.521595776081085,-0.227184370160103,0.0108453724533319,0.431442856788635,0.107860714197159,-7.69968901295215E-05,-0.00187766330782324,0.0718873143196106,0.0179718285799027,0.0720885768532753,-0.325690895318985,-0.512965142726898,-0.128241285681725,0.0149212749674916,-0.754407048225403,-0.40104016661644,-0.10026004165411,-0.00749164819717407,0.372618556022644,0.402675986289978,0.100668996572495,0.107282787561417,0.454058319330215,-25.9463577270508,-6.4865894317627,-0.106869727373123,-0.0260776728391647,-0.985562324523926,-0.246390581130981,-0.152894750237465,-0.199417501688004,0.241412371397018,0.0603530928492546,-0.041261687874794,-1.95889341831207,-0.816025853157044,-0.204006463289261,-0.180386558175087,0.233165085315704,-1.33050167560577,-0.332625418901444,-0.324559658765793,0.373064130544663,0.188382491469383,0.0470956228673458,0.13114769756794,0.568431913852692,0.315275013446808,0.078818753361702,0.128063425421715,-0.0168737880885601,25.5621929168701,6.39054822921753,0.121238812804222,0.00460194237530232,0.622004985809326,0.155501246452332,0.115420073270798,-0.177941769361496,-0.194668754935265,-0.0486671887338162,0.0649185478687286,-0.191747605800629,1.09377670288086,0.273444175720215,0.293769299983978,-0.567572891712189,-1.89149069786072,-0.472872674465179,-0.397155314683914,-0.00589048629626632,-0.258120119571686,-0.0645300298929215,-0.0261850524693728,-0.0117809725925326
-2.60235929489136,-0.650589823722839,-0.67662525177002,0.155988797545433,-0.0657186657190323,-0.0164296664297581,-0.0399346351623535,-0.0534507073462009,-0.300665080547333,-0.0751662701368332,-0.0438986346125603,-0.0497107170522213,3.70318412780762,0.925796031951904,1.01129388809204,-1.08974003791809,-0.967424035072327,-0.241856008768082,-0.403560191392899,-0.0346028134226799,-0.192401170730591,-0.0481002926826477,0.00630394322797656,-0.0721829384565353,-1.59813797473907,-0.399534493684769,-0.593515157699585,-0.0239982772618532,-1.03703343868256,-0.259258359670639,-0.00780625734478235,0.400334894657135,0.414289176464081,0.10357229411602,-0.00215609511360526,-0.0685665085911751,3.12184429168701,0.780461072921753,0.747943460941315,0.131990522146225,2.53511476516724,0.633778691291809,-0.225062802433968,0.0705716013908386,0.764930427074432,0.191232606768608,0.00319275190122426,0.0811341106891632,0.157466396689415,0.0393665991723537,0.0631026104092598,-0.341118365526199,-0.172193259000778,-0.0430483147501946,-0.0111294547095895,-0.694531440734863,-0.664054870605469,-0.166013717651367,0.00565930688753724,0.0679563954472542,-0.296608358621597,-0.0741520896553993,0.10681539773941,-0.130388364195824,-26.1124629974365,-6.52811574935913,-0.106761872768402,0,-0.429202377796173,-0.107300594449043,-0.165010794997215,-0.520019471645355,-1.49045991897583,-0.372614979743958,-0.0122718466445804,2.19052457809448,-0.710314631462097,-0.177578657865524,-0.185755491256714,-0.228563144803047,-1.69126462936401,-0.422816157341003,-0.316790044307709,-0.810923635959625,0.724846661090851,0.181211665272713,0.117863416671753,-0.68231463432312,0.794696033000946,0.198674008250237,0.128986209630966,0.0337475761771202,25.9575634002686,6.48939085006714,0.121238812804222,0.0138058271259069,0.649061858654022,0.162265464663506,0.114341489970684,-0.174873813986778,0.0985352843999863,0.0246338210999966,0.0586987361311913,-0.181009739637375,0.734800696372986,0.183700174093246,0.289682686328888,0.00613592332229018,-1.90956616401672,-0.477391541004181,-0.398934721946716,-0.0579231120646,-0.0686649680137634,-0.0171662420034409,-0.0325203947722912,-0.439822971820831
-2.72989368438721,-0.682473421096802,-0.659831821918488,0.843367993831635,0.084598109126091,0.0211495272815228,-0.0409317202866077,-0.133081346750259,-0.544522881507874,-0.136130720376968,-0.047139473259449,-0.246839433908463,2.9755334854126,0.743883371353149,0.974188566207886,-1.75187420845032,-0.80340051651001,-0.200850129127502,-0.386817812919617,1.26044762134552,-0.267354846000671,-0.0668387115001679,-0.0165483225136995,-1.59073555469513,-1.64723002910614,-0.411807507276535,-0.600184321403503,-0.591386079788208,-0.574074506759644,-0.143518626689911,-0.00319579336792231,0.0469057224690914,0.143242850899696,0.0358107127249241,-0.00492821773514152,-0.0377115793526173,3.64854955673218,0.912137389183044,0.762814521789551,0.805033087730408,2.8678138256073,0.716953456401825,-0.220678493380547,0.393544912338257,1.37930989265442,0.344827473163605,0.010482719168067,0.687672853469849,0.00780680030584335,0.00195170007646084,0.0560718663036823,-0.558817028999329,-0.647653639316559,-0.16191340982914,-0.00905016623437405,-0.48568519949913,-0.309569805860519,-0.0773924514651299,-0.000443186116172001,0.0462785437703133,0.261215627193451,0.0653039067983627,0.10514958947897,0.259242743253708,-26.0758857727051,-6.51897144317627,-0.105910986661911,0.0107378652319312,-1.02319431304932,-0.255798578262329,-0.153577849268913,0.424912691116333,0.384642392396927,0.0961605980992317,-0.0458875969052315,-2.94064116477966,-0.877676486968994,-0.219419121742249,-0.184988498687744,0.0797670036554337,-1.39754784107208,-0.349386960268021,-0.322320073843002,1.11232018470764,0.185853466391563,0.0464633665978909,0.126591771841049,0.768708467483521,0.579906165599823,0.144976541399956,0.137566924095154,0.148796141147614,26.1541805267334,6.53854513168335,0.121262781322002,0.0107378652319312,0.600898087024689,0.150224521756172,0.118535973131657,0.0859029218554497,-0.0424142368137836,-0.0106035592034459,0.0605203360319138,0.0981747731566429,0.964094758033752,0.241023689508438,0.27048397064209,-1.19343709945679,-1.83187103271484,-0.457967758178711,-0.403759092092514,-0.37797287106514,0.0225150752812624,0.0056287688203156,-0.0370686464011669,-0.222856730222702
-2.48324847221375,-0.620812118053436,-0.639248490333557,-0.332547545433044,1.13596725463867,0.283991813659668,-0.0464029163122177,-1.13446402549744,-0.764986872673035,-0.191246718168259,-0.0589511245489121,0.654810130596161,0.995471835136414,0.248867958784103,0.913008332252502,-0.339248359203339,-0.359013706445694,-0.0897534266114235,-0.367619156837463,-0.573108553886414,-0.423345923423767,-0.105836480855942,0.00873498059809208,8.2882080078125,-2.00065803527832,-0.50016450881958,-0.626084268093109,-1.40561330318451,-0.0159431844949722,-0.00398579612374306,0.00167885608971119,-0.231256127357483,-0.204661309719086,-0.0511653274297714,-0.0109813548624516,-0.0754231587052345,5.02870416641235,1.25717604160309,0.800507843494415,2.14566421508789,-2.30221080780029,-0.575552701950073,-0.212805688381195,0.769964814186096,0.541545867919922,0.13538646697998,0.034751582890749,1.57517158985138,0.273225665092468,0.0683064162731171,0.0359304547309876,-0.469680547714233,1.2159298658371,0.303982466459274,-0.049415297806263,-1.32911992073059,-0.574188828468323,-0.143547207117081,0.00869995076209307,0.225579217076302,-0.27946549654007,-0.0698663741350174,0.0957419723272324,-0.72250497341156,-25.8066902160645,-6.45167255401611,-0.106354407966137,0.0230097118765116,-0.195727080106735,-0.0489317700266838,-0.170619413256645,-0.432582587003708,-1.58606338500977,-0.396515846252441,-0.0190788861364126,2.34085464477539,-0.434827148914337,-0.108706787228584,-0.194132462143898,-0.418776750564575,-1.36129152774811,-0.340322881937027,-0.311168015003204,-1.69646012783051,0.468033909797668,0.117008477449417,0.115148276090622,-0.668570160865784,0.617426633834839,0.15435665845871,0.138789311051369,0.121184483170509,26.6309947967529,6.65774869918823,0.121166907250881,-0.0260776728391647,0.642317116260529,0.160579279065132,0.113790221512318,-0.0935728251934052,-0.0367482788860798,-0.00918706972151995,0.0615389980375767,0.133456334471703,1.01517999172211,0.253794997930527,0.265222877264023,0.0199417509138584,-1.69217991828918,-0.423044979572296,-0.408974647521973,-0.0235619451850653,0.300670027732849,0.0751675069332123,-0.0303574819117785,0.250345647335053
-2.27531266212463,-0.568828165531158,-0.635097026824951,0.245125263929367,1.33330953121185,0.333327382802963,-0.0563141405582428,0.0698131695389748,-0.885951817035675,-0.221487954258919,-0.047501053661108,1.2564811706543,2.11478519439697,0.528696298599243,0.887390851974487,-1.42571580410004,-0.597563028335571,-0.149390757083893,-0.333086669445038,0.746839046478272,0.436767369508743,0.109191842377186,0.0685853511095047,-0.642584800720215,-2.35975098609924,-0.589937746524811,-0.661586165428162,-1.68159353733063,0.20789523422718,0.0519738085567951,-0.00937432702630758,-1.44098746776581,-0.20983949303627,-0.0524598732590675,-0.0175567753612995,1.03021168708801,4.92611980438232,1.23152995109558,0.905960500240326,7.80489444732666,-2.62098908424377,-0.655247271060944,-0.281874507665634,-4.69517660140991,-0.0729951560497284,-0.0182487890124321,0.0710675939917564,3.00923418998718,0.205671936273575,0.0514179840683937,0.0294219944626093,-2.20098471641541,-0.0131170079112053,-0.00327925197780132,-0.0295888464897871,0.236334010958672,-0.518848061561585,-0.129712015390396,0.021771714091301,0.720058262348175,0.831831991672516,0.207957997918129,0.0773461908102036,-0.128854379057884,-25.6240119934082,-6.40600299835205,-0.106078766286373,-0.0383495204150677,-1.23033308982849,-0.307583272457123,-0.136751994490623,2.52186441421509,0.811276018619537,0.202819004654884,-0.0520235225558281,-3.19681596755981,-0.97466379404068,-0.24366594851017,-0.18138125538826,1.01242733001709,-1.02125406265259,-0.255313515663147,-0.311359763145447,1.35873878002167,0.195236906409264,0.0488092266023159,0.11463438719511,-0.254272639751434,0.219189822673798,0.0547974556684494,0.139831945300102,0.110446617007256,26.3780193328857,6.59450483322144,0.121214844286442,0.00766990380361676,0.709459722042084,0.177364930510521,0.119063280522823,0.316000044345856,-0.626228511333466,-0.156557127833366,0.0670038014650345,-0.0843689441680908,1.27304601669312,0.318261504173279,0.26657709479332,0.0352815575897694,-2.40600490570068,-0.601501226425171,-0.403321921825409,0.398589551448822,0.620702385902405,0.155175596475601,-0.0178862176835537,1.00040090084076
-2.12434315681458,-0.531085789203644,-0.631133019924164,-0.164559617638588,1.00342059135437,0.250855147838593,-0.0470335558056831,0.772308230400085,-0.689041078090668,-0.172260269522667,-0.0378856733441353,0.202271193265915,1.87989187240601,0.469972968101501,0.874931514263153,-0.389426589012146,-1.05715620517731,-0.264289051294327,-0.312824636697769,0.745793521404266,0.631499230861664,0.157874807715416,0.0905628651380539,-0.0692500919103622,-2.57784104347229,-0.644460260868073,-0.695722103118897,-1.21876966953278,-0.127852544188499,-0.0319631360471249,-0.0191577151417732,0.287979334592819,0.0305340532213449,0.00763351330533624,-0.0285515207797289,-0.659952640533447,4.82054424285889,1.20513606071472,1.05257499217987,5.97993421554565,-2.49200963973999,-0.623002409934998,-0.365829348564148,-3.68743920326233,0.0565397404134274,0.0141349351033568,0.0417041927576065,-3.23917675018311,0.330221295356751,0.0825553238391876,0.0114232869818807,0.200557038187981,0.903346836566925,0.225836709141731,-0.0732899010181427,-0.149256765842438,-0.624688863754273,-0.156172215938568,0.0185733921825886,0.287882328033447,-0.437062054872513,-0.109265513718128,0.0784846916794777,-0.466330170631409,-25.3172645568848,-6.32931613922119,-0.107720606029034,-0.0153398076072335,-0.211857050657272,-0.0529642626643181,-0.154908090829849,-1.17963123321533,-2.239018201828,-0.559754550457001,-0.00252867164090276,3.81194233894348,-0.581502258777618,-0.145375564694405,-0.193317532539368,-0.995553553104401,-2.08225536346436,-0.520563840866089,-0.2860107421875,-0.869828402996063,0.136150971055031,0.0340377427637577,0.10354370623827,-0.14824390411377,0.280078172683716,0.070019543170929,0.149455279111862,0.984815657138825,25.9982681274414,6.49956703186035,0.12104706466198,0,0.430128961801529,0.107532240450382,0.112819492816925,-0.158000022172928,0.0397959761321545,0.00994899403303862,0.0597892999649048,-0.349747627973557,1.48431670665741,0.371079176664352,0.279496103525162,0.932660341262817,-1.3167450428009,-0.329186260700226,-0.406888425350189,-0.741219520568848,0.139155432581902,0.0347888581454754,0.0162141770124435,1.27430844306946
-2.2116904258728,-0.552922606468201,-0.628159999847412,0.0857081338763237,0.963123381137848,0.240780845284462,-0.0288132727146149,0.71885746717453,-0.71323436498642,-0.178308591246605,-0.0355822667479515,-0.0394257418811321,2.02608633041382,0.506521582603455,0.857759416103363,-1.17700636386871,-0.526369512081146,-0.131592378020287,-0.3073710501194,0.547274947166443,0.605789422988892,0.151447355747223,0.10124097764492,-0.163302451372147,-2.5698401927948,-0.6424600481987,-0.703850984573364,0.193700388073921,-0.1745934933424,-0.0436483733355999,-0.0079340897500515,0.842121362686157,-0.0293241534382105,-0.00733103835955262,-0.0236366949975491,-0.476537197828293,4.75389719009399,1.1884742975235,1.15515565872192,3.52774691581726,-2.06954002380371,-0.517385005950928,-0.432227969169617,-2.54694676399231,0.251263827085495,0.0628159567713738,0.0173969641327858,-0.0857185572385788,0.0382901020348072,0.0095725255087018,0.00199539237655699,-0.193700388073921,-0.361019611358643,-0.0902549028396606,-0.0336051695048809,1.24030494689941,-0.427966982126236,-0.106991745531559,0.0232290998101234,0.315979391336441,-0.0122422873973846,-0.00306057184934616,0.0815047174692154,1.09066033363342,-25.3331413269043,-6.33328533172607,-0.107313141226769,-0.0245436932891607,-1.04570281505585,-0.261425703763962,-0.129956945776939,1.69811677932739,-0.457707971334457,-0.114426992833614,-0.0489555597305298,-3.48520445823669,-0.855049252510071,-0.213762313127518,-0.192370787262917,-0.139592245221138,-3.30693697929382,-0.826734244823456,-0.289884030818939,6.97335386276245,0.364038228988647,0.0910095572471619,0.0960962325334549,-0.334775984287262,0.258646637201309,0.0646616593003273,0.157436773180962,0.0521553456783295,25.5079517364502,6.37698793411255,0.121250800788403,0.0184077695012093,0.890735685825348,0.222683921456337,0.108145646750927,-0.260776728391647,-1.2072457075119,-0.301811426877975,0.0648346617817879,-0.0782330185174942,1.04824185371399,0.262060463428497,0.296813309192657,0.556835055351257,-2.30061268806458,-0.575153172016144,-0.392376959323883,0.950331807136536,0.702029764652252,0.175507441163063,0.0245130136609077,0.425096750259399
-2.28675508499146,-0.571688771247864,-0.621584594249725,0.349689185619354,0.387351989746094,0.0968379974365234,-0.0150500554591417,0.136353835463524,-0.716580271720886,-0.179145067930222,-0.0349126718938351,0.260552734136581,1.88083875179291,0.470209687948227,0.827429234981537,-2.00712871551514,-0.293592393398285,-0.0733980983495712,-0.287276029586792,1.01851379871368,0.508396565914154,0.127099141478539,0.101177141070366,0.35283225774765,-2.61166739463806,-0.652916848659515,-0.692092895507813,1.19134294986725,-0.0806401818990707,-0.0201600454747677,0.00449115410447121,0.028361601755023,-0.0920385494828224,-0.0230096373707056,-0.0245875213295221,0.347975015640259,4.80289030075073,1.20072257518768,1.19832873344421,0.867210447788239,-2.22628974914551,-0.556572437286377,-0.463783830404282,-1.014524102211,0.311421036720276,0.077855259180069,0.0364462696015835,1.07315671443939,0.172835513949394,0.0432088784873486,-0.00354885240085423,1.00964188575745,0.401104062795639,0.10027601569891,-0.0532698594033718,-0.0232984200119972,-0.124392479658127,-0.0310981199145317,0.0139510547742248,-0.765540778636932,-0.229308992624283,-0.0573272481560707,0.0870534107089043,-0.717903017997742,-25.3463096618652,-6.33657741546631,-0.107385046780109,0.00920388475060463,-0.411744266748428,-0.102936066687107,-0.146818742156029,-0.730174839496613,-0.485250443220139,-0.121312610805035,-0.0535694882273674,1.69198083877563,-1.09573101997375,-0.273932754993439,-0.196960747241974,-0.420310735702515,-1.18045949935913,-0.295114874839783,-0.269282668828964,-3.25056672096252,1.07798981666565,0.269497454166412,0.0942171066999435,0.0166897103190422,0.671593904495239,0.16789847612381,0.165897622704506,0.582912683486939,25.1851501464844,6.29628753662109,0.120675556361675,0.00153398083057255,0.644345462322235,0.161086365580559,0.111081786453724,0.0429514609277248,0.154038444161415,0.0385096110403538,0.0322735197842121,-1.22411668300629,1.37534320354462,0.343835800886154,0.300840020179749,0.185611680150032,-1.61934804916382,-0.404837012290955,-0.386241048574448,-0.116827979683876,0.519096851348877,0.129774212837219,0.0429898127913475,0.0392699092626572
-1.51962876319885,-0.379907190799713,-0.618035733699799,0.118277221918106,0.917943894863129,0.229485973715782,-0.0259839296340942,-0.806123971939087,-0.914715647697449,-0.228678911924362,-0.0332520753145218,-0.229697793722153,2.35355949401855,0.588389873504639,0.779279291629791,-2.29292631149292,0.659870684146881,0.16496767103672,-0.253282010555267,1.62465262413025,0.459636211395264,0.114909052848816,0.0985975116491318,-0.0295162368565798,-2.66718554496765,-0.666796386241913,-0.677683234214783,1.04563915729523,-0.064210519194603,-0.0160526297986507,-0.00230949372053146,-0.759218215942383,-0.109083898365498,-0.0272709745913744,-0.0256454795598984,-0.291407644748688,4.63774108886719,1.1594352722168,1.20276880264282,-0.302160143852234,-1.99047064781189,-0.497617661952972,-0.486363679170609,-1.04381489753723,0.278344929218292,0.0695862323045731,0.0590740256011486,1.21564745903015,0.126201584935188,0.0315503962337971,0.0170746669173241,-0.418255686759949,-0.0710232257843018,-0.0177558064460754,-0.0283817201852798,0.70903605222702,-0.57722806930542,-0.144307017326355,0.0219542775303125,-0.0359807908535004,-0.445685476064682,-0.111421369016171,0.0858549922704697,-0.2055534273386,-25.7601642608643,-6.44004106521606,-0.107385046780109,-0.00153398083057255,-1.23882794380188,-0.30970698595047,-0.139676138758659,0.601320445537567,-0.512057304382324,-0.128014326095581,-0.0382416620850563,-0.108912639319897,-0.695039391517639,-0.17375984787941,-0.213750645518303,-0.501611709594727,-0.884275615215302,-0.221068903803825,-0.302079170942307,0.0284706819802523,0.0841807276010513,0.0210451819002628,0.128294482827187,1.33812212944031,0.463244259357452,0.115811064839363,0.173507615923882,0.101242728531361,25.1408596038818,6.28521490097046,0.120783410966396,0.0107378652319312,0.623561263084412,0.155890315771103,0.115515947341919,0.257708758115768,-0.318035542964935,-0.0795088857412338,0.0316503383219242,0.142660215497017,1.49035966396332,0.372589915990829,0.309360802173615,0.452524334192276,-1.78828358650208,-0.447070896625519,-0.387437552213669,-0.534070730209351,-0.0805223733186722,-0.020130593329668,0.0593804009258747,1.06323277950287
-1.37694668769836,-0.344236671924591,-0.610348761081696,0.363402485847473,0.774440228939056,0.193610057234764,-0.0299467146396637,0.103628925979137,-0.752478241920471,-0.188119560480118,-0.0375240929424763,-0.356545835733414,2.4163670539856,0.604091763496399,0.732475817203522,-2.28965377807617,0.846212983131409,0.211553245782852,-0.208208993077278,1.35011672973633,0.669178128242493,0.167294532060623,0.096790224313736,0.470157414674759,-2.99756789207459,-0.749391973018646,-0.652010977268219,1.33190441131592,-0.152829602360725,-0.0382074005901814,-0.0155017282813787,-0.0938114449381828,-0.0566664710640907,-0.0141666177660227,-0.0275605209171772,0.0308549292385578,4.51448011398315,1.12862002849579,1.18252873420715,-1.05046999454498,-2.09824919700623,-0.524562299251556,-0.495825797319412,-0.159441396594048,0.197418063879013,0.0493545159697533,0.0726390779018402,0.232600867748261,0.203388690948486,0.0508471727371216,0.0117580844089389,0.385686606168747,0.330362558364868,0.082590639591217,-0.044527780264616,-0.0801673829555512,-0.280768007040024,-0.070192001760006,0.0114574059844017,-0.135747194290161,0.439027190208435,0.109756797552109,0.0587227046489716,-1.62448561191559,-25.8562679290772,-6.46406698226929,-0.107648700475693,-0.0536893270909786,-0.519385993480682,-0.129846498370171,-0.158023998141289,-0.56450492143631,-0.308161348104477,-0.0770403370261192,-0.0471699088811874,-0.159534007310867,-0.998502016067505,-0.249625504016876,-0.216650828719139,-0.294524312019348,-1.65758180618286,-0.414395451545715,-0.285128682851791,1.23111164569855,0.732318341732025,0.183079585433006,0.127619534730911,0.516399323940277,0.867675542831421,0.216918885707855,0.171206638216972,0.113514579832554,24.9518356323242,6.23795890808106,0.120759442448616,-0.00306796166114509,0.790938556194305,0.197734639048576,0.116642467677593,0.11965049803257,0.598207056522369,0.149551764130592,0.010677944868803,-1.33302927017212,1.45828819274902,0.364572048187256,0.318720459938049,0.432582587003708,-0.878016889095306,-0.219504222273827,-0.404963284730911,-0.496764332056046,0.743205666542053,0.185801416635513,0.0576930195093155,-0.928733348846436
-0.636435151100159,-0.15910878777504,-0.614647567272186,0.0222841147333384,0.882429420948029,0.220607355237007,-0.0344123020768166,-0.0839939713478088,-0.817517578601837,-0.204379394650459,-0.041327390819788,-0.210841998457909,2.62396097183228,0.655990242958069,0.69192761182785,-1.59261286258698,1.39783322811127,0.349458307027817,-0.176420122385025,1.36539721488953,0.561964690685272,0.140491172671318,0.0975963994860649,0.12063229829073,-3.12065553665161,-0.780163884162903,-0.631106197834015,1.09363579750061,-0.0171628445386887,-0.00429071113467217,-0.0154591174796224,0.178896248340607,-0.14889469742775,-0.0372236743569374,-0.024225939065218,0.138847172260284,4.30083990097046,1.07520997524261,1.15443980693817,-1.05701506137848,-1.83030772209167,-0.457576930522919,-0.502081692218781,-0.513509750366211,0.252343088388443,0.0630857720971108,0.0661666244268417,-0.839404881000519,-0.08863365650177,-0.0221584141254425,0.0311227664351463,0.975358545780182,-0.175936326384544,-0.0439840815961361,-0.021240321919322,0.572417080402374,-0.610649228096008,-0.152662307024002,0.0119865816086531,-0.788352489471436,0.103306889533997,0.0258267223834991,0.0516879633069038,-0.36048549413681,-26.2059993743897,-6.55149984359741,-0.108044184744358,-0.0153398076072335,-1.17554879188538,-0.293887197971344,-0.14609968662262,0.449456363916397,-0.233033984899521,-0.0582584962248802,-0.0421964563429356,0.328271895647049,-0.894355416297913,-0.223588854074478,-0.223805412650108,-0.256174802780151,-1.08855676651001,-0.272139191627502,-0.283149868249893,-0.417242765426636,0.0546940416097641,0.013673510402441,0.141049534082413,0.37797287106514,0.456958919763565,0.114239729940891,0.171638071537018,-0.725572884082794,24.8667793273926,6.21669483184814,0.120783410966396,0.00153398083057255,0.07349544018507,0.0183738600462675,0.127284452319145,0.506213665008545,-1.00941741466522,-0.252354353666306,0.0336756743490696,1.59687399864197,1.76561522483826,0.441403806209564,0.325887024402618,0.243902951478958,-2.51132869720459,-0.627832174301148,-0.382551819086075,0.589048624038696,-0.0633121952414513,-0.0158280488103628,0.0732169076800346,1.11624717712402
-1.14660358428955,-0.286650896072388,-0.611326396465302,0.0497107170522213,0.529285132884979,0.132321283221245,-0.0351792946457863,-0.0381790772080421,-0.852083802223206,-0.213020950555801,-0.0400417670607567,-0.0925647839903832,2.24151992797852,0.560379981994629,0.665977776050568,-1.37990093231201,1.68374741077423,0.420936852693558,-0.149178728461266,1.23898911476135,0.463369607925415,0.115842401981354,0.0964524075388908,-0.0905610099434853,-2.89140892028809,-0.722852230072022,-0.6095050573349,1.22734045982361,0.0453829616308212,0.0113457404077053,-0.0129365716129541,0.0349065847694874,-0.0858511626720429,-0.0214627906680107,-0.0268909260630608,0.111420571804047,4.12423324584961,1.0310583114624,1.12981939315796,-1.07010495662689,-2.01048564910889,-0.502621412277222,-0.505286633968353,0.0818696916103363,0.176752984523773,0.0441882461309433,0.0604551434516907,0.135990753769875,0.0572118796408176,0.0143029699102044,0.0261811558157206,1.6250262260437,0.448781847953796,0.112195461988449,-0.0381458587944508,-0.614719808101654,-0.353307753801346,-0.0883269384503365,-0.000711936852894723,-0.193935394287109,0.0385323464870453,0.00963308662176132,0.0439821071922779,-0.418776750564575,-26.5521583557129,-6.63803958892822,-0.108032196760178,-0.0276116542518139,-0.576405644416809,-0.144101411104202,-0.160720437765121,-0.624330163002014,-0.32333442568779,-0.0808336064219475,-0.0341550409793854,0.125786423683167,-1.05527067184448,-0.263817667961121,-0.228239566087723,-0.36201947927475,-1.49442183971405,-0.373605459928513,-0.284752875566483,0.182605072855949,1.04153203964233,0.260383009910584,0.122212253510952,-0.025525439530611,1.22290325164795,0.305725812911987,0.157161131501198,0.0552233085036278,24.927116394043,6.23177909851074,0.121178895235062,-0.0122718466445804,1.12434768676758,0.281086921691895,0.105329357087612,-1.29467976093292,0.0423533134162426,0.0105883283540607,0.0104622282087803,-0.713301062583923,0.941793918609619,0.235448479652405,0.349424064159393,1.17349529266357,-2.48209309577942,-0.620523273944855,-0.382091611623764,2.2226767539978,0.941895425319672,0.235473856329918,0.0636908859014511,-0.761836230754852
-0.720272362232208,-0.180068090558052,-0.615946590900421,0.130276367068291,0.73718923330307,0.184297308325768,-0.0435139238834381,-0.532325387001038,-0.872402787208557,-0.218100696802139,-0.0495901890099049,-0.387400776147842,2.54560708999634,0.636401772499085,0.630764365196228,-0.893390476703644,2.1135241985321,0.528381049633026,-0.124356858432293,1.06729435920715,0.392369836568832,0.0980924591422081,0.093803770840168,-0.134849861264229,-2.82670545578003,-0.706676363945007,-0.590943932533264,0.8810795545578,0.105146363377571,0.0262865908443928,-0.0150671005249023,-0.182168737053871,-0.193063959479332,-0.048265989869833,-0.0223510731011629,-0.0342832542955875,3.85393023490906,0.963482558727264,1.09498953819275,-1.89259147644043,-1.75321269035339,-0.438303172588348,-0.508368134498596,-0.158849537372589,0.281934708356857,0.0704836770892143,0.0544595159590244,-0.269702255725861,0.0452236346900463,0.0113059086725116,0.0431486889719963,-0.377115786075592,-0.137104406952858,-0.0342761017382145,-0.00915461406111717,0.760935187339783,-0.632878065109253,-0.158219516277313,0.00974373612552881,0.179118424654007,0.141438335180283,0.0353595837950707,0.0377383269369602,0.0490873865783215,-27.2614974975586,-6.81537437438965,-0.107996247708797,-0.00613592332229018,-0.98982310295105,-0.247455775737762,-0.155471354722977,0.231631100177765,0.0345192216336727,0.00862980540841818,-0.0349579863250256,0.0720971003174782,-0.768168568611145,-0.192042142152786,-0.235921457409859,-0.227029159665108,-0.952375292778015,-0.238093823194504,-0.296648889780045,-0.488910347223282,0.424260675907135,0.106065168976784,0.14208497107029,0.633227229118347,0.608650386333466,0.152162596583366,0.170751243829727,0.0644271895289421,25.2856616973877,6.32141542434692,0.120591662824154,0.00766990380361676,-0.042483177036047,-0.0106207942590117,0.136404454708099,0.928058385848999,-0.0449333377182484,-0.0112333344295621,0.0233452711254358,1.11060214042664,1.81895780563355,0.454739451408386,0.332753986120224,-0.796136021614075,-0.929808974266052,-0.232452243566513,-0.414320558309555,-2.53585433959961,0.0841575190424919,0.021039379760623,0.0884646773338318,0.801106095314026
-0.940653324127197,-0.235163331031799,-0.614955604076386,-0.0377115793526173,0.602122902870178,0.150530725717545,-0.0511753037571907,-0.194167867302895,-0.689386367797852,-0.172346591949463,-0.0644953697919846,-0.869080424308777,2.3027720451355,0.575693011283875,0.610422074794769,-1.34281277656555,1.45628893375397,0.364072233438492,-0.0951518639922142,1.27975118160248,0.268499225378037,0.0671248063445091,0.0915378555655479,-0.194643199443817,-2.91473245620728,-0.728683114051819,-0.569222271442413,1.13477563858032,0.0383299440145493,0.00958248600363731,-0.0143171539530158,0.109083086252213,-0.0998834893107414,-0.0249708723276854,-0.0223376825451851,0.14398966729641,3.81990790367126,0.954976975917816,1.04376316070557,-2.55908918380737,-1.97648215293884,-0.494120538234711,-0.504171788692474,0.262898564338684,0.115503430366516,0.028875857591629,0.0607108399271965,0.345199048519135,0.0666006654500961,0.016650166362524,0.0384079553186893,0.255410224199295,0.473587155342102,0.118396788835526,-0.0200517196208239,-0.302957534790039,-0.561063289642334,-0.140265822410584,0.00562303327023983,-0.316529989242554,-0.143381595611572,-0.0358453989028931,0.0368155390024185,-0.0184077695012093,-27.9582939147949,-6.98957347869873,-0.107996247708797,0,-0.551162779331207,-0.137790694832802,-0.16864201426506,-0.312932074069977,-0.735704660415649,-0.183926165103912,-0.0188032500445843,1.05998075008392,-0.846092581748962,-0.211523145437241,-0.232230320572853,-0.00306796166114509,-1.62509679794312,-0.406274199485779,-0.286992490291595,0.686241626739502,0.892699301242828,0.223174825310707,0.14377236366272,-0.0981747731566429,0.982683479785919,0.24567086994648,0.164878964424133,-0.0414174795150757,25.6548900604248,6.4137225151062,0.120843335986137,0.0214757304638624,0.898517370223999,0.224629342556,0.115396104753017,-1.50483512878418,-0.434209406375885,-0.108552351593971,0.0248672682791948,-0.862097203731537,1.06294345855713,0.265735864639282,0.34839341044426,1.2900778055191,-2.19772243499756,-0.54943060874939,-0.394977062940598,2.33361434936523,0.605598270893097,0.151399567723274,0.0851742848753929,-0.244455173611641
-0.963608980178833,-0.240902245044708,-0.619133830070496,0.154274642467499,0.646959960460663,0.161739990115166,-0.0574049726128578,-0.110173903405666,-0.758010387420654,-0.189502596855164,-0.0671737492084503,0.215984493494034,2.43749380111694,0.609373450279236,0.583159863948822,-0.686132550239563,1.67608177661896,0.419020444154739,-0.0749718025326729,0.893181920051575,0.0209074765443802,0.00522686913609505,0.0870330259203911,-0.131247907876968,-2.59571599960327,-0.648928999900818,-0.562566518783569,0.0874222964048386,0.161835417151451,0.0404588542878628,-0.0128939608111978,0.0949022769927979,-0.177841901779175,-0.0444604754447937,-0.0185075998306274,0.202271193265915,3.50553607940674,0.876384019851685,0.995936989784241,-1.72024011611938,-1.69245076179504,-0.423112690448761,-0.507423579692841,-0.202318593859673,0.239951103925705,0.0599877759814262,0.0498300343751907,-0.64543342590332,-0.00571170821785927,-0.00142792705446482,0.0436040125787258,-0.0599956922233105,0.0186214223504066,0.00465535558760166,0.00470842886716127,-0.0483484640717506,-0.612332820892334,-0.153083205223084,0.0116165848448873,-0.0668695494532585,0.224729359149933,0.0561823397874832,0.0363241881132126,0.236233040690422,-28.4875297546387,-7.12188243865967,-0.107996247708797,0.00460194237530232,-1.17084085941315,-0.292710214853287,-0.15412911772728,0.8528932929039,0.0715800821781158,0.017895020544529,-0.0230936016887426,-0.843689441680908,-0.670670747756958,-0.16766768693924,-0.22881481051445,0.162601962685585,-1.17225134372711,-0.293062835931778,-0.289515882730484,0.166897118091583,0.157634451985359,0.0394086129963398,0.160983622074127,0.918915808200836,0.881358325481415,0.220339581370354,0.173531576991081,-0.0782330185174942,26.0782165527344,6.51955413818359,0.120687536895275,0.0122718466445804,-0.0787025317549706,-0.0196756329387426,0.131826475262642,0.871301114559174,-0.304473489522934,-0.0761183723807335,0.0107138976454735,-0.268446624279022,1.64562487602234,0.411406219005585,0.335606247186661,-0.47860199213028,-2.04972982406616,-0.512432456016541,-0.391111433506012,0,0.181456074118614,0.0453640185296536,0.104218661785126,0.0873755440115929
-1.41457509994507,-0.353643774986267,-0.622106850147247,-0.094278946518898,0.240347132086754,0.0600867830216885,-0.0583850145339966,0.00654498487710953,-0.525351405143738,-0.131337851285934,-0.0652721002697945,-0.113134734332561,2.27059078216553,0.567647695541382,0.570461869239807,-0.518144607543945,1.19374227523804,0.298435568809509,-0.0561980120837688,0.719594597816467,-0.436901599168777,-0.109225399792194,0.0846406519412994,-0.0702158808708191,-2.42727017402649,-0.606817543506622,-0.55406266450882,0.824512243270874,0.111020252108574,0.0277550630271435,-0.0103202816098928,0.217075318098068,0.017647648230195,0.00441191205754876,-0.0219359248876572,-0.294835984706879,3.05040431022644,0.76260107755661,0.947028577327728,-2.27656388282776,-1.73670709133148,-0.434176772832871,-0.501499235630035,0.359662055969238,0.159135043621063,0.0397837609052658,0.0545737333595753,0.220793753862381,0.152118802070618,0.0380297005176544,0.0432156473398209,0.287979334592819,0.495353281497955,0.123838320374489,-0.00113909703213722,0.313842505216599,-0.64874792098999,-0.162186980247498,0.013859030790627,0.14161728322506,-0.241753906011581,-0.0604384765028954,0.0420406609773636,-0.159534007310867,-28.8862037658691,-7.22155094146729,-0.108008228242397,-0.0245436932891607,-0.502598822116852,-0.125649705529213,-0.160828307271004,-0.431048601865768,-1.10847294330597,-0.277118235826492,0.00377503084018827,1.84231090545654,-0.526731669902802,-0.1316829174757,-0.225950583815575,0.332873821258545,-1.48452234268188,-0.371130585670471,-0.284377038478851,-0.0569413639605045,0.672779619693756,0.168194904923439,0.154609933495522,-0.0294524319469929,0.688566446304321,0.17214161157608,0.177018985152245,0.248504891991615,26.3920726776123,6.59801816940308,0.120855316519737,0.0168737880885601,0.845390617847443,0.211347654461861,0.106108330190182,-1.28240787982941,-0.210283026099205,-0.0525707565248013,0.00800546258687973,-0.213223323225975,0.994932174682617,0.248733043670654,0.342485189437866,0.292990326881409,-1.65817022323608,-0.414542555809021,-0.394762307405472,-0.0294524319469929,0.295066654682159,0.0737666636705399,0.0971623510122299,0.657770931720734
-1.74020743370056,-0.43505185842514,-0.632873952388763,-0.606813549995422,0.270668148994446,0.0676670372486115,-0.0644783228635788,-0.333794236183167,-0.254547417163849,-0.0636368542909622,-0.0679504796862602,-0.0617098584771156,3.00722026824951,0.751805067062378,0.562638580799103,0.0578140318393707,0.346708059310913,0.0866770148277283,-0.0451619774103165,0.689441680908203,-0.964901864528656,-0.241225466132164,0.0762694552540779,-0.0821619480848312,-2.12071514129639,-0.530178785324097,-0.543509840965271,0.392543226480484,-0.197635874152184,-0.0494089685380459,-0.00536041054874659,0.41015237569809,0.0716715604066849,0.0179178901016712,-0.0150390984490514,0.119991384446621,2.21717643737793,0.554294109344482,0.877027928829193,-3.51029324531555,-0.99297034740448,-0.24824258685112,-0.496277183294296,0.229605183005333,0.381359875202179,0.0953399688005447,0.0465769059956074,-0.41545581817627,0.151532605290413,0.0378831513226032,0.0489205941557884,-0.488536357879639,-0.074587307870388,-0.018646826967597,0.0207508392632008,0.581737160682678,-0.62868332862854,-0.157170832157135,0.0200603418052197,0.170657008886337,0.825755417346954,0.206438854336739,0.0448929071426392,0.713301062583923,-29.111141204834,-7.2777853012085,-0.108104102313519,-0.00613592332229018,-1.14478921890259,-0.286197304725647,-0.143235459923744,1.03697097301483,0.128700166940689,0.0321750417351723,-0.0196421444416046,-2.07240796089172,-0.567716002464294,-0.141929000616074,-0.210251241922379,0.644271910190582,-1.20822978019714,-0.302057445049286,-0.282352179288864,1.43335163593292,0.246610507369041,0.0616526268422604,0.158644303679466,0.120754972100258,0.399210840463638,0.0998027101159096,0.17745041847229,-0.0230097118765116,26.66432762146,6.66608190536499,0.120687536895275,-0.00613592332229018,0.304629266262054,0.0761573165655136,0.11960256844759,0.65194183588028,-0.585401773452759,-0.14635044336319,0.00755006168037653,-0.0981747731566429,1.36421394348145,0.341053485870361,0.325863063335419,-0.874369025230408,-1.85996246337891,-0.464990615844727,-0.394754648208618,-0.00981747731566429,0.507112085819244,0.126778021454811,0.0964183658361435,-0.559596180915833
-2.07005882263184,-0.517514705657959,-0.65673828125,-1.09192156791687,-0.455883175134659,-0.113970793783665,-0.0679638683795929,-0.0436332300305367,-0.0770673081278801,-0.01926682703197,-0.0611607879400253,0.116563051939011,4.81693553924561,1.2042338848114,0.585665345191956,2.10093998908997,-2.58394527435303,-0.645986318588257,-0.0534900091588497,-0.675282180309296,-0.406134784221649,-0.101533696055412,0.028434481471777,-3.3666250705719,-1.86228728294373,-0.465571820735931,-0.526836931705475,1.6061704158783,-1.4520126581192,-0.3630031645298,9.37432050704956E-05,0.640317678451538,0.519861817359924,0.129965454339981,-0.00108474353328347,0.843367993831635,1.21326744556427,0.303316861391068,0.763692319393158,-6.80569314956665,-0.216543421149254,-0.0541358552873135,-0.46816286444664,1.98992657661438,0.260899513959885,0.0652248784899712,0.0616838783025742,1.38470721244812,0.11525958776474,0.028814896941185,0.0370821580290794,0.0222841147333384,-0.939024388790131,-0.234756097197533,0.0191311445087194,0.0127625875174999,-0.825798869132996,-0.206449717283249,0.0170899797230959,-0.0595419704914093,-0.0860525667667389,-0.0215131416916847,0.0678666681051254,0.268446624279022,-27.7194004058838,-6.92985010147095,-0.108092121779919,0,-0.360745191574097,-0.0901862978935242,-0.152259588241577,-0.632000088691711,-1.069988489151,-0.26749712228775,-0.00538091734051704,0.932660341262817,-0.806708514690399,-0.2016771286726,-0.199729099869728,0.518485486507416,-1.61384892463684,-0.40346223115921,-0.277612179517746,-0.454549193382263,0.841656506061554,0.210414126515389,0.146541193127632,-0.347538679838181,0.719501972198486,0.179875493049622,0.175760641694069,0.314466059207916,25.6683006286621,6.41707515716553,0.120747461915016,0.0230097118765116,0.386631190776825,0.0966577976942062,0.106959208846092,-0.595184564590454,-0.3796306848526,-0.09490767121315,0,0.0153398076072335,1.16669690608978,0.291674226522446,0.323262482881546,0.0153398076072335,-1.91558694839478,-0.478896737098694,-0.392108529806137,0.00981747731566429,0.260885506868362,0.0652213767170906,0.0919621512293816,0.0363246649503708
-2.43135905265808,-0.60783976316452,-0.708243548870087,-2.37411522865295,0.0781435072422028,0.0195358768105507,-0.0745259001851082,0.697040855884552,-0.281882047653198,-0.0704705119132996,-0.0416354052722454,-0.101135596632957,4.08468723297119,1.0211718082428,0.731563925743103,11.004301071167,-1.83583784103394,-0.458959460258484,-0.174119710922241,-7.63589239120483,0.111958168447018,0.0279895421117544,-0.0399423167109489,-3.12071561813355,-1.70340132713318,-0.425850331783295,-0.512132585048676,-1.75016009807587,-0.716939628124237,-0.179234907031059,-0.012229235842824,-0.994837641716003,0.116263553500175,0.0290658883750439,0.0101912328973413,0.00342832505702972,1.76034414768219,0.440086036920548,0.668261706829071,-0.189804553985596,-1.66757905483246,-0.416894763708115,-0.324915736913681,7.27118921279907,-0.153546959161758,-0.0383867397904396,0.00517525617033243,-2.36935496330261,0.00848903879523277,0.00212225969880819,0.0459208115935326,0.702806651592255,-0.137579292058945,-0.0343948230147362,-0.0132897077128291,-0.941955924034119,-0.51513135433197,-0.128782838582993,0.0165256299078465,-0.20962943136692,-0.233069658279419,-0.0582674145698547,0.08270313590765,1.09066033363342,-26.9959278106689,-6.74898195266724,-0.107013538479805,0.335941791534424,-1.58340585231781,-0.395851463079453,-0.140802666544914,0.159534007310867,-0.337203949689865,-0.0843009874224663,-0.0358568020164967,-2.58629155158997,-0.0677348598837853,-0.0169337149709463,-0.198410838842392,-0.0751650556921959,-1.94829845428467,-0.487074613571167,-0.293266475200653,0.32004976272583,0.702133178710938,0.175533294677734,0.160393044352531,0.684278130531311,0.918033838272095,0.229508459568024,0.182639598846436,0.127320408821106,24.7024574279785,6.17561435699463,0.120795398950577,0.029145635664463,0.362416326999664,0.0906040817499161,0.0935488641262054,-0.400368988513947,-0.154813706874847,-0.0387034267187119,0.00219311332330108,0.507747650146484,0.968513488769531,0.242128372192383,0.317318320274353,-0.332873821258545,-1.08472228050232,-0.27118057012558,-0.392614722251892,-0.410370528697968,-0.198794528841972,-0.0496986322104931,0.0883266180753708,-0.313177525997162
-2.9719409942627,-0.742985248565674,-0.738884210586548,0.128562197089195,-0.235376715660095,-0.0588441789150238,-0.054805725812912,0.595593571662903,-0.0636637434363365,-0.0159159358590841,-0.0530854761600494,-0.125133872032166,4.16500091552734,1.04125022888184,0.937458276748657,6.86677980422974,-2.01522278785706,-0.503805696964264,-0.264613479375839,-2.137127161026,0.0307686552405357,0.00769216381013393,-0.0316956229507923,2.79416823387146,-1.52380752563477,-0.380951881408691,-0.500883460044861,0.896507084369659,-0.87272036075592,-0.21818009018898,-0.0109338741749525,0.14398966729641,0.0176734309643507,0.00441835774108768,-0.00674951542168856,-0.79194313287735,1.94177210330963,0.485443025827408,0.676877558231354,-0.473420560359955,-0.0914445817470551,-0.0228611454367638,-0.338916420936585,0.0962882414460182,0.242326408624649,0.0605816021561623,0.00259448727592826,0.732351005077362,0.0615265034139156,0.0153816258534789,0.0569557324051857,0.373687475919724,-0.606699407100678,-0.151674851775169,0.0169159378856421,0.62924987077713,-0.726710796356201,-0.18167769908905,0.0182841923087835,0.201406568288803,-0.779497385025024,-0.194874346256256,0.09073256701231,-0.00306796166114509,-26.2656307220459,-6.56640768051148,-0.106785841286182,0.0230097118765116,-0.353157609701157,-0.0882894024252892,-0.171937674283981,-1.12900984287262,-0.972779393196106,-0.243194848299027,-0.0174370482563972,1.5171070098877,-0.679716646671295,-0.169929161667824,-0.17184180021286,1.95582544803619,-1.37242937088013,-0.343107342720032,-0.309687733650208,-1.74456572532654,0.821128904819489,0.205282226204872,0.17050963640213,1.86630237102509,-0.0136683210730553,-0.00341708026826382,0.19509120285511,0.693359315395355,24.178783416748,6.04469585418701,0.120891273021698,0.00613592332229018,0.735626995563507,0.183906748890877,0.0785446092486382,-0.32520392537117,-1.39262652397156,-0.348156630992889,0.00819720979779959,0.162601962685585,0.395553231239319,0.0988883078098297,0.302433907985687,-0.94033020734787,-1.79381322860718,-0.448453307151794,-0.368922412395477,1.51189148426056,0.306091487407684,0.0765228718519211,0.0621338933706284,-1.60515749454498
-3.01682996749878,-0.754207491874695,-0.740250170230866,0.761088192462921,0.0303727723658085,0.00759319309145212,-0.0435394868254662,0.513781249523163,-0.199313580989838,-0.0498283952474594,-0.041501484811306,0.107992246747017,4.2793345451355,1.06983363628387,1.02815914154053,2.27656388282776,-1.36515522003174,-0.341288805007935,-0.319616705179215,-2.42831516265869,0.103503473103046,0.0258758682757616,-0.00662787398323417,0.275079548358917,-1.4112366437912,-0.3528091609478,-0.487196922302246,0.210841998457909,-1.00591826438904,-0.25147956609726,-0.0193963348865509,-0.664315938949585,0.22381329536438,0.055953323841095,-0.0335065238177776,-1.10220658779144,2.625981092453,0.656495273113251,0.665986299514771,-0.289070159196854,0.615226268768311,0.153806567192078,-0.312782257795334,0.289116084575653,0.120228290557861,0.0300570726394653,0.00589561695232987,-0.041582815349102,0.0919467806816101,0.0229866951704025,0.0559915155172348,-0.478251367807388,-0.160578027367592,-0.040144506841898,0.00182014820165932,-0.278779119253159,-0.487596929073334,-0.121899232268333,0.0158244930207729,-0.679931163787842,-0.257012248039246,-0.0642530620098114,0.0937406122684479,0.0276116542518139,-26.6462001800537,-6.66155004501343,-0.106689967215061,-0.0107378652319312,-1.18271684646606,-0.295679211616516,-0.160205125808716,0.566038906574249,-0.699206113815308,-0.174801528453827,-0.0215835887938738,-0.964873909950256,-0.566904664039612,-0.141726166009903,-0.166496843099594,-0.00766990380361676,-2.12242245674133,-0.530605614185333,-0.308199763298035,1.09170341491699,0.733477830886841,0.18336945772171,0.190251976251602,0.2316924482584,0.631378650665283,0.157844662666321,0.195522636175156,0.199417501688004,24.6139717102051,6.15349292755127,0.120855316519737,0.0138058271259069,0.513276934623718,0.12831923365593,0.0746856927871704,-0.044485442340374,-0.6631019115448,-0.1657754778862,-0.00424241553992033,-0.0843689441680908,0.561187744140625,0.140296936035156,0.26807513833046,-1.4327380657196,-1.73932194709778,-0.434830486774445,-0.33745276927948,0.914988815784454,-0.00663985125720501,-0.00165996281430125,0.0350974835455418,-0.891426920890808
-2.73246765136719,-0.683116912841797,-0.725452125072479,0.543389558792114,-0.166650161147118,-0.0416625402867794,-0.0257112234830856,0.798488140106201,-0.245621144771576,-0.061405286192894,-0.0415416620671749,0.150846317410469,3.85310411453247,0.963276028633118,1.0544924736023,0.700313329696655,-1.88374388217926,-0.470935970544815,-0.340762376785278,-0.218650653958321,-0.038320429623127,-0.00958010740578175,0.00550118647515774,0.591618061065674,-0.894839942455292,-0.223709985613823,-0.493035793304443,-0.572530329227448,-0.638474524021149,-0.159618631005287,-0.0267935320734978,-0.125445544719696,0.117259226739407,0.0293148066848516,-0.0374705232679844,0.558817028999329,3.14674687385559,0.786686718463898,0.670971691608429,-0.0741764977574348,1.89874482154846,0.474686205387116,-0.301971614360809,0.421920478343964,0.216171503067017,0.0540428757667542,0.00727635016664863,0.263391017913818,0.107756555080414,0.0269391387701035,0.0443807430565357,-0.459395587444305,-0.0980916768312454,-0.0245229192078114,0.00106528913602233,-0.984531819820404,-0.633052706718445,-0.158263176679611,0.00282125314697623,0.0229056421667337,0.105757653713226,0.0264394134283066,0.0824155136942864,-0.954136073589325,-30.1040096282959,-7.52600240707398,-0.106689967215061,-0.00460194237530232,-0.93870484828949,-0.234676212072372,-0.167048111557961,-0.349747627973557,-0.0375065542757511,-0.00937663856893778,-0.027935229241848,-0.162601962685585,-0.683949053287506,-0.170987263321877,-0.168282493948936,0.00613592332229018,-1.20993185043335,-0.302482962608337,-0.315125703811646,-1.39997220039368,0.349464476108551,0.0873661190271378,0.190566450357437,1.07010495662689,0.812099456787109,0.203024864196777,0.199800997972488,0.0813009813427925,27.1153430938721,6.77883577346802,0.120915241539478,-0.00460194237530232,0.625973999500275,0.156493499875069,0.0763754695653915,0.308330148458481,-0.023392278701067,-0.00584806967526674,-0.0115168401971459,-0.803805947303772,1.05766761302948,0.26441690325737,0.238581955432892,-1.30081570148468,-1.53594350814819,-0.383985877037048,-0.330526858568192,-0.198313027620316,-0.47119015455246,-0.117797538638115,0.0229943729937077,-0.44276824593544
-3.08839392662048,-0.772098481655121,-0.694516837596893,2.06556606292725,-0.175043106079102,-0.0437607765197754,-0.0246630012989044,0.306523442268372,-0.147365838289261,-0.0368414595723152,-0.0409122407436371,-0.548532068729401,3.51773691177368,0.87943422794342,1.04102754592896,-1.86532068252563,-1.67632031440735,-0.419080078601837,-0.363286197185516,-1.57656919956207,-0.261597722768784,-0.0653994306921959,-0.00189565971959382,-0.817448794841766,-0.43010738492012,-0.10752684623003,-0.497414946556091,-0.356545835733414,-0.64443039894104,-0.16110759973526,-0.0218080934137106,0.13962633907795,0.113224357366562,0.0283060893416405,-0.0326226577162743,0.0582815259695053,3.89875674247742,0.974689185619354,0.685953617095947,0.565050363540649,3.895188331604,0.973797082901001,-0.292506605386734,0.501424312591553,0.904678761959076,0.226169690489769,0.0088262977078557,0.212287455797195,0.119922876358032,0.0299807190895081,0.0345109142363071,-0.293121814727783,-0.360577464103699,-0.0901443660259247,-0.00703900912776589,-0.312672346830368,-0.712576508522034,-0.178144127130508,0.00177241757046431,0.135036140680313,0.0107700824737549,0.00269252061843872,0.0696523189544678,-0.613592326641083,-36.4078636169434,-9.10196590423584,-0.106761872768402,-0.0306796152144671,-0.603496551513672,-0.150874137878418,-0.170727267861366,-0.213223323225975,-0.222924202680588,-0.0557310506701469,-0.0218951795250177,0.466330170631409,-0.909686863422394,-0.227421715855598,-0.17182981967926,-0.0859029218554497,-1.10688233375549,-0.276720583438873,-0.324874132871628,-0.438841193914413,0.826970040798187,0.206742510199547,0.18489071726799,-0.889463484287262,0.639839231967926,0.159959807991982,0.202725157141685,-0.0122718466445804,31.6859645843506,7.92149114608765,0.120891273021698,-0.0168737880885601,0.842835605144501,0.210708901286125,0.0855793505907059,0.676485538482666,-0.196356639266014,-0.0490891598165035,-0.0123317679390311,0.168737888336182,0.677550196647644,0.169387549161911,0.235969394445419,0.286854416131973,-1.25330066680908,-0.313325166702271,-0.338725984096527,-0.726493299007416,0.288450628519058,0.0721126571297646,-0.00648873904719949,-1.1888964176178
-3.04973101615906,-0.762432754039764,-0.647966623306274,2.49067831039429,-0.0662828236818314,-0.0165707059204578,-0.0258134864270687,-0.00872664619237185,-0.361085534095764,-0.090271383523941,-0.0484518781304359,-0.351403325796127,2.72311401367188,0.680778503417969,0.983375430107117,-3.3695764541626,-1.1053980588913,-0.276349514722824,-0.383538722991943,-0.676357507705689,-0.423050999641418,-0.105762749910355,-0.0299413688480854,-1.55369806289673,-0.723977506160736,-0.180994376540184,-0.510739862918854,-1.15705978870392,-0.569798827171326,-0.142449706792831,-0.0213138107210398,0.00872664619237185,-0.0265838745981455,-0.00664596864953637,-0.0257794000208378,0.687379240989685,4.43191194534302,1.10797798633575,0.725538790225983,2.6856255531311,5.31912088394165,1.32978022098541,-0.28730982542038,0.404447644948959,1.86910092830658,0.467275232076645,0.0392961390316486,1.23750448226929,0.144458711147308,0.0361146777868271,0.0186013430356979,-0.807370603084564,-0.572483241558075,-0.143120810389519,-0.0161847695708275,-0.29070907831192,-0.479224532842636,-0.119806133210659,0.000328925176290795,-0.0200162976980209,-0.0192112326622009,-0.00480280816555023,0.0610236749053001,-0.349747627973557,-42.730281829834,-10.6825704574585,-0.106905683875084,-0.0245436932891607,-0.597723424434662,-0.149430856108665,-0.163848325610161,0.214757308363915,-0.0300569273531437,-0.00751423183828592,-0.0271922070533037,-0.401902973651886,-1.11445558071136,-0.278613895177841,-0.179739415645599,-0.213223323225975,-1.46485865116119,-0.366214662790298,-0.32233539223671,0.60770183801651,0.410439252853394,0.102609813213348,0.184798672795296,-0.20813050866127,1.04505980014801,0.261264950037003,0.19344936311245,-0.348213642835617,36.2488288879395,9.06220722198486,0.120819367468357,0.0168737880885601,0.63494336605072,0.15873584151268,0.0987619981169701,0.156466037034988,0.129614189267159,0.0324035473167896,-0.0115647772327065,-0.193281576037407,0.803427934646606,0.200856983661652,0.229066476225853,-0.0782330185174942,-1.66008138656616,-0.415020346641541,-0.34170189499855,0.421169757843018,-0.0810041427612305,-0.0202510356903076,-0.00878971070051193,0.238564699888229
-2.59325981140137,-0.648314952850342,-0.593448221683502,3.04606699943543,0.542223155498505,0.135555788874626,-0.0224131643772125,-0.0992656052112579,-0.561030030250549,-0.140257507562637,-0.0616161115467548,-0.301692634820938,1.48199665546417,0.370499163866043,0.884442210197449,-5.92648363113403,-1.02670419216156,-0.25667604804039,-0.373571425676346,1.09456825256348,-0.181824445724487,-0.0454561114311218,-0.0673410370945931,-1.90225076675415,-1.73020207881928,-0.432550519704819,-0.547955930233002,-1.82901167869568,0.172340407967567,0.0430851019918919,-0.0275946110486984,-0.62722772359848,-0.324708849191666,-0.0811772122979164,-0.0201949793845415,0.0548532009124756,4.92528820037842,1.2313220500946,0.809285640716553,4.82801675796509,0.218209579586983,0.0545523948967457,-0.276058048009872,0.806109189987183,0.952553033828735,0.238138258457184,0.0805303901433945,2.32323002815247,0.264780908823013,0.0661952272057533,0.00254446011967957,-0.6153843998909,0.457347631454468,0.114336907863617,-0.0395266599953175,-0.365896731615067,-0.347394436597824,-0.086848609149456,0.00754271727055311,-0.067409098148346,-0.0184918791055679,-0.00462296977639198,0.0468822903931141,-0.952602088451386,-48.7509841918945,-12.1877460479736,-0.107109412550926,-0.0322135947644711,-0.460962444543839,-0.11524061113596,-0.159090593457222,0.115048557519913,-0.33463928103447,-0.0836598202586174,-0.0198938138782978,0.937262237071991,-0.902890563011169,-0.225722640752792,-0.201083317399025,-1.0630487203598,-1.73084712028503,-0.432711780071259,-0.326193362474442,-0.318086266517639,0.0891188830137253,0.0222797207534313,0.166252851486206,-0.952295243740082,0.295718908309937,0.0739297270774841,0.200496092438698,0.00460194237530232,40.5554847717285,10.1388711929321,0.120831348001957,-0.00306796166114509,0.930468857288361,0.23261721432209,0.100715428590775,0.246970906853676,-0.010527241975069,-0.00263181049376726,0.0029121667612344,0.708699107170105,1.0482919216156,0.2620729804039,0.227460592985153,-0.165669918060303,-1.37107300758362,-0.342768251895905,-0.353015005588532,-0.746128261089325,0.250749677419663,0.0626874193549156,-0.00962573010474443,-0.0824668034911156
-1.90437114238739,-0.476092785596848,-0.55809360742569,-0.159417122602463,1.2565690279007,0.314142256975174,-0.0299126245081425,-1.04937922954559,-0.904548943042755,-0.226137235760689,-0.0496169738471508,0.13713301718235,1.79910409450531,0.449776023626328,0.798990905284882,-0.567232012748718,-1.77420580387115,-0.443551450967789,-0.383918464183807,2.3290011882782,-0.112242467701435,-0.0280606169253588,0.0688856318593025,7.89654064178467,-2.1777811050415,-0.544445276260376,-0.611835300922394,-3.13863182067871,0.309463798999786,0.0773659497499466,-0.0393977388739586,-1.29481613636017,-0.303361535072327,-0.0758403837680817,-0.029488954693079,0.860509693622589,5.020667552948,1.255166888237,0.941514790058136,7.13185214996338,-3.19123196601868,-0.797807991504669,-0.252519458532333,2.58683228492737,0.0810957551002502,0.0202739387750626,0.137009739875793,3.4326708316803,0.27954089641571,0.0698852241039276,-0.0115705979987979,-1.50846314430237,0.182615399360657,0.0456538498401642,-0.0178128071129322,0.337054818868637,-0.576880574226379,-0.144220143556595,0.00851851049810648,-0.200993359088898,0.174907833337784,0.043726958334446,0.035173699259758,-0.329805880784988,-55.2156715393066,-13.8039178848267,-0.107385046780109,-0.0245436932891607,-0.395927160978317,-0.0989817902445793,-0.147945255041122,0.859029233455658,-0.287792295217514,-0.0719480738043785,-0.00734633021056652,0.570640861988068,-0.858721792697907,-0.214680448174477,-0.213451042771339,-0.306796163320541,-1.46952128410339,-0.367380321025848,-0.330373466014862,0.0922842845320702,1.34275722503662,0.335689306259155,0.132129445672035,-1.74554753303528,0.370311856269836,0.0925779640674591,0.187277480959892,-0.36048549413681,44.4899406433106,11.1224851608276,0.120328016579151,0.00460194237530232,0.551445603370667,0.137861400842667,0.116918101906776,0.992485582828522,-0.822234034538269,-0.205558508634567,0.0278273709118366,1.20570886135101,0.801101803779602,0.200275450944901,0.236412808299065,0.690291345119476,-1.85749650001526,-0.464374125003815,-0.356244057416916,0.17376933991909,1.28322112560272,0.320805281400681,-0.000199417510884814,-0.237582951784134
-1.58843076229095,-0.397107690572739,-0.539411902427673,0.536532878875732,1.06100738048553,0.265251845121384,-0.0306796152144671,0.651225984096527,-0.880423843860626,-0.220105960965157,-0.0495232306420803,-0.0462823919951916,2.16822910308838,0.542057275772095,0.789914906024933,-0.19525870680809,-0.942306637763977,-0.235576659440994,-0.386982083320618,0.183934196829796,0.615487337112427,0.153871834278107,0.047326497733593,-0.501209497451782,-2.47547149658203,-0.618867874145508,-0.661264777183533,-1.59759962558746,-0.179636046290398,-0.0449090115725994,-0.0427895411849022,0.765763223171234,0.0483797788619995,0.0120949447154999,-0.0279488861560822,-0.550246179103851,4.79338359832764,1.19834589958191,1.08572602272034,5.90139436721802,-2.35392165184021,-0.588480412960053,-0.319605022668839,-6.41979312896729,-0.0666040778160095,-0.0166510194540024,0.105867929756641,-4.36685371398926,0.25837767124176,0.0645944178104401,-0.024225939065218,-0.0771373212337494,0.482600152492523,0.120650038123131,-0.0442913062870503,0.0406202264130116,-0.584400773048401,-0.1461001932621,0.00422389199957252,0.149587661027908,-0.158195346593857,-0.0395488366484642,0.0363122038543224,0.073631078004837,-61.041934967041,-15.2604837417603,-0.108032196760178,-0.0138058271259069,-0.893548846244812,-0.223387211561203,-0.141569659113884,-0.515417516231537,-0.887786507606506,-0.221946626901627,0.00589623861014843,0.391165107488632,-0.560522973537445,-0.140130743384361,-0.213199362158775,0.271514594554901,-1.89119112491608,-0.472797781229019,-0.32576385140419,0.41626101732254,-0.291699111461639,-0.0729247778654099,0.147952452301979,2.32674217224121,0.410078853368759,0.10251971334219,0.190848782658577,0.558368980884552,48.0895004272461,12.0223751068115,0.120351985096931,-0.00766990380361676,0.415526270866394,0.103881567716599,0.109008513391018,-0.987883627414703,-0.113555952906609,-0.0283889882266521,0.0272880811244249,0.0613592304289341,1.32308387756348,0.330770969390869,0.234543278813362,-0.27458256483078,-1.62768959999084,-0.406922399997711,-0.344409376382828,0.156097888946533,-0.755835890769959,-0.18895897269249,0.0484814643859863,3.59810543060303
-1.48012685775757,-0.370031714439392,-0.524881720542908,0.935932755470276,0.647482991218567,0.161870747804642,-0.0118883512914181,0.665406763553619,-0.69933009147644,-0.17483252286911,-0.0524292699992657,-0.661666810512543,2.71035766601563,0.677589416503906,0.788372397422791,-0.507236301898956,0.674611866474152,0.168652966618538,-0.382102996110916,-0.405766367912293,0.555708944797516,0.138927236199379,0.0647467896342278,-0.684538185596466,-2.45128059387207,-0.612820148468018,-0.677335023880005,0.313691765069962,-0.243968054652214,-0.0609920136630535,-0.0205127317458391,1.45625901222229,-6.20093196630478E-05,-1.55023299157619E-05,-0.0233822502195835,-0.762802362442017,4.60212850570679,1.1505321264267,1.16833937168121,2.72053194046021,-2.24193620681763,-0.560484051704407,-0.3981913626194,-2.45714640617371,0.230629146099091,0.0576572865247726,0.0340064987540245,-2.47552537918091,0.143899440765381,0.0359748601913452,-0.0203556809574366,0.416541516780853,-0.141988098621368,-0.0354970246553421,-0.0163230188190937,0.612117409706116,-0.71042275428772,-0.17760568857193,0.0171580482274294,0.160530596971512,-0.2895188331604,-0.0723797082901001,0.0424720942974091,0.599786460399628,-66.9513397216797,-16.7378349304199,-0.107936322689056,0,-0.24453005194664,-0.06113251298666,-0.152990624308586,0.245436921715736,-0.71991229057312,-0.17997807264328,0.00457797385752201,0.0690291374921799,-0.908083021640778,-0.227020755410194,-0.206212565302849,0.300660222768784,-1.42153692245483,-0.355384230613709,-0.322910636663437,0.143335163593292,1.26208639144897,0.315521597862244,0.127726912498474,-1.34401261806488,0.185458064079285,0.0463645160198212,0.195834219455719,-0.00306796166114509,51.209400177002,12.8023500442505,0.120375946164131,0,1.28442549705505,0.321106374263763,0.101817980408669,0.158000022172928,-1.05040168762207,-0.262600421905518,0.0363841094076633,0.532291352748871,0.72744619846344,0.18186154961586,0.24639567732811,0.619728267192841,-2.064608335495,-0.516152083873749,-0.345045983791351,-0.0500691309571266,1.41218793392181,0.353046983480454,0.0341387428343296,-2.04498052597046
-1.24162197113037,-0.310405492782593,-0.511155009269714,0.599956929683685,0.303992629051209,0.0759981572628021,-0.00603365805000067,0.0578140318393707,-0.422453224658966,-0.105613306164742,-0.0624464079737663,-0.98735773563385,3.22958850860596,0.807397127151489,0.780685424804688,-0.776671469211578,1.91471350193024,0.478678375482559,-0.365261524915695,0.509539484977722,-0.332261383533478,-0.0830653458833695,0.0582813918590546,0.481422781944275,-2.46989583969116,-0.617473959922791,-0.668563365936279,1.13648974895477,-0.0576905459165573,-0.0144226364791393,-0.0017896443605423,0.260708540678024,-0.0754224509000778,-0.0188556127250195,-0.029475562274456,-0.0205699522048235,4.35505437850952,1.08876359462738,1.19347107410431,-0.0665406733751297,-1.777512550354,-0.444378137588501,-0.440756380558014,-1.8119660615921,0.626642107963562,0.156660526990891,0.0361267365515232,1.07745456695557,0.151767566800118,0.0379418917000294,-0.00969573203474283,0.870794653892517,0.195496916770935,0.0488742291927338,-0.0205130651593208,-0.146875396370888,-0.659216523170471,-0.164804130792618,0.0125708309933543,-0.242921739816666,0.0546168982982636,0.0136542245745659,0.0499981865286827,0.291456341743469,-73.2916946411133,-18.3229236602783,-0.108020216226578,-0.0230097118765116,-0.988105654716492,-0.247026413679123,-0.133444353938103,0.349747627973557,-0.753368973731995,-0.188342243432999,-0.00458995811641216,-0.840621471405029,-0.677849769592285,-0.169462442398071,-0.208022177219391,0.0951068103313446,-1.34797167778015,-0.336992919445038,-0.31274801492691,0.447676956653595,-0.119350269436836,-0.0298375673592091,0.146587207913399,1.28019905090332,0.362522065639496,0.090630516409874,0.195175096392632,-0.0138058271259069,54.6597938537598,13.6649484634399,0.118913874030113,-0.0122718466445804,0.398858726024628,0.0997146815061569,0.129225894808769,0.53535932302475,-0.492199718952179,-0.123049929738045,0.0246275831013918,-0.328271895647049,1.45294165611267,0.363235414028168,0.244334384799004,-0.32520392537117,-2.07774972915649,-0.519437432289124,-0.349011331796646,0.0991565138101578,0.321177124977112,0.080294281244278,0.051725834608078,-0.0991565138101578
-0.853200852870941,-0.213300213217735,-0.502544045448303,-0.154274642467499,0.638304471969605,0.159576117992401,-0.0180072300136089,-0.629409313201904,-0.460265219211578,-0.115066304802895,-0.0694235861301422,-0.245125263929367,4.30799770355225,1.07699942588806,0.770314037799835,-0.0861756280064583,4.45497608184814,1.11374402046204,-0.351242423057556,0.753363907337189,-1.27753174304962,-0.319382935762405,0.0355228148400784,-0.922523379325867,-2.39078330993652,-0.597695827484131,-0.655131280422211,0.959931075572968,-0.138904020190239,-0.0347260050475597,0.000392017886042595,-0.375245779752731,-0.148011445999146,-0.0370028614997864,-0.029689833521843,0.0959931090474129,3.71492123603821,0.928730309009552,1.16780257225037,-1.99512946605682,-1.52947616577148,-0.382369041442871,-0.458722233772278,-0.435163706541061,0.768116056919098,0.192029014229774,0.0889409780502319,3.03957271575928,0.328629940748215,0.0821574851870537,0.00289264949969947,0.539961218833923,0.359493792057037,0.0898734480142593,-0.0159136280417442,-0.0711074620485306,-0.762086391448975,-0.190521597862244,0.00925279501825571,-0.193161651492119,0.485415369272232,0.121353842318058,0.0541806817054749,0.0276116542518139,-80.5555877685547,-20.1388969421387,-0.108104102313519,-0.0230097118765116,-0.794647932052612,-0.198661983013153,-0.14131797850132,0.216291293501854,-0.431561201810837,-0.107890300452709,-0.0264012478291988,-0.906582653522492,-0.970459282398224,-0.242614820599556,-0.208573460578918,-0.211689352989197,-1.02147030830383,-0.255367577075958,-0.302163541316986,0.386808604001999,-0.267362713813782,-0.0668406784534454,0.138426437973976,-0.134499430656433,0.51826399564743,0.129565998911858,0.194587871432304,-0.0276116542518139,58.4276542663574,14.6069135665894,0.118973799049854,0.00460194237530232,0.746401607990265,0.186600401997566,0.120034001767635,-0.251572847366333,0.182596877217293,0.0456492193043232,0.0131347104907036,-0.779262244701386,1.43435919284821,0.358589798212051,0.26487535238266,1.38825261592865,-1.84640526771545,-0.461601316928864,-0.360493183135986,-0.845284759998322,0.0427157208323479,0.010678930208087,0.065102145075798,0.686241626739502
-1.43470203876495,-0.358675509691238,-0.511369287967682,-1.23762536048889,0.421704351902008,0.105426087975502,-0.0171379745006561,0.358883321285248,-0.0624400749802589,-0.0156100187450647,-0.0759588330984116,-0.599956929683685,5.38224601745606,1.34556150436401,0.808441936969757,3.48738574981689,5.95704889297485,1.48926222324371,-0.343977004289627,0.475040465593338,-1.92441892623901,-0.481104731559753,-0.0145637635141611,-3.35447287559509,-2.62537002563477,-0.656342506408691,-0.618624985218048,2.98778533935547,-0.347017228603363,-0.0867543071508408,-0.00230097118765116,0.188713729381561,0.0410702526569366,0.0102675631642342,-0.0354483462870121,-0.6153843998909,2.44195771217346,0.610489428043366,1.0884530544281,-4.81492710113525,-1.58440518379211,-0.396101295948029,-0.454500705003738,0.420517772436142,0.51412034034729,0.128530085086823,0.138821452856064,2.10109448432922,0.344426065683365,0.0861065164208412,0.0235965196043253,0.783372342586517,0.480501711368561,0.12012542784214,-0.00544022908434272,0.729692578315735,-0.458021104335785,-0.114505276083946,0.0105792433023453,0.165100157260895,0.940613985061646,0.235153496265411,0.0656256154179573,0.110446617007256,-88.0949325561523,-22.0237331390381,-0.108176007866859,-0.0184077695012093,-0.695769906044006,-0.173942476511002,-0.137135490775108,-0.108912639319897,-0.580721616744995,-0.145180404186249,-0.0402070768177509,-0.547631144523621,-1.08978736400604,-0.272446841001511,-0.218328610062599,-0.521553456783295,-0.850138306617737,-0.212534576654434,-0.28966161608696,0.631263732910156,-0.063308909535408,-0.015827227383852,0.104042254388332,-2.23740315437317,0.426274657249451,0.106568664312363,0.189051151275635,-0.569106876850128,62.7284240722656,15.6821060180664,0.118985779583454,0.0276116542518139,0.234566569328308,0.058641642332077,0.13568539917469,0.582912683486939,-0.0805380195379257,-0.0201345048844814,0.0183718167245388,0.673417568206787,1.47824013233185,0.369560033082962,0.281449526548386,0.948000133037567,-2.40246081352234,-0.600615203380585,-0.382674545049667,-1.25565528869629,0.63889467716217,0.159723669290543,0.0678172931075096,-0.669551968574524
-3.09662890434265,-0.774157226085663,-0.570400774478912,-3.92714667320251,-0.613996744155884,-0.153499186038971,-0.00983452051877976,0.737401604652405,0.0729993507266045,0.0182498376816511,-0.066463977098465,0.493678867816925,4.76377201080322,1.19094300270081,0.938463866710663,8.44303035736084,-2.07672357559204,-0.51918089389801,-0.319663852453232,2.12188339233398,-1.36336731910706,-0.340841829776764,-0.0787288025021553,-3.38424515724182,-1.74419176578522,-0.436047941446304,-0.562432587146759,2.93464636802673,-1.26671695709229,-0.316679239273071,0.00268446654081345,0.361065000295639,0.854769051074982,0.213692262768745,-0.0442869998514652,0.171416267752647,0.798886895179749,0.199721723794937,0.92874014377594,-9.40732479095459,-0.0898989588022232,-0.0224747397005558,-0.446476519107819,0.254287928342819,0.291247129440308,0.0728117823600769,0.14215062558651,-0.736330807209015,0.129659950733185,0.0324149876832962,0.0468180663883686,0.930790305137634,-0.70869779586792,-0.17717444896698,0.0281729102134705,0.975515067577362,0.224559158086777,0.0561397895216942,0.00721559254452586,-0.97493851184845,0.383795768022537,0.0959489420056343,0.0821638479828835,1.17963123321533,-93.8070831298828,-23.4517707824707,-0.108391724526882,-0.00460194237530232,-0.609859704971314,-0.152464926242828,-0.139388516545296,-0.122718460857868,-0.480595797300339,-0.120148949325085,-0.061562966555357,-1.38978660106659,-0.815790235996246,-0.203947558999062,-0.231954678893089,-0.628932118415833,-1.19539952278137,-0.298849880695343,-0.267480254173279,1.29099822044373,-0.167449668049812,-0.0418624170124531,0.0731555446982384,-1.39506351947784,0.045177586376667,0.0112943965941668,0.184125632047653,0.110446617007256,66.1596755981445,16.5399188995361,0.0980493351817131,-1.21184480190277,0.387703001499176,0.096925750374794,0.130747899413109,0.044485442340374,0.174904301762581,0.0437260754406452,0.0200735777616501,0.0153398076072335,1.65385448932648,0.413463622331619,0.293685436248779,0.0184077695012093,-1.7459671497345,-0.436491787433624,-0.425978809595108,-0.185550317168236,-0.318429708480835,-0.0796074271202087,0.0797209888696671,0.47909289598465
-2.85279870033264,-0.71319967508316,-0.659711301326752,-2.8180832862854,0.498812258243561,0.12470306456089,-0.0183481145650148,-1.23263871669769,-0.716983318328857,-0.179245829582214,-0.0332252942025662,1.93014705181122,4.02943849563599,1.007359623909,1.09624230861664,6.1522855758667,-3.38049530982971,-0.845123827457428,-0.335987985134125,-2.40169882774353,0.343746036291122,0.0859365090727806,-0.16692616045475,-4.12441062927246,-0.863198697566986,-0.215799674391747,-0.480554550886154,4.44825220108032,-1.27532529830933,-0.318831324577332,-0.00861585885286331,-2.1532998085022,0.519842743873596,0.129960685968399,-0.00545050157234073,3.42661118507385,2.42912602424622,0.607281506061554,0.676553726196289,-10.4665212631226,1.35460782051086,0.338651955127716,-0.385273993015289,5.27729558944702,-0.424081087112427,-0.106020271778107,0.0641625374555588,-14.1182460784912,0.0926558077335358,0.0231639519333839,0.0588707737624645,1.92500472068787,0.409652024507523,0.102413006126881,-0.0199870932847261,-4.23220443725586,-0.538613557815552,-0.134653389453888,0.00697101326659322,-0.136558815836906,0.329093605279923,0.0822734013199806,0.0939563289284706,0.834485530853272,-98.1432876586914,-24.5358219146729,-0.107732594013214,0.0138058271259069,-0.955883741378784,-0.238970935344696,-0.136332541704178,0.248504891991615,-1.05867099761963,-0.264667749404907,-0.0810852646827698,-0.458660244941711,-0.436489164829254,-0.109122291207314,-0.229905381798744,0.343611687421799,-1.82920789718628,-0.45730197429657,-0.259733647108078,-0.160024881362915,1.10911738872528,0.27727934718132,0.0365394242107868,-1.56588757038116,0.832479953765869,0.208119988441467,0.181021720170975,-0.339009761810303,68.3763046264648,17.0940761566162,0.0958562269806862,-0.0352815575897694,-0.0131375743076205,-0.00328439357690513,0.128195255994797,-0.0214757304638624,0.518144607543945,0.129536151885986,0.0275637172162533,0.394233047962189,1.58141624927521,0.395354062318802,0.293361842632294,0.00306796166114509,-0.844882071018219,-0.211220517754555,-0.425388246774673,-0.00785398110747337,-1.68518531322479,-0.421296328306198,0.0831647738814354,-0.0638135969638825
-2.8659565448761,-0.716489136219025,-0.695588171482086,-0.776515662670136,-0.0734819322824478,-0.018370483070612,-0.00743980705738068,0.14835299551487,-0.12963604927063,-0.0324090123176575,-0.047715324908495,-1.71930515766144,4.05997705459595,1.01499426364899,1.15339159965515,-1.23918378353119,-2.65043258666992,-0.662608146667481,-0.422152787446976,-5.00708913803101,0.299626290798187,0.0749065726995468,-0.0766059011220932,7.68397951126099,-0.704844355583191,-0.176211088895798,-0.462917417287827,1.61988365650177,-0.634741246700287,-0.158685311675072,-0.0067750820890069,-0.0250891093164682,0.202419102191925,0.0506047755479813,-0.0232617221772671,0.053139042109251,2.72957181930542,0.682392954826355,0.693640530109406,-1.15409898757935,2.18696522712708,0.546741306781769,-0.339061468839645,1.39551270008087,0.262248933315277,0.0655622333288193,-0.0294594839215279,-1.40329074859619,-0.0157573409378529,-0.00393933523446322,0.08372613042593,-0.114848896861076,-1.01067721843719,-0.252669304609299,0.0413806885480881,2.77169036865234,-0.680221080780029,-0.170055270195007,0.00333465659059584,0.273613035678864,-0.348364323377609,-0.0870910808444023,0.116462700068951,1.39592254161835,-104.278816223145,-26.0697040557861,-0.105970911681652,0.00766990380361676,-0.579591274261475,-0.144897818565369,-0.154488652944565,-0.905048668384552,-0.27933606505394,-0.069834016263485,-0.0849082320928574,-0.958737969398499,-0.751800775527954,-0.187950193881989,-0.205960899591446,1.2363885641098,-1.09217095375061,-0.273042738437653,-0.286931127309799,-1.01512718200684,0.22270242869854,0.0556756071746349,0.075096033513546,2.90106439590454,0.550034165382385,0.137508541345596,0.160001397132874,-0.869767129421234,72.5020217895508,18.1255054473877,0.0826855599880219,-0.237767025828362,0.251698464155197,0.0629246160387993,0.128998205065727,-0.0138058271259069,-0.301688492298126,-0.0754221230745316,0.0386611111462116,0.260776728391647,1.63247430324554,0.408118575811386,0.293218046426773,-0.0260776728391647,-1.51962780952454,-0.379906952381134,-0.419674158096314,1.4156801700592,-1.49013698101044,-0.372534245252609,0.0827505961060524,-0.0166897103190422
-2.65964198112488,-0.66491049528122,-0.703409075737,-0.0257124379277229,-0.0677773803472519,-0.016944345086813,-0.0216546952724457,-0.45487642288208,-0.192827463150024,-0.0482068657875061,-0.0616428963840008,-0.34454670548439,4.0351676940918,1.00879192352295,1.09644687175751,-3.33466982841492,-1.21126902103424,-0.30281725525856,-0.492927432060242,-2.15599775314331,-0.132471740245819,-0.0331179350614548,0.0105521185323596,2.96778130531311,-0.633305311203003,-0.158326327800751,-0.437071055173874,0.569101989269257,-1.01281929016113,-0.253204822540283,0.00382643006742001,0.181077897548676,0.276449710130692,0.0691124275326729,-0.0139007875695825,0.793657243251801,3.78420662879944,0.94605165719986,0.671380758285523,-0.347975045442581,4.39914464950562,1.0997861623764,-0.333804458379746,-0.214604794979095,0.581273138523102,0.145318284630775,-0.00423850677907467,0.342138797044754,0.138309016823769,0.0345772542059422,0.0829226151108742,0.28112268447876,-0.0539051815867424,-0.0134762953966856,0.0191544834524393,-1.20626819133759,-0.916924238204956,-0.229231059551239,0.012203399091959,0.164556041359901,-0.0591590106487274,-0.0147897526621819,0.122658543288708,-0.297592282295227,-108.9775390625,-27.244384765625,-0.105994880199432,-0.0138058271259069,-0.695381045341492,-0.173845261335373,-0.157520651817322,0.346679657697678,-1.27357840538025,-0.318394601345062,-0.0683460384607315,1.81316530704498,-0.455769836902618,-0.113942459225655,-0.196049943566322,0.266912668943405,-2.0056643486023,-0.501416087150574,-0.282175779342651,0.116827979683876,0.774260342121124,0.193565085530281,0.0939870104193687,-0.062831848859787,0.560148298740387,0.140037074685097,0.154416739940643,-0.0260776728391647,75.8794784545898,18.9698696136475,0.0760942399501801,-0.0690291374921799,0.466335654258728,0.116583913564682,0.126529455184937,-0.0168737880885601,-0.527711689472199,-0.13192792236805,0.0584230981767178,1.18423318862915,1.37724483013153,0.344311207532883,0.293517649173737,0.0598252490162849,-2.08415389060974,-0.521038472652435,-0.394317448139191,1.16926145553589,-1.63789749145508,-0.40947437286377,0.0826815664768219,-0.000981747638434172
-2.62235283851624,-0.655588209629059,-0.696244418621063,-0.294835984706879,-0.254231303930283,-0.0635578259825707,-0.0218933150172234,-0.0730856582522392,-0.161173105239868,-0.040293276309967,-0.0569959096610546,0.200557038187981,3.81329536437988,0.953323841094971,1.01782178878784,-3.30412650108337,-0.955376625061035,-0.238844156265259,-0.491323411464691,1.44919276237488,-0.34059676527977,-0.0851491913199425,0.00533524621278048,-2.0043318271637,-0.780817151069641,-0.19520428776741,-0.435972929000855,-0.829654693603516,-0.2345220297575,-0.0586305074393749,-0.0122548025101423,-0.994837641716003,-0.126731768250465,-0.0316829420626164,-0.001807905966416,0.418255686759949,4.19784116744995,1.04946029186249,0.699972450733185,2.72053194046021,6.53384685516357,1.63346171379089,-0.346052914857864,-0.0919098258018494,1.39948606491089,0.349871516227722,0.00728948693722487,0.327796280384064,-0.00155987218022347,-0.000389968045055866,0.0849715769290924,-0.363402485847473,-0.855773389339447,-0.213943347334862,0.0267361681908369,-0.136695355176926,-0.817257404327393,-0.204314351081848,-0.0087039778009057,-0.533169388771057,0.0873571932315826,0.0218392983078957,0.120034001767635,0.0245436932891607,-113.335716247559,-28.3339290618897,-0.0840996950864792,0.630466103553772,-0.976099729537964,-0.244024932384491,-0.145812064409256,0.56450492143631,-0.65018904209137,-0.162547260522842,-0.0570329278707504,0.415708780288696,-0.647739410400391,-0.161934852600098,-0.19584621489048,-0.162601962685585,-2.02706909179688,-0.506767272949219,-0.277320742607117,0.444731742143631,1.04647946357727,0.261619865894318,0.103305943310261,0.57530415058136,0.394992053508759,0.0987480133771896,0.15416507422924,-0.00306796166114509,79.1506729125977,19.7876682281494,0.0758305862545967,0,0.338807851076126,0.0847019627690315,0.129501536488533,0.176407784223557,-1.02473080158234,-0.256182700395584,0.082103930413723,1.01702928543091,1.25259125232697,0.313147813081741,0.293301939964294,-0.0168737880885601,-3.04143238067627,-0.760358095169067,-0.353812694549561,1.99294781684875,-1.13892793655396,-0.284731984138489,0.0775810852646828,-0.190459057688713
-2.54857110977173,-0.637142777442932,-0.688463687896729,0.874222993850708,-0.342774450778961,-0.0856936126947403,-0.0310119781643152,-0.118900552392006,-0.173362374305725,-0.0433405935764313,-0.052215002477169,0.0342832542955875,2.80382633209229,0.700956583023071,0.971171736717224,-1.92422556877136,-0.0677970945835114,-0.0169492736458778,-0.454447746276855,1.77152180671692,-1.12134635448456,-0.28033658862114,-0.0402998700737953,-2.47791814804077,-1.19565618038178,-0.298914045095444,-0.459167689085007,-1.21019887924194,-0.285865604877472,-0.071466401219368,-0.0157318245619535,-0.493055492639542,-0.205459356307983,-0.0513648390769959,-0.0121732335537672,0.00685665011405945,4.8564772605896,1.2141193151474,0.790690362453461,5.11926889419556,7.83947896957398,1.95986974239349,-0.345623403787613,0.198757961392403,2.69980525970459,0.674951314926148,0.0553013570606709,1.91705620288849,0.0441774986684322,0.0110443746671081,0.0735884681344032,-0.574244499206543,-0.663265526294708,-0.165816381573677,-0.0127069717273116,-1.25122249126434,-0.724091529846191,-0.181022882461548,-0.00644694222137332,-0.0529544018208981,-0.185939401388168,-0.0464848503470421,0.120717100799084,0.0398835018277168,-117.15193939209,-29.2879848480225,-0.0782274305820465,0.263844698667526,-0.864139914512634,-0.216034978628159,-0.135793253779411,0.515417516231537,-0.926819920539856,-0.231704980134964,-0.0451325923204422,0.46172821521759,-0.89375364780426,-0.223438411951065,-0.196265652775764,-0.0153398076072335,-2.5994770526886,-0.64986926317215,-0.257885187864304,0.740237772464752,1.20071268081665,0.300178170204163,0.117564290761948,0.567450165748596,0.198980808258057,0.0497452020645142,0.153973326086998,0.00460194237530232,82.1636047363281,20.540901184082,0.0761182010173798,0.0245436932891607,0.408132582902908,0.102033145725727,0.132054179906845,0.210155367851257,-1.48177528381348,-0.370443820953369,0.103807359933853,1.05691277980804,1.03700268268585,0.259250670671463,0.293253988027573,-0.0122718466445804,-3.98170638084412,-0.995426595211029,-0.311566859483719,2.09504961967468,-1.33557438850403,-0.333893597126007,0.0762235075235367,-0.00392699055373669
-2.09367895126343,-0.523419737815857,-0.665938556194305,2.18555736541748,0.569308996200562,0.14232724905014,-0.0412981733679771,-0.53668874502182,-0.623401761054993,-0.155850440263748,-0.0530452989041805,0.107992246747017,1.56535422801971,0.391338557004929,0.894728362560272,-5.29489278793335,-0.0967490971088409,-0.0241872742772102,-0.387413769960403,4.09411096572876,-0.588202357292175,-0.147050589323044,-0.140948176383972,-6.13105392456055,-2.57889008522034,-0.644722521305084,-0.495432943105698,-2.08956432342529,-0.0908149927854538,-0.0227037481963635,-0.0371819883584976,-1.62861025333405,-0.437759757041931,-0.109439939260483,-0.0156685188412666,-0.147417992353439,5.14479398727417,1.28619849681854,0.935779392719269,7.73726272583008,3.1554651260376,0.788866281509399,-0.329934597015381,1.18802928924561,1.86568737030029,0.466421842575073,0.0863297507166863,2.19727325439453,0.0171400643885136,0.00428501609712839,0.0555629767477512,-0.663380920886993,-0.0212187692523003,-0.00530469231307507,-0.038539931178093,-1.87942397594452,-0.409113973379135,-0.102278493344784,-0.00816329382359982,-0.0838189721107483,-0.693168759346008,-0.173292189836502,0.121412187814713,0.0337475761771202,-121.444671630859,-30.3611679077148,-0.0724989697337151,0.323669940233231,-0.666896462440491,-0.166724115610123,-0.127955570816994,0.329805880784988,-1.31964838504791,-0.329912096261978,-0.0340232141315937,0.575242817401886,-1.03280985355377,-0.258202463388443,-0.196373507380486,-0.00920388475060463,-3.16797256469727,-0.791993141174316,-0.243228003382683,0.69311386346817,0.751162469387054,0.187790617346764,0.129529342055321,0.397607833147049,-0.387392997741699,-0.0968482494354248,0.154440715909004,0.164135947823524,85.3224716186523,21.3306179046631,0.078347273170948,0.32673791050911,0.185162574052811,0.0462906435132027,0.136572226881981,0.263844698667526,-2.20796704292297,-0.551991760730743,0.128159299492836,0.998621463775635,1.40517032146454,0.351292580366135,0.293253988027573,0,-4.68387031555176,-1.17096757888794,-0.268224239349365,1.95662319660187,-1.53784763813019,-0.384461909532547,0.0763078778982163,0.00490873865783215
-2.25426197052002,-0.563565492630005,-0.611915647983551,-0.793657243251801,1.04115188121796,0.260287970304489,-0.0343015119433403,0.906480431556702,-0.748897254467011,-0.187224313616753,-0.0552817471325398,3.06663703918457,0.740943908691406,0.185235977172852,0.760615825653076,-0.261799395084381,-3.21513271331787,-0.803783178329468,-0.273884803056717,10.2379846572876,-0.263682186603546,-0.0659205466508865,-0.126376464962959,9.44583892822266,-2.4181170463562,-0.60452926158905,-0.565686821937561,-3.27062225341797,0.283284723758698,0.0708211809396744,-0.0594417527318001,-0.291251808404923,-0.239545464515686,-0.0598863661289215,-0.0317789688706398,-1.30790603160858,5.32059001922607,1.33014750480652,1.09892678260803,7.34674549102783,-2.47787976264954,-0.619469940662384,-0.266954362392426,4.58827066421509,0.19172590970993,0.0479314774274826,0.152938693761826,2.26052665710449,0.0704121440649033,0.0176030360162258,0.0423987433314323,-0.550246179103851,0.649207770824432,0.162301942706108,-0.0404988378286362,-0.850033819675446,-0.5673006772995,-0.141825169324875,-0.0207388028502464,-1.42274963855743,-1.42516458034515,-0.356291145086288,0.133839830756187,0.846757411956787,-124.854141235352,-31.2135353088379,-0.0684483051300049,0.0766990408301354,-0.926293849945068,-0.231573462486267,-0.123785063624382,0.177941769361496,-1.81235945224762,-0.453089863061905,-0.0223745480179787,0.561436951160431,-0.509650349617004,-0.127412587404251,-0.196373507380486,0.00613592332229018,-2.92570090293884,-0.731425225734711,-0.228823930025101,0.613592326641083,0.774231731891632,0.193557932972908,0.137061193585396,0.207148760557175,-1.02000260353088,-0.255000650882721,0.16776716709137,0.83908748626709,87.3301849365234,21.8325462341309,0.0793539434671402,0.0168737880885601,-0.093585692346096,-0.023396423086524,0.142204821109772,0.311398088932037,-2.58992147445679,-0.647480368614197,0.148400664329529,0.771592319011688,1.38722348213196,0.34680587053299,0.293206065893173,-0.00920388475060463,-4.33041572570801,-1.082603931427,-0.22609344124794,1.87121105194092,-0.604527175426483,-0.151131793856621,0.0761774927377701,0.00883573014289141
-2.00577211380005,-0.501443028450012,-0.593100011348724,1.37818682193756,0.992999017238617,0.248249754309654,-0.0305432621389627,0.247618600726128,-0.468182682991028,-0.117045670747757,-0.0278685353696346,0.308549284934998,1.544881939888,0.386220484972,0.751812517642975,-0.00218166154809296,-1.99825394153595,-0.499563485383987,-0.263220071792603,0.868256568908691,-0.0738691762089729,-0.0184672940522432,0.0193876698613167,1.44337379932404,-2.4071741104126,-0.601793527603149,-0.628762602806091,-2.00385594367981,0.0472735911607742,0.0118183977901936,-0.079025574028492,-0.138535514473915,-0.119348727166653,-0.0298371817916632,-0.0335734821856022,0.282836824655533,5.04890394210815,1.26222598552704,1.23827195167542,4.97636985778809,-2.43309760093689,-0.608274400234222,-0.285313457250595,-4.71091461181641,-0.116606891155243,-0.0291517227888107,0.128342032432556,-3.30176091194153,0.155171304941177,0.0387928262352943,0.0289398860186338,-0.851938784122467,0.363687217235565,0.0909218043088913,-0.0509317554533482,-0.720096588134766,-0.738583445549011,-0.184645861387253,-0.0390985235571861,-0.667533099651337,-0.942306220531464,-0.235576555132866,0.148856058716774,0.682621479034424,-126.893074035645,-31.7232685089111,-0.0601672008633614,0.369689375162125,-0.940214157104492,-0.235053539276123,-0.118715733289719,0.32673791050911,-2.08128476142883,-0.520321190357208,0.000407463667215779,1.27167010307312,-0.204810976982117,-0.0512027442455292,-0.196768999099731,-0.0214757304638624,-3.23295617103577,-0.808239042758942,-0.213223338127136,0.837430775165558,0.145893260836601,0.0364733152091503,0.14299002289772,0.238564699888229,-1.13492393493652,-0.283730983734131,0.181333318352699,0.612058341503143,88.3455581665039,22.086389541626,0.0823380202054977,0.250038862228394,0.0675639882683754,0.0168909970670939,0.145188882946968,0.118116520345211,-3.11980080604553,-0.779950201511383,0.178876549005508,1.48029148578644,1.138791680336,0.284697920084,0.293110191822052,-0.00766990380361676,-4.71219491958618,-1.17804872989655,-0.187529161572456,2.0390899181366,-0.766110122203827,-0.191527530550957,0.076162151992321,-0.025525439530611
-2.03302621841431,-0.508256554603577,-0.558441817760468,1.68330776691437,0.795431017875671,0.198857754468918,-0.0150074455887079,1.11046576499939,-0.358932912349701,-0.0897332280874252,-0.0226323045790195,0.28112268447876,1.98108112812042,0.495270282030106,0.753295361995697,-0.303250968456268,-1.1663533449173,-0.291588336229324,-0.266945838928223,-0.646941363811493,-0.0369236543774605,-0.00923091359436512,0.0224425196647644,0.00675923516973853,-2.38560390472412,-0.59640097618103,-0.652292191982269,-0.0908506214618683,-0.263547241687775,-0.0658868104219437,-0.0643845796585083,1.53916227817535,-0.0308319535106421,-0.00770798837766051,-0.0237973984330893,0.159417122602463,5.00600624084473,1.25150156021118,1.28997552394867,0.83775806427002,-2.36647200584412,-0.591618001461029,-0.361299574375153,-3.12691950798035,0.144244015216827,0.0360610038042069,0.0484681092202663,-3.66456866264343,0.196703568100929,0.0491758920252323,0.00944128632545471,-0.526247918605804,0.436399638652802,0.1090999096632,-0.063307523727417,-0.12839837372303,-0.917246699333191,-0.229311674833298,-0.0511475205421448,-0.391327351331711,-1.08381736278534,-0.270954340696335,0.161535367369652,0.696427285671234,-128.248077392578,-32.0620193481445,-0.0519819781184197,0.300660222768784,-0.85393762588501,-0.213484406471252,-0.115372136235237,0.0766990408301354,-2.98241996765137,-0.745604991912842,0.0325371697545052,1.49563121795654,-0.0103143379092217,-0.00257858447730541,-0.197236374020576,-0.0506213642656803,-3.98538684844971,-0.996346712112427,-0.182651102542877,1.82997763156891,-0.180937364697456,-0.0452343411743641,0.149279341101646,0.269980609416962,-1.45138096809387,-0.362845242023468,0.197164475917816,0.952602088451386,89.0888824462891,22.2722206115723,0.0859093219041824,-0.0184077695012093,0.218504041433334,0.0546260103583336,0.148256853222847,0.121184483170509,-3.63930463790894,-0.909826159477234,0.206272482872009,1.23178660869598,0.989220976829529,0.247305244207382,0.293146133422852,-0.0199417509138584,-5.24173498153687,-1.31043374538422,-0.145068570971489,1.96938586235046,-0.564545929431915,-0.141136482357979,0.0710003077983856,-0.256236135959625
-2.12316703796387,-0.530791759490967,-0.530934810638428,0.946217775344849,0.438015401363373,0.109503850340843,0.00860733725130558,0.917388677597046,-0.2243492603302,-0.0560873150825501,-0.0191370192915201,-0.287979334592819,2.28888940811157,0.572222352027893,0.747295796871185,-0.441786468029022,-0.841338276863098,-0.210334569215775,-0.270582795143127,-0.295353770256043,-0.172873139381409,-0.0432182848453522,0.014560298062861,-0.453884482383728,-2.2522497177124,-0.563062429428101,-0.655425906181335,0.0959931090474129,-0.185034319758415,-0.0462585799396038,-0.0432582572102547,1.01556348800659,-0.0640369728207588,-0.0160092432051897,-0.0145302070304751,0.325690895318985,4.90464925765991,1.22616231441498,1.27832579612732,-1.13773655891418,-2.02777242660522,-0.506943106651306,-0.41986009478569,-2.43399429321289,0.358169376850128,0.089542344212532,0.0253950897604227,0.369345039129257,0.204843521118164,0.051210880279541,0.000964216480497271,-0.366830796003342,0.173826515674591,0.0434566289186478,-0.0533038675785065,0.7014319896698,-0.905959129333496,-0.226489782333374,-0.0728701576590538,-1.23204708099365,-1.07156622409821,-0.267891556024551,0.178816631436348,0.905048668384552,-128.932464599609,-32.2331161499023,-0.047679640352726,0.104310691356659,-0.805256724357605,-0.201314181089401,-0.115779601037502,-0.0429514609277248,-3.48812007904053,-0.872030019760132,0.0654458552598953,1.58306813240051,0.242132544517517,0.0605331361293793,-0.197595909237862,-0.0260776728391647,-4.56721830368042,-1.14180457592011,-0.13759808242321,2.0803234577179,-0.278299987316132,-0.0695749968290329,0.152255266904831,0.0775580704212189,-1.79828989505768,-0.44957247376442,0.221863955259323,1.35757303237915,89.3817749023438,22.3454437255859,0.0856576487421989,-0.00153398083057255,0.24250340461731,0.0606258511543274,0.147609695792198,-0.0276116542518139,-4.00590705871582,-1.00147676467896,0.230181008577347,1.01856327056885,0.814562678337097,0.203640669584274,0.293146133422852,-0.00766990380361676,-5.5502815246582,-1.38757038116455,-0.101741284132004,1.71707665920258,-0.365209609270096,-0.091302402317524,0.0657234117388725,-0.32594022154808
-2.01820349693298,-0.504550874233246,-0.517261683940888,0.781658172607422,0.327451288700104,0.0818628221750259,0.021458687260747,0.249800264835358,-0.172499895095825,-0.0431249737739563,-0.021025275811553,-0.106278084218502,2.61589336395264,0.653973340988159,0.7386714220047,-0.45487642288208,-0.175439059734344,-0.0438597649335861,-0.273934125900269,-0.340398609638214,-0.444711446762085,-0.111177861690521,0.00604520598426461,0.0640743598341942,-2.27002477645874,-0.567506194114685,-0.654729545116425,0.14398966729641,-0.143028780817986,-0.0357571952044964,-0.0329038873314858,0.0959931090474129,-0.0807290002703667,-0.0201822500675917,-0.0186415184289217,-0.118277221918106,4.8061900138855,1.20154750347137,1.24353861808777,-1.86859309673309,-1.75002408027649,-0.437506020069122,-0.453906714916229,-1.06139886379242,0.402619242668152,0.100654810667038,0.0546516701579094,1.87108075618744,0.225732296705246,0.0564330741763115,0,0.205699503421783,0.322252094745636,0.080563023686409,-0.0487533695995808,0.0318836942315102,-0.961001396179199,-0.2402503490448,-0.105131141841412,-1.47921574115753,-1.10660314559937,-0.276650786399841,0.198530673980713,0.895844757556915,-129.31086730957,-32.3277168273926,-0.0457262098789215,0.0828349590301514,-0.757772564888001,-0.189443141222,-0.117529295384884,-0.208621382713318,-3.87360048294067,-0.968400120735169,0.0947233140468597,1.19803905487061,0.355789303779602,0.0889473259449005,-0.197967410087585,0.00460194237530232,-4.98285531997681,-1.2457138299942,-0.0900293365120888,2.22856736183167,-0.216067746281624,-0.054016936570406,0.153052940964699,-0.0490873865783215,-2.08349299430847,-0.520873248577118,0.251417070627213,1.3054176568985,89.3723373413086,22.3430843353272,0.0841476321220398,-0.222427219152451,0.383319139480591,0.0958297848701477,0.145728185772896,-0.150330111384392,-4.36638641357422,-1.09159660339355,0.25213611125946,1.03083503246307,0.600156784057617,0.150039196014404,0.293146133422852,0,-5.71985197067261,-1.42996299266815,-0.0660302042961121,1.5796320438385,-0.152682095766068,-0.0381705239415169,0.0583449639379978,-0.490873843431473
-1.90481770038605,-0.476204425096512,-0.501003980636597,0.596528589725494,0.392944276332855,0.0982360690832138,0.0204275120049715,-0.00218166154809296,-0.235322743654251,-0.0588306859135628,-0.023101020604372,0.166273772716522,3.22978448867798,0.807446122169495,0.736643135547638,0.167987942695618,0.880981266498566,0.220245316624641,-0.275018692016602,-0.204034775495529,-0.507414042949677,-0.126853510737419,0.00423624087125063,0.070182129740715,-2.35986971855164,-0.589967429637909,-0.651769936084747,0.373687475919724,-0.248135134577751,-0.0620337836444378,-0.0335515663027763,-0.0556323677301407,-0.0382087454199791,-0.00955218635499477,-0.0196593031287193,-0.0805656462907791,4.45404529571533,1.11351132392883,1.20831668376923,-1.57843220233917,-1.24642241001129,-0.311605602502823,-0.463772475719452,-0.188586130738258,0.407465875148773,0.101866468787193,0.0787295326590538,0.722006738185883,0.252337723970413,0.0630844309926033,0.00349528482183814,0.152560472488403,0.267971098423004,0.066992774605751,-0.0429418459534645,0.30775111913681,-1.01995277404785,-0.254988193511963,-0.13374325633049,-1.15247809886932,-1.15951406955719,-0.289878517389298,0.216722726821899,0.760854482650757,-129.36589050293,-32.3414726257324,-0.0449831895530224,0.00153398083057255,-0.77219820022583,-0.193049550056458,-0.119290977716446,-0.0184077695012093,-4.11231136322022,-1.02807784080505,0.118523985147476,1.03236901760101,0.424380779266357,0.106095194816589,-0.198111221194267,-0.0107378652319312,-5.13045072555542,-1.28261268138886,-0.0472389422357082,1.87121105194092,-0.172321751713753,-0.0430804379284382,0.152853518724442,0,-2.26903891563416,-0.567259728908539,0.275900840759277,1.07838845252991,89.1177139282227,22.2794284820557,0.0793539434671402,-0.279184490442276,0.521494805812836,0.130373701453209,0.14208497107029,-0.181009739637375,-4.70914936065674,-1.17728734016418,0.273240327835083,0.892776846885681,0.401860922574997,0.100465230643749,0.293146133422852,-0.00766990380361676,-6.10779857635498,-1.52694964408875,-0.0330342762172222,1.48440253734589,0.157934010028839,0.0394835025072098,0.0467327274382114,-0.531125485897064
-1.95547211170197,-0.488868027925491,-0.495325803756714,-0.935932755470276,0.0236112661659718,0.00590281654149294,0.0199417490512133,0.0501782186329365,-0.0472472682595253,-0.0118118170648813,-0.0286318734288216,-0.476537197828293,4.01178503036499,1.00294625759125,0.765584230422974,1.71805846691132,1.69200718402863,0.423001796007156,-0.280737489461899,-0.381993561983109,-0.639120995998383,-0.159780248999596,0.00218009087257087,-0.691213548183441,-2.49283361434937,-0.623208403587341,-0.645140945911408,0.570816159248352,-0.343959152698517,-0.0859897881746292,-0.0387244932353497,-0.112355574965477,0.0890754982829094,0.0222688745707274,-0.0199003573507071,-0.145703822374344,3.65899896621704,0.91474974155426,1.1658935546875,-1.88168299198151,-0.814906656742096,-0.203726664185524,-0.452875167131424,1.03234446048737,0.479404628276825,0.119851157069206,0.0857616290450096,0.443146228790283,0.32761013507843,0.0819025337696075,0.00554424477741122,-0.0308549292385578,0.305716812610626,0.0764292031526566,-0.0370489209890366,0.447493016719818,-0.990863084793091,-0.247715771198273,-0.161456182599068,-1.11850130558014,-1.02674722671509,-0.256686806678772,0.231367453932762,0.536893248558044,-128.377593994141,-32.0943984985352,-0.0444199293851852,-0.0276116542518139,-0.691792249679565,-0.172948062419891,-0.120836943387985,-0.113514579832554,-4.32799434661865,-1.08199858665466,0.140131548047066,1.0630487203598,0.547554194927216,0.136888548731804,-0.198171153664589,0.00306796166114509,-5.32055473327637,-1.33013868331909,-0.00797670055180788,1.56294238567352,-0.177124217152596,-0.0442810542881489,0.151986822485924,-0.075594574213028,-2.40941095352173,-0.602352738380432,0.295770674943924,0.831417560577393,88.2074813842773,22.0518703460693,0.073781281709671,-0.288388401269913,0.670694410800934,0.167673602700233,0.138369858264923,-0.191747605800629,-4.88992881774902,-1.22248220443726,0.290988981723785,0.740912735462189,0.223764032125473,0.0559410080313683,0.293146133422852,-0.00153398083057255,-6.58843946456909,-1.64710986614227,-0.00130388373509049,1.22718465328217,0.352513074874878,0.0881282687187195,0.0360485501587391,-0.430005520582199
-2.4813506603241,-0.620337665081024,-0.523930847644806,-1.92157626152039,-0.33861118555069,-0.0846527963876724,0.00918683968484402,-0.549778699874878,0.0672569796442986,0.0168142449110746,-0.0258731432259083,-0.461109757423401,4.86892414093018,1.21723103523254,0.840468049049377,4.47458791732788,0.391235709190369,0.0978089272975922,-0.283889442682266,0.231155201792717,-1.23678994178772,-0.30919748544693,-0.0123955979943275,-0.728334784507752,-2.51818370819092,-0.62954592704773,-0.630691051483154,1.739874958992,-0.857109367847443,-0.214277341961861,-0.0415879227221012,-0.211621165275574,0.600107908248901,0.150026977062225,-0.0173425041139126,0.389114916324616,1.55788338184357,0.389470845460892,1.09070289134979,-4.43859052658081,-0.748178958892822,-0.187044739723206,-0.416416376829147,2.13885688781738,0.338499009609222,0.0846247524023056,0.10106948018074,0.819271266460419,0.440286815166473,0.110071703791618,0.00778069160878658,0.0342832542955875,0.0800173357129097,0.0200043339282274,-0.0208105910569429,0.853742718696594,-0.65898334980011,-0.164745837450027,-0.180347606539726,-0.898120522499085,-0.859978020191193,-0.214994505047798,0.238905534148216,0.265378683805466,-127.364547729492,-31.841136932373,-0.044875331223011,0,-0.5495845079422,-0.13739612698555,-0.122958153486252,-0.122718460857868,-4.46356058120728,-1.11589014530182,0.160097271203995,0.859029233455658,0.680108189582825,0.170027047395706,-0.198195114731789,-0.0184077695012093,-5.32985734939575,-1.33246433734894,0.0238073822110891,1.53054463863373,-0.030502513051033,-0.00762562826275826,0.150874689221382,-0.0530143789947033,-2.58260989189148,-0.64565247297287,0.310319542884827,0.641203939914703,87.2226715087891,21.8056678771973,0.0670221745967865,-0.312932074069977,0.963265657424927,0.240816414356232,0.133899748325348,-0.292990326881409,-4.79579067230225,-1.19894766807556,0.305453926324844,0.733242809772492,0.0566164553165436,0.0141541138291359,0.293134152889252,-0.00613592332229018,-7.22866058349609,-1.80716514587402,0.0218438878655434,0.795215666294098,0.476928651332855,0.119232162833214,0.0257555395364761,-0.469275414943695
-2.99823260307312,-0.74955815076828,-0.585654139518738,-2.98949980735779,-0.427104353904724,-0.106776088476181,-0.00417583622038364,-0.700313329696655,-0.211825370788574,-0.0529563426971436,-0.0285916980355978,-0.0599956922233105,4.60038900375366,1.15009725093842,0.971810936927795,7.17657566070557,-3.72460460662842,-0.931151151657105,-0.275773793458939,1.37113702297211,-1.00460851192474,-0.251152127981186,-0.0861503034830093,-5.7375054359436,-2.38606119155884,-0.59651529788971,-0.589966297149658,2.69294953346252,-1.16187930107117,-0.290469825267792,-0.04982028901577,-0.695950090885162,0.91655158996582,0.229137897491455,0.00763338059186935,1.94900298118591,0.997416973114014,0.249354243278503,0.898631513118744,-13.108512878418,-0.110978439450264,-0.027744609862566,-0.371038138866425,2.18883800506592,-0.191532671451569,-0.0478831678628922,0.10084243118763,-0.291673988103867,0.167169645428658,0.0417924113571644,0.0171282347291708,0.65138179063797,-0.226922273635864,-0.0567305684089661,-0.0159781891852617,0.726073205471039,-0.446291744709015,-0.111572936177254,-0.187531813979149,-0.786111354827881,-1.14418959617615,-0.286047399044037,0.241122618317604,0.0813009813427925,-126.060661315918,-31.5151653289795,-0.0453187450766563,-0.0322135947644711,-1.05143666267395,-0.262859165668488,-0.125618651509285,-0.210155367851257,-4.80432081222534,-1.20108020305634,0.175688743591309,0.450990349054337,0.528335630893707,0.132083907723427,-0.198231071233749,0.0138058271259069,-5.6179347038269,-1.40448367595673,0.0519329234957695,1.40684449672699,-0.470245659351349,-0.117561414837837,0.14870411157608,-0.125663697719574,-3.20026397705078,-0.800065994262695,0.322998851537704,0.693359315395355,86.4335021972656,21.6083755493164,0.0605986341834068,-0.420310735702515,0.629467666149139,0.157366916537285,0.127739861607552,-0.335941791534424,-5.25574731826782,-1.31393682956696,0.315760374069214,0.345145672559738,0.142836153507233,0.0357090383768082,0.293146133422852,0,-7.05581045150757,-1.76395261287689,0.037674568593502,0.554687440395355,0.0676951110363007,0.0169237777590752,0.0147262159734964,-0.459457904100418
-3.22241520881653,-0.805603802204132,-0.668884754180908,-3.82258272171021,-0.512818217277527,-0.128204554319382,-0.00911014154553413,1.66351699829102,-0.129185706377029,-0.0322964265942574,-0.036425955593586,-0.661666810512543,4.42359924316406,1.10589981079102,1.09977042675018,5.08545303344727,-3.48631429672241,-0.871578574180603,-0.350330352783203,-6.61928224563599,-0.0629805400967598,-0.01574513502419,-0.176336005330086,-3.67532634735107,-1.96902310848236,-0.49225577712059,-0.571204245090485,-0.905077874660492,-0.485492527484894,-0.121373131871223,-0.0586832836270332,-0.359974175691605,0.224536180496216,0.056134045124054,0.0203824657946825,0.239982768893242,1.43577873706818,0.358944684267044,0.78438401222229,1.11482906341553,0.31452152132988,0.0786303803324699,-0.285538494586945,-3.27767324447632,-0.000881973654031754,-0.000220493413507938,0.0333658047020435,2.85740876197815,0.0509787760674953,0.0127446940168738,0.0350331999361515,1.81358397006989,-0.537631094455719,-0.13440777361393,-0.017841998487711,2.72110652923584,-0.835585355758667,-0.208896338939667,-0.190534025430679,-1.09102308750153,-2.10404992103577,-0.526012480258942,0.240882933139801,-0.0398835018277168,-123.862457275391,-30.9656143188477,-0.0545585826039314,-1.14895164966583,-0.974595785140991,-0.243648946285248,-0.128123357892036,-0.118116520345211,-5.17474126815796,-1.29368531703949,0.197595909237862,1.59227204322815,0.425569891929626,0.106392472982407,-0.198386862874031,-0.0475534051656723,-6.684241771698,-1.6710604429245,0.0718363225460053,1.34106731414795,0.0886495560407639,0.022162389010191,0.143151089549065,-0.291579067707062,-3.44552636146545,-0.861381590366364,0.331783264875412,0.196349546313286,85.6581497192383,21.4145374298096,0.0459658950567246,-0.8528932929039,0.49195921421051,0.122989803552628,0.120561309158802,-0.527689397335053,-6.09177303314209,-1.52294325828552,0.329422384500504,1.23178660869598,-0.138603180646896,-0.0346507951617241,0.293146133422852,0.00766990380361676,-7.23210906982422,-1.80802726745605,0.0453751534223557,0.315141022205353,-0.463105857372284,-0.115776464343071,0.00638903025537729,-0.123700208961964
-3.19195103645325,-0.797987759113312,-0.720081984996796,-1.56160223484039,-0.127729877829552,-0.0319324694573879,-0.0103969806805253,-0.437423139810562,-0.185395330190659,-0.0463488325476646,-0.0679103061556816,-1.57360136508942,4.60328483581543,1.15082120895386,1.14775848388672,0.368700802326202,-3.22463607788086,-0.806159019470215,-0.461634278297424,-4.48931217193604,0.104237012565136,0.026059253141284,-0.115095302462578,5.19708919525147,-1.71361243724823,-0.428403109312058,-0.56628942489624,0.762802362442017,-1.39503121376038,-0.348757803440094,-0.038775622844696,1.48898410797119,0.504590451717377,0.126147612929344,-0.00084368942771107,-0.937646985054016,2.01292419433594,0.503231048583984,0.764050245285034,-1.14646315574646,0.648551344871521,0.16213783621788,-0.264196783304215,0.371117383241653,-0.121011555194855,-0.0302528887987137,0.0273951571434736,-0.233537897467613,0.0638441741466522,0.0159610435366631,0.066089004278183,1.03192591667175,-0.592662990093231,-0.148165747523308,0.0155106447637081,2.20613217353821,-1.09889841079712,-0.27472460269928,-0.203412488102913,-0.472949206829071,-2.16231179237366,-0.540577948093414,0.25456890463829,0.885106921195984,-121.005760192871,-30.2514400482178,-0.0732300132513046,-0.644271910190582,-0.909671545028687,-0.227417886257172,-0.132929027080536,-0.13805827498436,-5.18827867507935,-1.29706966876984,0.216974392533302,0.763922452926636,0.184273362159729,0.0460683405399323,-0.198410838842392,0.00153398083057255,-6.53947448730469,-1.63486862182617,0.091655358672142,0.827613353729248,0.562535107135773,0.140633776783943,0.142476141452789,-0.013744467869401,-3.45552921295166,-0.863882303237915,0.331303894519806,-0.0337475761771202,84.0498657226563,21.0124664306641,0.0206791795790195,-0.952602088451386,0.459437310695648,0.114859327673912,0.112915366888046,-0.285320430994034,-6.64027166366577,-1.66006791591644,0.352551937103272,1.19190311431885,-0.263279855251312,-0.0658199638128281,0.293026298284531,-0.00306796166114509,-7.63397073745728,-1.90849268436432,0.0719973891973496,1.54428911209106,-0.768938004970551,-0.192234501242638,-0.00246203923597932,-0.430987238883972
-2.97506308555603,-0.743765771389008,-0.750361025333405,-1.49474990367889,0.023071426898241,0.00576785672456026,-0.0104225473478436,-0.400334894657135,-0.456595003604889,-0.114148750901222,-0.0856813490390778,0.455967277288437,4.8498477935791,1.21246194839478,1.13112330436707,-1.16937053203583,-2.58641648292542,-0.646604120731354,-0.543940365314484,-3.1951732635498,0.102204941213131,0.0255512353032827,-0.0437215827405453,3.04016089439392,-1.8326700925827,-0.458167523145676,-0.560343444347382,0.13370469212532,-1.43664813041687,-0.359162032604218,-0.0344463884830475,-0.380699932575226,0.660573184490204,0.165143296122551,-0.0114366784691811,-0.298264294862747,2.45961952209473,0.614904880523682,0.745795905590057,-0.754854917526245,1.28320169448853,0.320800423622131,-0.255071640014648,0.121889494359493,-0.452944099903107,-0.113236024975777,0.0277591459453106,-0.133763492107391,0.0636196434497833,0.0159049108624458,0.0815700367093086,0.754231572151184,-0.617879688739777,-0.154469922184944,0.0415906980633736,0.409100323915482,-1.30413198471069,-0.326032996177673,-0.218239322304726,-0.337435722351074,-2.34540295600891,-0.586350739002228,0.273144453763962,0.793068051338196,-117.697708129883,-29.4244270324707,-0.0772567093372345,0.044485442340374,-1.05613088607788,-0.26403272151947,-0.134606823325157,0.0184077695012093,-5.50904273986816,-1.37726068496704,0.236376851797104,0.771592319011688,0.462145805358887,0.115536451339722,-0.198482736945152,0.00460194237530232,-6.86227750778198,-1.7155693769455,0.118039824068546,1.22325766086578,0.801119387149811,0.200279846787453,0.14353458583355,0.106028757989407,-3.16517305374146,-0.791293263435364,0.329674065113068,-0.141126230359077,82.0710296630859,20.5177574157715,0.010840130969882,-0.294524312019348,0.562775254249573,0.140693813562393,0.109128355979919,-0.088970884680748,-6.94814252853394,-1.73703563213348,0.378138244152069,1.07992243766785,-0.463049322366715,-0.115762330591679,0.293026298284531,0.00153398083057255,-8.31309223175049,-2.07827305793762,0.107976913452148,1.8731746673584,-1.05423772335053,-0.263559430837631,-0.010400390252471,-0.343611687421799
-2.91884613037109,-0.729711532592773,-0.765172481536865,-0.911934554576874,0.0968069285154343,0.0242017321288586,-0.0206149965524673,-0.867210447788239,-0.373371005058289,-0.0933427512645721,-0.0771239250898361,0.788514792919159,4.80017614364624,1.20004403591156,1.1238284111023,0.437423139810562,-2.31920433044434,-0.579801082611084,-0.584403693675995,-1.06514286994934,-0.0409743264317513,-0.0102435816079378,-0.0058745052665472,1.02783811092377,-1.95928966999054,-0.489822417497635,-0.562861084938049,-0.0617098584771156,-1.24691843986511,-0.311729609966278,-0.038221687078476,-0.0839939713478088,0.515230536460877,0.128807634115219,-0.00372294709086418,0.54510372877121,2.50234842300415,0.625587105751038,0.746605515480042,-0.0109083075076342,1.4030282497406,0.35075706243515,-0.251260727643967,0.0112856663763523,-0.516314327716827,-0.129078581929207,0.0264201499521732,0.0569671541452408,0.0358582548797131,0.00896456371992827,0.0906229615211487,0.181701242923737,-0.249924719333649,-0.0624811798334122,0.0334416069090366,-0.787896633148193,-1.39309775829315,-0.348274439573288,-0.224968612194061,-0.157285898923874,-2.78305983543396,-0.69576495885849,0.289419025182724,0.75318455696106,-114.112358093262,-28.5280895233154,-0.076214075088501,0.0905048698186874,-1.23490881919861,-0.308727204799652,-0.132078140974045,0.305262178182602,-5.99451541900635,-1.49862885475159,0.253202706575394,0.777728259563446,0.597276091575623,0.149319022893906,-0.198386862874031,0.0153398076072335,-7.30439901351929,-1.82609975337982,0.142644882202148,1.01807236671448,0.989996492862701,0.247499123215675,0.14597362279892,0.362264901399612,-2.9679970741272,-0.741999268531799,0.327217280864716,-0.0598252490162849,79.9406585693359,19.985164642334,0.0107322735711932,0.0168737880885601,0.416129171848297,0.104032292962074,0.109356053173542,0.128854379057884,-7.05896377563477,-1.76474094390869,0.40048885345459,0.964873909950256,-0.388523370027542,-0.0971308425068855,0.29305025935173,-0.00460194237530232,-8.48422145843506,-2.12105536460876,0.148274585604668,1.75634658336639,-1.25884878635407,-0.314712196588516,-0.0150330122560263,-0.155116140842438
-2.87705850601196,-0.719264626502991,-0.785153210163117,-0.800513923168182,0.0475354380905628,0.0118838595226407,-0.0343441255390644,-0.364337474107742,-0.34284633398056,-0.0857115834951401,-0.0711779221892357,0.154274642467499,4.81406831741333,1.20351707935333,1.13875913619995,0.722130000591278,-2.2816686630249,-0.570417165756226,-0.595836281776428,-0.328421056270599,-0.119458474218845,-0.0298646185547113,-0.00624804524704814,-0.419301062822342,-2.08728003501892,-0.52182000875473,-0.564561903476715,0.0308549292385578,-1.1557788848877,-0.288944721221924,-0.0429514609277248,-0.028361601755023,0.468310981988907,0.117077745497227,6.69594810460694E-05,0.0719948336482048,2.50706791877747,0.626766979694367,0.746128261089325,-0.291251808404923,1.4363489151001,0.359087228775024,-0.25141504406929,0.0172194316983223,-0.441735208034515,-0.110433802008629,0.0271626021713018,-0.000176366593223065,0.00932834669947624,0.00233208667486906,0.0913327261805534,-0.250267744064331,-0.249538242816925,-0.0623845607042313,0.024450246244669,-0.653173327445984,-1.43320286273956,-0.358300715684891,-0.234099924564362,-0.251830548048019,-3.14491152763367,-0.786227881908417,0.308330148458481,0.99708753824234,-110.655136108398,-27.6637840270996,-0.0688437819480896,0.383495211601257,-1.35771811008453,-0.339429527521133,-0.125738486647606,0.383495211601257,-6.41531467437744,-1.60382866859436,0.272041916847229,0.90965062379837,0.749480545520783,0.187370136380196,-0.19833892583847,0,-7.6985011100769,-1.92462527751923,0.164389058947563,1.05341529846191,0.90316516160965,0.225791290402412,0.156964585185051,0.5114905834198,-2.98951363563538,-0.747378408908844,0.327301174402237,-0.00460194237530232,77.9536972045898,19.4884243011475,0.0111277522519231,0.0214757304638624,0.338729619979858,0.0846824049949646,0.113514579832554,0.202485457062721,-7.35922431945801,-1.8398060798645,0.419855356216431,0.892776846885681,-0.434009045362473,-0.108502261340618,0.293002337217331,-0.00460194237530232,-8.69078540802002,-2.17269635200501,0.185634687542915,1.75929188728333,-1.36086463928223,-0.340216159820557,-0.0153167992830276,-0.00294524314813316
-2.93812704086304,-0.734531760215759,-0.796214878559113,-0.226269468665123,0.0729220360517502,0.0182305090129375,-0.0367984920740128,-0.00654498487710953,-0.382323235273361,-0.0955808088183403,-0.0690352246165276,0.0839939713478088,4.8233699798584,1.2058424949646,1.15380072593689,0.495237201452255,-2.19846892356873,-0.549617230892181,-0.601443767547607,-0.205791801214218,-0.160707354545593,-0.0401768386363983,-0.0170433148741722,-0.469381123781204,-2.13059043884277,-0.532647609710693,-0.565191328525543,-0.0548532009124756,-1.16560256481171,-0.291400641202927,-0.04272136464715,-0.0207257848232985,0.468805283308029,0.117201320827007,2.67837913270341E-05,-0.0702806711196899,2.65999388694763,0.664998471736908,0.741620063781738,-0.160352125763893,1.67224431037903,0.418061077594757,-0.251189321279526,0.0010940432548523,-0.44125908613205,-0.110314771533012,0.0277285147458315,-0.00185258453711867,-0.011835154145956,-0.00295878853648901,0.0856143906712532,-0.433683156967163,-0.257903397083282,-0.0644758492708206,0.0158765483647585,-0.394485414028168,-1.41658329963684,-0.35414582490921,-0.24941386282444,-0.787604928016663,-3.51895308494568,-0.87973827123642,0.331267952919006,1.1320778131485,-107.192657470703,-26.7981643676758,-0.061581339687109,0.346679657697678,-1.47633969783783,-0.369084924459457,-0.118344224989414,0.381961226463318,-6.86863231658936,-1.71715807914734,0.292954385280609,0.966407895088196,0.901865482330322,0.225466370582581,-0.198195114731789,0.00153398083057255,-8.10959720611572,-2.02739930152893,0.189354598522186,1.21442186832428,0.758104860782623,0.189526215195656,0.168975666165352,0.554687440395355,-2.93610286712647,-0.734025716781616,0.328104108572006,0.15493206679821,75.8762283325195,18.9690570831299,0.0112475948408246,0.0107378652319312,0.249736368656158,0.0624340921640396,0.117625169456005,0.262310713529587,-7.52551031112671,-1.88137757778168,0.436968833208084,0.796136021614075,-0.544982552528381,-0.136245638132095,0.293026298284531,0.00920388475060463,-8.93371677398682,-2.2334291934967,0.220233634114265,1.52465415000916,-1.56409430503845,-0.391023576259613,-0.0130848567932844,0.198313027620316
-2.99499702453613,-0.748749256134033,-0.795397996902466,0.205699503421783,0.103042408823967,0.0257606022059917,-0.035792887210846,0.0174532923847437,-0.404110908508301,-0.101027727127075,-0.0694235861301422,-0.106278084218502,4.78838205337524,1.19709551334381,1.15997064113617,0.258526921272278,-2.10742163658142,-0.526855409145355,-0.604083299636841,-0.0506106168031693,-0.22944051027298,-0.0573601275682449,-0.0278467107564211,-0.506261587142944,-2.12740874290466,-0.531852185726166,-0.568713366985321,-0.299978464841843,-1.13171124458313,-0.282927811145782,-0.0419799387454987,-0.0436332300305367,0.427553445100784,0.106888361275196,0.000241054120124318,-0.0291407629847527,2.89643239974976,0.724108099937439,0.743554592132568,0.267253547906876,1.93325400352478,0.483313500881195,-0.250842452049255,-0.00158757856115699,-0.432712495326996,-0.108178123831749,0.0283723380416632,-0.00274580786935985,-0.0245835445821285,-0.00614588614553213,0.0753026306629181,-0.653095960617065,-0.237445175647736,-0.0593612939119339,0.0073345648124814,-0.431706637144089,-1.45156931877136,-0.362892329692841,-0.26713764667511,-0.90560108423233,-3.92237687110901,-0.980594217777252,0.354529321193695,1.07378649711609,-103.776496887207,-25.9441242218018,-0.0551098585128784,0.320601969957352,-1.47808456420898,-0.369521141052246,-0.112436003983021,0.254640817642212,-7.33206081390381,-1.83301520347595,0.313770979642868,0.961805939674377,1.09939050674438,0.274847626686096,-0.198207095265389,-0.0138058271259069,-8.60164833068848,-2.15041208267212,0.217487812042236,1.23307514190674,0.677562296390533,0.169390574097633,0.180940717458725,0.520326316356659,-2.82379651069641,-0.705949127674103,0.332454383373261,0.167203903198242,73.7424240112305,18.4356060028076,0.0123741123825312,0.11965049803257,0.222658455371857,0.0556646138429642,0.120549321174622,0.150330111384392,-7.74500465393066,-1.93625116348267,0.453638881444931,0.75318455696106,-0.713589668273926,-0.178397417068481,0.293038278818131,-0.00613592332229018,-9.2232027053833,-2.30580067634583,0.254717528820038,1.48342072963715,-1.65395820140839,-0.413489550352097,-0.0119573809206486,-0.0196349546313286
-3.04763460159302,-0.761908650398254,-0.7887824177742,0.435397326946259,0.0738968104124069,0.0184742026031017,-0.0330487638711929,0.224711149930954,-0.435759514570236,-0.108939878642559,-0.0726778209209442,-0.123419716954231,4.69154500961304,1.17288625240326,1.16268074512482,0.0239982772618532,-2.05400896072388,-0.513502240180969,-0.602710247039795,0.147524580359459,-0.358163386583328,-0.0895408466458321,-0.039928775280714,-0.657397925853729,-2.11363697052002,-0.528409242630005,-0.582091867923737,-0.893078744411469,-1.04827809333801,-0.262069523334503,-0.0416646227240562,-0.0501782186329365,0.379877328872681,0.0949693322181702,0.000736554269678891,0.00171416252851486,3.14351415634155,0.785878539085388,0.756746828556061,0.81048721075058,2.23420333862305,0.558550834655762,-0.250614106655121,0.00781876035034657,-0.386704742908478,-0.0966761857271195,0.028664905577898,-0.0295421443879604,-0.031929012387991,-0.00798225309699774,0.0602367483079433,-0.66852343082428,-0.25541815161705,-0.0638545379042625,-0.00116075947880745,-0.431732773780823,-1.45047128200531,-0.362617820501328,-0.2899449467659,-0.96602213382721,-4.27044868469238,-1.0676121711731,0.378725498914719,1.02316522598267,-100.324417114258,-25.0811042785645,-0.0486982986330986,0.27458256483078,-1.4300434589386,-0.35751086473465,-0.108061760663986,0.20708741247654,-7.74842166900635,-1.93710541725159,0.335090935230255,0.914252579212189,1.2539986371994,0.31349965929985,-0.198207095265389,-0.00613592332229018,-9.09811305999756,-2.27452826499939,0.245774418115616,1.21540367603302,0.602823555469513,0.150705888867378,0.191571205854416,0.415279269218445,-2.69947123527527,-0.674867808818817,0.335258692502975,0.111980594694614,71.5924987792969,17.8981246948242,0.0143395252525806,0.0460194237530232,0.19068443775177,0.0476711094379425,0.122994102537632,0.134990304708481,-7.88030815124512,-1.97007703781128,0.469745665788651,0.725572884082794,-0.866665959358215,-0.216666489839554,0.293014317750931,-0.00766990380361676,-9.45019245147705,-2.36254811286926,0.285067319869995,1.26547276973724,-1.73252010345459,-0.433130025863647,-0.0121951475739479,-0.0107992244884372
-3.08705449104309,-0.771763622760773,-0.777118027210236,0.450824767351151,0.0122886188328266,0.00307215470820665,-0.0287110060453415,0.257436066865921,-0.439302325248718,-0.10982558131218,-0.0792532414197922,-0.625669360160828,4.44632577896118,1.1115814447403,1.16183698177338,-0.157079637050629,-2.00388813018799,-0.500972032546997,-0.59797203540802,0.266566902399063,-0.514863848686218,-0.128715962171555,-0.0628003999590874,-1.16155207157135,-2.12909007072449,-0.532272517681122,-0.60185831785202,-1.23762536048889,-0.907734334468842,-0.22693358361721,-0.0411106869578362,0.265071898698807,0.283644646406174,0.0709111616015434,0.000294621713692322,-0.233126103878021,3.41620206832886,0.854050517082214,0.78410279750824,1.41698920726776,2.33684754371643,0.584211885929108,-0.250597566366196,0.000850110431201756,-0.252415239810944,-0.0631038099527359,0.0286934990435839,-0.0322328396141529,-0.0476442724466324,-0.0119110681116581,0.0473671332001686,-0.543389558792114,-0.248234838247299,-0.0620587095618248,-0.00946119893342257,-0.3418308198452,-1.44655966758728,-0.36163991689682,-0.307659685611725,-0.835218012332916,-4.5206184387207,-1.13015460968018,0.396186500787735,0.714835047721863,-96.9772262573242,-24.2443065643311,-0.0445517562329769,0.108912639319897,-1.38826715946198,-0.347066789865494,-0.104550383985043,0.231631100177765,-8.00916194915772,-2.00229048728943,0.355152517557144,0.716369032859802,1.31826019287109,0.329565048217773,-0.198063284158707,0.0260776728391647,-9.43002796173096,-2.35750699043274,0.26948207616806,0.491855621337891,0.37605208158493,0.0940130203962326,0.199770331382751,0.588066875934601,-2.64265322685242,-0.660663306713104,0.335786014795303,0.00920388475060463,69.6410675048828,17.4102668762207,0.0146151622757316,-0.0153398076072335,0.155109405517578,0.0387773513793945,0.124971501529217,0.158000022172928,-7.94285869598389,-1.98571467399597,0.483012199401855,0.524621427059174,-0.925260186195374,-0.231315046548843,0.292355179786682,-0.170271873474121,-9.54866695404053,-2.38716673851013,0.307248711585999,0.491855621337891,-1.7989217042923,-0.449730426073074,-0.0120570892468095,0.0510508790612221
-3.1288595199585,-0.782214879989624,-0.765708148479462,1.31990528106689,-0.0198930315673351,-0.00497325789183378,-0.0227370038628578,0.375245779752731,-0.645336270332336,-0.161334067583084,-0.0905961766839027,-0.452538937330246,3.70145416259766,0.925363540649414,1.14440929889679,-0.823577284812927,-1.84125208854675,-0.460313022136688,-0.590115606784821,0.365912139415741,-0.951796054840088,-0.237949013710022,-0.0924652516841888,-1.47604715824127,-2.26694917678833,-0.566737294197083,-0.630168795585632,-1.64559602737427,-0.477937400341034,-0.119484350085258,-0.0374376550316811,-0.00218166154809296,0.0789768025279045,0.0197442006319761,-0.00196860870346427,-0.152560472488403,3.93584251403809,0.983960628509522,0.822452306747437,1.87622892856598,1.6982524394989,0.424563109874725,-0.250501781702042,0.0189852975308895,0.0755802392959595,0.0188950598239899,0.0287860315293074,-0.01584617421031,-0.0350217744708061,-0.00875544361770153,0.0377919301390648,-0.569101989269257,-0.245220303535461,-0.0613050758838654,-0.0149392317980528,-0.357018202543259,-1.36765348911285,-0.341913372278214,-0.316802203655243,-0.267520755529404,-4.45117473602295,-1.11279368400574,0.39988961815834,0.164135947823524,-93.4706115722656,-23.3676528930664,-0.0399378314614296,0.303728193044663,-1.30568742752075,-0.326421856880188,-0.0978751704096794,0.269980609416962,-7.97554874420166,-1.99388718605042,0.361779779195786,0.37582528591156,1.2767208814621,0.319180220365524,-0.19747605919838,0.0552233085036278,-9.61355686187744,-2.40338921546936,0.270026654005051,0.00981747731566429,0.0434073656797409,0.0108518414199352,0.21104508638382,0.398589551448822,-2.7727689743042,-0.69319224357605,0.33474338054657,-0.196349546313286,67.7271347045898,16.9317836761475,0.0143994465470314,-0.00920388475060463,0.201172888278961,0.0502932220697403,0.12517523765564,-0.0276116542518139,-8.10519504547119,-2.0262987613678,0.487098842859268,0.234699055552483,-1.01512110233307,-0.253780275583267,0.292570888996124,0.00306796166114509,-9.67468357086182,-2.41867089271545,0.308100044727325,0.0107992244884372,-1.81525492668152,-0.45381373167038,-0.00937262270599604,0.0746128261089325
-3.25712203979492,-0.814280509948731,-0.735737085342407,1.52731883525848,0.418085038661957,0.104521259665489,-0.0193452015519142,0.0698131695389748,-0.807943284511566,-0.201985821127892,-0.10809937864542,-1.16734480857849,2.17018842697144,0.542547106742859,1.09164035320282,-3.7208240032196,-2.01890969276428,-0.504727423191071,-0.578313887119293,0.625411570072174,-1.2741791009903,-0.318544775247574,-0.157326653599739,-3.98762965202332,-2.51304006576538,-0.628260016441345,-0.667585730552673,-2.22498321533203,0.205563977360725,0.0513909943401814,-0.0345060452818871,-0.0305432621389627,-0.242131650447845,-0.0605329126119614,-0.00924040842801333,-0.296550124883652,4.97913885116577,1.24478471279144,0.882405400276184,2.70307874679565,-1.07499623298645,-0.268749058246613,-0.24877567589283,0.412592023611069,0.375805616378784,0.093951404094696,0.0324370078742504,0.28862926363945,0.206858277320862,0.0517145693302155,0.0262615066021681,-0.557102859020233,0.644546508789063,0.161136627197266,-0.0212723892182112,-0.543155491352081,-1.21034634113312,-0.302586585283279,-0.320985347032547,-0.43340939283371,-4.19888925552368,-1.04972231388092,0.40144756436348,0.0490873865783215,-88.9816284179688,-22.2454071044922,-0.0341614335775375,0.329805880784988,-1.15106606483459,-0.287766516208649,-0.0949510186910629,0.194815561175346,-8.47440910339356,-2.11860227584839,0.367040872573853,0.245436921715736,1.46178066730499,0.365445166826248,-0.196589231491089,0.0214757304638624,-10.4558305740356,-2.61395764350891,0.269773542881012,-0.000981747638434172,-0.298220217227936,-0.074555054306984,0.218952760100365,0.302378296852112,-2.76137614250183,-0.690344035625458,0.323118686676025,-0.503145694732666,65.6075210571289,16.4018802642822,0.0143515095114708,-0.00306796166114509,0.0520890988409519,0.013022274710238,0.124923564493656,-0.0107378652319312,-8.07618808746338,-2.01904702186584,0.489244014024735,0.131922349333763,-1.20931112766266,-0.302327781915665,0.292558908462524,-0.00306796166114509,-9.80060386657715,-2.45015096664429,0.308222770690918,0.00392699055373669,-1.47301292419434,-0.368253231048584,-0.00905815698206425,-0.00196349527686834
-2.82390761375427,-0.705976903438568,-0.735335350036621,-0.798799812793732,1.07105648517609,0.267764121294022,-0.0187827423214912,0.310886770486832,-0.886414408683777,-0.221603602170944,-0.105019249022007,0.00857081357389689,1.97973239421844,0.494933098554611,1.04717195034027,-1.10501158237457,-2.35589075088501,-0.588972687721252,-0.517732799053192,3.3242039680481,-0.502578139305115,-0.125644534826279,-0.123991020023823,2.57845950126648,-2.81196594238281,-0.702991485595703,-0.716425955295563,-1.73816084861755,0.148558512330055,0.0371396280825138,-0.0338327959179878,-0.50941801071167,-0.296250879764557,-0.0740627199411392,-0.0217618308961391,0.989071846008301,5.318199634552,1.329549908638,0.98173063993454,6.11628818511963,-2.15923619270325,-0.539809048175812,-0.27024245262146,-0.63686615228653,0.0281081162393093,0.00702702905982733,0.0595117583870888,1.37878048419952,0.113430932164192,0.0283577330410481,0.0195789523422718,-1.32333362102509,0.417841792106628,0.104460448026657,0.0101779419928789,1.44652569293976,-1.4075254201889,-0.351881355047226,-0.315449446439743,0.0797071680426598,-4.53263998031616,-1.13315999507904,0.400944232940674,-0.029145635664463,-83.8494567871094,-20.9623641967773,-0.0249096117913723,0.509281635284424,-1.08833074569702,-0.272082686424255,-0.0919190049171448,0.177941769361496,-8.36820983886719,-2.0920524597168,0.376748085021973,0.785398185253143,1.28981149196625,0.322452872991562,-0.196349546313286,-0.0122718466445804,-10.27796459198,-2.569491147995,0.270440816879272,0.0510508790612221,-0.979326546192169,-0.244831636548042,0.221046641469002,-0.00687223393470049,-2.49210834503174,-0.623027086257935,0.312189072370529,-0.497009783983231,63.3102569580078,15.827564239502,0.01670041680336,0.312932074069977,-0.15741240978241,-0.0393531024456024,0.124024748802185,-0.0613592304289341,-8.2817964553833,-2.07044911384583,0.493774056434631,0.348213642835617,-1.45043790340424,-0.362609475851059,0.292486995458603,0.00766990380361676,-9.8565616607666,-2.46414041519165,0.307402104139328,-0.333794236183167,-0.385138332843781,-0.0962845832109451,-0.00915786623954773,-0.0245436932891607
-2.95577430725098,-0.738943576812744,-0.732241809368134,0.32397672533989,0.876252472400665,0.219063118100166,-0.00589730404317379,1.08210420608521,-0.898272514343262,-0.224568128585815,-0.0792398452758789,1.61816954612732,1.95998919010162,0.489997297525406,1.04395914077759,-0.442877322435379,-2.03546810150147,-0.508867025375366,-0.460779756307602,1.92641115188599,-0.298640787601471,-0.0746601969003677,-0.0461945198476315,5.00883340835571,-2.90305948257446,-0.725764870643616,-0.754150927066803,-1.17077314853668,-0.0486164540052414,-0.0121541135013103,-0.0285490863025188,0.524689614772797,-0.0735601261258125,-0.0183900315314531,-0.0207976140081882,-0.44739642739296,5.2986102104187,1.32465255260468,1.11897075176239,6.32354593276978,-2.14264702796936,-0.53566175699234,-0.315959811210632,-3.22305297851563,-0.012337151914835,-0.00308428797870874,0.0408189781010151,-1.88210237026215,0.105465605854988,0.026366401463747,-0.00373633881099522,-0.855367124080658,0.574590563774109,0.143647640943527,0.000867602822836489,-0.00926793925464153,-1.25469613075256,-0.313674032688141,-0.312013357877731,-0.0137105267494917,-5.08231687545776,-1.27057921886444,0.401675283908844,0.222427219152451,-79.0013198852539,-19.7503299713135,-0.0132249919697642,0.658077776432037,-1.1253479719162,-0.28133699297905,-0.0871013477444649,0.280718475580215,-8.56991195678711,-2.14247798919678,0.385053157806397,0.181009739637375,0.976462960243225,0.244115740060806,-0.196924790740013,-0.116582542657852,-10.2836713790894,-2.57091784477234,0.268508017063141,-0.15020740032196,-1.0757040977478,-0.268926024436951,0.22222013771534,0.155116140842438,-2.31732606887817,-0.579331517219544,0.306172996759415,-0.265378683805466,60.8166389465332,15.2041597366333,0.0251732654869556,0.391165107488632,-0.00822370778769255,-0.00205592694692314,0.123030059039593,0.00613592332229018,-8.31914806365967,-2.07978701591492,0.491533011198044,0.00766990380361676,-1.24436521530151,-0.311091303825378,0.292558908462524,-0.0582912713289261,-9.56695652008057,-2.39173913002014,0.284591794013977,-0.767726719379425,0.167270988225937,0.0418177470564842,-0.00918087549507618,-0.0265071894973516
-2.97677254676819,-0.744193136692047,-0.731813251972199,0.596528589725494,0.587045133113861,0.146761283278465,0.0156551245599985,0.643590152263641,-0.760439097881317,-0.190109774470329,-0.0516525432467461,0.779944002628326,2.16188907623291,0.540472269058228,1.03140604496002,-0.694859206676483,-1.54867053031921,-0.387167632579803,-0.425528794527054,1.06246793270111,-0.0468103364109993,-0.0117025841027498,0.0262496341019869,2.68038582801819,-2.97620058059692,-0.744050145149231,-0.767007172107697,0.0239982772618532,-0.0828727930784226,-0.0207181982696056,-0.0219103582203388,0.333794236183167,-0.0980223193764687,-0.0245055798441172,-0.021775221452117,-0.142275497317314,5.10020208358765,1.27505052089691,1.22894012928009,4.09497880935669,-2.1481921672821,-0.537048041820526,-0.371707528829575,-2.18073225021362,0.0803782343864441,0.020094558596611,0.0159504991024733,-0.856923937797546,0.0793062001466751,0.0198265500366688,-0.0179451406002045,-0.695950031280518,0.278304040431976,0.0695760101079941,0.00912516005337238,0.40667200088501,-1.17373943328857,-0.293434858322144,-0.313503265380859,-0.291977912187576,-5.30977392196655,-1.32744348049164,0.405438333749771,0.108912639319897,-74.5179824829102,-18.6294956207275,-0.00218752026557922,0.440252482891083,-1.099280834198,-0.2748202085495,-0.0812650322914124,0.28992235660553,-8.7012243270874,-2.17530608177185,0.39505997300148,0.612058341503143,0.912492156028748,0.228123039007187,-0.197895511984825,-0.0521553456783295,-10.2897796630859,-2.57244491577148,0.267587631940842,0.0294524319469929,-0.962795436382294,-0.240698859095573,0.222335189580917,0,-2.2081925868988,-0.552048146724701,0.305106401443481,0.0168737880885601,58.0820350646973,14.5205087661743,0.0319563373923302,0.269980609416962,0.0563438273966312,0.0140859568491578,0.122155204415321,-0.088970884680748,-8.26497459411621,-2.06624364852905,0.492875218391418,0.184077695012093,-1.24484503269196,-0.311211258172989,0.292654782533646,-0.00460194237530232,-9.51031589508057,-2.37757897377014,0.263438194990158,-0.723548054695129,0.278036385774612,0.0695090964436531,-0.00945699214935303,0.00490873865783215
-2.73566150665283,-0.683915376663208,-0.719398975372315,0.714805841445923,0.64931184053421,0.162327960133553,0.0113173685967922,-0.48760136961937,-0.674652516841888,-0.168663129210472,-0.0406310111284256,0.28112268447876,2.43630123138428,0.609075307846069,1.00744187831879,-1.48462069034576,-0.750290155410767,-0.187572538852692,-0.41168400645256,0.61899197101593,-0.119608707726002,-0.0299021769315004,0.0434317290782929,0.0519322529435158,-3.12666130065918,-0.781665325164795,-0.757766783237457,0.673665881156921,-0.226653203368187,-0.0566633008420467,-0.0183651596307755,0.0839939713478088,-0.041583351790905,-0.0103958379477263,-0.0305201299488544,-0.13370469212532,4.89218378067017,1.22304594516754,1.28565490245819,1.38208258152008,-2.04230618476868,-0.510576546192169,-0.412843465805054,-1.65943074226379,0.118437528610229,0.0296093821525574,0.0127210319042206,0.158038392663002,0.0672997236251831,0.0168249309062958,-0.029288075864315,-0.284550994634628,0.447129428386688,0.111782357096672,0.00950842816382647,-0.125634521245956,-1.13122093677521,-0.282805234193802,-0.324576139450073,-0.642819702625275,-5.30024290084839,-1.3250607252121,0.405857771635056,-0.0214757304638624,-70.7772369384766,-17.6943092346191,0.00572206825017929,0.311398088932037,-0.964628338813782,-0.241157084703445,-0.0792037472128868,-0.00920388475060463,-8.91960048675537,-2.22990012168884,0.411214709281921,0.91118460893631,0.872619211673737,0.218154802918434,-0.198902189731598,-0.0368155390024185,-10.4966430664063,-2.62416076660156,0.272749453783035,0.591993868350983,-0.798869907855988,-0.199717476963997,0.218185767531395,-0.326921969652176,-1.95959317684174,-0.489898294210434,0.305525839328766,0.0797670036554337,55.4682197570801,13.86705493927,0.0359950214624405,0.144194200634956,0.121483989059925,0.0303709972649813,0.121028691530228,-0.0751650556921959,-8.20910739898682,-2.0522768497467,0.498795449733734,0.32673791050911,-1.40901803970337,-0.352254509925842,0.292498975992203,-0.00306796166114509,-9.73535537719727,-2.43383884429932,0.256819069385529,-0.0539961233735085,0.521708726882935,0.130427181720734,-0.0115815559402108,-0.154134392738342
-2.49100971221924,-0.62275242805481,-0.698025524616242,0.661666810512543,0.626060366630554,0.156515091657639,0.00301682949066162,-0.275980204343796,-0.649770140647888,-0.162442535161972,-0.0279354937374592,0.939361095428467,2.98871850967407,0.747179627418518,0.971691608428955,-1.70278680324554,0.349377512931824,0.0873443782329559,-0.390029937028885,0.652302086353302,-0.0879346504807472,-0.0219836626201868,0.0484555475413799,0.237855777144432,-3.22126364707947,-0.805315911769867,-0.732884645462036,1.37304425239563,-0.295049250125885,-0.0737623125314713,-0.0197457410395145,-0.0741764977574348,-0.0230333711951971,-0.00575834279879928,-0.0302121173590422,0.0599956922233105,4.45735263824463,1.11433815956116,1.28284251689911,-1.06356000900269,-1.82640385627747,-0.456600964069366,-0.440859943628311,-1.03031122684479,0.27864283323288,0.0696607083082199,0.0212627332657576,0.493912547826767,0.0400001965463162,0.010000049136579,-0.0348189286887646,-0.166273772716522,0.343404173851013,0.0858510434627533,0.0123206833377481,0.0123438965529203,-1.15113186836243,-0.287782967090607,-0.338043481111527,-0.489457547664642,-5.30670118331909,-1.32667529582977,0.405474275350571,-0.0138058271259069,-67.7345352172852,-16.9336338043213,0.00925741344690323,0.0966407880187035,-1.0111917257309,-0.252797931432724,-0.0789640620350838,0.0168737880885601,-8.81359958648682,-2.2033998966217,0.425619751214981,0.608990371227264,0.96760094165802,0.241900235414505,-0.199069961905479,-0.0138058271259069,-10.495475769043,-2.62386894226074,0.285964727401733,0.445713460445404,-0.674199819564819,-0.168549954891205,0.214788004755974,-0.0687223374843597,-1.73844683170319,-0.434611707925797,0.312668442726135,0.273048579692841,52.906192779541,13.2265481948853,0.0379244796931744,0.0214757304638624,0.174254804849625,0.0435637012124062,0.120261698961258,-0.0490873865783215,-8.19413661956787,-2.04853415489197,0.505207002162933,0.27611654996872,-1.56076085567474,-0.390190213918686,0.292498975992203,-0.0260776728391647,-9.84105587005615,-2.46026396751404,0.257217913866043,0.0117809725925326,0.912828326225281,0.22820708155632,-0.0136600993573666,-0.0697040855884552
-2.36214089393616,-0.590535223484039,-0.688959181308746,-0.0274266004562378,0.307257622480392,0.0768144056200981,-0.00374973099678755,-0.517053842544556,-0.462353944778442,-0.115588486194611,-0.0201548021286726,-0.0891364589333534,3.72827339172363,0.932068347930908,0.94016832113266,-1.39517259597778,1.03793036937714,0.259482592344284,-0.357593178749085,0.755556225776672,-0.215494304895401,-0.0538735762238503,0.0621035769581795,-0.0244216378778219,-3.16054034233093,-0.790135085582733,-0.703007280826569,1.08849322795868,-0.349818289279938,-0.0874545723199844,-0.0207513514906168,-0.0141808008775115,0.0217634681612253,0.00544086704030633,-0.0304531715810299,-0.00171416252851486,3.69127416610718,0.922818541526794,1.23409605026245,-3.38157534599304,-1.49274778366089,-0.373186945915222,-0.450791776180267,-0.252415299415588,0.457647681236267,0.114411920309067,0.0450274534523487,1.15805613994598,0.0358571968972683,0.00896429922431707,-0.035113550722599,0.188557893037796,0.257947206497192,0.0644868016242981,0.0163498613983393,0.358791202306747,-1.20322704315186,-0.300806760787964,-0.345003575086594,-0.18709471821785,-5.21047639846802,-1.302619099617,0.405162692070007,-0.0153398076072335,-65.3158493041992,-16.3289623260498,0.00979670509696007,-0.0184077695012093,-0.973769783973694,-0.243442445993423,-0.0793475583195686,-0.0184077695012093,-8.7926721572876,-2.1981680393219,0.436058014631271,0.423378705978394,1.16641592979431,0.291603982448578,-0.199022024869919,0.00920388475060463,-10.5726280212402,-2.64315700531006,0.294915497303009,0.405461817979813,-0.420829236507416,-0.105207309126854,0.213407412171364,-0.0166897103190422,-1.46524214744568,-0.36631053686142,0.315161168575287,0.0613592304289341,50.4958229064941,12.6239557266235,0.0375409871339798,-0.0552233085036278,0.248421937227249,0.0621054843068123,0.118440099060535,-0.0920388475060463,-7.99895191192627,-1.99973797798157,0.508934080600739,0.217825278639793,-1.69918775558472,-0.424796938896179,0.292570888996124,-0.00920388475060463,-9.90954113006592,-2.47738528251648,0.259273439645767,0.246418669819832,1.25792407989502,0.314481019973755,-0.0160070899873972,-0.0697040855884552
-2.57406449317932,-0.64351612329483,-0.699833393096924,-1.0336400270462,-0.114673763513565,-0.0286684408783913,-0.0185696892440319,-0.735219955444336,-0.392580449581146,-0.0981451123952866,-0.0248687509447336,-0.687379240989685,4.53597021102905,1.13399255275726,0.930708765983582,-0.262890219688416,0.128799259662628,0.032199814915657,-0.333242267370224,1.07188308238983,-0.376238107681274,-0.0940595269203186,0.0523319840431213,-0.965071380138397,-2.93573093414307,-0.733932733535767,-0.677656471729279,1.50160646438599,-0.600465714931488,-0.150116428732872,-0.021680261939764,0.0141808008775115,0.259407997131348,0.0648519992828369,-0.0295559130609036,0.200557038187981,2.55210542678833,0.638026356697083,1.13292145729065,-6.19264650344849,-0.752825617790222,-0.188206404447556,-0.446406245231628,0.524705171585083,0.366793274879456,0.0916983187198639,0.0746141746640205,1.53766298294067,0.041306983679533,0.0103267459198833,-0.0287523996084929,0.426826506853104,0.0540919974446297,0.0135229993611574,0.0271374136209488,0.773474872112274,-1.14127886295319,-0.285319715738297,-0.345732301473618,0.179787561297417,-4.97099781036377,-1.24274945259094,0.402478218078613,-0.345145672559738,-62.9517440795898,-15.7379360198975,0.00962892547249794,-0.00920388475060463,-1.06964421272278,-0.267411053180695,-0.0801744684576988,-0.133456334471703,-8.72003746032715,-2.18000936508179,0.442781180143356,0.13805827498436,1.40024173259735,0.350060433149338,-0.198986083269119,0.00613592332229018,-10.5964031219482,-2.64910078048706,0.299985289573669,0.296487808227539,0.156171783804894,0.0390429459512234,0.212433338165283,-0.0569413639605045,-1.19640350341797,-0.299100875854492,0.31548473238945,-0.0138058271259069,48.2251091003418,12.0562772750855,0.0367620103061199,-0.0598252490162849,0.378971546888351,0.0947428867220879,0.117265641689301,-0.0490873865783215,-7.5560736656189,-1.88901841640472,0.512996733188629,0.170271873474121,-1.76552963256836,-0.44138240814209,0.292594850063324,0,-9.78510570526123,-2.44627642631531,0.262855291366577,0.0441786460578442,1.44515156745911,0.361287891864777,-0.0167894214391708,-0.027488935738802
-2.8851752281189,-0.721293807029724,-0.730152666568756,-1.72616171836853,-0.449154645204544,-0.112288661301136,-0.038298387080431,-1.14755392074585,-0.341284573078156,-0.0853211432695389,-0.0478224605321884,-1.36618757247925,5.14973020553589,1.28743255138397,0.961618483066559,2.82961511611938,-3.2838568687439,-0.820964217185974,-0.316870033740997,1.14444959163666,-0.747041821479797,-0.186760455369949,0.013694160617888,-2.48827695846558,-2.42628741264343,-0.606571853160858,-0.644832909107208,1.8924355506897,-1.34151244163513,-0.335378110408783,-0.0262395925819874,-0.546506226062775,0.561439633369446,0.140359908342361,-0.0185343828052282,0.97021609544754,1.63541209697723,0.408853024244308,0.954340577125549,-10.2538089752197,0.0243282727897167,0.00608206819742918,-0.408825367689133,2.36678719520569,0.110505223274231,0.0276263058185577,0.0844863802194595,0.119607530534267,-0.109333723783493,-0.0273334309458733,-0.0177844371646643,0.509106278419495,-0.605772852897644,-0.151443213224411,0.0230841990560293,0.597839713096619,-1.36210906505585,-0.340527266263962,-0.329981923103333,0.647681891918182,-5.18702840805054,-1.29675710201263,0.395910859107971,-0.340543746948242,-61.0522270202637,-15.2630567550659,0.0088139995932579,-0.144194200634956,-1.57934141159058,-0.394835352897644,-0.0811691582202911,-0.00306796166114509,-9.1195125579834,-2.27987813949585,0.443679988384247,0.0153398076072335,1.11396825313568,0.27849206328392,-0.198986083269119,0.00766990380361676,-10.3575086593628,-2.5893771648407,0.302424341440201,0.0157079622149467,0.221763893961906,0.0554409734904766,0.210216730833054,-0.0647953525185585,-1.67740523815155,-0.419351309537888,0.315077275037766,-0.0168737880885601,46.3204383850098,11.5801095962524,0.0324117355048656,-0.271514594554901,0.19703334569931,0.0492583364248276,0.116270951926708,-0.118116520345211,-7.62781238555908,-1.90695309638977,0.514159202575684,0.00460194237530232,-1.28138947486877,-0.320347368717194,0.292606830596924,-0.00613592332229018,-9.0745267868042,-2.26863169670105,0.265117913484573,0.107010506093502,0.959088325500488,0.239772081375122,-0.0170118473470211,-0.00785398110747337
-3.17669343948364,-0.794173359870911,-0.787844955921173,-1.95243120193481,-0.0424808524549007,-0.0106202131137252,-0.0585298910737038,0.285797655582428,-0.373603880405426,-0.0934009701013565,-0.077927440404892,-2.531818151474,4.90543746948242,1.22635936737061,1.05344426631928,5.57632684707642,-2.79200124740601,-0.698000311851502,-0.397883772850037,-6.1710638999939,-0.20012953877449,-0.0500323846936226,-0.0896406620740891,-5.68341493606567,-1.76804137229919,-0.442010343074799,-0.642770528793335,-0.399399906396866,-1.42803311347961,-0.357008278369904,-0.03045804053545,-0.43633234500885,0.445700019598007,0.111425004899502,-0.0151864094659686,-0.229697793722153,2.74905943870544,0.687264859676361,0.860077440738678,-1.86968398094177,1.16598534584045,0.291496336460114,-0.413723796606064,3.21858668327332,-0.214642941951752,-0.0536607354879379,0.00966534577310085,4.51400232315064,-0.213097870349884,-0.053274467587471,0.00366937951184809,2.17012977600098,-0.375838577747345,-0.0939596444368362,0.016084723174572,0.205862164497376,-1.55197942256928,-0.387994855642319,-0.328118294477463,-0.182868465781212,-5.39542102813721,-1.3488552570343,0.384717613458633,-0.524621427059174,-60.2034568786621,-15.0508642196655,-0.00285863690078259,-1.02009725570679,-1.75419974327087,-0.438549935817719,-0.0810612961649895,0.00766990380361676,-9.07789611816406,-2.26947402954102,0.447119444608688,0.282252460718155,0.950700521469116,0.237675130367279,-0.199729099869728,-0.00153398083057255,-10.254566192627,-2.56364154815674,0.297638297080994,-0.254272639751434,1.07770013809204,0.26942503452301,0.207440227270126,-0.121736712753773,-2.03267431259155,-0.508168578147888,0.311086505651474,-0.208621382713318,45.1415328979492,11.2853832244873,0.0211345814168453,-0.768524348735809,0.508813679218292,0.127203419804573,0.112879417836666,-0.279184490442276,-7.79056596755981,-1.94764149188995,0.521241903305054,0.898912727832794,-1.42557179927826,-0.356392949819565,0.292642802000046,-0.00920388475060463,-8.83750152587891,-2.20937538146973,0.265302002429962,-0.00392699055373669,0.345820605754852,0.0864551514387131,-0.0169658288359642,0
-3.34198808670044,-0.83549702167511,-0.816490232944489,-0.500535488128662,0.223547413945198,0.0558868534862995,-0.0605837181210518,-0.453785628080368,-0.486567974090576,-0.121641993522644,-0.102608703076839,0.174844592809677,4.80402517318726,1.20100629329681,1.14864480495453,3.63246655464172,-2.34792423248291,-0.586981058120728,-0.479097127914429,-2.76892566680908,-0.340560853481293,-0.0851402133703232,-0.0927262231707573,2.00496244430542,-1.64682233333588,-0.411705583333969,-0.653336763381958,-0.32397672533989,-1.21590554714203,-0.303976386785507,-0.0338242761790752,-0.465784728527069,0.240250170230865,0.0600625425577164,-0.0186415184289217,0.337690025568008,3.50491905212402,0.876229763031006,0.851981461048126,-0.453785628080368,2.87364387512207,0.718410968780518,-0.38915479183197,0.643198251724243,0.234516501426697,0.0586291253566742,-0.00167092646006495,-0.257935851812363,-0.238688588142395,-0.0596721470355988,0.0315646976232529,0.821083903312683,-0.564171552658081,-0.14104288816452,0.0278083253651857,-0.170911759138107,-1.75542223453522,-0.438855558633804,-0.321872770786285,0.307679533958435,-5.83159589767456,-1.45789897441864,0.380439221858978,-0.0306796152144671,-59.4664001464844,-14.8666000366211,-0.0116550587117672,-0.337475776672363,-1.62789177894592,-0.406972944736481,-0.0816125720739365,0.0490873865783215,-8.99710464477539,-2.24927616119385,0.450163453817368,-0.00460194237530232,1.09820377826691,0.274550944566727,-0.200172513723373,-0.0521553456783295,-10.3220682144165,-2.58051705360413,0.292975008487701,-0.350483924150467,1.66010546684265,0.415026366710663,0.206144019961357,-0.0834485590457916,-1.94074022769928,-0.48518505692482,0.304243534803391,-0.486271917819977,44.4242324829102,11.1060581207275,0.0140519039705396,-0.108912639319897,0.320793062448502,0.0801982656121254,0.110446617007256,-0.00460194237530232,-8.09704303741455,-2.02426075935364,0.534939885139465,0.472466081380844,-1.40509331226349,-0.351273328065872,0.291767954826355,-0.088970884680748,-8.74076747894287,-2.18519186973572,0.267357528209686,0.133517682552338,-0.0935750901699066,-0.0233937725424767,-0.0203789360821247,-0.17376933991909
-3.40892267227173,-0.852230668067932,-0.821579158306122,0.680522561073303,-0.0101190321147442,-0.00252975802868605,-0.0570896491408348,0.137444674968719,-0.384706795215607,-0.0961766988039017,-0.0967028811573982,0.877651214599609,4.47560739517212,1.11890184879303,1.19200527667999,1.19009637832642,-2.08044195175171,-0.520110487937927,-0.514612972736359,-1.17774128913879,-0.585131227970123,-0.146282806992531,-0.0880486220121384,-0.392973691225052,-1.78709733486176,-0.446774333715439,-0.664572536945343,-0.702806651592255,-0.814843475818634,-0.203710868954659,-0.047630101442337,-1.01883602142334,0.13573731482029,0.0339343287050724,-0.0211591944098473,-0.00171416252851486,4.09418344497681,1.0235458612442,0.858279287815094,0.26398104429245,3.88401651382446,0.971004128456116,-0.362807065248489,1.18407821655273,0.243008315563202,0.0607520788908005,0.00903241243213415,0.235125243663788,-0.165062263607979,-0.0412655659019947,0.0349930226802826,-0.401114076375961,-0.402846425771713,-0.100711606442928,0.0136998705565929,-0.694837152957916,-1.6158310174942,-0.40395775437355,-0.318814724683762,-0.0172759890556335,-5.75827646255493,-1.43956911563873,0.380379319190979,0.0122718466445804,-58.5186042785645,-14.6296510696411,-0.0126497494056821,0.0260776728391647,-1.57918667793274,-0.394796669483185,-0.076746977865696,0.0460194237530232,-8.71992015838623,-2.17998003959656,0.450079560279846,0.0260776728391647,1.06382048130035,0.265955120325089,-0.20145483314991,0.00306796166114509,-10.2180070877075,-2.55450177192688,0.286877423524857,-0.203221768140793,1.47784006595612,0.369460016489029,0.206266731023788,0.15020740032196,-1.88751530647278,-0.471878826618195,0.29459622502327,-0.446388423442841,43.5996742248535,10.8999185562134,0.0133688030764461,0.0214757304638624,0.36823120713234,0.0920578017830849,0.111213609576225,0.0690291374921799,-8.07562065124512,-2.01890516281128,0.541746914386749,0.266912668943405,-1.43020272254944,-0.35755068063736,0.291983664035797,0.0138058271259069,-9.02675533294678,-2.25668883323669,0.267510920763016,-0.00392699055373669,-0.418631583452225,-0.104657895863056,-0.0210308767855167,0.00687223393470049
-3.35174989700317,-0.837937474250794,-0.800473511219025,1.26676619052887,-0.189391523599625,-0.0473478808999062,-0.0523684024810791,0.343611687421799,-0.330945312976837,-0.0827363282442093,-0.0805388614535332,0.677094221115112,4.18620777130127,1.04655194282532,1.19001114368439,-0.999201059341431,-1.92352664470673,-0.480881661176682,-0.527431309223175,-0.352622270584106,-0.761934399604797,-0.190483599901199,-0.11489699780941,-1.68536841869354,-2.0654239654541,-0.516355991363525,-0.677080571651459,-0.920505344867706,-0.641359627246857,-0.160339906811714,-0.0596718490123749,-0.661043405532837,0.0689735934138298,0.0172433983534575,-0.0223778579384089,0.224555298686028,4.22416877746582,1.05604219436646,0.883385419845581,1.83150494098663,4.6608772277832,1.1652193069458,-0.348144263029099,0.913966417312622,0.513235807418823,0.128308951854706,0.0190888550132513,0.185098186135292,-0.0584583580493927,-0.0146145895123482,0.0203690733760595,-0.891364574432373,-0.453288555145264,-0.113322138786316,-0.00443106051534414,-1.01356065273285,-1.53117668628693,-0.382794171571732,-0.319447338581085,0.0948468595743179,-5.59737730026245,-1.39934432506561,0.380571067333221,0.0153398076072335,-57.2161293029785,-14.3040323257446,-0.00831145979464054,0.585980653762817,-1.45808827877045,-0.364522069692612,-0.0726124197244644,0.251572847366333,-8.58030223846436,-2.14507555961609,0.450534969568253,0.0521553456783295,0.861813426017761,0.21545335650444,-0.200951486825943,0.0352815575897694,-10.1217374801636,-2.53043437004089,0.283495008945465,0.0500691309571266,0.883987605571747,0.220996901392937,0.215823441743851,0.360301405191422,-2.04180216789246,-0.510450541973114,0.287956953048706,-0.263844698667526,42.6222686767578,10.6555671691895,0.0150825465098023,0.18867963552475,0.51432341337204,0.12858085334301,0.111345440149307,0.0966407880187035,-8.16479396820068,-2.04119849205017,0.547978699207306,0.383495211601257,-1.56786477565765,-0.391966193914413,0.292283266782761,0.0107378652319312,-9.82779502868652,-2.45694875717163,0.273332387208939,0.624391555786133,-0.568462729454041,-0.14211568236351,-0.0210385471582413,0.0176714602857828
-3.28642845153809,-0.821607112884522,-0.762761950492859,1.61988365650177,-0.181626290082932,-0.0454065725207329,-0.0501696914434433,0.0719948336482048,-0.434563368558884,-0.108640842139721,-0.0739232674241066,-0.0634240210056305,3.50678539276123,0.876696348190308,1.14682960510254,-2.69107961654663,-1.79278337955475,-0.448195844888687,-0.530131042003632,0.0343657657504082,-1.19516003131866,-0.298790007829666,-0.154932826757431,-1.91399431228638,-2.4641318321228,-0.616032958030701,-0.70770788192749,-1.51531970500946,-0.365050256252289,-0.0912625640630722,-0.0741509273648262,-0.445058941841126,-0.0989857390522957,-0.0247464347630739,-0.0185209922492504,0.20398536324501,4.36817407608032,1.09204351902008,0.939699590206146,2.85143160820007,3.71741914749146,0.929354786872864,-0.326155006885529,1.23859882354736,0.774586796760559,0.19364669919014,0.0444911494851112,1.26530230045319,0.00472071766853333,0.00118017941713333,0.00845028646290302,-0.59824275970459,-0.371927440166473,-0.0929818600416184,-0.0270498115569353,-0.85867965221405,-1.31899046897888,-0.32974761724472,-0.321570336818695,-0.0974433273077011,-5.38482046127319,-1.3462051153183,0.380067706108093,-0.150330111384392,-55.6603393554688,-13.9150848388672,0.00221068970859051,0.409572869539261,-1.29788827896118,-0.324472069740295,-0.0677707940340042,0.185611680150032,-8.78385734558106,-2.19596433639526,0.455544382333756,0.273048579692841,0.949829816818237,0.237457454204559,-0.199525371193886,0.0506213642656803,-10.3447484970093,-2.58618712425232,0.285581231117249,0.289615571498871,0.0496693104505539,0.0124173276126385,0.224145278334618,0.351465672254562,-2.25648641586304,-0.564121603965759,0.284517496824265,-0.133456334471703,41.8918800354004,10.4729700088501,0.0214821230620146,0.213223323225975,0.609036087989807,0.152259021997452,0.113850139081478,0.0506213642656803,-8.0133810043335,-2.00334525108337,0.5506751537323,-0.00153398083057255,-1.57824528217316,-0.394561320543289,0.292558908462524,0.00306796166114509,-10.2183513641357,-2.55458784103394,0.274935394525528,-0.20813050866127,-0.943796217441559,-0.23594905436039,-0.0151634011417627,0.348520427942276
-2.78665471076965,-0.696663677692413,-0.730835676193237,1.57188713550568,0.477058887481689,0.119264721870422,-0.0420481190085411,0.562868654727936,-0.669646799564362,-0.16741169989109,-0.0866857394576073,-0.797085583209992,2.1640477180481,0.541011929512024,1.06142091751099,-4.71238899230957,-0.926689088344574,-0.231672272086144,-0.523396909236908,0.402580499649048,-0.915780365467072,-0.228945091366768,-0.209275156259537,-2.86778712272644,-2.96356868743897,-0.740892171859741,-0.75078958272934,-2.23355388641357,0.336844444274902,0.0842111110687256,-0.0776961296796799,-0.0490873865783215,-0.381026774644852,-0.0952566936612129,-0.0221501961350441,-0.0239982772618532,4.9313759803772,1.2328439950943,1.01026272773743,3.10668587684631,-1.545578956604,-0.386394739151001,-0.293492257595062,1.81007730960846,0.17163097858429,0.0429077446460724,0.0861833840608597,1.91283905506134,0.264621108770371,0.0661552771925926,0.00285247387364507,-0.0634240210056305,0.697146117687225,0.174286529421806,-0.0372779108583927,-0.427065193653107,-1.3017680644989,-0.325442016124725,-0.32535707950592,-0.484836637973785,-4.98867607116699,-1.24716901779175,0.378653585910797,-0.0552233085036278,-53.5816307067871,-13.3954076766968,0.00745978206396103,0.20708741247654,-1.26602482795715,-0.316506206989288,-0.0653140246868134,0.111980594694614,-9.37214088439941,-2.34303522109985,0.462051808834076,0.320601969957352,0.952396512031555,0.238099128007889,-0.199405521154404,0.0107378652319312,-10.6764125823975,-2.66910314559937,0.293243438005447,0.248382166028023,-1.31013321876526,-0.327533304691315,0.229728981852531,0.198313027620316,-2.87649607658386,-0.719124019145966,0.283079385757446,-0.0644271895289421,40.7957572937012,10.1989393234253,0.0236153155565262,0.0475534051656723,0.716605842113495,0.179151460528374,0.11396998167038,-0.0184077695012093,-8.17054557800293,-2.04263639450073,0.550603270530701,-0.00153398083057255,-1.71261596679688,-0.428153991699219,0.292714715003967,0.0582912713289261,-9.92157173156738,-2.48039293289185,0.270410150289536,-0.503636598587036,-0.693104684352875,-0.173276171088219,-0.0126246623694897,0.120754972100258
-2.38338947296143,-0.595847368240356,-0.696378290653229,1.06278085708618,0.46993026137352,0.11748256534338,-0.0137887829914689,2.12493824958801,-0.608201861381531,-0.152050465345383,-0.102046243846416,2.0964207649231,2.63371324539185,0.658428311347961,0.958737969398499,0.244346097111702,0.172014728188515,0.0430036820471287,-0.492051154375076,3.07896971702576,-0.553475916385651,-0.138368979096413,-0.170277699828148,12.6466112136841,-2.99177718162537,-0.747944295406342,-0.787202179431915,-2.1975564956665,-0.000828668475151062,-0.000207167118787766,-0.0662338808178902,0.752673208713532,-0.0678726583719254,-0.0169681645929813,-0.0332119017839432,-0.236554443836212,4.85045480728149,1.21261370182037,1.07833731174469,3.25831151008606,-2.32879900932312,-0.58219975233078,-0.307377606630325,-1.51991260051727,0.0880212187767029,0.0220053046941757,0.0762401297688484,-2.06791806221008,0.120839402079582,0.0302098505198956,0.00751285348087549,0.20398536324501,0.539701402187347,0.134925350546837,-0.00161400309298188,-0.272644072771072,-1.59052169322968,-0.397630423307419,-0.328303009271622,-0.17505943775177,-4.93506717681885,-1.23376679420471,0.375190138816834,-0.159534007310867,-50.3917808532715,-12.5979452133179,0.0081668496131897,-0.00306796166114509,-1.43329536914825,-0.358323842287064,-0.0649305358529091,0.00920388475060463,-9.31163501739502,-2.32790875434876,0.468259632587433,0.469398111104965,0.943699955940247,0.235924988985062,-0.199513375759125,-0.0107378652319312,-10.3060970306396,-2.57652425765991,0.295897245407105,0.0863937959074974,-2.13080334663391,-0.532700836658478,0.230756744742394,-0.0461421422660351,-2.66719126701355,-0.666797816753388,0.280059367418289,-0.242368966341019,38.6271896362305,9.65679740905762,0.0240227784961462,0.00613592332229018,0.449742674827576,0.112435668706894,0.113394737243652,-0.0720971003174782,-8.55198669433594,-2.13799667358398,0.547559261322022,-0.4111068546772,-1.7591564655304,-0.439789116382599,0.292690724134445,0,-9.89709091186523,-2.47427272796631,0.262157320976257,-0.363246649503708,0.155476406216621,0.0388691015541554,-0.011098351329565,0.0186532065272331
-2.20665884017944,-0.551664710044861,-0.696324765682221,0.577672839164734,0.354516446590424,0.0886291116476059,-0.00134649500250816,-0.393789917230606,-0.428743720054626,-0.107185930013657,-0.0759588330984116,-0.106278084218502,3.09409189224243,0.773522973060608,0.964873909950256,0.0305432621389627,1.07351469993591,0.268378674983978,-0.447789132595062,0.964062571525574,-0.494850754737854,-0.123712688684464,-0.000919704150874168,3.52948236465454,-3.22832655906677,-0.807081639766693,-0.812807440757752,-0.351403325796127,-0.0719485729932785,-0.0179871432483196,-0.052061602473259,0.575958669185638,-0.133628964424133,-0.0334072411060333,-0.023676872253418,0.452538937330246,4.45615863800049,1.11403965950012,1.15558183193207,2.45873260498047,-1.92769145965576,-0.48192286491394,-0.360763072967529,-2.97995924949646,0.372878223657608,0.093219555914402,0.0449114851653576,-0.998417854309082,0.184434249997139,0.0461085624992847,-0.00918684061616659,-0.503963828086853,0.344959020614624,0.086239755153656,0.00602958258241415,-0.0619975291192532,-1.41888952255249,-0.354722380638123,-0.336569100618362,-0.229978322982788,-4.92718553543091,-1.23179638385773,0.372805267572403,-0.0659611746668816,-47.4576263427734,-11.8644065856934,0.0137994363903999,0.437184512615204,-1.33153462409973,-0.332883656024933,-0.0632287710905075,0.0828349590301514,-9.4454517364502,-2.36136293411255,0.483048170804977,0.530757367610931,1.09870874881744,0.274677187204361,-0.199597269296646,-0.0245436932891607,-10.4672374725342,-2.61680936813355,0.298159867525101,0.179659828543663,-2.12755036354065,-0.531887590885162,0.230334892868996,0,-2.37951397895813,-0.594878494739533,0.271274924278259,-0.269980609416962,36.607852935791,9.15196323394775,0.0293557588011026,0.389631122350693,0.342284023761749,0.0855710059404373,0.110326774418354,-0.182543709874153,-8.38669204711914,-2.09667301177979,0.55252069234848,0.383495211601257,-1.92330420017242,-0.480826050043106,0.292522966861725,-0.088970884680748,-9.95216178894043,-2.48804044723511,0.244232758879662,-0.620464563369751,0.475108057260513,0.118777014315128,-0.0117502938956022,-0.271944105625153
-2.06734895706177,-0.516837239265442,-0.680281281471252,0.908506214618683,0.25164458155632,0.0629111453890801,-0.00915275234729052,0.0185441244393587,-0.326144814491272,-0.081536203622818,-0.0776997804641724,0.121705546975136,3.88366937637329,0.970917344093323,0.963033139705658,-0.282525181770325,2.27796101570129,0.569490253925324,-0.440679162740707,0.138446256518364,-0.35127454996109,-0.0878186374902725,0.00514191947877407,0.0153401317074895,-3.5057373046875,-0.876434326171875,-0.810008525848389,1.32504773139954,-0.175445362925529,-0.0438613407313824,-0.045312087982893,0.326158404350281,-0.0652241408824921,-0.016306035220623,-0.0164318569004536,0.135418847203255,3.87961173057556,0.96990293264389,1.17006087303162,-0.474511414766312,-1.426353931427,-0.356588482856751,-0.404029935598373,-1.1792426109314,0.487033724784851,0.121758431196213,0.0607572942972183,1.28810942173004,0.191780582070351,0.0479451455175877,-0.0181058421730995,-0.150846317410469,0.58399885892868,0.14599971473217,-0.00497980695217848,-0.491685748100281,-1.35419273376465,-0.338548183441162,-0.341927021741867,-0.362645775079727,-4.8380651473999,-1.20951628684998,0.372289955615997,-0.145728170871735,-45.3462791442871,-11.3365697860718,0.0226677618920803,0.251572847366333,-1.30240917205811,-0.325602293014526,-0.0599211268126965,0.20708741247654,-9.46880531311035,-2.36720132827759,0.496422559022903,0.510815620422363,1.22790729999542,0.306976824998856,-0.200855612754822,-0.0613592304289341,-10.5731716156006,-2.64329290390015,0.304380148649216,0.290597319602966,-1.7113162279129,-0.427829056978226,0.228233337402344,-0.121736712753773,-2.06208443641663,-0.515521109104157,0.269477277994156,-0.0107378652319312,34.5774116516113,8.64435291290283,0.0361268445849419,0.170271873474121,0.441613078117371,0.110403269529343,0.108193583786488,-0.0920388475060463,-8.19446468353272,-2.04861617088318,0.558920323848724,0.222427219152451,-1.90804517269135,-0.477011293172836,0.292223334312439,-0.00613592332229018,-10.2340784072876,-2.5585196018219,0.241916447877884,-0.00883573014289141,1.07500171661377,0.268750429153442,-0.0233778692781925,-0.328885465860367
-2.40206813812256,-0.60051703453064,-0.669099032878876,0.0222841147333384,-0.122562021017075,-0.0306405052542686,-0.012604208663106,-0.121082216501236,-0.164610475301743,-0.0411526188254356,-0.0721555352210999,0.275980174541473,4.71478796005249,1.17869699001312,0.970455884933472,1.02429008483887,2.18171191215515,0.545427978038788,-0.428728342056274,0.65013724565506,-0.424212157726288,-0.106053039431572,0.00616968935355544,-0.650916874408722,-3.31929230690002,-0.829823076725006,-0.783010482788086,1.6953067779541,-0.249499902129173,-0.0623749755322933,-0.0443916991353035,0.19962203502655,0.0132801029831171,0.00332002574577928,-0.0137668689712882,-0.111420571804047,2.93576455116272,0.73394113779068,1.12013828754425,-3.75791215896606,-0.873984158039093,-0.218496039509773,-0.407917469739914,0.269038438796997,0.669756472110748,0.167439118027687,0.0886196866631508,1.06651604175568,0.16561296582222,0.041403241455555,-0.017288938164711,0.188557893037796,0.375563859939575,0.0938909649848938,-0.00244491756893694,0.219409510493279,-1.20219779014587,-0.300549447536469,-0.346319556236267,-0.147581726312637,-4.73605680465698,-1.18401420116425,0.369162082672119,-0.170271873474121,-43.7349624633789,-10.9337406158447,0.0257956460118294,-0.0230097118765116,-1.1973934173584,-0.2993483543396,-0.0594297721982002,0.00766990380361676,-9.27583503723145,-2.31895875930786,0.507711708545685,0.42644664645195,1.51068949699402,0.377672374248505,-0.20072378218174,-0.00306796166114509,-10.5730428695679,-2.64326071739197,0.314013540744782,0.420188039541245,-1.11438715457916,-0.278596788644791,0.226975485682488,0.00392699055373669,-1.64599454402924,-0.411498636007309,0.269573152065277,0.00306796166114509,32.8179588317871,8.20448970794678,0.0369417741894722,-0.0598252490162849,0.51433527469635,0.128583818674088,0.107510484755039,-0.0276116542518139,-7.79896783828735,-1.94974195957184,0.561017513275147,0.213223323225975,-2.01726388931274,-0.504315972328186,0.29230722784996,-0.0184077695012093,-10.3346157073975,-2.58365392684937,0.244340136647224,0.321031510829926,1.565762758255,0.391440689563751,-0.0274122375994921,-0.0461421422660351
-3.14767837524414,-0.786919593811035,-0.691985785961151,-2.10156345367432,-0.854158759117127,-0.213539689779282,-0.020666129887104,-0.435241490602493,-0.205930858850479,-0.0514827147126198,-0.0633704513311386,-0.28112268447876,5.37670803070068,1.34417700767517,1.02534687519073,3.43502593040466,-2.93250799179077,-0.733126997947693,-0.405917346477509,2.04346871376038,-0.828726470470429,-0.207181617617607,-0.0094959819689393,-1.11440598964691,-3.10355567932129,-0.775888919830322,-0.743035674095154,1.67473685741425,-1.29487240314484,-0.323718100786209,-0.0416390560567379,0.134172186255455,0.682068705558777,0.170517176389694,-0.0191638022661209,-0.167987942695618,1.01275193691254,0.253187984228134,0.992809414863586,-7.4514651298523,0.355593711137772,0.0888984277844429,-0.380532294511795,1.69291567802429,0.706753313541412,0.176688328385353,0.128812313079834,2.03209519386292,0.0232641883194447,0.00581604707986116,-0.0130169223994017,0.142275497317314,-0.478931903839111,-0.119732975959778,0.00782520789653063,0.600821793079376,-0.90235447883606,-0.225588619709015,-0.346273094415665,0.395962476730347,-5.20290946960449,-1.30072736740112,0.364751875400543,-0.305262178182602,-43.0856285095215,-10.7714071273804,0.0254241339862347,-0.0306796152144671,-1.23367834091187,-0.308419585227966,-0.0592739768326283,0.0168737880885601,-9.30744457244873,-2.32686114311218,0.514602661132813,0.0644271895289421,1.60084545612335,0.400211364030838,-0.200867593288422,-0.00153398083057255,-10.8684768676758,-2.71711921691895,0.31634521484375,0.161988362669945,-0.481087505817413,-0.120271876454353,0.226799070835114,-0.013744467869401,-1.62264883518219,-0.405662208795548,0.27063974738121,0.0184077695012093,31.8758487701416,7.9689621925354,0.0347127094864845,-0.323669940233231,0.383420735597611,0.0958551838994026,0.10679142922163,-0.088970884680748,-7.40420627593994,-1.85105156898499,0.563438355922699,0.00306796166114509,-1.63647615909576,-0.409119039773941,0.292343199253082,0,-9.92468166351318,-2.4811704158783,0.249985188245773,0.152170896530151,1.30264830589294,0.325662076473236,-0.0281638894230127,-0.0157079622149467
-2.9929473400116,-0.748236835002899,-0.751325249671936,-3.58088564872742,0.146283999085426,0.0365709997713566,-0.0436843633651733,-0.406879872083664,-0.499287784099579,-0.124821946024895,-0.0744455456733704,-1.57531547546387,4.92741680145264,1.23185420036316,1.13401234149933,6.17410230636597,-3.04728746414185,-0.761821866035461,-0.460252463817596,-4.00173187255859,-0.438087403774262,-0.109521850943565,-0.0978454649448395,-6.33727884292603,-2.58537530899048,-0.64634382724762,-0.716158151626587,0.399399906396866,-1.19249272346497,-0.298123180866241,-0.0494794026017189,-0.371973305940628,0.523233354091644,0.130808338522911,-0.0241991560906172,0.509106278419495,2.05897998809814,0.514744997024536,0.868096768856049,-1.53261721134186,0.698331892490387,0.174582973122597,-0.348974376916885,2.53446459770203,0.658683896064758,0.16467097401619,0.000582955603022128,-6.95058679580689,-0.0789612680673599,-0.01974031701684,-0.00802174583077431,0.677094221115112,-0.125321984291077,-0.0313304960727692,-0.0121699012815952,0.979045450687408,-1.40425765514374,-0.351064413785934,-0.337067276239395,0.000275195197900757,-5.19618940353394,-1.29904735088348,0.356087297201157,-0.477068036794663,-43.2290496826172,-10.8072624206543,0.01942003890872,-1.15355360507965,-2.06463050842285,-0.516157627105713,-0.0593938194215298,-0.00460194237530232,-9.83581447601318,-2.4589536190033,0.519923627376556,0.777728259563446,1.42758452892303,0.356896132230759,-0.200963467359543,0.00306796166114509,-11.0647945404053,-2.76619863510132,0.315148711204529,-0.194386050105095,-0.0446037799119949,-0.0111509449779987,0.224329367280006,-0.385826855897903,-1.86570000648499,-0.466425001621246,0.27046000957489,0,32.185359954834,8.0463399887085,0.0233516618609428,-1.12747585773468,0.656440556049347,0.164110139012337,0.103280052542686,-0.303728193044663,-7.38674640655518,-1.84668660163879,0.566925764083862,0.552233099937439,-1.38868677616119,-0.347171694040298,0.292379140853882,0.00460194237530232,-9.11704063415527,-2.27926015853882,0.249793440103531,0.00490873865783215,0.47706863284111,0.119267158210278,-0.0296441800892353,-0.0196349546313286
-3.17509031295776,-0.793772578239441,-0.800339579582214,-1.23248291015625,0.0583794750273228,0.0145948687568307,-0.0509537309408188,-0.0141808008775115,-0.475278973579407,-0.118819743394852,-0.102247126400471,0.272551864385605,4.93170309066773,1.23292577266693,1.22405695915222,2.2329306602478,-2.68471145629883,-0.671177864074707,-0.529508709907532,-2.83658719062805,-0.308862954378128,-0.077215738594532,-0.128556117415428,0.54549115896225,-2.21434998512268,-0.55358749628067,-0.714176118373871,0.815941452980042,-1.31989467144012,-0.329973667860031,-0.0406931005418301,0.386154115200043,0.421295344829559,0.10532383620739,-0.021400248631835,0.234840273857117,2.71213793754578,0.678034484386444,0.846356868743897,-1.4955290555954,2.02456045150757,0.506140112876892,-0.319970905780792,0.944569885730743,0.108863353729248,0.027215838432312,0.0139496428892016,-0.143787682056427,-0.205935567617416,-0.0514838919043541,0.0250696279108524,1.87529397010803,-0.527046978473663,-0.131761744618416,0.0165034644305706,1.11258673667908,-1.56155681610107,-0.390389204025269,-0.343727380037308,0.133969321846962,-5.56443452835083,-1.39110863208771,0.345085769891739,-0.115048557519913,-42.9234848022461,-10.7308712005615,0.00421205535531044,-0.66574764251709,-1.90760362148285,-0.476900905370712,-0.0623539239168167,-0.111980594694614,-9.47211647033691,-2.36802911758423,0.525052905082703,0.266912668943405,1.33447372913361,0.333618432283402,-0.200891569256783,0.00613592332229018,-10.8065605163574,-2.70164012908936,0.314136266708374,-0.0539961233735085,0.480209946632385,0.120052486658096,0.22077052295208,-0.125663697719574,-2.18555855751038,-0.546389639377594,0.270364135503769,-0.00153398083057255,32.6492805480957,8.16232013702393,0.00722089596092701,-0.632000088691711,0.825833141803742,0.206458285450935,0.0970362722873688,-0.191747605800629,-7.8820915222168,-1.9705228805542,0.580372035503388,0.624330163002014,-1.38644433021545,-0.346611082553864,0.291923731565475,-0.0460194237530232,-8.89456844329834,-2.22364211082459,0.249801114201546,0.000981747638434172,0.226966038346291,0.0567415095865727,-0.034529909491539,-0.434914201498032
-3.24156045913696,-0.810390114784241,-0.814026117324829,-0.00514248805120587,0.199461117386818,0.0498652793467045,-0.0492663457989693,-0.226892814040184,-0.51556795835495,-0.128891989588738,-0.0943860784173012,0.699378371238709,4.57975006103516,1.14493751525879,1.23919224739075,-0.282525181770325,-2.26986312866211,-0.567465782165527,-0.570234894752502,-1.41409826278687,-0.459116876125336,-0.114779219031334,-0.109054893255234,1.15223288536072,-1.99775660037994,-0.499439150094986,-0.706998109817505,0.188557893037796,-1.17851436138153,-0.294628590345383,-0.0402499511837959,-0.458148926496506,0.227989494800568,0.0569973737001419,-0.0207306537777185,0.329119235277176,3.600177526474,0.9000443816185,0.818694055080414,-1.00356435775757,2.52447605133057,0.631119012832642,-0.284210354089737,1.42359340190887,0.0530708394944668,0.0132677098736167,0.0116317830979824,-0.0180228762328625,-0.120083823800087,-0.0300209559500217,0.0403497815132141,0.303406774997711,-0.392145454883575,-0.0980363637208939,0.0207732617855072,-0.0167319383472204,-1.63323152065277,-0.408307880163193,-0.346188604831696,-0.0315442308783531,-5.51582956314087,-1.37895739078522,0.345109730958939,-0.0199417509138584,-43.2892799377441,-10.822319984436,-0.00441658683121204,-0.237767025828362,-1.81021332740784,-0.452553331851959,-0.0630250424146652,0.0306796152144671,-9.20226001739502,-2.30056500434876,0.52821671962738,-0.0153398076072335,1.4770724773407,0.369268119335175,-0.201263085007668,0.0107378652319312,-10.5275545120239,-2.63188862800598,0.310807526111603,-0.109955742955208,0.623888492584229,0.155972123146057,0.219719752669334,0.0127627197653055,-2.02137899398804,-0.505344748497009,0.264959245920181,-0.352815568447113,33.0067558288574,8.25168895721436,0.000222107395529747,-0.0214757304638624,0.853641450405121,0.21341036260128,0.0946993455290794,0.0107378652319312,-8.0462236404419,-2.01155591011047,0.595807731151581,0.73784476518631,-1.46977591514587,-0.367443978786469,0.291983664035797,-0.0613592304289341,-9.12794780731201,-2.281986951828,0.265470743179321,0.886518180370331,-0.00415347330272198,-0.00103836832568049,-0.0397837944328785,-0.14824390411377
-3.06615805625916,-0.766539514064789,-0.81243246793747,0.449110597372055,-0.0617898441851139,-0.0154474610462785,-0.0507747605443001,-0.0534507073462009,-0.440323114395142,-0.110080778598785,-0.077177494764328,0.735375761985779,4.29509925842285,1.07377481460571,1.20842742919922,-1.85332143306732,-1.99947965145111,-0.499869912862778,-0.584629237651825,-0.275200635194778,-0.689483642578125,-0.172370910644531,-0.108276508748531,-0.476370304822922,-2.23063683509827,-0.557659208774567,-0.705029487609863,-0.0599956922233105,-0.725407898426056,-0.181351974606514,-0.0530586913228035,-0.982838571071625,0.0622314587235451,0.0155578646808863,-0.0187218692153692,-0.0274266004562378,3.76096868515015,0.940242171287537,0.821779072284699,0.631591022014618,3.2513439655304,0.812835991382599,-0.263734698295593,1.07822036743164,0.323770493268967,0.0809426233172417,0.0147154638543725,-0.0168122164905071,-0.110179871320724,-0.0275449678301811,0.0427201464772224,-0.0857081338763237,-0.335948973894119,-0.0839872434735298,0.0112534295767546,-0.946053981781006,-1.65255689620972,-0.413139224052429,-0.342225790023804,0.625542283058167,-5.59658288955689,-1.39914572238922,0.345684975385666,0.0582912713289261,-43.22412109375,-10.8060302734375,-0.00545921362936497,-0.0567572899162769,-1.71861863136292,-0.429654657840729,-0.0602207332849503,0.0490873865783215,-9.23134803771973,-2.30783700942993,0.529870510101318,0.142660215497017,1.42870914936066,0.357177287340164,-0.201023399829865,0.0107378652319312,-10.6088609695435,-2.65221524238586,0.310454726219177,0.000981747638434172,0.493930876255035,0.123482719063759,0.220049560070038,0.0422151535749435,-1.8050822019577,-0.451270550489426,0.254616856575012,-0.616660296916962,33.008918762207,8.25222969055176,0.000617587938904762,0.029145635664463,0.862898647785187,0.215724661946297,0.0949989557266235,0.0245436932891607,-8.04360103607178,-2.01090025901794,0.602051496505737,0.294524312019348,-1.49062752723694,-0.372656881809235,0.292079538106918,0.0138058271259069,-9.38781547546387,-2.34695386886597,0.27162966132164,0.372082382440567,-0.0050047617405653,-0.00125119043514133,-0.0421384535729885,0.00490873865783215
-2.98577308654785,-0.746443271636963,-0.783144414424896,0.906791985034943,-0.189081147313118,-0.0472702868282795,-0.0510474741458893,0.19525870680809,-0.40245333313942,-0.100613333284855,-0.0708431303501129,-0.209127843379974,3.80228614807129,0.950571537017822,1.15260756015778,-2.79907178878784,-1.75080227851868,-0.437700569629669,-0.582661032676697,0.284850299358368,-0.967058539390564,-0.241764634847641,-0.138299345970154,-1.60658144950867,-2.50188708305359,-0.625471770763397,-0.716439366340637,-0.814227223396301,-0.372694492340088,-0.093173623085022,-0.0668730363249779,-0.411243230104446,-0.115478225052357,-0.0288695562630892,-0.0219493173062801,0.155988797545433,3.72226166725159,0.930565416812897,0.849271416664124,1.6373370885849,2.93354749679565,0.733386874198914,-0.243452429771423,1.02009105682373,0.691044509410858,0.172761127352715,0.0282213799655437,0.200310826301575,-0.0368659570813179,-0.00921648927032948,0.0348858870565891,-0.395971566438675,-0.353488922119141,-0.0883722305297852,-0.00358334183692932,-0.618734776973724,-1.4775413274765,-0.369385331869125,-0.334460109472275,0.0973025858402252,-5.46205282211304,-1.36551320552826,0.347566515207291,0.191747605800629,-43.4171829223633,-10.8542957305908,-6.63120299577713E-05,0.386563152074814,-1.64219486713409,-0.410548716783524,-0.05699697509408,0.210155367851257,-9.21997547149658,-2.30499386787415,0.534005105495453,0.296058297157288,1.40565621852875,0.351414054632187,-0.199968785047531,0.0199417509138584,-10.7906970977783,-2.69767427444458,0.311405777931213,0.109955742955208,-0.241067484021187,-0.0602668710052967,0.228563144803047,0.431968986988068,-2.0026581287384,-0.500664532184601,0.247905686497688,-0.182543709874153,32.9455451965332,8.2363862991333,0.00240323692560196,0.216291293501854,0.824232876300812,0.206058219075203,0.0958258658647537,0.0828349590301514,-8.15407276153565,-2.03851819038391,0.605107486248016,0.240834981203079,-1.64161431789398,-0.410403579473496,0.292043596506119,-0.0567572899162769,-9.75652980804443,-2.43913245201111,0.277704238891602,-0.0265071894973516,-0.0362374782562256,-0.0090593695640564,-0.0421154461801052,-0.00883573014289141
-2.91519522666931,-0.728798806667328,-0.753293871879578,1.7621591091156,0.0173698253929615,0.00434245634824038,-0.04982028901577,0.35452002286911,-0.580156862735748,-0.145039215683937,-0.0808200910687447,-0.606813549995422,2.97227764129639,0.743069410324097,1.0695595741272,-4.08407020568848,-1.48707294464111,-0.371768236160278,-0.569860279560089,0.795922040939331,-1.24162375926971,-0.310405939817429,-0.188386633992195,-2.54138660430908,-2.76942420005798,-0.692356050014496,-0.739044904708862,-1.08506488800049,0.0111743360757828,0.00279358401894569,-0.069046176970005,-0.0130899697542191,-0.32412201166153,-0.0810305029153824,-0.0251767635345459,-0.0514248758554459,4.19401025772095,1.04850256443024,0.887407898902893,1.86313891410828,0.607133269309998,0.151783317327499,-0.218102857470512,1.3506737947464,0.687678039073944,0.171919509768486,0.0550282970070839,1.48251485824585,0.0255741737782955,0.00639354344457388,0.0290738046169281,-0.14398966729641,-0.0531178340315819,-0.0132794585078955,-0.0114136040210724,-0.210748389363289,-1.39224529266357,-0.348061323165894,-0.329505503177643,0.0937339216470718,-5.21975469589233,-1.30493867397308,0.352396130561829,0.220893234014511,-43.309944152832,-10.827486038208,0.00511087104678154,0.214757308363915,-1.48617243766785,-0.371543109416962,-0.0534736141562462,0.116582542657852,-9.61286544799805,-2.40321636199951,0.541962623596191,0.466330170631409,1.48610270023346,0.371525675058365,-0.19988489151001,0.00613592332229018,-11.3767995834351,-2.84419989585876,0.315969377756119,0.282743364572525,-0.897809088230133,-0.224452272057533,0.235864892601967,0.249363914132118,-2.22292113304138,-0.555730283260346,0.24487367272377,-0.159534007310867,32.7723388671875,8.19308471679688,0.00590263120830059,0.243902951478958,0.819288790225983,0.204822197556496,0.0961734056472778,-0.0184077695012093,-8.21975803375244,-2.05493950843811,0.606150150299072,0.104310691356659,-1.7780909538269,-0.444522738456726,0.292283266782761,0.00460194237530232,-9.83224105834961,-2.4580602645874,0.27534955739975,-0.361283153295517,0.0571008622646332,0.0142752155661583,-0.0412027277052403,0.190459057688713
-2.6520414352417,-0.663010358810425,-0.718675792217255,0.731947422027588,0.454901427030563,0.113725356757641,-0.0289751924574375,1.04392504692078,-0.757113933563232,-0.189278483390808,-0.100184768438339,2.10327744483948,2.01942014694214,0.504855036735535,0.973540902137756,0.55414205789566,-0.820297300815582,-0.205074325203896,-0.524654567241669,5.59092569351196,-0.942316472530365,-0.235579118132591,-0.209595561027527,3.43661212921143,-2.77436208724976,-0.693590521812439,-0.768225848674774,-1.31304860115051,0.385561347007751,0.0963903367519379,-0.0609331279993057,0.147262156009674,-0.392962247133255,-0.0982405617833138,-0.0345109142363071,-0.157702967524529,4.90693092346191,1.22673273086548,0.942460715770721,2.23620319366455,-2.40909790992737,-0.602274477481842,-0.197153493762016,1.06901431083679,0.398739039897919,0.0996847599744797,0.0906314253807068,1.663733959198,0.206142127513886,0.0515355318784714,0.0274935625493526,-0.174844592809677,0.657167613506317,0.164291903376579,-5.01030590385199E-05,0.350084871053696,-1.51847052574158,-0.379617631435394,-0.331520527601242,0.0521782524883747,-4.9587836265564,-1.2396959066391,0.356890231370926,0.110446617007256,-42.4071464538574,-10.6017866134644,0.00763954594731331,0.277650535106659,-1.68997740745544,-0.422494351863861,-0.0511007346212864,0.177941769361496,-9.86545944213867,-2.46636486053467,0.548529982566834,0.216291293501854,1.22200119495392,0.30550029873848,-0.200004741549492,-0.00920388475060463,-11.6450548171997,-2.91126370429993,0.322925984859467,0.256236135959625,-1.79990148544312,-0.449975371360779,0.239899262785912,0.185550317168236,-2.35433506965637,-0.588583767414093,0.242992147803307,-0.20708741247654,32.4802322387695,8.12005805969238,0.00681343115866184,0.1027767136693,0.726059973239899,0.181514993309975,0.0959696769714356,-0.0276116542518139,-8.42023754119873,-2.10505938529968,0.604304552078247,-0.286854416131973,-1.90065515041351,-0.475163787603378,0.292379140853882,0.00460194237530232,-9.53877067565918,-2.3846926689148,0.269719868898392,-0.393680840730667,0.44740891456604,0.11185222864151,-0.0375902019441128,0.0932660326361656
-2.54933404922485,-0.637333512306213,-0.715568900108337,0.0685665085911751,0.817959427833557,0.204489856958389,-0.0159448776394129,0.88248211145401,-0.713284611701965,-0.178321152925491,-0.0765079036355019,1.05078172683716,2.43914937973022,0.609787344932556,0.962905287742615,-0.897753715515137,-1.01151585578918,-0.252878963947296,-0.425374716520309,5.15564823150635,0.0753020569682121,0.018825514242053,-0.146608039736748,3.62606048583984,-2.98204779624939,-0.745511949062347,-0.790536761283875,-0.346260845661163,-0.0176194161176682,-0.00440485402941704,-0.059228703379631,0.292342633008957,-0.13552987575531,-0.0338824689388275,-0.0336404405534267,-0.0959931090474129,4.63093996047974,1.15773499011993,1.01760876178741,4.48331451416016,-1.87969446182251,-0.469923615455627,-0.261594951152802,-4.7522759437561,0.0815041661262512,0.0203760415315628,0.0954368859529495,-0.297594457864761,0.0771615505218506,0.0192903876304626,0.0216546952724457,-0.713091671466827,0.313378840684891,0.0783447101712227,0.0241629704833031,0.92942601442337,-1.55340528488159,-0.388351321220398,-0.327240735292435,-0.0524615347385407,-5.4488410949707,-1.36221027374268,0.35806468129158,0.0230097118765116,-41.1988525390625,-10.2997131347656,0.0199713110923767,0.572174847126007,-1.69212102890015,-0.423030257225037,-0.0457677580416203,0.340543746948242,-9.8897876739502,-2.47244691848755,0.556918919086456,0.65194183588028,1.17306578159332,0.293266445398331,-0.200316324830055,-0.0429514609277248,-11.4927225112915,-2.87318062782288,0.328655391931534,0.339684695005417,-2.38141894340515,-0.595354735851288,0.240221410989761,0.00785398110747337,-2.13267469406128,-0.53316867351532,0.234806925058365,-0.237767025828362,32.1715850830078,8.04289627075195,0.0145312724635005,0.421844720840454,0.348537236452103,0.0871343091130257,0.0958977714180946,-0.00460194237530232,-8.32714080810547,-2.08178520202637,0.605083525180817,0.0552233085036278,-1.91844832897186,-0.479612082242966,0.292355179786682,0,-9.42449951171875,-2.35612487792969,0.253835469484329,-0.834485530853272,1.00568985939026,0.251422464847565,-0.0356497168540955,-0.027488935738802
-2.65291333198547,-0.663228332996368,-0.698092460632324,0.958216965198517,0.572660386562347,0.143165096640587,-0.00605070218443871,0.391608268022537,-0.546068429946899,-0.136517107486725,-0.0614688023924828,0.541675388813019,2.64443302154541,0.661108255386353,0.947216093540192,-0.855211317539215,-0.489551842212677,-0.122387960553169,-0.386526584625244,1.37221693992615,-0.0650705769658089,-0.0162676442414522,0.0125942882150412,8.12503147125244,-3.02035140991211,-0.755087852478027,-0.796241700649262,0.198842868208885,-0.179031476378441,-0.0447578690946102,-0.049845851957798,1.00138258934021,-0.0691085383296013,-0.0172771345824003,-0.0308013595640659,-0.106278084218502,4.55513668060303,1.13878417015076,1.09871375560761,2.69107961654663,-1.93742311000824,-0.48435577750206,-0.324462950229645,-2.03402996063232,0.164430677890778,0.0411076694726944,0.0624492987990379,-2.29717445373535,0.156139075756073,0.0390347689390183,0.00305335223674774,-0.526247918605804,0.472363650798798,0.118090912699699,0.0221191104501486,0.241634771227837,-1.4062362909317,-0.351559072732925,-0.334257006645203,-0.311988979578018,-5.42176961898804,-1.35544240474701,0.364739894866943,0.527689397335053,-40.2207069396973,-10.0551767349243,0.0296425819396973,0.440252482891083,-1.48305785655975,-0.370764464139938,-0.0427357479929924,0.0536893270909786,-10.2878980636597,-2.57197451591492,0.573409199714661,0.734776794910431,1.3204345703125,0.330108642578125,-0.200544029474258,-0.00613592332229018,-11.7604427337646,-2.94011068344116,0.340206265449524,0.645008265972138,-2.34795308113098,-0.586988270282745,0.239523440599442,-0.0412334017455578,-2.12516236305237,-0.531290590763092,0.234147787094116,0.0260776728391647,31.7455177307129,7.93637943267822,0.021026723086834,0.164135947823524,0.496720045804977,0.124180011451244,0.0956820547580719,-0.00153398083057255,-8.28265571594238,-2.0706639289856,0.606557607650757,0.151864096522331,-1.94911324977875,-0.487278312444687,0.292379140853882,0,-9.52451992034912,-2.38112998008728,0.241624996066093,-0.19536779820919,1.0107399225235,0.252684980630875,-0.0356573835015297,0.00196349527686834
-2.53996777534485,-0.634991943836212,-0.687526285648346,0.800513923168182,0.377679437398911,0.0944198593497276,-0.00590582564473152,-0.0349065847694874,-0.440050333738327,-0.110012583434582,-0.0575181916356087,0.118277221918106,3.19135046005249,0.797837615013123,0.942895352840424,-0.51050877571106,0.472468376159668,0.118117094039917,-0.376571238040924,0.0339356772601604,0.233325719833374,0.0583314299583435,0.028009882196784,-0.0406218990683556,-3.15634226799011,-0.789085566997528,-0.785461187362671,1.03021168708801,-0.265209197998047,-0.0663022994995117,-0.0386989265680313,0.464693903923035,-0.0527471080422401,-0.01318677701056,-0.0254044253379107,0.395971566438675,4.02562618255615,1.00640654563904,1.134361743927,0.863937973976135,-1.67891407012939,-0.419728517532349,-0.363663017749786,-1.65805196762085,0.276201546192169,0.0690503865480423,0.0451681390404701,-0.090237520635128,0.139140546321869,0.0347851365804672,-0.00621383963152766,-0.389114916324616,0.425541281700134,0.106385320425034,0.0267892610281706,0.147387221455574,-1.28931200504303,-0.322328001260757,-0.348674148321152,-0.713696181774139,-5.38345575332642,-1.3458639383316,0.372277975082397,0.211689352989197,-39.9952163696289,-9.99880409240723,0.03948163241148,0.406504899263382,-1.37837076187134,-0.344592690467835,-0.039739690721035,0.108912639319897,-10.3525257110596,-2.58813142776489,0.58989953994751,0.806873917579651,1.52243745326996,0.38060936331749,-0.200999423861504,-0.00613592332229018,-11.9108228683472,-2.97770571708679,0.357708990573883,0.767726719379425,-1.92963266372681,-0.482408165931702,0.236616551876068,-0.0726493299007416,-1.74851667881012,-0.43712916970253,0.237107902765274,0.404970914125443,31.328950881958,7.8322377204895,0.0284689255058765,0.231631100177765,0.571267068386078,0.142816767096519,0.096029594540596,0.0352815575897694,-8.05558967590332,-2.01389741897583,0.611614942550659,0.223961189389229,-2.0612645149231,-0.515316128730774,0.292355179786682,0,-9.626784324646,-2.4066960811615,0.240206062793732,0.0235619451850653,1.08136165142059,0.270340412855148,-0.0356650538742542,0.00490873865783215
-2.58704590797424,-0.646761476993561,-0.671375632286072,0.665095090866089,0.0338970609009266,0.00847426522523165,-0.0105333346873522,-0.242164433002472,-0.327851980924606,-0.0819629952311516,-0.0542103946208954,0.0548532009124756,3.96840238571167,0.992100596427918,0.938353061676025,-0.363246649503708,0.567127585411072,0.141781896352768,-0.367057710886002,0.159884437918663,0.252749562263489,0.0631873905658722,0.033856600522995,0.117058917880058,-3.16332459449768,-0.79083114862442,-0.755664229393005,1.74844598770142,-0.418210983276367,-0.104552745819092,-0.0340117625892162,0.115628063678741,0.0995340272784233,0.0248835068196058,-0.0275471284985542,-0.236554443836212,3.14837956428528,0.78709489107132,1.11583471298218,-2.2394757270813,-1.241863489151,-0.31046587228775,-0.382643491029739,-0.422718107700348,0.476673245429993,0.119168311357498,0.0576807297766209,0.892527222633362,0.1327745616436,0.0331936404109001,-0.0110215302556753,0.00857081357389689,0.403749614953995,0.100937403738499,0.0284869391471148,0.247955292463303,-1.2249915599823,-0.306247889995575,-0.355214774608612,-0.225289538502693,-5.26189994812012,-1.31547498703003,0.374542981386185,0.0460194237530232,-40.088508605957,-10.0221271514893,0.0445509552955627,0.0828349590301514,-1.28283250331879,-0.320708125829697,-0.038613174110651,0.00153398083057255,-10.2536458969116,-2.56341147422791,0.604220688343048,0.582912683486939,1.76865911483765,0.442164778709412,-0.200927525758743,-0.00613592332229018,-11.9064140319824,-2.97660350799561,0.370740175247192,0.414297521114349,-1.32995653152466,-0.332489132881165,0.236371114850044,0.00294524314813316,-1.34087097644806,-0.335217744112015,0.243591368198395,0.243902951478958,30.9329090118408,7.73322725296021,0.0320761799812317,0.0230097118765116,0.729101836681366,0.182275459170342,0.0956820547580719,-0.00460194237530232,-7.74567651748657,-1.93641912937164,0.615270137786865,0.105844676494598,-2.1185154914856,-0.529628872871399,0.292355179786682,0.00153398083057255,-9.77158737182617,-2.44289684295654,0.240229070186615,-0.00687223393470049,1.4930773973465,0.373269349336624,-0.0357034057378769,-0.00294524314813316
-3.01311993598938,-0.753279983997345,-0.673893332481384,-0.877651214599609,-0.792641758918762,-0.198160439729691,-0.0204189885407686,-0.716675817966461,-0.214640185236931,-0.0536600463092327,-0.0538220293819904,-0.231411963701248,5.32202339172363,1.33050584793091,0.951102197170258,0.693768382072449,-2.9424877166748,-0.735621929168701,-0.361056923866272,0.554296910762787,-0.741734802722931,-0.185433700680733,0.0360866226255894,0.128903612494469,-3.14662384986877,-0.786655962467194,-0.717684805393219,1.93186140060425,-1.31896662712097,-0.329741656780243,-0.0342503823339939,-0.0349065847694874,0.676927506923676,0.169231876730919,-0.0282033327966928,0.142275497317314,0.946799397468567,0.236699849367142,1.02065110206604,-6.32245540618897,-0.270303994417191,-0.0675759986042976,-0.374875545501709,0.722659468650818,0.581389486789703,0.145347371697426,0.0839093327522278,1.38644444942474,0.0500548593699932,0.0125137148424983,-0.0105394218116999,0.0857081338763237,-0.430108189582825,-0.107527047395706,0.0346049144864082,0.477859497070313,-0.992687344551086,-0.248171836137772,-0.357767194509506,0.0289338082075119,-5.540931224823,-1.38523280620575,0.375345945358276,-0.0122718466445804,-40.3485107421875,-10.0871276855469,0.0451022312045097,-0.0368155390024185,-1.29140841960907,-0.322852104902267,-0.0386730954051018,0.00153398083057255,-10.2629737854004,-2.5657434463501,0.612238109111786,0.280718475580215,1.92724239826202,0.481810599565506,-0.200951486825943,-0.0138058271259069,-12.1925783157349,-3.04814457893372,0.377213567495346,0.196349546313286,-0.660804331302643,-0.165201082825661,0.235895574092865,-0.0196349546313286,-1.35550558567047,-0.338876396417618,0.24639567732811,0.104310691356659,30.6448440551758,7.66121101379395,0.0322199910879135,-0.0199417509138584,0.673277676105499,0.168319419026375,0.0950349047780037,-0.11965049803257,-7.34878873825073,-1.83719718456268,0.616061091423035,0,-1.73183500766754,-0.432958751916885,0.292295247316361,0.00460194237530232,-9.67453861236572,-2.41863465309143,0.240888684988022,0.106028757989407,1.55009031295776,0.387522578239441,-0.0375825315713882,-0.0265071894973516
-2.97815847396851,-0.744539618492127,-0.721796154975891,-2.61924052238464,0.244694128632545,0.0611735321581364,-0.0540728196501732,-0.904298722743988,-0.546958565711975,-0.136739641427994,-0.0637588128447533,-1.96785879135132,5.07666444778442,1.26916611194611,1.03530919551849,6.46426296234131,-2.93497514724731,-0.733743786811829,-0.427395313978195,-4.51242876052856,-0.635851681232452,-0.158962920308113,-0.0651063546538353,-6.71395015716553,-2.50182747840881,-0.625456869602203,-0.690191268920898,-1.94900298118591,-1.34976732730865,-0.337441831827164,-0.0397641882300377,1.11919236183167,0.6716468334198,0.16791170835495,-0.0306674409657717,-3.46260857582092,2.0095808506012,0.502395212650299,0.86079329252243,0.25961771607399,1.03991961479187,0.259979903697968,-0.354255199432373,0.390836268663406,1.72334396839142,0.430835992097855,-0.0261814296245575,-16.4886798858643,-0.156629413366318,-0.0391573533415794,-0.00590582611039281,0.493678867816925,-0.251721441745758,-0.0629303604364395,0.01131840236485,0.265076756477356,-1.34434294700623,-0.336085736751556,-0.351381331682205,0.0231623034924269,-5.74197006225586,-1.43549251556396,0.375309973955154,-0.0582912713289261,-41.2597007751465,-10.3149251937866,0.0447307229042053,-0.0828349590301514,-2.08367705345154,-0.520919263362885,-0.0386491268873215,-0.00460194237530232,-10.5446376800537,-2.63615942001343,0.61567759513855,0.176407784223557,1.62723422050476,0.40680855512619,-0.200424179434776,0.0935728251934052,-12.1816902160645,-3.04542255401611,0.378126293420792,0.0490873865783215,-0.251285374164581,-0.0628213435411453,0.231677129864693,-0.502654790878296,-1.48780250549316,-0.371950626373291,0.2488764077425,0.292990326881409,31.2897281646729,7.82243204116821,0.0292359162122011,-0.658077776432037,0.746996939182282,0.18674923479557,0.0929256826639175,-0.18714565038681,-7.30103397369385,-1.82525849342346,0.616144955158234,-0.0168737880885601,-1.38563096523285,-0.346407741308212,0.292403101921082,0.00460194237530232,-8.94038677215576,-2.23509669303894,0.241019070148468,-0.000981747638434172,0.672806024551392,0.168201506137848,-0.0383111722767353,0.0176714602857828
-3.14076471328735,-0.785191178321838,-0.772939801216126,-1.26505208015442,0.0670423805713654,0.0167605951428413,-0.0482010841369629,0.0610865242779255,-0.602161824703217,-0.150540456175804,-0.101001679897308,0.377115786075592,4.96830558776856,1.24207639694214,1.16305565834045,4.66330146789551,-2.90065479278564,-0.725163698196411,-0.500856339931488,-2.96295166015625,-0.246405810117722,-0.0616014525294304,-0.131202146410942,-1.78640067577362,-2.14070892333984,-0.535177230834961,-0.698306739330292,0,-1.47537064552307,-0.368842661380768,-0.0268361419439316,0.382881611585617,0.440520763397217,0.110130190849304,-0.0260874126106501,-0.130276367068291,2.87026977539063,0.717567443847656,0.844558656215668,-1.85332143306732,1.86795353889465,0.466988384723663,-0.305667251348496,1.62720417976379,0.118862211704254,0.0297155529260635,0.0242093056440353,0.214139491319656,-0.206370055675507,-0.0515925139188767,0.0225519519299269,1.37304425239563,-0.541097521781921,-0.13527438044548,0.0423094592988491,0.691229462623596,-1.67252743244171,-0.418131858110428,-0.352222412824631,0.710365056991577,-6.02589273452759,-1.5064731836319,0.362367004156113,-0.28992235660553,-42.029426574707,-10.5073566436768,0.0310806892812252,-0.474000066518784,-2.03654885292053,-0.509137213230133,-0.0394041314721108,-0.0153398076072335,-10.5535640716553,-2.63839101791382,0.626487374305725,0.105844676494598,1.70604765415192,0.426511913537979,-0.200759738683701,0.00613592332229018,-11.9741230010986,-2.99353075027466,0.379192411899567,-0.0353429205715656,0.397006332874298,0.0992515832185745,0.226983144879341,0.00490873865783215,-1.78724157810211,-0.446810394525528,0.249847128987312,-0.0368155390024185,32.3778877258301,8.09447193145752,0.00923424586653709,-0.627398133277893,1.03951215744019,0.259878039360046,0.086849682033062,-0.15493206679821,-7.60267543792725,-1.90066885948181,0.627278327941895,0.501611709594727,-1.59428870677948,-0.39857217669487,0.29215145111084,-0.0521553456783295,-8.77577304840088,-2.19394326210022,0.235274314880371,-0.0471238903701305,0.170445322990417,0.0426113307476044,-0.0387943759560585,-0.217947989702225
-3.17080998420715,-0.792702496051788,-0.793107986450195,-0.670237600803375,0.190191492438316,0.0475478731095791,-0.0491470396518707,-0.493055492639542,-0.561536371707916,-0.140384092926979,-0.0959127545356751,0.553674519062042,4.72059106826782,1.18014776706696,1.22667324542999,1.70169603824615,-2.57091307640076,-0.642728269100189,-0.552128553390503,-2.04589056968689,-0.492002546787262,-0.123000636696815,-0.117932543158531,2.26814723014832,-2.06490397453308,-0.51622599363327,-0.702337682247162,-0.603385269641876,-1.27379679679871,-0.318449199199677,-0.0289496257901192,-0.598866105079651,0.301816642284393,0.0754541605710983,-0.0252035483717918,0.431968986988068,3.43338513374329,0.858346283435822,0.822077333927155,-0.675224244594574,2.47569608688355,0.618924021720886,-0.274094343185425,1.20250332355499,0.000583764165639877,0.000145941041409969,-0.00429823342710733,0.279876798391342,-0.134598910808563,-0.0336497277021408,0.0402962155640125,0.443968117237091,-0.225173354148865,-0.0562933385372162,0.0393460541963577,-0.805137813091278,-1.69715702533722,-0.424289256334305,-0.347986400127411,0.185594588518143,-6.10389184951782,-1.52597296237946,0.362115353345871,0.0184077695012093,-42.7953491210938,-10.6988372802734,0.0262510441243649,0.0122718466445804,-2.0666778087616,-0.516669452190399,-0.0386491268873215,0.162601962685585,-10.4050998687744,-2.6012749671936,0.626403450965881,-0.222427219152451,1.8316730260849,0.457918256521225,-0.20072378218174,-0.0720971003174782,-11.8255577087402,-2.95638942718506,0.376063078641892,-0.00883573014289141,0.635352492332459,0.158838123083115,0.222987130284309,-0.318086266517639,-1.70548462867737,-0.426371157169342,0.242249131202698,-0.371223360300064,33.1991310119629,8.29978275299072,0.00338594242930412,-0.0214757304638624,1.12097859382629,0.280244648456574,0.0852677598595619,0.0398835018277168,-7.6880054473877,-1.92200136184692,0.639418363571167,0.374291300773621,-1.5297257900238,-0.382431447505951,0.292103499174118,-0.0306796152144671,-8.90048313140869,-2.22512078285217,0.244156062602997,0.405461817979813,0.137533619999886,0.0343834049999714,-0.0453598126769066,-0.118791475892067
-3.15979433059692,-0.789948582649231,-0.790295660495758,1.07306575775146,-0.0283053182065487,-0.00707632955163717,-0.0573197454214096,-0.242164433002472,-0.511076033115387,-0.127769008278847,-0.0899399742484093,0.289693474769592,4.44106578826904,1.11026644706726,1.22983503341675,-0.986110985279083,-2.41398668289185,-0.603496670722961,-0.584027528762817,-0.953149557113648,-0.618303894996643,-0.154575973749161,-0.11236185580492,-0.738609492778778,-2.21777892112732,-0.55444473028183,-0.715676009654999,-0.56224536895752,-0.828393280506134,-0.207098320126534,-0.0477579347789288,-0.902117013931274,0.20296436548233,0.0507410913705826,-0.0237840060144663,-0.0171416271477938,3.48745131492615,0.871862828731537,0.822707951068878,0.119991384446621,3.25877285003662,0.814693212509155,-0.249651104211807,1.10878765583038,0.149939805269241,0.0374849513173103,-0.00491764023900032,0.138268485665321,-0.0622120648622513,-0.0155530162155628,0.0404033474624157,-0.454253107309341,-0.304293006658554,-0.0760732516646385,0.0258313622325659,-0.78602659702301,-1.63794815540314,-0.409487038850784,-0.344095140695572,0.48510205745697,-5.99376392364502,-1.49844098091125,0.362402975559235,-0.00613592332229018,-42.9614639282227,-10.7403659820557,0.0332738012075424,0.630466103553772,-2.00477600097656,-0.501194000244141,-0.0333640836179256,0.223961189389229,-10.2862882614136,-2.57157206535339,0.628105223178864,0.401902973651886,1.75398659706116,0.438496649265289,-0.201287046074867,0.0153398076072335,-11.7218017578125,-2.93045043945313,0.376201122999191,0.00196349527686834,0.249566420912743,0.0623916052281857,0.219313248991966,-0.0431968979537487,-1.74636030197144,-0.436590075492859,0.231007918715477,-0.5506991147995,33.278450012207,8.31961250305176,0.00394920259714127,0.0168737880885601,1.06520235538483,0.266300588846207,0.0855314135551453,0.0184077695012093,-7.62195301055908,-1.90548825263977,0.643816530704498,0.0905048698186874,-1.51686227321625,-0.379215568304062,0.292223334312439,-0.00306796166114509,-9.12568092346191,-2.28142023086548,0.245099470019341,0.0127627197653055,0.192670375108719,0.0481675937771797,-0.0452601052820683,0.0284706819802523
-3.05570149421692,-0.76392537355423,-0.767944574356079,1.09192156791687,-0.282696813344955,-0.0706742033362389,-0.0556749776005745,0.41015237569809,-0.393165647983551,-0.0982914119958878,-0.0887748748064041,-0.167987942695618,4.18174648284912,1.04543662071228,1.1931643486023,-2.33219623565674,-2.26704359054565,-0.566760897636414,-0.598297655582428,-0.533538579940796,-0.833097577095032,-0.208274394273758,-0.134488448500633,-1.08966135978699,-2.39336490631104,-0.598341226577759,-0.731237411499023,-0.810798943042755,-0.684459865093231,-0.171114966273308,-0.0596803724765778,-0.200712874531746,0.102558650076389,0.0256396625190973,-0.0215475596487522,0.293121814727783,3.49685764312744,0.87421441078186,0.831784009933472,0.577049493789673,3.30558300018311,0.826395750045776,-0.232304900884628,0.726425409317017,0.370609551668167,0.0926523879170418,0.00284544704481959,0.0383465103805065,0.0087277777493,0.002181944437325,0.0275337379425764,-0.620526850223541,-0.238805204629898,-0.0597013011574745,0.00414327206090093,-0.713628232479096,-1.5798145532608,-0.394953638315201,-0.336696863174439,0.0249813962727785,-5.78401851654053,-1.44600462913513,0.362606704235077,0.00766990380361676,-43.1555671691895,-10.7888917922974,0.0443472266197205,0.423378705978394,-1.82602536678314,-0.456506341695786,-0.0293973051011562,0.181009739637375,-10.3181133270264,-2.57952833175659,0.633486151695252,0.334407806396484,1.61772608757019,0.404431521892548,-0.20072378218174,0.0414174795150757,-11.6963481903076,-2.9240870475769,0.377213567495346,0.123700208961964,-0.341848134994507,-0.0854620337486267,0.220655471086502,0.268998861312866,-1.88486886024475,-0.471217215061188,0.224848031997681,-0.122718460857868,32.9946250915527,8.24865627288818,0.00529143400490284,0.170271873474121,1.13887441158295,0.284718602895737,0.0861426144838333,0.0536893270909786,-7.65722227096558,-1.91430556774139,0.645901799201965,0.168737888336182,-1.60800015926361,-0.402000039815903,0.292343199253082,0,-9.59438800811768,-2.39859700202942,0.248029366135597,0.0412334017455578,0.141594856977463,0.0353987142443657,-0.0451067090034485,0.00294524314813316
