action_0,target_dof_pos_0,action_1,target_dof_pos_1,action_2,target_dof_pos_2,action_3,target_dof_pos_3,action_4,target_dof_pos_4,action_5,target_dof_pos_5,action_6,target_dof_pos_6,action_7,target_dof_pos_7,action_8,target_dof_pos_8,action_9,target_dof_pos_9,action_10,target_dof_pos_10,action_11,target_dof_pos_11,action_12,target_dof_pos_12,action_13,target_dof_pos_13,action_14,target_dof_pos_14,action_15,target_dof_pos_15,action_16,target_dof_pos_16,action_17,target_dof_pos_17,action_18,target_dof_pos_18,action_19,target_dof_pos_19,action_20,target_dof_pos_20,action_21,target_dof_pos_21,action_22,target_dof_pos_22,action_23,target_dof_pos_23,action_24,target_dof_pos_24,action_25,target_dof_pos_25,action_26,target_dof_pos_26,action_27,target_dof_pos_27,action_28,target_dof_pos_28
0.20407745242118835,-0.04898063838481903,0.2771831452846527,0.06929578632116318,-0.23491749167442322,-0.058729372918605804,0.8990954756736755,0.524773895740509,-0.07429596781730652,-0.21857398748397827,0.5086537599563599,0.12716343998908997,0.12277285009622574,-0.06930679082870483,-0.5265255570411682,-0.13163138926029205,0.1307734251022339,0.03269335627555847,1.0407356023788452,0.5601838827133179,0.9827374219894409,0.04568435251712799,0.568930983543396,0.142232745885849,-0.061997994780540466,-0.015499498695135117,-0.05366358906030655,-0.013415897265076637,-0.5642973184585571,-0.14107432961463928,-0.7720687985420227,-0.19301719963550568,0.1751391440629959,0.1437847912311554,0.07257471978664398,0.11814367771148682,-0.8298434019088745,-0.20746085047721863,0.017884716391563416,-0.1955288201570511,-0.7161505222320557,-0.17903763055801392,-0.32551419734954834,-0.08137854933738708,-0.6842278838157654,-0.17105697095394135,-0.3120143413543701,-0.17800357937812805,-0.4323943853378296,-0.20809859037399292,-0.8767102956771851,-0.21917757391929626,0.022261720150709152,0.2055654376745224,-0.6918097138404846,-0.17295242846012115,0.03553256765007973,0.008883141912519932
0.20407745242118835,-0.04898063838481903,0.2771831452846527,0.06929578632116318,-0.23491749167442322,-0.058729372918605804,0.8990954756736755,0.524773895740509,-0.07429596781730652,-0.21857398748397827,0.5086537599563599,0.12716343998908997,0.12277285009622574,-0.06930679082870483,-0.5265255570411682,-0.13163138926029205,0.1307734251022339,0.03269335627555847,1.0407356023788452,0.5601838827133179,0.9827374219894409,0.04568435251712799,0.568930983543396,0.142232745885849,-0.061997994780540466,-0.015499498695135117,-0.05366358906030655,-0.013415897265076637,-0.5642973184585571,-0.14107432961463928,-0.7720687985420227,-0.19301719963550568,0.1751391440629959,0.1437847912311554,0.07257471978664398,0.11814367771148682,-0.8298434019088745,-0.20746085047721863,0.017884716391563416,-0.1955288201570511,-0.7161505222320557,-0.17903763055801392,-0.32551419734954834,-0.08137854933738708,-0.6842278838157654,-0.17105697095394135,-0.3120143413543701,-0.17800357937812805,-0.4323943853378296,-0.20809859037399292,-0.8767102956771851,-0.21917757391929626,0.022261720150709152,0.2055654376745224,-0.6918097138404846,-0.17295242846012115,0.03553256765007973,0.008883141912519932
0.20407745242118835,-0.04898063838481903,0.2771831452846527,0.06929578632116318,-0.23491749167442322,-0.058729372918605804,0.8990954756736755,0.524773895740509,-0.07429596781730652,-0.21857398748397827,0.5086537599563599,0.12716343998908997,0.12277285009622574,-0.06930679082870483,-0.5265255570411682,-0.13163138926029205,0.1307734251022339,0.03269335627555847,1.0407356023788452,0.5601838827133179,0.9827374219894409,0.04568435251712799,0.568930983543396,0.142232745885849,-0.061997994780540466,-0.015499498695135117,-0.05366358906030655,-0.013415897265076637,-0.5642973184585571,-0.14107432961463928,-0.7720687985420227,-0.19301719963550568,0.1751391440629959,0.1437847912311554,0.07257471978664398,0.11814367771148682,-0.8298434019088745,-0.20746085047721863,0.017884716391563416,-0.1955288201570511,-0.7161505222320557,-0.17903763055801392,-0.32551419734954834,-0.08137854933738708,-0.6842278838157654,-0.17105697095394135,-0.3120143413543701,-0.17800357937812805,-0.4323943853378296,-0.20809859037399292,-0.8767102956771851,-0.21917757391929626,0.022261720150709152,0.2055654376745224,-0.6918097138404846,-0.17295242846012115,0.03553256765007973,0.008883141912519932
0.20407745242118835,-0.04898063838481903,0.2771831452846527,0.06929578632116318,-0.23491749167442322,-0.058729372918605804,0.8990954756736755,0.524773895740509,-0.07429596781730652,-0.21857398748397827,0.5086537599563599,0.12716343998908997,0.12277285009622574,-0.06930679082870483,-0.5265255570411682,-0.13163138926029205,0.1307734251022339,0.03269335627555847,1.0407356023788452,0.5601838827133179,0.9827374219894409,0.04568435251712799,0.568930983543396,0.142232745885849,-0.061997994780540466,-0.015499498695135117,-0.05366358906030655,-0.013415897265076637,-0.5642973184585571,-0.14107432961463928,-0.7720687985420227,-0.19301719963550568,0.1751391440629959,0.1437847912311554,0.07257471978664398,0.11814367771148682,-0.8298434019088745,-0.20746085047721863,0.017884716391563416,-0.1955288201570511,-0.7161505222320557,-0.17903763055801392,-0.32551419734954834,-0.08137854933738708,-0.6842278838157654,-0.17105697095394135,-0.3120143413543701,-0.17800357937812805,-0.4323943853378296,-0.20809859037399292,-0.8767102956771851,-0.21917757391929626,0.022261720150709152,0.2055654376745224,-0.6918097138404846,-0.17295242846012115,0.03553256765007973,0.008883141912519932
0.20407745242118835,-0.04898063838481903,0.2771831452846527,0.06929578632116318,-0.23491749167442322,-0.058729372918605804,0.8990954756736755,0.524773895740509,-0.07429596781730652,-0.21857398748397827,0.5086537599563599,0.12716343998908997,0.12277285009622574,-0.06930679082870483,-0.5265255570411682,-0.13163138926029205,0.1307734251022339,0.03269335627555847,1.0407356023788452,0.5601838827133179,0.9827374219894409,0.04568435251712799,0.568930983543396,0.142232745885849,-0.061997994780540466,-0.015499498695135117,-0.05366358906030655,-0.013415897265076637,-0.5642973184585571,-0.14107432961463928,-0.7720687985420227,-0.19301719963550568,0.1751391440629959,0.1437847912311554,0.07257471978664398,0.11814367771148682,-0.8298434019088745,-0.20746085047721863,0.017884716391563416,-0.1955288201570511,-0.7161505222320557,-0.17903763055801392,-0.32551419734954834,-0.08137854933738708,-0.6842278838157654,-0.17105697095394135,-0.3120143413543701,-0.17800357937812805,-0.4323943853378296,-0.20809859037399292,-0.8767102956771851,-0.21917757391929626,0.022261720150709152,0.2055654376745224,-0.6918097138404846,-0.17295242846012115,0.03553256765007973,0.008883141912519932
0.20407745242118835,-0.04898063838481903,0.2771831452846527,0.06929578632116318,-0.23491749167442322,-0.058729372918605804,0.8990954756736755,0.524773895740509,-0.07429596781730652,-0.21857398748397827,0.5086537599563599,0.12716343998908997,0.12277285009622574,-0.06930679082870483,-0.5265255570411682,-0.13163138926029205,0.1307734251022339,0.03269335627555847,1.0407356023788452,0.5601838827133179,0.9827374219894409,0.04568435251712799,0.568930983543396,0.142232745885849,-0.061997994780540466,-0.015499498695135117,-0.05366358906030655,-0.013415897265076637,-0.5642973184585571,-0.14107432961463928,-0.7720687985420227,-0.19301719963550568,0.1751391440629959,0.1437847912311554,0.07257471978664398,0.11814367771148682,-0.8298434019088745,-0.20746085047721863,0.017884716391563416,-0.1955288201570511,-0.7161505222320557,-0.17903763055801392,-0.32551419734954834,-0.08137854933738708,-0.6842278838157654,-0.17105697095394135,-0.3120143413543701,-0.17800357937812805,-0.4323943853378296,-0.20809859037399292,-0.8767102956771851,-0.21917757391929626,0.022261720150709152,0.2055654376745224,-0.6918097138404846,-0.17295242846012115,0.03553256765007973,0.008883141912519932
0.20407745242118835,-0.04898063838481903,0.2771831452846527,0.06929578632116318,-0.23491749167442322,-0.058729372918605804,0.8990954756736755,0.524773895740509,-0.07429596781730652,-0.21857398748397827,0.5086537599563599,0.12716343998908997,0.12277285009622574,-0.06930679082870483,-0.5265255570411682,-0.13163138926029205,0.1307734251022339,0.03269335627555847,1.0407356023788452,0.5601838827133179,0.9827374219894409,0.04568435251712799,0.568930983543396,0.142232745885849,-0.061997994780540466,-0.015499498695135117,-0.05366358906030655,-0.013415897265076637,-0.5642973184585571,-0.14107432961463928,-0.7720687985420227,-0.19301719963550568,0.1751391440629959,0.1437847912311554,0.07257471978664398,0.11814367771148682,-0.8298434019088745,-0.20746085047721863,0.017884716391563416,-0.1955288201570511,-0.7161505222320557,-0.17903763055801392,-0.32551419734954834,-0.08137854933738708,-0.6842278838157654,-0.17105697095394135,-0.3120143413543701,-0.17800357937812805,-0.4323943853378296,-0.20809859037399292,-0.8767102956771851,-0.21917757391929626,0.022261720150709152,0.2055654376745224,-0.6918097138404846,-0.17295242846012115,0.03553256765007973,0.008883141912519932
0.20407745242118835,-0.04898063838481903,0.2771831452846527,0.06929578632116318,-0.23491749167442322,-0.058729372918605804,0.8990954756736755,0.524773895740509,-0.07429596781730652,-0.21857398748397827,0.5086537599563599,0.12716343998908997,0.12277285009622574,-0.06930679082870483,-0.5265255570411682,-0.13163138926029205,0.1307734251022339,0.03269335627555847,1.0407356023788452,0.5601838827133179,0.9827374219894409,0.04568435251712799,0.568930983543396,0.142232745885849,-0.061997994780540466,-0.015499498695135117,-0.05366358906030655,-0.013415897265076637,-0.5642973184585571,-0.14107432961463928,-0.7720687985420227,-0.19301719963550568,0.1751391440629959,0.1437847912311554,0.07257471978664398,0.11814367771148682,-0.8298434019088745,-0.20746085047721863,0.017884716391563416,-0.1955288201570511,-0.7161505222320557,-0.17903763055801392,-0.32551419734954834,-0.08137854933738708,-0.6842278838157654,-0.17105697095394135,-0.3120143413543701,-0.17800357937812805,-0.4323943853378296,-0.20809859037399292,-0.8767102956771851,-0.21917757391929626,0.022261720150709152,0.2055654376745224,-0.6918097138404846,-0.17295242846012115,0.03553256765007973,0.008883141912519932
0.20407745242118835,-0.04898063838481903,0.2771831452846527,0.06929578632116318,-0.23491749167442322,-0.058729372918605804,0.8990954756736755,0.524773895740509,-0.07429596781730652,-0.21857398748397827,0.5086537599563599,0.12716343998908997,0.12277285009622574,-0.06930679082870483,-0.5265255570411682,-0.13163138926029205,0.1307734251022339,0.03269335627555847,1.0407356023788452,0.5601838827133179,0.9827374219894409,0.04568435251712799,0.568930983543396,0.142232745885849,-0.061997994780540466,-0.015499498695135117,-0.05366358906030655,-0.013415897265076637,-0.5642973184585571,-0.14107432961463928,-0.7720687985420227,-0.19301719963550568,0.1751391440629959,0.1437847912311554,0.07257471978664398,0.11814367771148682,-0.8298434019088745,-0.20746085047721863,0.017884716391563416,-0.1955288201570511,-0.7161505222320557,-0.17903763055801392,-0.32551419734954834,-0.08137854933738708,-0.6842278838157654,-0.17105697095394135,-0.3120143413543701,-0.17800357937812805,-0.4323943853378296,-0.20809859037399292,-0.8767102956771851,-0.21917757391929626,0.022261720150709152,0.2055654376745224,-0.6918097138404846,-0.17295242846012115,0.03553256765007973,0.008883141912519932
0.20407745242118835,-0.04898063838481903,0.2771831452846527,0.06929578632116318,-0.23491749167442322,-0.058729372918605804,0.8990954756736755,0.524773895740509,-0.07429596781730652,-0.21857398748397827,0.5086537599563599,0.12716343998908997,0.12277285009622574,-0.06930679082870483,-0.5265255570411682,-0.13163138926029205,0.1307734251022339,0.03269335627555847,1.0407356023788452,0.5601838827133179,0.9827374219894409,0.04568435251712799,0.568930983543396,0.142232745885849,-0.061997994780540466,-0.015499498695135117,-0.05366358906030655,-0.013415897265076637,-0.5642973184585571,-0.14107432961463928,-0.7720687985420227,-0.19301719963550568,0.1751391440629959,0.1437847912311554,0.07257471978664398,0.11814367771148682,-0.8298434019088745,-0.20746085047721863,0.017884716391563416,-0.1955288201570511,-0.7161505222320557,-0.17903763055801392,-0.32551419734954834,-0.08137854933738708,-0.6842278838157654,-0.17105697095394135,-0.3120143413543701,-0.17800357937812805,-0.4323943853378296,-0.20809859037399292,-0.8767102956771851,-0.21917757391929626,0.022261720150709152,0.2055654376745224,-0.6918097138404846,-0.17295242846012115,0.03553256765007973,0.008883141912519932
0.20407745242118835,-0.04898063838481903,0.2771831452846527,0.06929578632116318,-0.23491749167442322,-0.058729372918605804,0.8990954756736755,0.524773895740509,-0.07429596781730652,-0.21857398748397827,0.5086537599563599,0.12716343998908997,0.12277285009622574,-0.06930679082870483,-0.5265255570411682,-0.13163138926029205,0.1307734251022339,0.03269335627555847,1.0407356023788452,0.5601838827133179,0.9827374219894409,0.04568435251712799,0.568930983543396,0.142232745885849,-0.061997994780540466,-0.015499498695135117,-0.05366358906030655,-0.013415897265076637,-0.5642973184585571,-0.14107432961463928,-0.7720687985420227,-0.19301719963550568,0.1751391440629959,0.1437847912311554,0.07257471978664398,0.11814367771148682,-0.8298434019088745,-0.20746085047721863,0.017884716391563416,-0.1955288201570511,-0.7161505222320557,-0.17903763055801392,-0.32551419734954834,-0.08137854933738708,-0.6842278838157654,-0.17105697095394135,-0.3120143413543701,-0.17800357937812805,-0.4323943853378296,-0.20809859037399292,-0.8767102956771851,-0.21917757391929626,0.022261720150709152,0.2055654376745224,-0.6918097138404846,-0.17295242846012115,0.03553256765007973,0.008883141912519932
0.20407745242118835,-0.04898063838481903,0.2771831452846527,0.06929578632116318,-0.23491749167442322,-0.058729372918605804,0.8990954756736755,0.524773895740509,-0.07429596781730652,-0.21857398748397827,0.5086537599563599,0.12716343998908997,0.12277285009622574,-0.06930679082870483,-0.5265255570411682,-0.13163138926029205,0.1307734251022339,0.03269335627555847,1.0407356023788452,0.5601838827133179,0.9827374219894409,0.04568435251712799,0.568930983543396,0.142232745885849,-0.061997994780540466,-0.015499498695135117,-0.05366358906030655,-0.013415897265076637,-0.5642973184585571,-0.14107432961463928,-0.7720687985420227,-0.19301719963550568,0.1751391440629959,0.1437847912311554,0.07257471978664398,0.11814367771148682,-0.8298434019088745,-0.20746085047721863,0.017884716391563416,-0.1955288201570511,-0.7161505222320557,-0.17903763055801392,-0.32551419734954834,-0.08137854933738708,-0.6842278838157654,-0.17105697095394135,-0.3120143413543701,-0.17800357937812805,-0.4323943853378296,-0.20809859037399292,-0.8767102956771851,-0.21917757391929626,0.022261720150709152,0.2055654376745224,-0.6918097138404846,-0.17295242846012115,0.03553256765007973,0.008883141912519932
0.20407745242118835,-0.04898063838481903,0.2771831452846527,0.06929578632116318,-0.23491749167442322,-0.058729372918605804,0.8990954756736755,0.524773895740509,-0.07429596781730652,-0.21857398748397827,0.5086537599563599,0.12716343998908997,0.12277285009622574,-0.06930679082870483,-0.5265255570411682,-0.13163138926029205,0.1307734251022339,0.03269335627555847,1.0407356023788452,0.5601838827133179,0.9827374219894409,0.04568435251712799,0.568930983543396,0.142232745885849,-0.061997994780540466,-0.015499498695135117,-0.05366358906030655,-0.013415897265076637,-0.5642973184585571,-0.14107432961463928,-0.7720687985420227,-0.19301719963550568,0.1751391440629959,0.1437847912311554,0.07257471978664398,0.11814367771148682,-0.8298434019088745,-0.20746085047721863,0.017884716391563416,-0.1955288201570511,-0.7161505222320557,-0.17903763055801392,-0.32551419734954834,-0.08137854933738708,-0.6842278838157654,-0.17105697095394135,-0.3120143413543701,-0.17800357937812805,-0.4323943853378296,-0.20809859037399292,-0.8767102956771851,-0.21917757391929626,0.022261720150709152,0.2055654376745224,-0.6918097138404846,-0.17295242846012115,0.03553256765007973,0.008883141912519932
0.20407745242118835,-0.04898063838481903,0.2771831452846527,0.06929578632116318,-0.23491749167442322,-0.058729372918605804,0.8990954756736755,0.524773895740509,-0.07429596781730652,-0.21857398748397827,0.5086537599563599,0.12716343998908997,0.12277285009622574,-0.06930679082870483,-0.5265255570411682,-0.13163138926029205,0.1307734251022339,0.03269335627555847,1.0407356023788452,0.5601838827133179,0.9827374219894409,0.04568435251712799,0.568930983543396,0.142232745885849,-0.061997994780540466,-0.015499498695135117,-0.05366358906030655,-0.013415897265076637,-0.5642973184585571,-0.14107432961463928,-0.7720687985420227,-0.19301719963550568,0.1751391440629959,0.1437847912311554,0.07257471978664398,0.11814367771148682,-0.8298434019088745,-0.20746085047721863,0.017884716391563416,-0.1955288201570511,-0.7161505222320557,-0.17903763055801392,-0.32551419734954834,-0.08137854933738708,-0.6842278838157654,-0.17105697095394135,-0.3120143413543701,-0.17800357937812805,-0.4323943853378296,-0.20809859037399292,-0.8767102956771851,-0.21917757391929626,0.022261720150709152,0.2055654376745224,-0.6918097138404846,-0.17295242846012115,0.03553256765007973,0.008883141912519932
0.20407745242118835,-0.04898063838481903,0.2771831452846527,0.06929578632116318,-0.23491749167442322,-0.058729372918605804,0.8990954756736755,0.524773895740509,-0.07429596781730652,-0.21857398748397827,0.5086537599563599,0.12716343998908997,0.12277285009622574,-0.06930679082870483,-0.5265255570411682,-0.13163138926029205,0.1307734251022339,0.03269335627555847,1.0407356023788452,0.5601838827133179,0.9827374219894409,0.04568435251712799,0.568930983543396,0.142232745885849,-0.061997994780540466,-0.015499498695135117,-0.05366358906030655,-0.013415897265076637,-0.5642973184585571,-0.14107432961463928,-0.7720687985420227,-0.19301719963550568,0.1751391440629959,0.1437847912311554,0.07257471978664398,0.11814367771148682,-0.8298434019088745,-0.20746085047721863,0.017884716391563416,-0.1955288201570511,-0.7161505222320557,-0.17903763055801392,-0.32551419734954834,-0.08137854933738708,-0.6842278838157654,-0.17105697095394135,-0.3120143413543701,-0.17800357937812805,-0.4323943853378296,-0.20809859037399292,-0.8767102956771851,-0.21917757391929626,0.022261720150709152,0.2055654376745224,-0.6918097138404846,-0.17295242846012115,0.03553256765007973,0.008883141912519932
0.20407745242118835,-0.04898063838481903,0.2771831452846527,0.06929578632116318,-0.23491749167442322,-0.058729372918605804,0.8990954756736755,0.524773895740509,-0.07429596781730652,-0.21857398748397827,0.5086537599563599,0.12716343998908997,0.12277285009622574,-0.06930679082870483,-0.5265255570411682,-0.13163138926029205,0.1307734251022339,0.03269335627555847,1.0407356023788452,0.5601838827133179,0.9827374219894409,0.04568435251712799,0.568930983543396,0.142232745885849,-0.061997994780540466,-0.015499498695135117,-0.05366358906030655,-0.013415897265076637,-0.5642973184585571,-0.14107432961463928,-0.7720687985420227,-0.19301719963550568,0.1751391440629959,0.1437847912311554,0.07257471978664398,0.11814367771148682,-0.8298434019088745,-0.20746085047721863,0.017884716391563416,-0.1955288201570511,-0.7161505222320557,-0.17903763055801392,-0.32551419734954834,-0.08137854933738708,-0.6842278838157654,-0.17105697095394135,-0.3120143413543701,-0.17800357937812805,-0.4323943853378296,-0.20809859037399292,-0.8767102956771851,-0.21917757391929626,0.022261720150709152,0.2055654376745224,-0.6918097138404846,-0.17295242846012115,0.03553256765007973,0.008883141912519932
0.20407745242118835,-0.04898063838481903,0.2771831452846527,0.06929578632116318,-0.23491749167442322,-0.058729372918605804,0.8990954756736755,0.524773895740509,-0.07429596781730652,-0.21857398748397827,0.5086537599563599,0.12716343998908997,0.12277285009622574,-0.06930679082870483,-0.5265255570411682,-0.13163138926029205,0.1307734251022339,0.03269335627555847,1.0407356023788452,0.5601838827133179,0.9827374219894409,0.04568435251712799,0.568930983543396,0.142232745885849,-0.061997994780540466,-0.015499498695135117,-0.05366358906030655,-0.013415897265076637,-0.5642973184585571,-0.14107432961463928,-0.7720687985420227,-0.19301719963550568,0.1751391440629959,0.1437847912311554,0.07257471978664398,0.11814367771148682,-0.8298434019088745,-0.20746085047721863,0.017884716391563416,-0.1955288201570511,-0.7161505222320557,-0.17903763055801392,-0.32551419734954834,-0.08137854933738708,-0.6842278838157654,-0.17105697095394135,-0.3120143413543701,-0.17800357937812805,-0.4323943853378296,-0.20809859037399292,-0.8767102956771851,-0.21917757391929626,0.022261720150709152,0.2055654376745224,-0.6918097138404846,-0.17295242846012115,0.03553256765007973,0.008883141912519932
-0.08091439306735992,-0.1202286034822464,0.4032095968723297,0.10080239921808243,-0.20172283053398132,-0.05043070763349533,0.9266917705535889,0.5316729545593262,0.20593932271003723,-0.14851516485214233,0.20455661416053772,0.05113915354013443,0.043579213321208954,-0.08910519629716873,-0.5710021257400513,-0.14275053143501282,0.13518239557743073,0.03379559889435768,1.367729663848877,0.6419324278831482,1.2595256567001343,0.11488141119480133,0.07728275656700134,0.019320689141750336,-0.005263444501906633,-0.0013158611254766583,-0.02597084641456604,-0.00649271160364151,-0.4992794394493103,-0.12481985986232758,-0.18265779316425323,-0.04566444829106331,0.2676723897457123,0.1669180989265442,0.08891492336988449,0.12222873419523239,-0.5130524635314941,-0.12826311588287354,-0.03598654270172119,-0.20899663865566254,-0.6545069813728333,-0.1636267453432083,-0.06945520639419556,-0.01736380159854889,-0.4566554129123688,-0.1141638532280922,-0.20412561297416687,-0.15103140473365784,0.018512248992919922,-0.09537193924188614,-0.6206197142601013,-0.15515492856502533,0.019018031656742096,0.2047545164823532,-0.6909433603286743,-0.17273584008216858,0.04444989189505577,0.011112472973763943
-0.08091439306735992,-0.1202286034822464,0.4032095968723297,0.10080239921808243,-0.20172283053398132,-0.05043070763349533,0.9266917705535889,0.5316729545593262,0.20593932271003723,-0.14851516485214233,0.20455661416053772,0.05113915354013443,0.043579213321208954,-0.08910519629716873,-0.5710021257400513,-0.14275053143501282,0.13518239557743073,0.03379559889435768,1.367729663848877,0.6419324278831482,1.2595256567001343,0.11488141119480133,0.07728275656700134,0.019320689141750336,-0.005263444501906633,-0.0013158611254766583,-0.02597084641456604,-0.00649271160364151,-0.4992794394493103,-0.12481985986232758,-0.18265779316425323,-0.04566444829106331,0.2676723897457123,0.1669180989265442,0.08891492336988449,0.12222873419523239,-0.5130524635314941,-0.12826311588287354,-0.03598654270172119,-0.20899663865566254,-0.6545069813728333,-0.1636267453432083,-0.06945520639419556,-0.01736380159854889,-0.4566554129123688,-0.1141638532280922,-0.20412561297416687,-0.15103140473365784,0.018512248992919922,-0.09537193924188614,-0.6206197142601013,-0.15515492856502533,0.019018031656742096,0.2047545164823532,-0.6909433603286743,-0.17273584008216858,0.04444989189505577,0.011112472973763943
-0.08091439306735992,-0.1202286034822464,0.4032095968723297,0.10080239921808243,-0.20172283053398132,-0.05043070763349533,0.9266917705535889,0.5316729545593262,0.20593932271003723,-0.14851516485214233,0.20455661416053772,0.05113915354013443,0.043579213321208954,-0.08910519629716873,-0.5710021257400513,-0.14275053143501282,0.13518239557743073,0.03379559889435768,1.367729663848877,0.6419324278831482,1.2595256567001343,0.11488141119480133,0.07728275656700134,0.019320689141750336,-0.005263444501906633,-0.0013158611254766583,-0.02597084641456604,-0.00649271160364151,-0.4992794394493103,-0.12481985986232758,-0.18265779316425323,-0.04566444829106331,0.2676723897457123,0.1669180989265442,0.08891492336988449,0.12222873419523239,-0.5130524635314941,-0.12826311588287354,-0.03598654270172119,-0.20899663865566254,-0.6545069813728333,-0.1636267453432083,-0.06945520639419556,-0.01736380159854889,-0.4566554129123688,-0.1141638532280922,-0.20412561297416687,-0.15103140473365784,0.018512248992919922,-0.09537193924188614,-0.6206197142601013,-0.15515492856502533,0.019018031656742096,0.2047545164823532,-0.6909433603286743,-0.17273584008216858,0.04444989189505577,0.011112472973763943
-0.08091439306735992,-0.1202286034822464,0.4032095968723297,0.10080239921808243,-0.20172283053398132,-0.05043070763349533,0.9266917705535889,0.5316729545593262,0.20593932271003723,-0.14851516485214233,0.20455661416053772,0.05113915354013443,0.043579213321208954,-0.08910519629716873,-0.5710021257400513,-0.14275053143501282,0.13518239557743073,0.03379559889435768,1.367729663848877,0.6419324278831482,1.2595256567001343,0.11488141119480133,0.07728275656700134,0.019320689141750336,-0.005263444501906633,-0.0013158611254766583,-0.02597084641456604,-0.00649271160364151,-0.4992794394493103,-0.12481985986232758,-0.18265779316425323,-0.04566444829106331,0.2676723897457123,0.1669180989265442,0.08891492336988449,0.12222873419523239,-0.5130524635314941,-0.12826311588287354,-0.03598654270172119,-0.20899663865566254,-0.6545069813728333,-0.1636267453432083,-0.06945520639419556,-0.01736380159854889,-0.4566554129123688,-0.1141638532280922,-0.20412561297416687,-0.15103140473365784,0.018512248992919922,-0.09537193924188614,-0.6206197142601013,-0.15515492856502533,0.019018031656742096,0.2047545164823532,-0.6909433603286743,-0.17273584008216858,0.04444989189505577,0.011112472973763943
-0.08091439306735992,-0.1202286034822464,0.4032095968723297,0.10080239921808243,-0.20172283053398132,-0.05043070763349533,0.9266917705535889,0.5316729545593262,0.20593932271003723,-0.14851516485214233,0.20455661416053772,0.05113915354013443,0.043579213321208954,-0.08910519629716873,-0.5710021257400513,-0.14275053143501282,0.13518239557743073,0.03379559889435768,1.367729663848877,0.6419324278831482,1.2595256567001343,0.11488141119480133,0.07728275656700134,0.019320689141750336,-0.005263444501906633,-0.0013158611254766583,-0.02597084641456604,-0.00649271160364151,-0.4992794394493103,-0.12481985986232758,-0.18265779316425323,-0.04566444829106331,0.2676723897457123,0.1669180989265442,0.08891492336988449,0.12222873419523239,-0.5130524635314941,-0.12826311588287354,-0.03598654270172119,-0.20899663865566254,-0.6545069813728333,-0.1636267453432083,-0.06945520639419556,-0.01736380159854889,-0.4566554129123688,-0.1141638532280922,-0.20412561297416687,-0.15103140473365784,0.018512248992919922,-0.09537193924188614,-0.6206197142601013,-0.15515492856502533,0.019018031656742096,0.2047545164823532,-0.6909433603286743,-0.17273584008216858,0.04444989189505577,0.011112472973763943
-0.08091439306735992,-0.1202286034822464,0.4032095968723297,0.10080239921808243,-0.20172283053398132,-0.05043070763349533,0.9266917705535889,0.5316729545593262,0.20593932271003723,-0.14851516485214233,0.20455661416053772,0.05113915354013443,0.043579213321208954,-0.08910519629716873,-0.5710021257400513,-0.14275053143501282,0.13518239557743073,0.03379559889435768,1.367729663848877,0.6419324278831482,1.2595256567001343,0.11488141119480133,0.07728275656700134,0.019320689141750336,-0.005263444501906633,-0.0013158611254766583,-0.02597084641456604,-0.00649271160364151,-0.4992794394493103,-0.12481985986232758,-0.18265779316425323,-0.04566444829106331,0.2676723897457123,0.1669180989265442,0.08891492336988449,0.12222873419523239,-0.5130524635314941,-0.12826311588287354,-0.03598654270172119,-0.20899663865566254,-0.6545069813728333,-0.1636267453432083,-0.06945520639419556,-0.01736380159854889,-0.4566554129123688,-0.1141638532280922,-0.20412561297416687,-0.15103140473365784,0.018512248992919922,-0.09537193924188614,-0.6206197142601013,-0.15515492856502533,0.019018031656742096,0.2047545164823532,-0.6909433603286743,-0.17273584008216858,0.04444989189505577,0.011112472973763943
-0.08091439306735992,-0.1202286034822464,0.4032095968723297,0.10080239921808243,-0.20172283053398132,-0.05043070763349533,0.9266917705535889,0.5316729545593262,0.20593932271003723,-0.14851516485214233,0.20455661416053772,0.05113915354013443,0.043579213321208954,-0.08910519629716873,-0.5710021257400513,-0.14275053143501282,0.13518239557743073,0.03379559889435768,1.367729663848877,0.6419324278831482,1.2595256567001343,0.11488141119480133,0.07728275656700134,0.019320689141750336,-0.005263444501906633,-0.0013158611254766583,-0.02597084641456604,-0.00649271160364151,-0.4992794394493103,-0.12481985986232758,-0.18265779316425323,-0.04566444829106331,0.2676723897457123,0.1669180989265442,0.08891492336988449,0.12222873419523239,-0.5130524635314941,-0.12826311588287354,-0.03598654270172119,-0.20899663865566254,-0.6545069813728333,-0.1636267453432083,-0.06945520639419556,-0.01736380159854889,-0.4566554129123688,-0.1141638532280922,-0.20412561297416687,-0.15103140473365784,0.018512248992919922,-0.09537193924188614,-0.6206197142601013,-0.15515492856502533,0.019018031656742096,0.2047545164823532,-0.6909433603286743,-0.17273584008216858,0.04444989189505577,0.011112472973763943
-0.08091439306735992,-0.1202286034822464,0.4032095968723297,0.10080239921808243,-0.20172283053398132,-0.05043070763349533,0.9266917705535889,0.5316729545593262,0.20593932271003723,-0.14851516485214233,0.20455661416053772,0.05113915354013443,0.043579213321208954,-0.08910519629716873,-0.5710021257400513,-0.14275053143501282,0.13518239557743073,0.03379559889435768,1.367729663848877,0.6419324278831482,1.2595256567001343,0.11488141119480133,0.07728275656700134,0.019320689141750336,-0.005263444501906633,-0.0013158611254766583,-0.02597084641456604,-0.00649271160364151,-0.4992794394493103,-0.12481985986232758,-0.18265779316425323,-0.04566444829106331,0.2676723897457123,0.1669180989265442,0.08891492336988449,0.12222873419523239,-0.5130524635314941,-0.12826311588287354,-0.03598654270172119,-0.20899663865566254,-0.6545069813728333,-0.1636267453432083,-0.06945520639419556,-0.01736380159854889,-0.4566554129123688,-0.1141638532280922,-0.20412561297416687,-0.15103140473365784,0.018512248992919922,-0.09537193924188614,-0.6206197142601013,-0.15515492856502533,0.019018031656742096,0.2047545164823532,-0.6909433603286743,-0.17273584008216858,0.04444989189505577,0.011112472973763943
-0.08091439306735992,-0.1202286034822464,0.4032095968723297,0.10080239921808243,-0.20172283053398132,-0.05043070763349533,0.9266917705535889,0.5316729545593262,0.20593932271003723,-0.14851516485214233,0.20455661416053772,0.05113915354013443,0.043579213321208954,-0.08910519629716873,-0.5710021257400513,-0.14275053143501282,0.13518239557743073,0.03379559889435768,1.367729663848877,0.6419324278831482,1.2595256567001343,0.11488141119480133,0.07728275656700134,0.019320689141750336,-0.005263444501906633,-0.0013158611254766583,-0.02597084641456604,-0.00649271160364151,-0.4992794394493103,-0.12481985986232758,-0.18265779316425323,-0.04566444829106331,0.2676723897457123,0.1669180989265442,0.08891492336988449,0.12222873419523239,-0.5130524635314941,-0.12826311588287354,-0.03598654270172119,-0.20899663865566254,-0.6545069813728333,-0.1636267453432083,-0.06945520639419556,-0.01736380159854889,-0.4566554129123688,-0.1141638532280922,-0.20412561297416687,-0.15103140473365784,0.018512248992919922,-0.09537193924188614,-0.6206197142601013,-0.15515492856502533,0.019018031656742096,0.2047545164823532,-0.6909433603286743,-0.17273584008216858,0.04444989189505577,0.011112472973763943
-0.08091439306735992,-0.1202286034822464,0.4032095968723297,0.10080239921808243,-0.20172283053398132,-0.05043070763349533,0.9266917705535889,0.5316729545593262,0.20593932271003723,-0.14851516485214233,0.20455661416053772,0.05113915354013443,0.043579213321208954,-0.08910519629716873,-0.5710021257400513,-0.14275053143501282,0.13518239557743073,0.03379559889435768,1.367729663848877,0.6419324278831482,1.2595256567001343,0.11488141119480133,0.07728275656700134,0.019320689141750336,-0.005263444501906633,-0.0013158611254766583,-0.02597084641456604,-0.00649271160364151,-0.4992794394493103,-0.12481985986232758,-0.18265779316425323,-0.04566444829106331,0.2676723897457123,0.1669180989265442,0.08891492336988449,0.12222873419523239,-0.5130524635314941,-0.12826311588287354,-0.03598654270172119,-0.20899663865566254,-0.6545069813728333,-0.1636267453432083,-0.06945520639419556,-0.01736380159854889,-0.4566554129123688,-0.1141638532280922,-0.20412561297416687,-0.15103140473365784,0.018512248992919922,-0.09537193924188614,-0.6206197142601013,-0.15515492856502533,0.019018031656742096,0.2047545164823532,-0.6909433603286743,-0.17273584008216858,0.04444989189505577,0.011112472973763943
-0.08091439306735992,-0.1202286034822464,0.4032095968723297,0.10080239921808243,-0.20172283053398132,-0.05043070763349533,0.9266917705535889,0.5316729545593262,0.20593932271003723,-0.14851516485214233,0.20455661416053772,0.05113915354013443,0.043579213321208954,-0.08910519629716873,-0.5710021257400513,-0.14275053143501282,0.13518239557743073,0.03379559889435768,1.367729663848877,0.6419324278831482,1.2595256567001343,0.11488141119480133,0.07728275656700134,0.019320689141750336,-0.005263444501906633,-0.0013158611254766583,-0.02597084641456604,-0.00649271160364151,-0.4992794394493103,-0.12481985986232758,-0.18265779316425323,-0.04566444829106331,0.2676723897457123,0.1669180989265442,0.08891492336988449,0.12222873419523239,-0.5130524635314941,-0.12826311588287354,-0.03598654270172119,-0.20899663865566254,-0.6545069813728333,-0.1636267453432083,-0.06945520639419556,-0.01736380159854889,-0.4566554129123688,-0.1141638532280922,-0.20412561297416687,-0.15103140473365784,0.018512248992919922,-0.09537193924188614,-0.6206197142601013,-0.15515492856502533,0.019018031656742096,0.2047545164823532,-0.6909433603286743,-0.17273584008216858,0.04444989189505577,0.011112472973763943
-0.08091439306735992,-0.1202286034822464,0.4032095968723297,0.10080239921808243,-0.20172283053398132,-0.05043070763349533,0.9266917705535889,0.5316729545593262,0.20593932271003723,-0.14851516485214233,0.20455661416053772,0.05113915354013443,0.043579213321208954,-0.08910519629716873,-0.5710021257400513,-0.14275053143501282,0.13518239557743073,0.03379559889435768,1.367729663848877,0.6419324278831482,1.2595256567001343,0.11488141119480133,0.07728275656700134,0.019320689141750336,-0.005263444501906633,-0.0013158611254766583,-0.02597084641456604,-0.00649271160364151,-0.4992794394493103,-0.12481985986232758,-0.18265779316425323,-0.04566444829106331,0.2676723897457123,0.1669180989265442,0.08891492336988449,0.12222873419523239,-0.5130524635314941,-0.12826311588287354,-0.03598654270172119,-0.20899663865566254,-0.6545069813728333,-0.1636267453432083,-0.06945520639419556,-0.01736380159854889,-0.4566554129123688,-0.1141638532280922,-0.20412561297416687,-0.15103140473365784,0.018512248992919922,-0.09537193924188614,-0.6206197142601013,-0.15515492856502533,0.019018031656742096,0.2047545164823532,-0.6909433603286743,-0.17273584008216858,0.04444989189505577,0.011112472973763943
-0.08091439306735992,-0.1202286034822464,0.4032095968723297,0.10080239921808243,-0.20172283053398132,-0.05043070763349533,0.9266917705535889,0.5316729545593262,0.20593932271003723,-0.14851516485214233,0.20455661416053772,0.05113915354013443,0.043579213321208954,-0.08910519629716873,-0.5710021257400513,-0.14275053143501282,0.13518239557743073,0.03379559889435768,1.367729663848877,0.6419324278831482,1.2595256567001343,0.11488141119480133,0.07728275656700134,0.019320689141750336,-0.005263444501906633,-0.0013158611254766583,-0.02597084641456604,-0.00649271160364151,-0.4992794394493103,-0.12481985986232758,-0.18265779316425323,-0.04566444829106331,0.2676723897457123,0.1669180989265442,0.08891492336988449,0.12222873419523239,-0.5130524635314941,-0.12826311588287354,-0.03598654270172119,-0.20899663865566254,-0.6545069813728333,-0.1636267453432083,-0.06945520639419556,-0.01736380159854889,-0.4566554129123688,-0.1141638532280922,-0.20412561297416687,-0.15103140473365784,0.018512248992919922,-0.09537193924188614,-0.6206197142601013,-0.15515492856502533,0.019018031656742096,0.2047545164823532,-0.6909433603286743,-0.17273584008216858,0.04444989189505577,0.011112472973763943
-0.08091439306735992,-0.1202286034822464,0.4032095968723297,0.10080239921808243,-0.20172283053398132,-0.05043070763349533,0.9266917705535889,0.5316729545593262,0.20593932271003723,-0.14851516485214233,0.20455661416053772,0.05113915354013443,0.043579213321208954,-0.08910519629716873,-0.5710021257400513,-0.14275053143501282,0.13518239557743073,0.03379559889435768,1.367729663848877,0.6419324278831482,1.2595256567001343,0.11488141119480133,0.07728275656700134,0.019320689141750336,-0.005263444501906633,-0.0013158611254766583,-0.02597084641456604,-0.00649271160364151,-0.4992794394493103,-0.12481985986232758,-0.18265779316425323,-0.04566444829106331,0.2676723897457123,0.1669180989265442,0.08891492336988449,0.12222873419523239,-0.5130524635314941,-0.12826311588287354,-0.03598654270172119,-0.20899663865566254,-0.6545069813728333,-0.1636267453432083,-0.06945520639419556,-0.01736380159854889,-0.4566554129123688,-0.1141638532280922,-0.20412561297416687,-0.15103140473365784,0.018512248992919922,-0.09537193924188614,-0.6206197142601013,-0.15515492856502533,0.019018031656742096,0.2047545164823532,-0.6909433603286743,-0.17273584008216858,0.04444989189505577,0.011112472973763943
-0.08091439306735992,-0.1202286034822464,0.4032095968723297,0.10080239921808243,-0.20172283053398132,-0.05043070763349533,0.9266917705535889,0.5316729545593262,0.20593932271003723,-0.14851516485214233,0.20455661416053772,0.05113915354013443,0.043579213321208954,-0.08910519629716873,-0.5710021257400513,-0.14275053143501282,0.13518239557743073,0.03379559889435768,1.367729663848877,0.6419324278831482,1.2595256567001343,0.11488141119480133,0.07728275656700134,0.019320689141750336,-0.005263444501906633,-0.0013158611254766583,-0.02597084641456604,-0.00649271160364151,-0.4992794394493103,-0.12481985986232758,-0.18265779316425323,-0.04566444829106331,0.2676723897457123,0.1669180989265442,0.08891492336988449,0.12222873419523239,-0.5130524635314941,-0.12826311588287354,-0.03598654270172119,-0.20899663865566254,-0.6545069813728333,-0.1636267453432083,-0.06945520639419556,-0.01736380159854889,-0.4566554129123688,-0.1141638532280922,-0.20412561297416687,-0.15103140473365784,0.018512248992919922,-0.09537193924188614,-0.6206197142601013,-0.15515492856502533,0.019018031656742096,0.2047545164823532,-0.6909433603286743,-0.17273584008216858,0.04444989189505577,0.011112472973763943
-0.08091439306735992,-0.1202286034822464,0.4032095968723297,0.10080239921808243,-0.20172283053398132,-0.05043070763349533,0.9266917705535889,0.5316729545593262,0.20593932271003723,-0.14851516485214233,0.20455661416053772,0.05113915354013443,0.043579213321208954,-0.08910519629716873,-0.5710021257400513,-0.14275053143501282,0.13518239557743073,0.03379559889435768,1.367729663848877,0.6419324278831482,1.2595256567001343,0.11488141119480133,0.07728275656700134,0.019320689141750336,-0.005263444501906633,-0.0013158611254766583,-0.02597084641456604,-0.00649271160364151,-0.4992794394493103,-0.12481985986232758,-0.18265779316425323,-0.04566444829106331,0.2676723897457123,0.1669180989265442,0.08891492336988449,0.12222873419523239,-0.5130524635314941,-0.12826311588287354,-0.03598654270172119,-0.20899663865566254,-0.6545069813728333,-0.1636267453432083,-0.06945520639419556,-0.01736380159854889,-0.4566554129123688,-0.1141638532280922,-0.20412561297416687,-0.15103140473365784,0.018512248992919922,-0.09537193924188614,-0.6206197142601013,-0.15515492856502533,0.019018031656742096,0.2047545164823532,-0.6909433603286743,-0.17273584008216858,0.04444989189505577,0.011112472973763943
-0.08091439306735992,-0.1202286034822464,0.4032095968723297,0.10080239921808243,-0.20172283053398132,-0.05043070763349533,0.9266917705535889,0.5316729545593262,0.20593932271003723,-0.14851516485214233,0.20455661416053772,0.05113915354013443,0.043579213321208954,-0.08910519629716873,-0.5710021257400513,-0.14275053143501282,0.13518239557743073,0.03379559889435768,1.367729663848877,0.6419324278831482,1.2595256567001343,0.11488141119480133,0.07728275656700134,0.019320689141750336,-0.005263444501906633,-0.0013158611254766583,-0.02597084641456604,-0.00649271160364151,-0.4992794394493103,-0.12481985986232758,-0.18265779316425323,-0.04566444829106331,0.2676723897457123,0.1669180989265442,0.08891492336988449,0.12222873419523239,-0.5130524635314941,-0.12826311588287354,-0.03598654270172119,-0.20899663865566254,-0.6545069813728333,-0.1636267453432083,-0.06945520639419556,-0.01736380159854889,-0.4566554129123688,-0.1141638532280922,-0.20412561297416687,-0.15103140473365784,0.018512248992919922,-0.09537193924188614,-0.6206197142601013,-0.15515492856502533,0.019018031656742096,0.2047545164823532,-0.6909433603286743,-0.17273584008216858,0.04444989189505577,0.011112472973763943
-0.06305962800979614,-0.11576490849256516,0.3098962903022766,0.07747407257556915,-0.19538965821266174,-0.048847414553165436,1.1883041858673096,0.5970760583877563,0.05489340424537659,-0.1862766444683075,0.20049434900283813,0.050123587250709534,-0.2519811987876892,-0.16299530863761902,-0.43369823694229126,-0.10842455923557281,0.13599318265914917,0.03399829566478729,1.5562362670898438,0.6890590786933899,1.1182695627212524,0.07956738770008087,-0.07590876519680023,-0.018977191299200058,-0.023819122463464737,-0.005954780615866184,0.0022155269980430603,0.0005538817495107651,-0.47334209084510803,-0.11833552271127701,-0.566985011100769,-0.14174625277519226,0.2888978123664856,0.17222446203231812,0.08131115883588791,0.12032779306173325,-0.6243581771850586,-0.15608954429626465,0.03497747331857681,-0.1912556290626526,-0.553844690322876,-0.138461172580719,-0.22618386149406433,-0.05654596537351608,-0.49593374133110046,-0.12398343533277512,-0.16580191254615784,-0.14145047962665558,-0.22236981987953186,-0.15559245645999908,-0.6181915402412415,-0.15454788506031036,0.026707086712121964,0.20667678117752075,-0.697425127029419,-0.17435628175735474,-0.0019099600613117218,-0.00047749001532793045
-0.06305962800979614,-0.11576490849256516,0.3098962903022766,0.07747407257556915,-0.19538965821266174,-0.048847414553165436,1.1883041858673096,0.5970760583877563,0.05489340424537659,-0.1862766444683075,0.20049434900283813,0.050123587250709534,-0.2519811987876892,-0.16299530863761902,-0.43369823694229126,-0.10842455923557281,0.13599318265914917,0.03399829566478729,1.5562362670898438,0.6890590786933899,1.1182695627212524,0.07956738770008087,-0.07590876519680023,-0.018977191299200058,-0.023819122463464737,-0.005954780615866184,0.0022155269980430603,0.0005538817495107651,-0.47334209084510803,-0.11833552271127701,-0.566985011100769,-0.14174625277519226,0.2888978123664856,0.17222446203231812,0.08131115883588791,0.12032779306173325,-0.6243581771850586,-0.15608954429626465,0.03497747331857681,-0.1912556290626526,-0.553844690322876,-0.138461172580719,-0.22618386149406433,-0.05654596537351608,-0.49593374133110046,-0.12398343533277512,-0.16580191254615784,-0.14145047962665558,-0.22236981987953186,-0.15559245645999908,-0.6181915402412415,-0.15454788506031036,0.026707086712121964,0.20667678117752075,-0.697425127029419,-0.17435628175735474,-0.0019099600613117218,-0.00047749001532793045
-0.06305962800979614,-0.11576490849256516,0.3098962903022766,0.07747407257556915,-0.19538965821266174,-0.048847414553165436,1.1883041858673096,0.5970760583877563,0.05489340424537659,-0.1862766444683075,0.20049434900283813,0.050123587250709534,-0.2519811987876892,-0.16299530863761902,-0.43369823694229126,-0.10842455923557281,0.13599318265914917,0.03399829566478729,1.5562362670898438,0.6890590786933899,1.1182695627212524,0.07956738770008087,-0.07590876519680023,-0.018977191299200058,-0.023819122463464737,-0.005954780615866184,0.0022155269980430603,0.0005538817495107651,-0.47334209084510803,-0.11833552271127701,-0.566985011100769,-0.14174625277519226,0.2888978123664856,0.17222446203231812,0.08131115883588791,0.12032779306173325,-0.6243581771850586,-0.15608954429626465,0.03497747331857681,-0.1912556290626526,-0.553844690322876,-0.138461172580719,-0.22618386149406433,-0.05654596537351608,-0.49593374133110046,-0.12398343533277512,-0.16580191254615784,-0.14145047962665558,-0.22236981987953186,-0.15559245645999908,-0.6181915402412415,-0.15454788506031036,0.026707086712121964,0.20667678117752075,-0.697425127029419,-0.17435628175735474,-0.0019099600613117218,-0.00047749001532793045
-0.06305962800979614,-0.11576490849256516,0.3098962903022766,0.07747407257556915,-0.19538965821266174,-0.048847414553165436,1.1883041858673096,0.5970760583877563,0.05489340424537659,-0.1862766444683075,0.20049434900283813,0.050123587250709534,-0.2519811987876892,-0.16299530863761902,-0.43369823694229126,-0.10842455923557281,0.13599318265914917,0.03399829566478729,1.5562362670898438,0.6890590786933899,1.1182695627212524,0.07956738770008087,-0.07590876519680023,-0.018977191299200058,-0.023819122463464737,-0.005954780615866184,0.0022155269980430603,0.0005538817495107651,-0.47334209084510803,-0.11833552271127701,-0.566985011100769,-0.14174625277519226,0.2888978123664856,0.17222446203231812,0.08131115883588791,0.12032779306173325,-0.6243581771850586,-0.15608954429626465,0.03497747331857681,-0.1912556290626526,-0.553844690322876,-0.138461172580719,-0.22618386149406433,-0.05654596537351608,-0.49593374133110046,-0.12398343533277512,-0.16580191254615784,-0.14145047962665558,-0.22236981987953186,-0.15559245645999908,-0.6181915402412415,-0.15454788506031036,0.026707086712121964,0.20667678117752075,-0.697425127029419,-0.17435628175735474,-0.0019099600613117218,-0.00047749001532793045
-0.06305962800979614,-0.11576490849256516,0.3098962903022766,0.07747407257556915,-0.19538965821266174,-0.048847414553165436,1.1883041858673096,0.5970760583877563,0.05489340424537659,-0.1862766444683075,0.20049434900283813,0.050123587250709534,-0.2519811987876892,-0.16299530863761902,-0.43369823694229126,-0.10842455923557281,0.13599318265914917,0.03399829566478729,1.5562362670898438,0.6890590786933899,1.1182695627212524,0.07956738770008087,-0.07590876519680023,-0.018977191299200058,-0.023819122463464737,-0.005954780615866184,0.0022155269980430603,0.0005538817495107651,-0.47334209084510803,-0.11833552271127701,-0.566985011100769,-0.14174625277519226,0.2888978123664856,0.17222446203231812,0.08131115883588791,0.12032779306173325,-0.6243581771850586,-0.15608954429626465,0.03497747331857681,-0.1912556290626526,-0.553844690322876,-0.138461172580719,-0.22618386149406433,-0.05654596537351608,-0.49593374133110046,-0.12398343533277512,-0.16580191254615784,-0.14145047962665558,-0.22236981987953186,-0.15559245645999908,-0.6181915402412415,-0.15454788506031036,0.026707086712121964,0.20667678117752075,-0.697425127029419,-0.17435628175735474,-0.0019099600613117218,-0.00047749001532793045
-0.06305962800979614,-0.11576490849256516,0.3098962903022766,0.07747407257556915,-0.19538965821266174,-0.048847414553165436,1.1883041858673096,0.5970760583877563,0.05489340424537659,-0.1862766444683075,0.20049434900283813,0.050123587250709534,-0.2519811987876892,-0.16299530863761902,-0.43369823694229126,-0.10842455923557281,0.13599318265914917,0.03399829566478729,1.5562362670898438,0.6890590786933899,1.1182695627212524,0.07956738770008087,-0.07590876519680023,-0.018977191299200058,-0.023819122463464737,-0.005954780615866184,0.0022155269980430603,0.0005538817495107651,-0.47334209084510803,-0.11833552271127701,-0.566985011100769,-0.14174625277519226,0.2888978123664856,0.17222446203231812,0.08131115883588791,0.12032779306173325,-0.6243581771850586,-0.15608954429626465,0.03497747331857681,-0.1912556290626526,-0.553844690322876,-0.138461172580719,-0.22618386149406433,-0.05654596537351608,-0.49593374133110046,-0.12398343533277512,-0.16580191254615784,-0.14145047962665558,-0.22236981987953186,-0.15559245645999908,-0.6181915402412415,-0.15454788506031036,0.026707086712121964,0.20667678117752075,-0.697425127029419,-0.17435628175735474,-0.0019099600613117218,-0.00047749001532793045
-0.06305962800979614,-0.11576490849256516,0.3098962903022766,0.07747407257556915,-0.19538965821266174,-0.048847414553165436,1.1883041858673096,0.5970760583877563,0.05489340424537659,-0.1862766444683075,0.20049434900283813,0.050123587250709534,-0.2519811987876892,-0.16299530863761902,-0.43369823694229126,-0.10842455923557281,0.13599318265914917,0.03399829566478729,1.5562362670898438,0.6890590786933899,1.1182695627212524,0.07956738770008087,-0.07590876519680023,-0.018977191299200058,-0.023819122463464737,-0.005954780615866184,0.0022155269980430603,0.0005538817495107651,-0.47334209084510803,-0.11833552271127701,-0.566985011100769,-0.14174625277519226,0.2888978123664856,0.17222446203231812,0.08131115883588791,0.12032779306173325,-0.6243581771850586,-0.15608954429626465,0.03497747331857681,-0.1912556290626526,-0.553844690322876,-0.138461172580719,-0.22618386149406433,-0.05654596537351608,-0.49593374133110046,-0.12398343533277512,-0.16580191254615784,-0.14145047962665558,-0.22236981987953186,-0.15559245645999908,-0.6181915402412415,-0.15454788506031036,0.026707086712121964,0.20667678117752075,-0.697425127029419,-0.17435628175735474,-0.0019099600613117218,-0.00047749001532793045
-0.06305962800979614,-0.11576490849256516,0.3098962903022766,0.07747407257556915,-0.19538965821266174,-0.048847414553165436,1.1883041858673096,0.5970760583877563,0.05489340424537659,-0.1862766444683075,0.20049434900283813,0.050123587250709534,-0.2519811987876892,-0.16299530863761902,-0.43369823694229126,-0.10842455923557281,0.13599318265914917,0.03399829566478729,1.5562362670898438,0.6890590786933899,1.1182695627212524,0.07956738770008087,-0.07590876519680023,-0.018977191299200058,-0.023819122463464737,-0.005954780615866184,0.0022155269980430603,0.0005538817495107651,-0.47334209084510803,-0.11833552271127701,-0.566985011100769,-0.14174625277519226,0.2888978123664856,0.17222446203231812,0.08131115883588791,0.12032779306173325,-0.6243581771850586,-0.15608954429626465,0.03497747331857681,-0.1912556290626526,-0.553844690322876,-0.138461172580719,-0.22618386149406433,-0.05654596537351608,-0.49593374133110046,-0.12398343533277512,-0.16580191254615784,-0.14145047962665558,-0.22236981987953186,-0.15559245645999908,-0.6181915402412415,-0.15454788506031036,0.026707086712121964,0.20667678117752075,-0.697425127029419,-0.17435628175735474,-0.0019099600613117218,-0.00047749001532793045
-0.06305962800979614,-0.11576490849256516,0.3098962903022766,0.07747407257556915,-0.19538965821266174,-0.048847414553165436,1.1883041858673096,0.5970760583877563,0.05489340424537659,-0.1862766444683075,0.20049434900283813,0.050123587250709534,-0.2519811987876892,-0.16299530863761902,-0.43369823694229126,-0.10842455923557281,0.13599318265914917,0.03399829566478729,1.5562362670898438,0.6890590786933899,1.1182695627212524,0.07956738770008087,-0.07590876519680023,-0.018977191299200058,-0.023819122463464737,-0.005954780615866184,0.0022155269980430603,0.0005538817495107651,-0.47334209084510803,-0.11833552271127701,-0.566985011100769,-0.14174625277519226,0.2888978123664856,0.17222446203231812,0.08131115883588791,0.12032779306173325,-0.6243581771850586,-0.15608954429626465,0.03497747331857681,-0.1912556290626526,-0.553844690322876,-0.138461172580719,-0.22618386149406433,-0.05654596537351608,-0.49593374133110046,-0.12398343533277512,-0.16580191254615784,-0.14145047962665558,-0.22236981987953186,-0.15559245645999908,-0.6181915402412415,-0.15454788506031036,0.026707086712121964,0.20667678117752075,-0.697425127029419,-0.17435628175735474,-0.0019099600613117218,-0.00047749001532793045
-0.06305962800979614,-0.11576490849256516,0.3098962903022766,0.07747407257556915,-0.19538965821266174,-0.048847414553165436,1.1883041858673096,0.5970760583877563,0.05489340424537659,-0.1862766444683075,0.20049434900283813,0.050123587250709534,-0.2519811987876892,-0.16299530863761902,-0.43369823694229126,-0.10842455923557281,0.13599318265914917,0.03399829566478729,1.5562362670898438,0.6890590786933899,1.1182695627212524,0.07956738770008087,-0.07590876519680023,-0.018977191299200058,-0.023819122463464737,-0.005954780615866184,0.0022155269980430603,0.0005538817495107651,-0.47334209084510803,-0.11833552271127701,-0.566985011100769,-0.14174625277519226,0.2888978123664856,0.17222446203231812,0.08131115883588791,0.12032779306173325,-0.6243581771850586,-0.15608954429626465,0.03497747331857681,-0.1912556290626526,-0.553844690322876,-0.138461172580719,-0.22618386149406433,-0.05654596537351608,-0.49593374133110046,-0.12398343533277512,-0.16580191254615784,-0.14145047962665558,-0.22236981987953186,-0.15559245645999908,-0.6181915402412415,-0.15454788506031036,0.026707086712121964,0.20667678117752075,-0.697425127029419,-0.17435628175735474,-0.0019099600613117218,-0.00047749001532793045
-0.06305962800979614,-0.11576490849256516,0.3098962903022766,0.07747407257556915,-0.19538965821266174,-0.048847414553165436,1.1883041858673096,0.5970760583877563,0.05489340424537659,-0.1862766444683075,0.20049434900283813,0.050123587250709534,-0.2519811987876892,-0.16299530863761902,-0.43369823694229126,-0.10842455923557281,0.13599318265914917,0.03399829566478729,1.5562362670898438,0.6890590786933899,1.1182695627212524,0.07956738770008087,-0.07590876519680023,-0.018977191299200058,-0.023819122463464737,-0.005954780615866184,0.0022155269980430603,0.0005538817495107651,-0.47334209084510803,-0.11833552271127701,-0.566985011100769,-0.14174625277519226,0.2888978123664856,0.17222446203231812,0.08131115883588791,0.12032779306173325,-0.6243581771850586,-0.15608954429626465,0.03497747331857681,-0.1912556290626526,-0.553844690322876,-0.138461172580719,-0.22618386149406433,-0.05654596537351608,-0.49593374133110046,-0.12398343533277512,-0.16580191254615784,-0.14145047962665558,-0.22236981987953186,-0.15559245645999908,-0.6181915402412415,-0.15454788506031036,0.026707086712121964,0.20667678117752075,-0.697425127029419,-0.17435628175735474,-0.0019099600613117218,-0.00047749001532793045
-0.06305962800979614,-0.11576490849256516,0.3098962903022766,0.07747407257556915,-0.19538965821266174,-0.048847414553165436,1.1883041858673096,0.5970760583877563,0.05489340424537659,-0.1862766444683075,0.20049434900283813,0.050123587250709534,-0.2519811987876892,-0.16299530863761902,-0.43369823694229126,-0.10842455923557281,0.13599318265914917,0.03399829566478729,1.5562362670898438,0.6890590786933899,1.1182695627212524,0.07956738770008087,-0.07590876519680023,-0.018977191299200058,-0.023819122463464737,-0.005954780615866184,0.0022155269980430603,0.0005538817495107651,-0.47334209084510803,-0.11833552271127701,-0.566985011100769,-0.14174625277519226,0.2888978123664856,0.17222446203231812,0.08131115883588791,0.12032779306173325,-0.6243581771850586,-0.15608954429626465,0.03497747331857681,-0.1912556290626526,-0.553844690322876,-0.138461172580719,-0.22618386149406433,-0.05654596537351608,-0.49593374133110046,-0.12398343533277512,-0.16580191254615784,-0.14145047962665558,-0.22236981987953186,-0.15559245645999908,-0.6181915402412415,-0.15454788506031036,0.026707086712121964,0.20667678117752075,-0.697425127029419,-0.17435628175735474,-0.0019099600613117218,-0.00047749001532793045
-0.06305962800979614,-0.11576490849256516,0.3098962903022766,0.07747407257556915,-0.19538965821266174,-0.048847414553165436,1.1883041858673096,0.5970760583877563,0.05489340424537659,-0.1862766444683075,0.20049434900283813,0.050123587250709534,-0.2519811987876892,-0.16299530863761902,-0.43369823694229126,-0.10842455923557281,0.13599318265914917,0.03399829566478729,1.5562362670898438,0.6890590786933899,1.1182695627212524,0.07956738770008087,-0.07590876519680023,-0.018977191299200058,-0.023819122463464737,-0.005954780615866184,0.0022155269980430603,0.0005538817495107651,-0.47334209084510803,-0.11833552271127701,-0.566985011100769,-0.14174625277519226,0.2888978123664856,0.17222446203231812,0.08131115883588791,0.12032779306173325,-0.6243581771850586,-0.15608954429626465,0.03497747331857681,-0.1912556290626526,-0.553844690322876,-0.138461172580719,-0.22618386149406433,-0.05654596537351608,-0.49593374133110046,-0.12398343533277512,-0.16580191254615784,-0.14145047962665558,-0.22236981987953186,-0.15559245645999908,-0.6181915402412415,-0.15454788506031036,0.026707086712121964,0.20667678117752075,-0.697425127029419,-0.17435628175735474,-0.0019099600613117218,-0.00047749001532793045
-0.06305962800979614,-0.11576490849256516,0.3098962903022766,0.07747407257556915,-0.19538965821266174,-0.048847414553165436,1.1883041858673096,0.5970760583877563,0.05489340424537659,-0.1862766444683075,0.20049434900283813,0.050123587250709534,-0.2519811987876892,-0.16299530863761902,-0.43369823694229126,-0.10842455923557281,0.13599318265914917,0.03399829566478729,1.5562362670898438,0.6890590786933899,1.1182695627212524,0.07956738770008087,-0.07590876519680023,-0.018977191299200058,-0.023819122463464737,-0.005954780615866184,0.0022155269980430603,0.0005538817495107651,-0.47334209084510803,-0.11833552271127701,-0.566985011100769,-0.14174625277519226,0.2888978123664856,0.17222446203231812,0.08131115883588791,0.12032779306173325,-0.6243581771850586,-0.15608954429626465,0.03497747331857681,-0.1912556290626526,-0.553844690322876,-0.138461172580719,-0.22618386149406433,-0.05654596537351608,-0.49593374133110046,-0.12398343533277512,-0.16580191254615784,-0.14145047962665558,-0.22236981987953186,-0.15559245645999908,-0.6181915402412415,-0.15454788506031036,0.026707086712121964,0.20667678117752075,-0.697425127029419,-0.17435628175735474,-0.0019099600613117218,-0.00047749001532793045
-0.06305962800979614,-0.11576490849256516,0.3098962903022766,0.07747407257556915,-0.19538965821266174,-0.048847414553165436,1.1883041858673096,0.5970760583877563,0.05489340424537659,-0.1862766444683075,0.20049434900283813,0.050123587250709534,-0.2519811987876892,-0.16299530863761902,-0.43369823694229126,-0.10842455923557281,0.13599318265914917,0.03399829566478729,1.5562362670898438,0.6890590786933899,1.1182695627212524,0.07956738770008087,-0.07590876519680023,-0.018977191299200058,-0.023819122463464737,-0.005954780615866184,0.0022155269980430603,0.0005538817495107651,-0.47334209084510803,-0.11833552271127701,-0.566985011100769,-0.14174625277519226,0.2888978123664856,0.17222446203231812,0.08131115883588791,0.12032779306173325,-0.6243581771850586,-0.15608954429626465,0.03497747331857681,-0.1912556290626526,-0.553844690322876,-0.138461172580719,-0.22618386149406433,-0.05654596537351608,-0.49593374133110046,-0.12398343533277512,-0.16580191254615784,-0.14145047962665558,-0.22236981987953186,-0.15559245645999908,-0.6181915402412415,-0.15454788506031036,0.026707086712121964,0.20667678117752075,-0.697425127029419,-0.17435628175735474,-0.0019099600613117218,-0.00047749001532793045
-0.06305962800979614,-0.11576490849256516,0.3098962903022766,0.07747407257556915,-0.19538965821266174,-0.048847414553165436,1.1883041858673096,0.5970760583877563,0.05489340424537659,-0.1862766444683075,0.20049434900283813,0.050123587250709534,-0.2519811987876892,-0.16299530863761902,-0.43369823694229126,-0.10842455923557281,0.13599318265914917,0.03399829566478729,1.5562362670898438,0.6890590786933899,1.1182695627212524,0.07956738770008087,-0.07590876519680023,-0.018977191299200058,-0.023819122463464737,-0.005954780615866184,0.0022155269980430603,0.0005538817495107651,-0.47334209084510803,-0.11833552271127701,-0.566985011100769,-0.14174625277519226,0.2888978123664856,0.17222446203231812,0.08131115883588791,0.12032779306173325,-0.6243581771850586,-0.15608954429626465,0.03497747331857681,-0.1912556290626526,-0.553844690322876,-0.138461172580719,-0.22618386149406433,-0.05654596537351608,-0.49593374133110046,-0.12398343533277512,-0.16580191254615784,-0.14145047962665558,-0.22236981987953186,-0.15559245645999908,-0.6181915402412415,-0.15454788506031036,0.026707086712121964,0.20667678117752075,-0.697425127029419,-0.17435628175735474,-0.0019099600613117218,-0.00047749001532793045
-0.06305962800979614,-0.11576490849256516,0.3098962903022766,0.07747407257556915,-0.19538965821266174,-0.048847414553165436,1.1883041858673096,0.5970760583877563,0.05489340424537659,-0.1862766444683075,0.20049434900283813,0.050123587250709534,-0.2519811987876892,-0.16299530863761902,-0.43369823694229126,-0.10842455923557281,0.13599318265914917,0.03399829566478729,1.5562362670898438,0.6890590786933899,1.1182695627212524,0.07956738770008087,-0.07590876519680023,-0.018977191299200058,-0.023819122463464737,-0.005954780615866184,0.0022155269980430603,0.0005538817495107651,-0.47334209084510803,-0.11833552271127701,-0.566985011100769,-0.14174625277519226,0.2888978123664856,0.17222446203231812,0.08131115883588791,0.12032779306173325,-0.6243581771850586,-0.15608954429626465,0.03497747331857681,-0.1912556290626526,-0.553844690322876,-0.138461172580719,-0.22618386149406433,-0.05654596537351608,-0.49593374133110046,-0.12398343533277512,-0.16580191254615784,-0.14145047962665558,-0.22236981987953186,-0.15559245645999908,-0.6181915402412415,-0.15454788506031036,0.026707086712121964,0.20667678117752075,-0.697425127029419,-0.17435628175735474,-0.0019099600613117218,-0.00047749001532793045
-0.1719082146883011,-0.1429770588874817,0.2608995735645294,0.06522489339113235,-0.1392172873020172,-0.0348043218255043,1.3768210411071777,0.6442052721977234,-0.09437409043312073,-0.22359353303909302,0.1810675859451294,0.04526689648628235,-0.5234079957008362,-0.23085200786590576,-0.37660008668899536,-0.09415002167224884,0.11922293901443481,0.029805734753608704,1.769787073135376,0.742446780204773,0.9254415035247803,0.03136037290096283,-0.15513941645622253,-0.038784854114055634,-0.015338871628046036,-0.003834717907011509,0.007828008383512497,0.0019570020958781242,-0.45066818594932556,-0.11266704648733139,-0.364729642868042,-0.0911824107170105,0.25623229146003723,0.16405807435512543,0.07086793333292007,0.11771698296070099,-0.5558609962463379,-0.13896524906158447,0.007688857614994049,-0.19807778298854828,-0.6074127554893494,-0.15185318887233734,0.059399086982011795,0.014849771745502949,-0.5161293745040894,-0.12903234362602234,-0.222429096698761,-0.15560728311538696,0.03549594059586525,-0.09112601727247238,-0.6176038980484009,-0.15440097451210022,0.016796663403511047,0.2041991651058197,-0.7095109224319458,-0.17737773060798645,0.12481045722961426,0.031202614307403564
-0.1719082146883011,-0.1429770588874817,0.2608995735645294,0.06522489339113235,-0.1392172873020172,-0.0348043218255043,1.3768210411071777,0.6442052721977234,-0.09437409043312073,-0.22359353303909302,0.1810675859451294,0.04526689648628235,-0.5234079957008362,-0.23085200786590576,-0.37660008668899536,-0.09415002167224884,0.11922293901443481,0.029805734753608704,1.769787073135376,0.742446780204773,0.9254415035247803,0.03136037290096283,-0.15513941645622253,-0.038784854114055634,-0.015338871628046036,-0.003834717907011509,0.007828008383512497,0.0019570020958781242,-0.45066818594932556,-0.11266704648733139,-0.364729642868042,-0.0911824107170105,0.25623229146003723,0.16405807435512543,0.07086793333292007,0.11771698296070099,-0.5558609962463379,-0.13896524906158447,0.007688857614994049,-0.19807778298854828,-0.6074127554893494,-0.15185318887233734,0.059399086982011795,0.014849771745502949,-0.5161293745040894,-0.12903234362602234,-0.222429096698761,-0.15560728311538696,0.03549594059586525,-0.09112601727247238,-0.6176038980484009,-0.15440097451210022,0.016796663403511047,0.2041991651058197,-0.7095109224319458,-0.17737773060798645,0.12481045722961426,0.031202614307403564
-0.1719082146883011,-0.1429770588874817,0.2608995735645294,0.06522489339113235,-0.1392172873020172,-0.0348043218255043,1.3768210411071777,0.6442052721977234,-0.09437409043312073,-0.22359353303909302,0.1810675859451294,0.04526689648628235,-0.5234079957008362,-0.23085200786590576,-0.37660008668899536,-0.09415002167224884,0.11922293901443481,0.029805734753608704,1.769787073135376,0.742446780204773,0.9254415035247803,0.03136037290096283,-0.15513941645622253,-0.038784854114055634,-0.015338871628046036,-0.003834717907011509,0.007828008383512497,0.0019570020958781242,-0.45066818594932556,-0.11266704648733139,-0.364729642868042,-0.0911824107170105,0.25623229146003723,0.16405807435512543,0.07086793333292007,0.11771698296070099,-0.5558609962463379,-0.13896524906158447,0.007688857614994049,-0.19807778298854828,-0.6074127554893494,-0.15185318887233734,0.059399086982011795,0.014849771745502949,-0.5161293745040894,-0.12903234362602234,-0.222429096698761,-0.15560728311538696,0.03549594059586525,-0.09112601727247238,-0.6176038980484009,-0.15440097451210022,0.016796663403511047,0.2041991651058197,-0.7095109224319458,-0.17737773060798645,0.12481045722961426,0.031202614307403564
-0.1719082146883011,-0.1429770588874817,0.2608995735645294,0.06522489339113235,-0.1392172873020172,-0.0348043218255043,1.3768210411071777,0.6442052721977234,-0.09437409043312073,-0.22359353303909302,0.1810675859451294,0.04526689648628235,-0.5234079957008362,-0.23085200786590576,-0.37660008668899536,-0.09415002167224884,0.11922293901443481,0.029805734753608704,1.769787073135376,0.742446780204773,0.9254415035247803,0.03136037290096283,-0.15513941645622253,-0.038784854114055634,-0.015338871628046036,-0.003834717907011509,0.007828008383512497,0.0019570020958781242,-0.45066818594932556,-0.11266704648733139,-0.364729642868042,-0.0911824107170105,0.25623229146003723,0.16405807435512543,0.07086793333292007,0.11771698296070099,-0.5558609962463379,-0.13896524906158447,0.007688857614994049,-0.19807778298854828,-0.6074127554893494,-0.15185318887233734,0.059399086982011795,0.014849771745502949,-0.5161293745040894,-0.12903234362602234,-0.222429096698761,-0.15560728311538696,0.03549594059586525,-0.09112601727247238,-0.6176038980484009,-0.15440097451210022,0.016796663403511047,0.2041991651058197,-0.7095109224319458,-0.17737773060798645,0.12481045722961426,0.031202614307403564
-0.1719082146883011,-0.1429770588874817,0.2608995735645294,0.06522489339113235,-0.1392172873020172,-0.0348043218255043,1.3768210411071777,0.6442052721977234,-0.09437409043312073,-0.22359353303909302,0.1810675859451294,0.04526689648628235,-0.5234079957008362,-0.23085200786590576,-0.37660008668899536,-0.09415002167224884,0.11922293901443481,0.029805734753608704,1.769787073135376,0.742446780204773,0.9254415035247803,0.03136037290096283,-0.15513941645622253,-0.038784854114055634,-0.015338871628046036,-0.003834717907011509,0.007828008383512497,0.0019570020958781242,-0.45066818594932556,-0.11266704648733139,-0.364729642868042,-0.0911824107170105,0.25623229146003723,0.16405807435512543,0.07086793333292007,0.11771698296070099,-0.5558609962463379,-0.13896524906158447,0.007688857614994049,-0.19807778298854828,-0.6074127554893494,-0.15185318887233734,0.059399086982011795,0.014849771745502949,-0.5161293745040894,-0.12903234362602234,-0.222429096698761,-0.15560728311538696,0.03549594059586525,-0.09112601727247238,-0.6176038980484009,-0.15440097451210022,0.016796663403511047,0.2041991651058197,-0.7095109224319458,-0.17737773060798645,0.12481045722961426,0.031202614307403564
-0.1719082146883011,-0.1429770588874817,0.2608995735645294,0.06522489339113235,-0.1392172873020172,-0.0348043218255043,1.3768210411071777,0.6442052721977234,-0.09437409043312073,-0.22359353303909302,0.1810675859451294,0.04526689648628235,-0.5234079957008362,-0.23085200786590576,-0.37660008668899536,-0.09415002167224884,0.11922293901443481,0.029805734753608704,1.769787073135376,0.742446780204773,0.9254415035247803,0.03136037290096283,-0.15513941645622253,-0.038784854114055634,-0.015338871628046036,-0.003834717907011509,0.007828008383512497,0.0019570020958781242,-0.45066818594932556,-0.11266704648733139,-0.364729642868042,-0.0911824107170105,0.25623229146003723,0.16405807435512543,0.07086793333292007,0.11771698296070099,-0.5558609962463379,-0.13896524906158447,0.007688857614994049,-0.19807778298854828,-0.6074127554893494,-0.15185318887233734,0.059399086982011795,0.014849771745502949,-0.5161293745040894,-0.12903234362602234,-0.222429096698761,-0.15560728311538696,0.03549594059586525,-0.09112601727247238,-0.6176038980484009,-0.15440097451210022,0.016796663403511047,0.2041991651058197,-0.7095109224319458,-0.17737773060798645,0.12481045722961426,0.031202614307403564
-0.1719082146883011,-0.1429770588874817,0.2608995735645294,0.06522489339113235,-0.1392172873020172,-0.0348043218255043,1.3768210411071777,0.6442052721977234,-0.09437409043312073,-0.22359353303909302,0.1810675859451294,0.04526689648628235,-0.5234079957008362,-0.23085200786590576,-0.37660008668899536,-0.09415002167224884,0.11922293901443481,0.029805734753608704,1.769787073135376,0.742446780204773,0.9254415035247803,0.03136037290096283,-0.15513941645622253,-0.038784854114055634,-0.015338871628046036,-0.003834717907011509,0.007828008383512497,0.0019570020958781242,-0.45066818594932556,-0.11266704648733139,-0.364729642868042,-0.0911824107170105,0.25623229146003723,0.16405807435512543,0.07086793333292007,0.11771698296070099,-0.5558609962463379,-0.13896524906158447,0.007688857614994049,-0.19807778298854828,-0.6074127554893494,-0.15185318887233734,0.059399086982011795,0.014849771745502949,-0.5161293745040894,-0.12903234362602234,-0.222429096698761,-0.15560728311538696,0.03549594059586525,-0.09112601727247238,-0.6176038980484009,-0.15440097451210022,0.016796663403511047,0.2041991651058197,-0.7095109224319458,-0.17737773060798645,0.12481045722961426,0.031202614307403564
-0.1719082146883011,-0.1429770588874817,0.2608995735645294,0.06522489339113235,-0.1392172873020172,-0.0348043218255043,1.3768210411071777,0.6442052721977234,-0.09437409043312073,-0.22359353303909302,0.1810675859451294,0.04526689648628235,-0.5234079957008362,-0.23085200786590576,-0.37660008668899536,-0.09415002167224884,0.11922293901443481,0.029805734753608704,1.769787073135376,0.742446780204773,0.9254415035247803,0.03136037290096283,-0.15513941645622253,-0.038784854114055634,-0.015338871628046036,-0.003834717907011509,0.007828008383512497,0.0019570020958781242,-0.45066818594932556,-0.11266704648733139,-0.364729642868042,-0.0911824107170105,0.25623229146003723,0.16405807435512543,0.07086793333292007,0.11771698296070099,-0.5558609962463379,-0.13896524906158447,0.007688857614994049,-0.19807778298854828,-0.6074127554893494,-0.15185318887233734,0.059399086982011795,0.014849771745502949,-0.5161293745040894,-0.12903234362602234,-0.222429096698761,-0.15560728311538696,0.03549594059586525,-0.09112601727247238,-0.6176038980484009,-0.15440097451210022,0.016796663403511047,0.2041991651058197,-0.7095109224319458,-0.17737773060798645,0.12481045722961426,0.031202614307403564
-0.1719082146883011,-0.1429770588874817,0.2608995735645294,0.06522489339113235,-0.1392172873020172,-0.0348043218255043,1.3768210411071777,0.6442052721977234,-0.09437409043312073,-0.22359353303909302,0.1810675859451294,0.04526689648628235,-0.5234079957008362,-0.23085200786590576,-0.37660008668899536,-0.09415002167224884,0.11922293901443481,0.029805734753608704,1.769787073135376,0.742446780204773,0.9254415035247803,0.03136037290096283,-0.15513941645622253,-0.038784854114055634,-0.015338871628046036,-0.003834717907011509,0.007828008383512497,0.0019570020958781242,-0.45066818594932556,-0.11266704648733139,-0.364729642868042,-0.0911824107170105,0.25623229146003723,0.16405807435512543,0.07086793333292007,0.11771698296070099,-0.5558609962463379,-0.13896524906158447,0.007688857614994049,-0.19807778298854828,-0.6074127554893494,-0.15185318887233734,0.059399086982011795,0.014849771745502949,-0.5161293745040894,-0.12903234362602234,-0.222429096698761,-0.15560728311538696,0.03549594059586525,-0.09112601727247238,-0.6176038980484009,-0.15440097451210022,0.016796663403511047,0.2041991651058197,-0.7095109224319458,-0.17737773060798645,0.12481045722961426,0.031202614307403564
-0.1719082146883011,-0.1429770588874817,0.2608995735645294,0.06522489339113235,-0.1392172873020172,-0.0348043218255043,1.3768210411071777,0.6442052721977234,-0.09437409043312073,-0.22359353303909302,0.1810675859451294,0.04526689648628235,-0.5234079957008362,-0.23085200786590576,-0.37660008668899536,-0.09415002167224884,0.11922293901443481,0.029805734753608704,1.769787073135376,0.742446780204773,0.9254415035247803,0.03136037290096283,-0.15513941645622253,-0.038784854114055634,-0.015338871628046036,-0.003834717907011509,0.007828008383512497,0.0019570020958781242,-0.45066818594932556,-0.11266704648733139,-0.364729642868042,-0.0911824107170105,0.25623229146003723,0.16405807435512543,0.07086793333292007,0.11771698296070099,-0.5558609962463379,-0.13896524906158447,0.007688857614994049,-0.19807778298854828,-0.6074127554893494,-0.15185318887233734,0.059399086982011795,0.014849771745502949,-0.5161293745040894,-0.12903234362602234,-0.222429096698761,-0.15560728311538696,0.03549594059586525,-0.09112601727247238,-0.6176038980484009,-0.15440097451210022,0.016796663403511047,0.2041991651058197,-0.7095109224319458,-0.17737773060798645,0.12481045722961426,0.031202614307403564
-0.1719082146883011,-0.1429770588874817,0.2608995735645294,0.06522489339113235,-0.1392172873020172,-0.0348043218255043,1.3768210411071777,0.6442052721977234,-0.09437409043312073,-0.22359353303909302,0.1810675859451294,0.04526689648628235,-0.5234079957008362,-0.23085200786590576,-0.37660008668899536,-0.09415002167224884,0.11922293901443481,0.029805734753608704,1.769787073135376,0.742446780204773,0.9254415035247803,0.03136037290096283,-0.15513941645622253,-0.038784854114055634,-0.015338871628046036,-0.003834717907011509,0.007828008383512497,0.0019570020958781242,-0.45066818594932556,-0.11266704648733139,-0.364729642868042,-0.0911824107170105,0.25623229146003723,0.16405807435512543,0.07086793333292007,0.11771698296070099,-0.5558609962463379,-0.13896524906158447,0.007688857614994049,-0.19807778298854828,-0.6074127554893494,-0.15185318887233734,0.059399086982011795,0.014849771745502949,-0.5161293745040894,-0.12903234362602234,-0.222429096698761,-0.15560728311538696,0.03549594059586525,-0.09112601727247238,-0.6176038980484009,-0.15440097451210022,0.016796663403511047,0.2041991651058197,-0.7095109224319458,-0.17737773060798645,0.12481045722961426,0.031202614307403564
-0.1719082146883011,-0.1429770588874817,0.2608995735645294,0.06522489339113235,-0.1392172873020172,-0.0348043218255043,1.3768210411071777,0.6442052721977234,-0.09437409043312073,-0.22359353303909302,0.1810675859451294,0.04526689648628235,-0.5234079957008362,-0.23085200786590576,-0.37660008668899536,-0.09415002167224884,0.11922293901443481,0.029805734753608704,1.769787073135376,0.742446780204773,0.9254415035247803,0.03136037290096283,-0.15513941645622253,-0.038784854114055634,-0.015338871628046036,-0.003834717907011509,0.007828008383512497,0.0019570020958781242,-0.45066818594932556,-0.11266704648733139,-0.364729642868042,-0.0911824107170105,0.25623229146003723,0.16405807435512543,0.07086793333292007,0.11771698296070099,-0.5558609962463379,-0.13896524906158447,0.007688857614994049,-0.19807778298854828,-0.6074127554893494,-0.15185318887233734,0.059399086982011795,0.014849771745502949,-0.5161293745040894,-0.12903234362602234,-0.222429096698761,-0.15560728311538696,0.03549594059586525,-0.09112601727247238,-0.6176038980484009,-0.15440097451210022,0.016796663403511047,0.2041991651058197,-0.7095109224319458,-0.17737773060798645,0.12481045722961426,0.031202614307403564
-0.1719082146883011,-0.1429770588874817,0.2608995735645294,0.06522489339113235,-0.1392172873020172,-0.0348043218255043,1.3768210411071777,0.6442052721977234,-0.09437409043312073,-0.22359353303909302,0.1810675859451294,0.04526689648628235,-0.5234079957008362,-0.23085200786590576,-0.37660008668899536,-0.09415002167224884,0.11922293901443481,0.029805734753608704,1.769787073135376,0.742446780204773,0.9254415035247803,0.03136037290096283,-0.15513941645622253,-0.038784854114055634,-0.015338871628046036,-0.003834717907011509,0.007828008383512497,0.0019570020958781242,-0.45066818594932556,-0.11266704648733139,-0.364729642868042,-0.0911824107170105,0.25623229146003723,0.16405807435512543,0.07086793333292007,0.11771698296070099,-0.5558609962463379,-0.13896524906158447,0.007688857614994049,-0.19807778298854828,-0.6074127554893494,-0.15185318887233734,0.059399086982011795,0.014849771745502949,-0.5161293745040894,-0.12903234362602234,-0.222429096698761,-0.15560728311538696,0.03549594059586525,-0.09112601727247238,-0.6176038980484009,-0.15440097451210022,0.016796663403511047,0.2041991651058197,-0.7095109224319458,-0.17737773060798645,0.12481045722961426,0.031202614307403564
-0.1719082146883011,-0.1429770588874817,0.2608995735645294,0.06522489339113235,-0.1392172873020172,-0.0348043218255043,1.3768210411071777,0.6442052721977234,-0.09437409043312073,-0.22359353303909302,0.1810675859451294,0.04526689648628235,-0.5234079957008362,-0.23085200786590576,-0.37660008668899536,-0.09415002167224884,0.11922293901443481,0.029805734753608704,1.769787073135376,0.742446780204773,0.9254415035247803,0.03136037290096283,-0.15513941645622253,-0.038784854114055634,-0.015338871628046036,-0.003834717907011509,0.007828008383512497,0.0019570020958781242,-0.45066818594932556,-0.11266704648733139,-0.364729642868042,-0.0911824107170105,0.25623229146003723,0.16405807435512543,0.07086793333292007,0.11771698296070099,-0.5558609962463379,-0.13896524906158447,0.007688857614994049,-0.19807778298854828,-0.6074127554893494,-0.15185318887233734,0.059399086982011795,0.014849771745502949,-0.5161293745040894,-0.12903234362602234,-0.222429096698761,-0.15560728311538696,0.03549594059586525,-0.09112601727247238,-0.6176038980484009,-0.15440097451210022,0.016796663403511047,0.2041991651058197,-0.7095109224319458,-0.17737773060798645,0.12481045722961426,0.031202614307403564
-0.1719082146883011,-0.1429770588874817,0.2608995735645294,0.06522489339113235,-0.1392172873020172,-0.0348043218255043,1.3768210411071777,0.6442052721977234,-0.09437409043312073,-0.22359353303909302,0.1810675859451294,0.04526689648628235,-0.5234079957008362,-0.23085200786590576,-0.37660008668899536,-0.09415002167224884,0.11922293901443481,0.029805734753608704,1.769787073135376,0.742446780204773,0.9254415035247803,0.03136037290096283,-0.15513941645622253,-0.038784854114055634,-0.015338871628046036,-0.003834717907011509,0.007828008383512497,0.0019570020958781242,-0.45066818594932556,-0.11266704648733139,-0.364729642868042,-0.0911824107170105,0.25623229146003723,0.16405807435512543,0.07086793333292007,0.11771698296070099,-0.5558609962463379,-0.13896524906158447,0.007688857614994049,-0.19807778298854828,-0.6074127554893494,-0.15185318887233734,0.059399086982011795,0.014849771745502949,-0.5161293745040894,-0.12903234362602234,-0.222429096698761,-0.15560728311538696,0.03549594059586525,-0.09112601727247238,-0.6176038980484009,-0.15440097451210022,0.016796663403511047,0.2041991651058197,-0.7095109224319458,-0.17737773060798645,0.12481045722961426,0.031202614307403564
-0.1719082146883011,-0.1429770588874817,0.2608995735645294,0.06522489339113235,-0.1392172873020172,-0.0348043218255043,1.3768210411071777,0.6442052721977234,-0.09437409043312073,-0.22359353303909302,0.1810675859451294,0.04526689648628235,-0.5234079957008362,-0.23085200786590576,-0.37660008668899536,-0.09415002167224884,0.11922293901443481,0.029805734753608704,1.769787073135376,0.742446780204773,0.9254415035247803,0.03136037290096283,-0.15513941645622253,-0.038784854114055634,-0.015338871628046036,-0.003834717907011509,0.007828008383512497,0.0019570020958781242,-0.45066818594932556,-0.11266704648733139,-0.364729642868042,-0.0911824107170105,0.25623229146003723,0.16405807435512543,0.07086793333292007,0.11771698296070099,-0.5558609962463379,-0.13896524906158447,0.007688857614994049,-0.19807778298854828,-0.6074127554893494,-0.15185318887233734,0.059399086982011795,0.014849771745502949,-0.5161293745040894,-0.12903234362602234,-0.222429096698761,-0.15560728311538696,0.03549594059586525,-0.09112601727247238,-0.6176038980484009,-0.15440097451210022,0.016796663403511047,0.2041991651058197,-0.7095109224319458,-0.17737773060798645,0.12481045722961426,0.031202614307403564
-0.1719082146883011,-0.1429770588874817,0.2608995735645294,0.06522489339113235,-0.1392172873020172,-0.0348043218255043,1.3768210411071777,0.6442052721977234,-0.09437409043312073,-0.22359353303909302,0.1810675859451294,0.04526689648628235,-0.5234079957008362,-0.23085200786590576,-0.37660008668899536,-0.09415002167224884,0.11922293901443481,0.029805734753608704,1.769787073135376,0.742446780204773,0.9254415035247803,0.03136037290096283,-0.15513941645622253,-0.038784854114055634,-0.015338871628046036,-0.003834717907011509,0.007828008383512497,0.0019570020958781242,-0.45066818594932556,-0.11266704648733139,-0.364729642868042,-0.0911824107170105,0.25623229146003723,0.16405807435512543,0.07086793333292007,0.11771698296070099,-0.5558609962463379,-0.13896524906158447,0.007688857614994049,-0.19807778298854828,-0.6074127554893494,-0.15185318887233734,0.059399086982011795,0.014849771745502949,-0.5161293745040894,-0.12903234362602234,-0.222429096698761,-0.15560728311538696,0.03549594059586525,-0.09112601727247238,-0.6176038980484009,-0.15440097451210022,0.016796663403511047,0.2041991651058197,-0.7095109224319458,-0.17737773060798645,0.12481045722961426,0.031202614307403564
-0.2680681049823761,-0.16701702773571014,0.19666384160518646,0.049165960401296616,-0.134601891040802,-0.0336504727602005,1.5747289657592773,0.6936822533607483,-0.13754138350486755,-0.23438534140586853,0.2401416003704071,0.060035400092601776,-0.704884946346283,-0.27622124552726746,-0.3446521759033203,-0.08616304397583008,0.13446244597434998,0.033615611493587494,1.9249792098999023,0.7812448143959045,0.7726115584373474,-0.006847113370895386,-0.09018081426620483,-0.02254520356655121,-0.019613690674304962,-0.0049034226685762405,0.03503068909049034,0.008757672272622585,-0.36299142241477966,-0.09074785560369492,-0.551568865776062,-0.1378922164440155,0.25223231315612793,0.1630580723285675,0.06260915845632553,0.11565229296684265,-0.5569101572036743,-0.13922753930091858,0.07032046467065811,-0.18241988122463226,-0.5041525363922119,-0.12603813409805298,-0.18978700041770935,-0.04744675010442734,-0.47314563393592834,-0.11828640848398209,-0.16485843062400818,-0.14121460914611816,-0.14789174497127533,-0.13697293400764465,-0.5546857118606567,-0.13867142796516418,0.023592866957187653,0.2058982253074646,-0.7182677984237671,-0.17956694960594177,0.05348203703761101,0.013370509259402752
-0.2680681049823761,-0.16701702773571014,0.19666384160518646,0.049165960401296616,-0.134601891040802,-0.0336504727602005,1.5747289657592773,0.6936822533607483,-0.13754138350486755,-0.23438534140586853,0.2401416003704071,0.060035400092601776,-0.704884946346283,-0.27622124552726746,-0.3446521759033203,-0.08616304397583008,0.13446244597434998,0.033615611493587494,1.9249792098999023,0.7812448143959045,0.7726115584373474,-0.006847113370895386,-0.09018081426620483,-0.02254520356655121,-0.019613690674304962,-0.0049034226685762405,0.03503068909049034,0.008757672272622585,-0.36299142241477966,-0.09074785560369492,-0.551568865776062,-0.1378922164440155,0.25223231315612793,0.1630580723285675,0.06260915845632553,0.11565229296684265,-0.5569101572036743,-0.13922753930091858,0.07032046467065811,-0.18241988122463226,-0.5041525363922119,-0.12603813409805298,-0.18978700041770935,-0.04744675010442734,-0.47314563393592834,-0.11828640848398209,-0.16485843062400818,-0.14121460914611816,-0.14789174497127533,-0.13697293400764465,-0.5546857118606567,-0.13867142796516418,0.023592866957187653,0.2058982253074646,-0.7182677984237671,-0.17956694960594177,0.05348203703761101,0.013370509259402752
-0.2680681049823761,-0.16701702773571014,0.19666384160518646,0.049165960401296616,-0.134601891040802,-0.0336504727602005,1.5747289657592773,0.6936822533607483,-0.13754138350486755,-0.23438534140586853,0.2401416003704071,0.060035400092601776,-0.704884946346283,-0.27622124552726746,-0.3446521759033203,-0.08616304397583008,0.13446244597434998,0.033615611493587494,1.9249792098999023,0.7812448143959045,0.7726115584373474,-0.006847113370895386,-0.09018081426620483,-0.02254520356655121,-0.019613690674304962,-0.0049034226685762405,0.03503068909049034,0.008757672272622585,-0.36299142241477966,-0.09074785560369492,-0.551568865776062,-0.1378922164440155,0.25223231315612793,0.1630580723285675,0.06260915845632553,0.11565229296684265,-0.5569101572036743,-0.13922753930091858,0.07032046467065811,-0.18241988122463226,-0.5041525363922119,-0.12603813409805298,-0.18978700041770935,-0.04744675010442734,-0.47314563393592834,-0.11828640848398209,-0.16485843062400818,-0.14121460914611816,-0.14789174497127533,-0.13697293400764465,-0.5546857118606567,-0.13867142796516418,0.023592866957187653,0.2058982253074646,-0.7182677984237671,-0.17956694960594177,0.05348203703761101,0.013370509259402752
-0.2680681049823761,-0.16701702773571014,0.19666384160518646,0.049165960401296616,-0.134601891040802,-0.0336504727602005,1.5747289657592773,0.6936822533607483,-0.13754138350486755,-0.23438534140586853,0.2401416003704071,0.060035400092601776,-0.704884946346283,-0.27622124552726746,-0.3446521759033203,-0.08616304397583008,0.13446244597434998,0.033615611493587494,1.9249792098999023,0.7812448143959045,0.7726115584373474,-0.006847113370895386,-0.09018081426620483,-0.02254520356655121,-0.019613690674304962,-0.0049034226685762405,0.03503068909049034,0.008757672272622585,-0.36299142241477966,-0.09074785560369492,-0.551568865776062,-0.1378922164440155,0.25223231315612793,0.1630580723285675,0.06260915845632553,0.11565229296684265,-0.5569101572036743,-0.13922753930091858,0.07032046467065811,-0.18241988122463226,-0.5041525363922119,-0.12603813409805298,-0.18978700041770935,-0.04744675010442734,-0.47314563393592834,-0.11828640848398209,-0.16485843062400818,-0.14121460914611816,-0.14789174497127533,-0.13697293400764465,-0.5546857118606567,-0.13867142796516418,0.023592866957187653,0.2058982253074646,-0.7182677984237671,-0.17956694960594177,0.05348203703761101,0.013370509259402752
-0.2680681049823761,-0.16701702773571014,0.19666384160518646,0.049165960401296616,-0.134601891040802,-0.0336504727602005,1.5747289657592773,0.6936822533607483,-0.13754138350486755,-0.23438534140586853,0.2401416003704071,0.060035400092601776,-0.704884946346283,-0.27622124552726746,-0.3446521759033203,-0.08616304397583008,0.13446244597434998,0.033615611493587494,1.9249792098999023,0.7812448143959045,0.7726115584373474,-0.006847113370895386,-0.09018081426620483,-0.02254520356655121,-0.019613690674304962,-0.0049034226685762405,0.03503068909049034,0.008757672272622585,-0.36299142241477966,-0.09074785560369492,-0.551568865776062,-0.1378922164440155,0.25223231315612793,0.1630580723285675,0.06260915845632553,0.11565229296684265,-0.5569101572036743,-0.13922753930091858,0.07032046467065811,-0.18241988122463226,-0.5041525363922119,-0.12603813409805298,-0.18978700041770935,-0.04744675010442734,-0.47314563393592834,-0.11828640848398209,-0.16485843062400818,-0.14121460914611816,-0.14789174497127533,-0.13697293400764465,-0.5546857118606567,-0.13867142796516418,0.023592866957187653,0.2058982253074646,-0.7182677984237671,-0.17956694960594177,0.05348203703761101,0.013370509259402752
-0.2680681049823761,-0.16701702773571014,0.19666384160518646,0.049165960401296616,-0.134601891040802,-0.0336504727602005,1.5747289657592773,0.6936822533607483,-0.13754138350486755,-0.23438534140586853,0.2401416003704071,0.060035400092601776,-0.704884946346283,-0.27622124552726746,-0.3446521759033203,-0.08616304397583008,0.13446244597434998,0.033615611493587494,1.9249792098999023,0.7812448143959045,0.7726115584373474,-0.006847113370895386,-0.09018081426620483,-0.02254520356655121,-0.019613690674304962,-0.0049034226685762405,0.03503068909049034,0.008757672272622585,-0.36299142241477966,-0.09074785560369492,-0.551568865776062,-0.1378922164440155,0.25223231315612793,0.1630580723285675,0.06260915845632553,0.11565229296684265,-0.5569101572036743,-0.13922753930091858,0.07032046467065811,-0.18241988122463226,-0.5041525363922119,-0.12603813409805298,-0.18978700041770935,-0.04744675010442734,-0.47314563393592834,-0.11828640848398209,-0.16485843062400818,-0.14121460914611816,-0.14789174497127533,-0.13697293400764465,-0.5546857118606567,-0.13867142796516418,0.023592866957187653,0.2058982253074646,-0.7182677984237671,-0.17956694960594177,0.05348203703761101,0.013370509259402752
-0.2680681049823761,-0.16701702773571014,0.19666384160518646,0.049165960401296616,-0.134601891040802,-0.0336504727602005,1.5747289657592773,0.6936822533607483,-0.13754138350486755,-0.23438534140586853,0.2401416003704071,0.060035400092601776,-0.704884946346283,-0.27622124552726746,-0.3446521759033203,-0.08616304397583008,0.13446244597434998,0.033615611493587494,1.9249792098999023,0.7812448143959045,0.7726115584373474,-0.006847113370895386,-0.09018081426620483,-0.02254520356655121,-0.019613690674304962,-0.0049034226685762405,0.03503068909049034,0.008757672272622585,-0.36299142241477966,-0.09074785560369492,-0.551568865776062,-0.1378922164440155,0.25223231315612793,0.1630580723285675,0.06260915845632553,0.11565229296684265,-0.5569101572036743,-0.13922753930091858,0.07032046467065811,-0.18241988122463226,-0.5041525363922119,-0.12603813409805298,-0.18978700041770935,-0.04744675010442734,-0.47314563393592834,-0.11828640848398209,-0.16485843062400818,-0.14121460914611816,-0.14789174497127533,-0.13697293400764465,-0.5546857118606567,-0.13867142796516418,0.023592866957187653,0.2058982253074646,-0.7182677984237671,-0.17956694960594177,0.05348203703761101,0.013370509259402752
-0.2680681049823761,-0.16701702773571014,0.19666384160518646,0.049165960401296616,-0.134601891040802,-0.0336504727602005,1.5747289657592773,0.6936822533607483,-0.13754138350486755,-0.23438534140586853,0.2401416003704071,0.060035400092601776,-0.704884946346283,-0.27622124552726746,-0.3446521759033203,-0.08616304397583008,0.13446244597434998,0.033615611493587494,1.9249792098999023,0.7812448143959045,0.7726115584373474,-0.006847113370895386,-0.09018081426620483,-0.02254520356655121,-0.019613690674304962,-0.0049034226685762405,0.03503068909049034,0.008757672272622585,-0.36299142241477966,-0.09074785560369492,-0.551568865776062,-0.1378922164440155,0.25223231315612793,0.1630580723285675,0.06260915845632553,0.11565229296684265,-0.5569101572036743,-0.13922753930091858,0.07032046467065811,-0.18241988122463226,-0.5041525363922119,-0.12603813409805298,-0.18978700041770935,-0.04744675010442734,-0.47314563393592834,-0.11828640848398209,-0.16485843062400818,-0.14121460914611816,-0.14789174497127533,-0.13697293400764465,-0.5546857118606567,-0.13867142796516418,0.023592866957187653,0.2058982253074646,-0.7182677984237671,-0.17956694960594177,0.05348203703761101,0.013370509259402752
-0.2680681049823761,-0.16701702773571014,0.19666384160518646,0.049165960401296616,-0.134601891040802,-0.0336504727602005,1.5747289657592773,0.6936822533607483,-0.13754138350486755,-0.23438534140586853,0.2401416003704071,0.060035400092601776,-0.704884946346283,-0.27622124552726746,-0.3446521759033203,-0.08616304397583008,0.13446244597434998,0.033615611493587494,1.9249792098999023,0.7812448143959045,0.7726115584373474,-0.006847113370895386,-0.09018081426620483,-0.02254520356655121,-0.019613690674304962,-0.0049034226685762405,0.03503068909049034,0.008757672272622585,-0.36299142241477966,-0.09074785560369492,-0.551568865776062,-0.1378922164440155,0.25223231315612793,0.1630580723285675,0.06260915845632553,0.11565229296684265,-0.5569101572036743,-0.13922753930091858,0.07032046467065811,-0.18241988122463226,-0.5041525363922119,-0.12603813409805298,-0.18978700041770935,-0.04744675010442734,-0.47314563393592834,-0.11828640848398209,-0.16485843062400818,-0.14121460914611816,-0.14789174497127533,-0.13697293400764465,-0.5546857118606567,-0.13867142796516418,0.023592866957187653,0.2058982253074646,-0.7182677984237671,-0.17956694960594177,0.05348203703761101,0.013370509259402752
-0.2680681049823761,-0.16701702773571014,0.19666384160518646,0.049165960401296616,-0.134601891040802,-0.0336504727602005,1.5747289657592773,0.6936822533607483,-0.13754138350486755,-0.23438534140586853,0.2401416003704071,0.060035400092601776,-0.704884946346283,-0.27622124552726746,-0.3446521759033203,-0.08616304397583008,0.13446244597434998,0.033615611493587494,1.9249792098999023,0.7812448143959045,0.7726115584373474,-0.006847113370895386,-0.09018081426620483,-0.02254520356655121,-0.019613690674304962,-0.0049034226685762405,0.03503068909049034,0.008757672272622585,-0.36299142241477966,-0.09074785560369492,-0.551568865776062,-0.1378922164440155,0.25223231315612793,0.1630580723285675,0.06260915845632553,0.11565229296684265,-0.5569101572036743,-0.13922753930091858,0.07032046467065811,-0.18241988122463226,-0.5041525363922119,-0.12603813409805298,-0.18978700041770935,-0.04744675010442734,-0.47314563393592834,-0.11828640848398209,-0.16485843062400818,-0.14121460914611816,-0.14789174497127533,-0.13697293400764465,-0.5546857118606567,-0.13867142796516418,0.023592866957187653,0.2058982253074646,-0.7182677984237671,-0.17956694960594177,0.05348203703761101,0.013370509259402752
-0.2680681049823761,-0.16701702773571014,0.19666384160518646,0.049165960401296616,-0.134601891040802,-0.0336504727602005,1.5747289657592773,0.6936822533607483,-0.13754138350486755,-0.23438534140586853,0.2401416003704071,0.060035400092601776,-0.704884946346283,-0.27622124552726746,-0.3446521759033203,-0.08616304397583008,0.13446244597434998,0.033615611493587494,1.9249792098999023,0.7812448143959045,0.7726115584373474,-0.006847113370895386,-0.09018081426620483,-0.02254520356655121,-0.019613690674304962,-0.0049034226685762405,0.03503068909049034,0.008757672272622585,-0.36299142241477966,-0.09074785560369492,-0.551568865776062,-0.1378922164440155,0.25223231315612793,0.1630580723285675,0.06260915845632553,0.11565229296684265,-0.5569101572036743,-0.13922753930091858,0.07032046467065811,-0.18241988122463226,-0.5041525363922119,-0.12603813409805298,-0.18978700041770935,-0.04744675010442734,-0.47314563393592834,-0.11828640848398209,-0.16485843062400818,-0.14121460914611816,-0.14789174497127533,-0.13697293400764465,-0.5546857118606567,-0.13867142796516418,0.023592866957187653,0.2058982253074646,-0.7182677984237671,-0.17956694960594177,0.05348203703761101,0.013370509259402752
-0.2680681049823761,-0.16701702773571014,0.19666384160518646,0.049165960401296616,-0.134601891040802,-0.0336504727602005,1.5747289657592773,0.6936822533607483,-0.13754138350486755,-0.23438534140586853,0.2401416003704071,0.060035400092601776,-0.704884946346283,-0.27622124552726746,-0.3446521759033203,-0.08616304397583008,0.13446244597434998,0.033615611493587494,1.9249792098999023,0.7812448143959045,0.7726115584373474,-0.006847113370895386,-0.09018081426620483,-0.02254520356655121,-0.019613690674304962,-0.0049034226685762405,0.03503068909049034,0.008757672272622585,-0.36299142241477966,-0.09074785560369492,-0.551568865776062,-0.1378922164440155,0.25223231315612793,0.1630580723285675,0.06260915845632553,0.11565229296684265,-0.5569101572036743,-0.13922753930091858,0.07032046467065811,-0.18241988122463226,-0.5041525363922119,-0.12603813409805298,-0.18978700041770935,-0.04744675010442734,-0.47314563393592834,-0.11828640848398209,-0.16485843062400818,-0.14121460914611816,-0.14789174497127533,-0.13697293400764465,-0.5546857118606567,-0.13867142796516418,0.023592866957187653,0.2058982253074646,-0.7182677984237671,-0.17956694960594177,0.05348203703761101,0.013370509259402752
-0.2680681049823761,-0.16701702773571014,0.19666384160518646,0.049165960401296616,-0.134601891040802,-0.0336504727602005,1.5747289657592773,0.6936822533607483,-0.13754138350486755,-0.23438534140586853,0.2401416003704071,0.060035400092601776,-0.704884946346283,-0.27622124552726746,-0.3446521759033203,-0.08616304397583008,0.13446244597434998,0.033615611493587494,1.9249792098999023,0.7812448143959045,0.7726115584373474,-0.006847113370895386,-0.09018081426620483,-0.02254520356655121,-0.019613690674304962,-0.0049034226685762405,0.03503068909049034,0.008757672272622585,-0.36299142241477966,-0.09074785560369492,-0.551568865776062,-0.1378922164440155,0.25223231315612793,0.1630580723285675,0.06260915845632553,0.11565229296684265,-0.5569101572036743,-0.13922753930091858,0.07032046467065811,-0.18241988122463226,-0.5041525363922119,-0.12603813409805298,-0.18978700041770935,-0.04744675010442734,-0.47314563393592834,-0.11828640848398209,-0.16485843062400818,-0.14121460914611816,-0.14789174497127533,-0.13697293400764465,-0.5546857118606567,-0.13867142796516418,0.023592866957187653,0.2058982253074646,-0.7182677984237671,-0.17956694960594177,0.05348203703761101,0.013370509259402752
-0.2680681049823761,-0.16701702773571014,0.19666384160518646,0.049165960401296616,-0.134601891040802,-0.0336504727602005,1.5747289657592773,0.6936822533607483,-0.13754138350486755,-0.23438534140586853,0.2401416003704071,0.060035400092601776,-0.704884946346283,-0.27622124552726746,-0.3446521759033203,-0.08616304397583008,0.13446244597434998,0.033615611493587494,1.9249792098999023,0.7812448143959045,0.7726115584373474,-0.006847113370895386,-0.09018081426620483,-0.02254520356655121,-0.019613690674304962,-0.0049034226685762405,0.03503068909049034,0.008757672272622585,-0.36299142241477966,-0.09074785560369492,-0.551568865776062,-0.1378922164440155,0.25223231315612793,0.1630580723285675,0.06260915845632553,0.11565229296684265,-0.5569101572036743,-0.13922753930091858,0.07032046467065811,-0.18241988122463226,-0.5041525363922119,-0.12603813409805298,-0.18978700041770935,-0.04744675010442734,-0.47314563393592834,-0.11828640848398209,-0.16485843062400818,-0.14121460914611816,-0.14789174497127533,-0.13697293400764465,-0.5546857118606567,-0.13867142796516418,0.023592866957187653,0.2058982253074646,-0.7182677984237671,-0.17956694960594177,0.05348203703761101,0.013370509259402752
-0.2680681049823761,-0.16701702773571014,0.19666384160518646,0.049165960401296616,-0.134601891040802,-0.0336504727602005,1.5747289657592773,0.6936822533607483,-0.13754138350486755,-0.23438534140586853,0.2401416003704071,0.060035400092601776,-0.704884946346283,-0.27622124552726746,-0.3446521759033203,-0.08616304397583008,0.13446244597434998,0.033615611493587494,1.9249792098999023,0.7812448143959045,0.7726115584373474,-0.006847113370895386,-0.09018081426620483,-0.02254520356655121,-0.019613690674304962,-0.0049034226685762405,0.03503068909049034,0.008757672272622585,-0.36299142241477966,-0.09074785560369492,-0.551568865776062,-0.1378922164440155,0.25223231315612793,0.1630580723285675,0.06260915845632553,0.11565229296684265,-0.5569101572036743,-0.13922753930091858,0.07032046467065811,-0.18241988122463226,-0.5041525363922119,-0.12603813409805298,-0.18978700041770935,-0.04744675010442734,-0.47314563393592834,-0.11828640848398209,-0.16485843062400818,-0.14121460914611816,-0.14789174497127533,-0.13697293400764465,-0.5546857118606567,-0.13867142796516418,0.023592866957187653,0.2058982253074646,-0.7182677984237671,-0.17956694960594177,0.05348203703761101,0.013370509259402752
-0.2680681049823761,-0.16701702773571014,0.19666384160518646,0.049165960401296616,-0.134601891040802,-0.0336504727602005,1.5747289657592773,0.6936822533607483,-0.13754138350486755,-0.23438534140586853,0.2401416003704071,0.060035400092601776,-0.704884946346283,-0.27622124552726746,-0.3446521759033203,-0.08616304397583008,0.13446244597434998,0.033615611493587494,1.9249792098999023,0.7812448143959045,0.7726115584373474,-0.006847113370895386,-0.09018081426620483,-0.02254520356655121,-0.019613690674304962,-0.0049034226685762405,0.03503068909049034,0.008757672272622585,-0.36299142241477966,-0.09074785560369492,-0.551568865776062,-0.1378922164440155,0.25223231315612793,0.1630580723285675,0.06260915845632553,0.11565229296684265,-0.5569101572036743,-0.13922753930091858,0.07032046467065811,-0.18241988122463226,-0.5041525363922119,-0.12603813409805298,-0.18978700041770935,-0.04744675010442734,-0.47314563393592834,-0.11828640848398209,-0.16485843062400818,-0.14121460914611816,-0.14789174497127533,-0.13697293400764465,-0.5546857118606567,-0.13867142796516418,0.023592866957187653,0.2058982253074646,-0.7182677984237671,-0.17956694960594177,0.05348203703761101,0.013370509259402752
-0.2680681049823761,-0.16701702773571014,0.19666384160518646,0.049165960401296616,-0.134601891040802,-0.0336504727602005,1.5747289657592773,0.6936822533607483,-0.13754138350486755,-0.23438534140586853,0.2401416003704071,0.060035400092601776,-0.704884946346283,-0.27622124552726746,-0.3446521759033203,-0.08616304397583008,0.13446244597434998,0.033615611493587494,1.9249792098999023,0.7812448143959045,0.7726115584373474,-0.006847113370895386,-0.09018081426620483,-0.02254520356655121,-0.019613690674304962,-0.0049034226685762405,0.03503068909049034,0.008757672272622585,-0.36299142241477966,-0.09074785560369492,-0.551568865776062,-0.1378922164440155,0.25223231315612793,0.1630580723285675,0.06260915845632553,0.11565229296684265,-0.5569101572036743,-0.13922753930091858,0.07032046467065811,-0.18241988122463226,-0.5041525363922119,-0.12603813409805298,-0.18978700041770935,-0.04744675010442734,-0.47314563393592834,-0.11828640848398209,-0.16485843062400818,-0.14121460914611816,-0.14789174497127533,-0.13697293400764465,-0.5546857118606567,-0.13867142796516418,0.023592866957187653,0.2058982253074646,-0.7182677984237671,-0.17956694960594177,0.05348203703761101,0.013370509259402752
-0.3352162837982178,-0.18380406498908997,0.17473167181015015,0.04368291795253754,-0.08322422951459885,-0.02080605737864971,1.7341094017028809,0.7335273623466492,-0.16218151152133942,-0.2405453771352768,0.22676870226860046,0.056692175567150116,-0.799065351486206,-0.29976633191108704,-0.291867733001709,-0.07296693325042725,0.11150766909122467,0.027876917272806168,2.101388454437256,0.8253471255302429,0.662906289100647,-0.034273430705070496,-0.12913352251052856,-0.03228338062763214,-0.01640145853161812,-0.00410036463290453,0.023865751922130585,0.005966437980532646,-0.3369346559047699,-0.08423366397619247,-0.41445767879486084,-0.10361441969871521,0.21241888403892517,0.1531047224998474,0.047067493200302124,0.11176687479019165,-0.5215648412704468,-0.1303912103176117,0.027061156928539276,-0.19323471188545227,-0.47316864132881165,-0.11829216033220291,0.16313046216964722,0.040782615542411804,-0.46256428956985474,-0.11564107239246368,-0.1130056381225586,-0.12825140357017517,0.06932333111763,-0.08266916871070862,-0.47343385219573975,-0.11835846304893494,0.01601357012987137,0.20400339365005493,-0.7180397510528564,-0.1795099377632141,0.15421786904335022,0.038554467260837555
-0.3352162837982178,-0.18380406498908997,0.17473167181015015,0.04368291795253754,-0.08322422951459885,-0.02080605737864971,1.7341094017028809,0.7335273623466492,-0.16218151152133942,-0.2405453771352768,0.22676870226860046,0.056692175567150116,-0.799065351486206,-0.29976633191108704,-0.291867733001709,-0.07296693325042725,0.11150766909122467,0.027876917272806168,2.101388454437256,0.8253471255302429,0.662906289100647,-0.034273430705070496,-0.12913352251052856,-0.03228338062763214,-0.01640145853161812,-0.00410036463290453,0.023865751922130585,0.005966437980532646,-0.3369346559047699,-0.08423366397619247,-0.41445767879486084,-0.10361441969871521,0.21241888403892517,0.1531047224998474,0.047067493200302124,0.11176687479019165,-0.5215648412704468,-0.1303912103176117,0.027061156928539276,-0.19323471188545227,-0.47316864132881165,-0.11829216033220291,0.16313046216964722,0.040782615542411804,-0.46256428956985474,-0.11564107239246368,-0.1130056381225586,-0.12825140357017517,0.06932333111763,-0.08266916871070862,-0.47343385219573975,-0.11835846304893494,0.01601357012987137,0.20400339365005493,-0.7180397510528564,-0.1795099377632141,0.15421786904335022,0.038554467260837555
-0.3352162837982178,-0.18380406498908997,0.17473167181015015,0.04368291795253754,-0.08322422951459885,-0.02080605737864971,1.7341094017028809,0.7335273623466492,-0.16218151152133942,-0.2405453771352768,0.22676870226860046,0.056692175567150116,-0.799065351486206,-0.29976633191108704,-0.291867733001709,-0.07296693325042725,0.11150766909122467,0.027876917272806168,2.101388454437256,0.8253471255302429,0.662906289100647,-0.034273430705070496,-0.12913352251052856,-0.03228338062763214,-0.01640145853161812,-0.00410036463290453,0.023865751922130585,0.005966437980532646,-0.3369346559047699,-0.08423366397619247,-0.41445767879486084,-0.10361441969871521,0.21241888403892517,0.1531047224998474,0.047067493200302124,0.11176687479019165,-0.5215648412704468,-0.1303912103176117,0.027061156928539276,-0.19323471188545227,-0.47316864132881165,-0.11829216033220291,0.16313046216964722,0.040782615542411804,-0.46256428956985474,-0.11564107239246368,-0.1130056381225586,-0.12825140357017517,0.06932333111763,-0.08266916871070862,-0.47343385219573975,-0.11835846304893494,0.01601357012987137,0.20400339365005493,-0.7180397510528564,-0.1795099377632141,0.15421786904335022,0.038554467260837555
-0.3352162837982178,-0.18380406498908997,0.17473167181015015,0.04368291795253754,-0.08322422951459885,-0.02080605737864971,1.7341094017028809,0.7335273623466492,-0.16218151152133942,-0.2405453771352768,0.22676870226860046,0.056692175567150116,-0.799065351486206,-0.29976633191108704,-0.291867733001709,-0.07296693325042725,0.11150766909122467,0.027876917272806168,2.101388454437256,0.8253471255302429,0.662906289100647,-0.034273430705070496,-0.12913352251052856,-0.03228338062763214,-0.01640145853161812,-0.00410036463290453,0.023865751922130585,0.005966437980532646,-0.3369346559047699,-0.08423366397619247,-0.41445767879486084,-0.10361441969871521,0.21241888403892517,0.1531047224998474,0.047067493200302124,0.11176687479019165,-0.5215648412704468,-0.1303912103176117,0.027061156928539276,-0.19323471188545227,-0.47316864132881165,-0.11829216033220291,0.16313046216964722,0.040782615542411804,-0.46256428956985474,-0.11564107239246368,-0.1130056381225586,-0.12825140357017517,0.06932333111763,-0.08266916871070862,-0.47343385219573975,-0.11835846304893494,0.01601357012987137,0.20400339365005493,-0.7180397510528564,-0.1795099377632141,0.15421786904335022,0.038554467260837555
-0.3352162837982178,-0.18380406498908997,0.17473167181015015,0.04368291795253754,-0.08322422951459885,-0.02080605737864971,1.7341094017028809,0.7335273623466492,-0.16218151152133942,-0.2405453771352768,0.22676870226860046,0.056692175567150116,-0.799065351486206,-0.29976633191108704,-0.291867733001709,-0.07296693325042725,0.11150766909122467,0.027876917272806168,2.101388454437256,0.8253471255302429,0.662906289100647,-0.034273430705070496,-0.12913352251052856,-0.03228338062763214,-0.01640145853161812,-0.00410036463290453,0.023865751922130585,0.005966437980532646,-0.3369346559047699,-0.08423366397619247,-0.41445767879486084,-0.10361441969871521,0.21241888403892517,0.1531047224998474,0.047067493200302124,0.11176687479019165,-0.5215648412704468,-0.1303912103176117,0.027061156928539276,-0.19323471188545227,-0.47316864132881165,-0.11829216033220291,0.16313046216964722,0.040782615542411804,-0.46256428956985474,-0.11564107239246368,-0.1130056381225586,-0.12825140357017517,0.06932333111763,-0.08266916871070862,-0.47343385219573975,-0.11835846304893494,0.01601357012987137,0.20400339365005493,-0.7180397510528564,-0.1795099377632141,0.15421786904335022,0.038554467260837555
-0.3352162837982178,-0.18380406498908997,0.17473167181015015,0.04368291795253754,-0.08322422951459885,-0.02080605737864971,1.7341094017028809,0.7335273623466492,-0.16218151152133942,-0.2405453771352768,0.22676870226860046,0.056692175567150116,-0.799065351486206,-0.29976633191108704,-0.291867733001709,-0.07296693325042725,0.11150766909122467,0.027876917272806168,2.101388454437256,0.8253471255302429,0.662906289100647,-0.034273430705070496,-0.12913352251052856,-0.03228338062763214,-0.01640145853161812,-0.00410036463290453,0.023865751922130585,0.005966437980532646,-0.3369346559047699,-0.08423366397619247,-0.41445767879486084,-0.10361441969871521,0.21241888403892517,0.1531047224998474,0.047067493200302124,0.11176687479019165,-0.5215648412704468,-0.1303912103176117,0.027061156928539276,-0.19323471188545227,-0.47316864132881165,-0.11829216033220291,0.16313046216964722,0.040782615542411804,-0.46256428956985474,-0.11564107239246368,-0.1130056381225586,-0.12825140357017517,0.06932333111763,-0.08266916871070862,-0.47343385219573975,-0.11835846304893494,0.01601357012987137,0.20400339365005493,-0.7180397510528564,-0.1795099377632141,0.15421786904335022,0.038554467260837555
-0.3352162837982178,-0.18380406498908997,0.17473167181015015,0.04368291795253754,-0.08322422951459885,-0.02080605737864971,1.7341094017028809,0.7335273623466492,-0.16218151152133942,-0.2405453771352768,0.22676870226860046,0.056692175567150116,-0.799065351486206,-0.29976633191108704,-0.291867733001709,-0.07296693325042725,0.11150766909122467,0.027876917272806168,2.101388454437256,0.8253471255302429,0.662906289100647,-0.034273430705070496,-0.12913352251052856,-0.03228338062763214,-0.01640145853161812,-0.00410036463290453,0.023865751922130585,0.005966437980532646,-0.3369346559047699,-0.08423366397619247,-0.41445767879486084,-0.10361441969871521,0.21241888403892517,0.1531047224998474,0.047067493200302124,0.11176687479019165,-0.5215648412704468,-0.1303912103176117,0.027061156928539276,-0.19323471188545227,-0.47316864132881165,-0.11829216033220291,0.16313046216964722,0.040782615542411804,-0.46256428956985474,-0.11564107239246368,-0.1130056381225586,-0.12825140357017517,0.06932333111763,-0.08266916871070862,-0.47343385219573975,-0.11835846304893494,0.01601357012987137,0.20400339365005493,-0.7180397510528564,-0.1795099377632141,0.15421786904335022,0.038554467260837555
-0.3352162837982178,-0.18380406498908997,0.17473167181015015,0.04368291795253754,-0.08322422951459885,-0.02080605737864971,1.7341094017028809,0.7335273623466492,-0.16218151152133942,-0.2405453771352768,0.22676870226860046,0.056692175567150116,-0.799065351486206,-0.29976633191108704,-0.291867733001709,-0.07296693325042725,0.11150766909122467,0.027876917272806168,2.101388454437256,0.8253471255302429,0.662906289100647,-0.034273430705070496,-0.12913352251052856,-0.03228338062763214,-0.01640145853161812,-0.00410036463290453,0.023865751922130585,0.005966437980532646,-0.3369346559047699,-0.08423366397619247,-0.41445767879486084,-0.10361441969871521,0.21241888403892517,0.1531047224998474,0.047067493200302124,0.11176687479019165,-0.5215648412704468,-0.1303912103176117,0.027061156928539276,-0.19323471188545227,-0.47316864132881165,-0.11829216033220291,0.16313046216964722,0.040782615542411804,-0.46256428956985474,-0.11564107239246368,-0.1130056381225586,-0.12825140357017517,0.06932333111763,-0.08266916871070862,-0.47343385219573975,-0.11835846304893494,0.01601357012987137,0.20400339365005493,-0.7180397510528564,-0.1795099377632141,0.15421786904335022,0.038554467260837555
-0.3352162837982178,-0.18380406498908997,0.17473167181015015,0.04368291795253754,-0.08322422951459885,-0.02080605737864971,1.7341094017028809,0.7335273623466492,-0.16218151152133942,-0.2405453771352768,0.22676870226860046,0.056692175567150116,-0.799065351486206,-0.29976633191108704,-0.291867733001709,-0.07296693325042725,0.11150766909122467,0.027876917272806168,2.101388454437256,0.8253471255302429,0.662906289100647,-0.034273430705070496,-0.12913352251052856,-0.03228338062763214,-0.01640145853161812,-0.00410036463290453,0.023865751922130585,0.005966437980532646,-0.3369346559047699,-0.08423366397619247,-0.41445767879486084,-0.10361441969871521,0.21241888403892517,0.1531047224998474,0.047067493200302124,0.11176687479019165,-0.5215648412704468,-0.1303912103176117,0.027061156928539276,-0.19323471188545227,-0.47316864132881165,-0.11829216033220291,0.16313046216964722,0.040782615542411804,-0.46256428956985474,-0.11564107239246368,-0.1130056381225586,-0.12825140357017517,0.06932333111763,-0.08266916871070862,-0.47343385219573975,-0.11835846304893494,0.01601357012987137,0.20400339365005493,-0.7180397510528564,-0.1795099377632141,0.15421786904335022,0.038554467260837555
-0.3352162837982178,-0.18380406498908997,0.17473167181015015,0.04368291795253754,-0.08322422951459885,-0.02080605737864971,1.7341094017028809,0.7335273623466492,-0.16218151152133942,-0.2405453771352768,0.22676870226860046,0.056692175567150116,-0.799065351486206,-0.29976633191108704,-0.291867733001709,-0.07296693325042725,0.11150766909122467,0.027876917272806168,2.101388454437256,0.8253471255302429,0.662906289100647,-0.034273430705070496,-0.12913352251052856,-0.03228338062763214,-0.01640145853161812,-0.00410036463290453,0.023865751922130585,0.005966437980532646,-0.3369346559047699,-0.08423366397619247,-0.41445767879486084,-0.10361441969871521,0.21241888403892517,0.1531047224998474,0.047067493200302124,0.11176687479019165,-0.5215648412704468,-0.1303912103176117,0.027061156928539276,-0.19323471188545227,-0.47316864132881165,-0.11829216033220291,0.16313046216964722,0.040782615542411804,-0.46256428956985474,-0.11564107239246368,-0.1130056381225586,-0.12825140357017517,0.06932333111763,-0.08266916871070862,-0.47343385219573975,-0.11835846304893494,0.01601357012987137,0.20400339365005493,-0.7180397510528564,-0.1795099377632141,0.15421786904335022,0.038554467260837555
-0.3352162837982178,-0.18380406498908997,0.17473167181015015,0.04368291795253754,-0.08322422951459885,-0.02080605737864971,1.7341094017028809,0.7335273623466492,-0.16218151152133942,-0.2405453771352768,0.22676870226860046,0.056692175567150116,-0.799065351486206,-0.29976633191108704,-0.291867733001709,-0.07296693325042725,0.11150766909122467,0.027876917272806168,2.101388454437256,0.8253471255302429,0.662906289100647,-0.034273430705070496,-0.12913352251052856,-0.03228338062763214,-0.01640145853161812,-0.00410036463290453,0.023865751922130585,0.005966437980532646,-0.3369346559047699,-0.08423366397619247,-0.41445767879486084,-0.10361441969871521,0.21241888403892517,0.1531047224998474,0.047067493200302124,0.11176687479019165,-0.5215648412704468,-0.1303912103176117,0.027061156928539276,-0.19323471188545227,-0.47316864132881165,-0.11829216033220291,0.16313046216964722,0.040782615542411804,-0.46256428956985474,-0.11564107239246368,-0.1130056381225586,-0.12825140357017517,0.06932333111763,-0.08266916871070862,-0.47343385219573975,-0.11835846304893494,0.01601357012987137,0.20400339365005493,-0.7180397510528564,-0.1795099377632141,0.15421786904335022,0.038554467260837555
-0.3352162837982178,-0.18380406498908997,0.17473167181015015,0.04368291795253754,-0.08322422951459885,-0.02080605737864971,1.7341094017028809,0.7335273623466492,-0.16218151152133942,-0.2405453771352768,0.22676870226860046,0.056692175567150116,-0.799065351486206,-0.29976633191108704,-0.291867733001709,-0.07296693325042725,0.11150766909122467,0.027876917272806168,2.101388454437256,0.8253471255302429,0.662906289100647,-0.034273430705070496,-0.12913352251052856,-0.03228338062763214,-0.01640145853161812,-0.00410036463290453,0.023865751922130585,0.005966437980532646,-0.3369346559047699,-0.08423366397619247,-0.41445767879486084,-0.10361441969871521,0.21241888403892517,0.1531047224998474,0.047067493200302124,0.11176687479019165,-0.5215648412704468,-0.1303912103176117,0.027061156928539276,-0.19323471188545227,-0.47316864132881165,-0.11829216033220291,0.16313046216964722,0.040782615542411804,-0.46256428956985474,-0.11564107239246368,-0.1130056381225586,-0.12825140357017517,0.06932333111763,-0.08266916871070862,-0.47343385219573975,-0.11835846304893494,0.01601357012987137,0.20400339365005493,-0.7180397510528564,-0.1795099377632141,0.15421786904335022,0.038554467260837555
-0.3352162837982178,-0.18380406498908997,0.17473167181015015,0.04368291795253754,-0.08322422951459885,-0.02080605737864971,1.7341094017028809,0.7335273623466492,-0.16218151152133942,-0.2405453771352768,0.22676870226860046,0.056692175567150116,-0.799065351486206,-0.29976633191108704,-0.291867733001709,-0.07296693325042725,0.11150766909122467,0.027876917272806168,2.101388454437256,0.8253471255302429,0.662906289100647,-0.034273430705070496,-0.12913352251052856,-0.03228338062763214,-0.01640145853161812,-0.00410036463290453,0.023865751922130585,0.005966437980532646,-0.3369346559047699,-0.08423366397619247,-0.41445767879486084,-0.10361441969871521,0.21241888403892517,0.1531047224998474,0.047067493200302124,0.11176687479019165,-0.5215648412704468,-0.1303912103176117,0.027061156928539276,-0.19323471188545227,-0.47316864132881165,-0.11829216033220291,0.16313046216964722,0.040782615542411804,-0.46256428956985474,-0.11564107239246368,-0.1130056381225586,-0.12825140357017517,0.06932333111763,-0.08266916871070862,-0.47343385219573975,-0.11835846304893494,0.01601357012987137,0.20400339365005493,-0.7180397510528564,-0.1795099377632141,0.15421786904335022,0.038554467260837555
-0.3352162837982178,-0.18380406498908997,0.17473167181015015,0.04368291795253754,-0.08322422951459885,-0.02080605737864971,1.7341094017028809,0.7335273623466492,-0.16218151152133942,-0.2405453771352768,0.22676870226860046,0.056692175567150116,-0.799065351486206,-0.29976633191108704,-0.291867733001709,-0.07296693325042725,0.11150766909122467,0.027876917272806168,2.101388454437256,0.8253471255302429,0.662906289100647,-0.034273430705070496,-0.12913352251052856,-0.03228338062763214,-0.01640145853161812,-0.00410036463290453,0.023865751922130585,0.005966437980532646,-0.3369346559047699,-0.08423366397619247,-0.41445767879486084,-0.10361441969871521,0.21241888403892517,0.1531047224998474,0.047067493200302124,0.11176687479019165,-0.5215648412704468,-0.1303912103176117,0.027061156928539276,-0.19323471188545227,-0.47316864132881165,-0.11829216033220291,0.16313046216964722,0.040782615542411804,-0.46256428956985474,-0.11564107239246368,-0.1130056381225586,-0.12825140357017517,0.06932333111763,-0.08266916871070862,-0.47343385219573975,-0.11835846304893494,0.01601357012987137,0.20400339365005493,-0.7180397510528564,-0.1795099377632141,0.15421786904335022,0.038554467260837555
-0.3352162837982178,-0.18380406498908997,0.17473167181015015,0.04368291795253754,-0.08322422951459885,-0.02080605737864971,1.7341094017028809,0.7335273623466492,-0.16218151152133942,-0.2405453771352768,0.22676870226860046,0.056692175567150116,-0.799065351486206,-0.29976633191108704,-0.291867733001709,-0.07296693325042725,0.11150766909122467,0.027876917272806168,2.101388454437256,0.8253471255302429,0.662906289100647,-0.034273430705070496,-0.12913352251052856,-0.03228338062763214,-0.01640145853161812,-0.00410036463290453,0.023865751922130585,0.005966437980532646,-0.3369346559047699,-0.08423366397619247,-0.41445767879486084,-0.10361441969871521,0.21241888403892517,0.1531047224998474,0.047067493200302124,0.11176687479019165,-0.5215648412704468,-0.1303912103176117,0.027061156928539276,-0.19323471188545227,-0.47316864132881165,-0.11829216033220291,0.16313046216964722,0.040782615542411804,-0.46256428956985474,-0.11564107239246368,-0.1130056381225586,-0.12825140357017517,0.06932333111763,-0.08266916871070862,-0.47343385219573975,-0.11835846304893494,0.01601357012987137,0.20400339365005493,-0.7180397510528564,-0.1795099377632141,0.15421786904335022,0.038554467260837555
-0.3352162837982178,-0.18380406498908997,0.17473167181015015,0.04368291795253754,-0.08322422951459885,-0.02080605737864971,1.7341094017028809,0.7335273623466492,-0.16218151152133942,-0.2405453771352768,0.22676870226860046,0.056692175567150116,-0.799065351486206,-0.29976633191108704,-0.291867733001709,-0.07296693325042725,0.11150766909122467,0.027876917272806168,2.101388454437256,0.8253471255302429,0.662906289100647,-0.034273430705070496,-0.12913352251052856,-0.03228338062763214,-0.01640145853161812,-0.00410036463290453,0.023865751922130585,0.005966437980532646,-0.3369346559047699,-0.08423366397619247,-0.41445767879486084,-0.10361441969871521,0.21241888403892517,0.1531047224998474,0.047067493200302124,0.11176687479019165,-0.5215648412704468,-0.1303912103176117,0.027061156928539276,-0.19323471188545227,-0.47316864132881165,-0.11829216033220291,0.16313046216964722,0.040782615542411804,-0.46256428956985474,-0.11564107239246368,-0.1130056381225586,-0.12825140357017517,0.06932333111763,-0.08266916871070862,-0.47343385219573975,-0.11835846304893494,0.01601357012987137,0.20400339365005493,-0.7180397510528564,-0.1795099377632141,0.15421786904335022,0.038554467260837555
-0.3352162837982178,-0.18380406498908997,0.17473167181015015,0.04368291795253754,-0.08322422951459885,-0.02080605737864971,1.7341094017028809,0.7335273623466492,-0.16218151152133942,-0.2405453771352768,0.22676870226860046,0.056692175567150116,-0.799065351486206,-0.29976633191108704,-0.291867733001709,-0.07296693325042725,0.11150766909122467,0.027876917272806168,2.101388454437256,0.8253471255302429,0.662906289100647,-0.034273430705070496,-0.12913352251052856,-0.03228338062763214,-0.01640145853161812,-0.00410036463290453,0.023865751922130585,0.005966437980532646,-0.3369346559047699,-0.08423366397619247,-0.41445767879486084,-0.10361441969871521,0.21241888403892517,0.1531047224998474,0.047067493200302124,0.11176687479019165,-0.5215648412704468,-0.1303912103176117,0.027061156928539276,-0.19323471188545227,-0.47316864132881165,-0.11829216033220291,0.16313046216964722,0.040782615542411804,-0.46256428956985474,-0.11564107239246368,-0.1130056381225586,-0.12825140357017517,0.06932333111763,-0.08266916871070862,-0.47343385219573975,-0.11835846304893494,0.01601357012987137,0.20400339365005493,-0.7180397510528564,-0.1795099377632141,0.15421786904335022,0.038554467260837555
-0.3493594825267792,-0.1873398721218109,0.14558154344558716,0.03639538586139679,-0.060582615435123444,-0.015145653858780861,1.876878261566162,0.7692195773124695,-0.19508138298988342,-0.2487703561782837,0.26347145438194275,0.06586786359548569,-0.8924551010131836,-0.3231137692928314,-0.24294131994247437,-0.06073532998561859,0.08931630849838257,0.022329077124595642,2.2213962078094482,0.855349063873291,0.5968717336654663,-0.05078206956386566,-0.1024530678987503,-0.025613266974687576,-0.01371597871184349,-0.0034289946779608727,0.027767464518547058,0.0069418661296367645,-0.2656852602958679,-0.06642131507396698,-0.4739988446235657,-0.11849971115589142,0.21734824776649475,0.1543370634317398,0.05598584562540054,0.1139964610338211,-0.4368910789489746,-0.10922276973724365,0.05980084091424942,-0.18504978716373444,-0.4023462235927582,-0.10058655589818954,-0.253650039434433,-0.06341250985860825,-0.3989344835281372,-0.0997336208820343,-0.1530948281288147,-0.1382737159729004,-0.10146227478981018,-0.12536557018756866,-0.46979039907455444,-0.11744759976863861,-0.0010080114006996155,0.1997479945421219,-0.7319716811180115,-0.18299292027950287,0.029501210898160934,0.007375302724540234
-0.3493594825267792,-0.1873398721218109,0.14558154344558716,0.03639538586139679,-0.060582615435123444,-0.015145653858780861,1.876878261566162,0.7692195773124695,-0.19508138298988342,-0.2487703561782837,0.26347145438194275,0.06586786359548569,-0.8924551010131836,-0.3231137692928314,-0.24294131994247437,-0.06073532998561859,0.08931630849838257,0.022329077124595642,2.2213962078094482,0.855349063873291,0.5968717336654663,-0.05078206956386566,-0.1024530678987503,-0.025613266974687576,-0.01371597871184349,-0.0034289946779608727,0.027767464518547058,0.0069418661296367645,-0.2656852602958679,-0.06642131507396698,-0.4739988446235657,-0.11849971115589142,0.21734824776649475,0.1543370634317398,0.05598584562540054,0.1139964610338211,-0.4368910789489746,-0.10922276973724365,0.05980084091424942,-0.18504978716373444,-0.4023462235927582,-0.10058655589818954,-0.253650039434433,-0.06341250985860825,-0.3989344835281372,-0.0997336208820343,-0.1530948281288147,-0.1382737159729004,-0.10146227478981018,-0.12536557018756866,-0.46979039907455444,-0.11744759976863861,-0.0010080114006996155,0.1997479945421219,-0.7319716811180115,-0.18299292027950287,0.029501210898160934,0.007375302724540234
-0.3493594825267792,-0.1873398721218109,0.14558154344558716,0.03639538586139679,-0.060582615435123444,-0.015145653858780861,1.876878261566162,0.7692195773124695,-0.19508138298988342,-0.2487703561782837,0.26347145438194275,0.06586786359548569,-0.8924551010131836,-0.3231137692928314,-0.24294131994247437,-0.06073532998561859,0.08931630849838257,0.022329077124595642,2.2213962078094482,0.855349063873291,0.5968717336654663,-0.05078206956386566,-0.1024530678987503,-0.025613266974687576,-0.01371597871184349,-0.0034289946779608727,0.027767464518547058,0.0069418661296367645,-0.2656852602958679,-0.06642131507396698,-0.4739988446235657,-0.11849971115589142,0.21734824776649475,0.1543370634317398,0.05598584562540054,0.1139964610338211,-0.4368910789489746,-0.10922276973724365,0.05980084091424942,-0.18504978716373444,-0.4023462235927582,-0.10058655589818954,-0.253650039434433,-0.06341250985860825,-0.3989344835281372,-0.0997336208820343,-0.1530948281288147,-0.1382737159729004,-0.10146227478981018,-0.12536557018756866,-0.46979039907455444,-0.11744759976863861,-0.0010080114006996155,0.1997479945421219,-0.7319716811180115,-0.18299292027950287,0.029501210898160934,0.007375302724540234
-0.3493594825267792,-0.1873398721218109,0.14558154344558716,0.03639538586139679,-0.060582615435123444,-0.015145653858780861,1.876878261566162,0.7692195773124695,-0.19508138298988342,-0.2487703561782837,0.26347145438194275,0.06586786359548569,-0.8924551010131836,-0.3231137692928314,-0.24294131994247437,-0.06073532998561859,0.08931630849838257,0.022329077124595642,2.2213962078094482,0.855349063873291,0.5968717336654663,-0.05078206956386566,-0.1024530678987503,-0.025613266974687576,-0.01371597871184349,-0.0034289946779608727,0.027767464518547058,0.0069418661296367645,-0.2656852602958679,-0.06642131507396698,-0.4739988446235657,-0.11849971115589142,0.21734824776649475,0.1543370634317398,0.05598584562540054,0.1139964610338211,-0.4368910789489746,-0.10922276973724365,0.05980084091424942,-0.18504978716373444,-0.4023462235927582,-0.10058655589818954,-0.253650039434433,-0.06341250985860825,-0.3989344835281372,-0.0997336208820343,-0.1530948281288147,-0.1382737159729004,-0.10146227478981018,-0.12536557018756866,-0.46979039907455444,-0.11744759976863861,-0.0010080114006996155,0.1997479945421219,-0.7319716811180115,-0.18299292027950287,0.029501210898160934,0.007375302724540234
-0.3493594825267792,-0.1873398721218109,0.14558154344558716,0.03639538586139679,-0.060582615435123444,-0.015145653858780861,1.876878261566162,0.7692195773124695,-0.19508138298988342,-0.2487703561782837,0.26347145438194275,0.06586786359548569,-0.8924551010131836,-0.3231137692928314,-0.24294131994247437,-0.06073532998561859,0.08931630849838257,0.022329077124595642,2.2213962078094482,0.855349063873291,0.5968717336654663,-0.05078206956386566,-0.1024530678987503,-0.025613266974687576,-0.01371597871184349,-0.0034289946779608727,0.027767464518547058,0.0069418661296367645,-0.2656852602958679,-0.06642131507396698,-0.4739988446235657,-0.11849971115589142,0.21734824776649475,0.1543370634317398,0.05598584562540054,0.1139964610338211,-0.4368910789489746,-0.10922276973724365,0.05980084091424942,-0.18504978716373444,-0.4023462235927582,-0.10058655589818954,-0.253650039434433,-0.06341250985860825,-0.3989344835281372,-0.0997336208820343,-0.1530948281288147,-0.1382737159729004,-0.10146227478981018,-0.12536557018756866,-0.46979039907455444,-0.11744759976863861,-0.0010080114006996155,0.1997479945421219,-0.7319716811180115,-0.18299292027950287,0.029501210898160934,0.007375302724540234
-0.3493594825267792,-0.1873398721218109,0.14558154344558716,0.03639538586139679,-0.060582615435123444,-0.015145653858780861,1.876878261566162,0.7692195773124695,-0.19508138298988342,-0.2487703561782837,0.26347145438194275,0.06586786359548569,-0.8924551010131836,-0.3231137692928314,-0.24294131994247437,-0.06073532998561859,0.08931630849838257,0.022329077124595642,2.2213962078094482,0.855349063873291,0.5968717336654663,-0.05078206956386566,-0.1024530678987503,-0.025613266974687576,-0.01371597871184349,-0.0034289946779608727,0.027767464518547058,0.0069418661296367645,-0.2656852602958679,-0.06642131507396698,-0.4739988446235657,-0.11849971115589142,0.21734824776649475,0.1543370634317398,0.05598584562540054,0.1139964610338211,-0.4368910789489746,-0.10922276973724365,0.05980084091424942,-0.18504978716373444,-0.4023462235927582,-0.10058655589818954,-0.253650039434433,-0.06341250985860825,-0.3989344835281372,-0.0997336208820343,-0.1530948281288147,-0.1382737159729004,-0.10146227478981018,-0.12536557018756866,-0.46979039907455444,-0.11744759976863861,-0.0010080114006996155,0.1997479945421219,-0.7319716811180115,-0.18299292027950287,0.029501210898160934,0.007375302724540234
-0.3493594825267792,-0.1873398721218109,0.14558154344558716,0.03639538586139679,-0.060582615435123444,-0.015145653858780861,1.876878261566162,0.7692195773124695,-0.19508138298988342,-0.2487703561782837,0.26347145438194275,0.06586786359548569,-0.8924551010131836,-0.3231137692928314,-0.24294131994247437,-0.06073532998561859,0.08931630849838257,0.022329077124595642,2.2213962078094482,0.855349063873291,0.5968717336654663,-0.05078206956386566,-0.1024530678987503,-0.025613266974687576,-0.01371597871184349,-0.0034289946779608727,0.027767464518547058,0.0069418661296367645,-0.2656852602958679,-0.06642131507396698,-0.4739988446235657,-0.11849971115589142,0.21734824776649475,0.1543370634317398,0.05598584562540054,0.1139964610338211,-0.4368910789489746,-0.10922276973724365,0.05980084091424942,-0.18504978716373444,-0.4023462235927582,-0.10058655589818954,-0.253650039434433,-0.06341250985860825,-0.3989344835281372,-0.0997336208820343,-0.1530948281288147,-0.1382737159729004,-0.10146227478981018,-0.12536557018756866,-0.46979039907455444,-0.11744759976863861,-0.0010080114006996155,0.1997479945421219,-0.7319716811180115,-0.18299292027950287,0.029501210898160934,0.007375302724540234
-0.3493594825267792,-0.1873398721218109,0.14558154344558716,0.03639538586139679,-0.060582615435123444,-0.015145653858780861,1.876878261566162,0.7692195773124695,-0.19508138298988342,-0.2487703561782837,0.26347145438194275,0.06586786359548569,-0.8924551010131836,-0.3231137692928314,-0.24294131994247437,-0.06073532998561859,0.08931630849838257,0.022329077124595642,2.2213962078094482,0.855349063873291,0.5968717336654663,-0.05078206956386566,-0.1024530678987503,-0.025613266974687576,-0.01371597871184349,-0.0034289946779608727,0.027767464518547058,0.0069418661296367645,-0.2656852602958679,-0.06642131507396698,-0.4739988446235657,-0.11849971115589142,0.21734824776649475,0.1543370634317398,0.05598584562540054,0.1139964610338211,-0.4368910789489746,-0.10922276973724365,0.05980084091424942,-0.18504978716373444,-0.4023462235927582,-0.10058655589818954,-0.253650039434433,-0.06341250985860825,-0.3989344835281372,-0.0997336208820343,-0.1530948281288147,-0.1382737159729004,-0.10146227478981018,-0.12536557018756866,-0.46979039907455444,-0.11744759976863861,-0.0010080114006996155,0.1997479945421219,-0.7319716811180115,-0.18299292027950287,0.029501210898160934,0.007375302724540234
-0.3493594825267792,-0.1873398721218109,0.14558154344558716,0.03639538586139679,-0.060582615435123444,-0.015145653858780861,1.876878261566162,0.7692195773124695,-0.19508138298988342,-0.2487703561782837,0.26347145438194275,0.06586786359548569,-0.8924551010131836,-0.3231137692928314,-0.24294131994247437,-0.06073532998561859,0.08931630849838257,0.022329077124595642,2.2213962078094482,0.855349063873291,0.5968717336654663,-0.05078206956386566,-0.1024530678987503,-0.025613266974687576,-0.01371597871184349,-0.0034289946779608727,0.027767464518547058,0.0069418661296367645,-0.2656852602958679,-0.06642131507396698,-0.4739988446235657,-0.11849971115589142,0.21734824776649475,0.1543370634317398,0.05598584562540054,0.1139964610338211,-0.4368910789489746,-0.10922276973724365,0.05980084091424942,-0.18504978716373444,-0.4023462235927582,-0.10058655589818954,-0.253650039434433,-0.06341250985860825,-0.3989344835281372,-0.0997336208820343,-0.1530948281288147,-0.1382737159729004,-0.10146227478981018,-0.12536557018756866,-0.46979039907455444,-0.11744759976863861,-0.0010080114006996155,0.1997479945421219,-0.7319716811180115,-0.18299292027950287,0.029501210898160934,0.007375302724540234
-0.3493594825267792,-0.1873398721218109,0.14558154344558716,0.03639538586139679,-0.060582615435123444,-0.015145653858780861,1.876878261566162,0.7692195773124695,-0.19508138298988342,-0.2487703561782837,0.26347145438194275,0.06586786359548569,-0.8924551010131836,-0.3231137692928314,-0.24294131994247437,-0.06073532998561859,0.08931630849838257,0.022329077124595642,2.2213962078094482,0.855349063873291,0.5968717336654663,-0.05078206956386566,-0.1024530678987503,-0.025613266974687576,-0.01371597871184349,-0.0034289946779608727,0.027767464518547058,0.0069418661296367645,-0.2656852602958679,-0.06642131507396698,-0.4739988446235657,-0.11849971115589142,0.21734824776649475,0.1543370634317398,0.05598584562540054,0.1139964610338211,-0.4368910789489746,-0.10922276973724365,0.05980084091424942,-0.18504978716373444,-0.4023462235927582,-0.10058655589818954,-0.253650039434433,-0.06341250985860825,-0.3989344835281372,-0.0997336208820343,-0.1530948281288147,-0.1382737159729004,-0.10146227478981018,-0.12536557018756866,-0.46979039907455444,-0.11744759976863861,-0.0010080114006996155,0.1997479945421219,-0.7319716811180115,-0.18299292027950287,0.029501210898160934,0.007375302724540234
-0.3493594825267792,-0.1873398721218109,0.14558154344558716,0.03639538586139679,-0.060582615435123444,-0.015145653858780861,1.876878261566162,0.7692195773124695,-0.19508138298988342,-0.2487703561782837,0.26347145438194275,0.06586786359548569,-0.8924551010131836,-0.3231137692928314,-0.24294131994247437,-0.06073532998561859,0.08931630849838257,0.022329077124595642,2.2213962078094482,0.855349063873291,0.5968717336654663,-0.05078206956386566,-0.1024530678987503,-0.025613266974687576,-0.01371597871184349,-0.0034289946779608727,0.027767464518547058,0.0069418661296367645,-0.2656852602958679,-0.06642131507396698,-0.4739988446235657,-0.11849971115589142,0.21734824776649475,0.1543370634317398,0.05598584562540054,0.1139964610338211,-0.4368910789489746,-0.10922276973724365,0.05980084091424942,-0.18504978716373444,-0.4023462235927582,-0.10058655589818954,-0.253650039434433,-0.06341250985860825,-0.3989344835281372,-0.0997336208820343,-0.1530948281288147,-0.1382737159729004,-0.10146227478981018,-0.12536557018756866,-0.46979039907455444,-0.11744759976863861,-0.0010080114006996155,0.1997479945421219,-0.7319716811180115,-0.18299292027950287,0.029501210898160934,0.007375302724540234
-0.3493594825267792,-0.1873398721218109,0.14558154344558716,0.03639538586139679,-0.060582615435123444,-0.015145653858780861,1.876878261566162,0.7692195773124695,-0.19508138298988342,-0.2487703561782837,0.26347145438194275,0.06586786359548569,-0.8924551010131836,-0.3231137692928314,-0.24294131994247437,-0.06073532998561859,0.08931630849838257,0.022329077124595642,2.2213962078094482,0.855349063873291,0.5968717336654663,-0.05078206956386566,-0.1024530678987503,-0.025613266974687576,-0.01371597871184349,-0.0034289946779608727,0.027767464518547058,0.0069418661296367645,-0.2656852602958679,-0.06642131507396698,-0.4739988446235657,-0.11849971115589142,0.21734824776649475,0.1543370634317398,0.05598584562540054,0.1139964610338211,-0.4368910789489746,-0.10922276973724365,0.05980084091424942,-0.18504978716373444,-0.4023462235927582,-0.10058655589818954,-0.253650039434433,-0.06341250985860825,-0.3989344835281372,-0.0997336208820343,-0.1530948281288147,-0.1382737159729004,-0.10146227478981018,-0.12536557018756866,-0.46979039907455444,-0.11744759976863861,-0.0010080114006996155,0.1997479945421219,-0.7319716811180115,-0.18299292027950287,0.029501210898160934,0.007375302724540234
-0.3493594825267792,-0.1873398721218109,0.14558154344558716,0.03639538586139679,-0.060582615435123444,-0.015145653858780861,1.876878261566162,0.7692195773124695,-0.19508138298988342,-0.2487703561782837,0.26347145438194275,0.06586786359548569,-0.8924551010131836,-0.3231137692928314,-0.24294131994247437,-0.06073532998561859,0.08931630849838257,0.022329077124595642,2.2213962078094482,0.855349063873291,0.5968717336654663,-0.05078206956386566,-0.1024530678987503,-0.025613266974687576,-0.01371597871184349,-0.0034289946779608727,0.027767464518547058,0.0069418661296367645,-0.2656852602958679,-0.06642131507396698,-0.4739988446235657,-0.11849971115589142,0.21734824776649475,0.1543370634317398,0.05598584562540054,0.1139964610338211,-0.4368910789489746,-0.10922276973724365,0.05980084091424942,-0.18504978716373444,-0.4023462235927582,-0.10058655589818954,-0.253650039434433,-0.06341250985860825,-0.3989344835281372,-0.0997336208820343,-0.1530948281288147,-0.1382737159729004,-0.10146227478981018,-0.12536557018756866,-0.46979039907455444,-0.11744759976863861,-0.0010080114006996155,0.1997479945421219,-0.7319716811180115,-0.18299292027950287,0.029501210898160934,0.007375302724540234
-0.3493594825267792,-0.1873398721218109,0.14558154344558716,0.03639538586139679,-0.060582615435123444,-0.015145653858780861,1.876878261566162,0.7692195773124695,-0.19508138298988342,-0.2487703561782837,0.26347145438194275,0.06586786359548569,-0.8924551010131836,-0.3231137692928314,-0.24294131994247437,-0.06073532998561859,0.08931630849838257,0.022329077124595642,2.2213962078094482,0.855349063873291,0.5968717336654663,-0.05078206956386566,-0.1024530678987503,-0.025613266974687576,-0.01371597871184349,-0.0034289946779608727,0.027767464518547058,0.0069418661296367645,-0.2656852602958679,-0.06642131507396698,-0.4739988446235657,-0.11849971115589142,0.21734824776649475,0.1543370634317398,0.05598584562540054,0.1139964610338211,-0.4368910789489746,-0.10922276973724365,0.05980084091424942,-0.18504978716373444,-0.4023462235927582,-0.10058655589818954,-0.253650039434433,-0.06341250985860825,-0.3989344835281372,-0.0997336208820343,-0.1530948281288147,-0.1382737159729004,-0.10146227478981018,-0.12536557018756866,-0.46979039907455444,-0.11744759976863861,-0.0010080114006996155,0.1997479945421219,-0.7319716811180115,-0.18299292027950287,0.029501210898160934,0.007375302724540234
-0.3493594825267792,-0.1873398721218109,0.14558154344558716,0.03639538586139679,-0.060582615435123444,-0.015145653858780861,1.876878261566162,0.7692195773124695,-0.19508138298988342,-0.2487703561782837,0.26347145438194275,0.06586786359548569,-0.8924551010131836,-0.3231137692928314,-0.24294131994247437,-0.06073532998561859,0.08931630849838257,0.022329077124595642,2.2213962078094482,0.855349063873291,0.5968717336654663,-0.05078206956386566,-0.1024530678987503,-0.025613266974687576,-0.01371597871184349,-0.0034289946779608727,0.027767464518547058,0.0069418661296367645,-0.2656852602958679,-0.06642131507396698,-0.4739988446235657,-0.11849971115589142,0.21734824776649475,0.1543370634317398,0.05598584562540054,0.1139964610338211,-0.4368910789489746,-0.10922276973724365,0.05980084091424942,-0.18504978716373444,-0.4023462235927582,-0.10058655589818954,-0.253650039434433,-0.06341250985860825,-0.3989344835281372,-0.0997336208820343,-0.1530948281288147,-0.1382737159729004,-0.10146227478981018,-0.12536557018756866,-0.46979039907455444,-0.11744759976863861,-0.0010080114006996155,0.1997479945421219,-0.7319716811180115,-0.18299292027950287,0.029501210898160934,0.007375302724540234
-0.3493594825267792,-0.1873398721218109,0.14558154344558716,0.03639538586139679,-0.060582615435123444,-0.015145653858780861,1.876878261566162,0.7692195773124695,-0.19508138298988342,-0.2487703561782837,0.26347145438194275,0.06586786359548569,-0.8924551010131836,-0.3231137692928314,-0.24294131994247437,-0.06073532998561859,0.08931630849838257,0.022329077124595642,2.2213962078094482,0.855349063873291,0.5968717336654663,-0.05078206956386566,-0.1024530678987503,-0.025613266974687576,-0.01371597871184349,-0.0034289946779608727,0.027767464518547058,0.0069418661296367645,-0.2656852602958679,-0.06642131507396698,-0.4739988446235657,-0.11849971115589142,0.21734824776649475,0.1543370634317398,0.05598584562540054,0.1139964610338211,-0.4368910789489746,-0.10922276973724365,0.05980084091424942,-0.18504978716373444,-0.4023462235927582,-0.10058655589818954,-0.253650039434433,-0.06341250985860825,-0.3989344835281372,-0.0997336208820343,-0.1530948281288147,-0.1382737159729004,-0.10146227478981018,-0.12536557018756866,-0.46979039907455444,-0.11744759976863861,-0.0010080114006996155,0.1997479945421219,-0.7319716811180115,-0.18299292027950287,0.029501210898160934,0.007375302724540234
-0.3493594825267792,-0.1873398721218109,0.14558154344558716,0.03639538586139679,-0.060582615435123444,-0.015145653858780861,1.876878261566162,0.7692195773124695,-0.19508138298988342,-0.2487703561782837,0.26347145438194275,0.06586786359548569,-0.8924551010131836,-0.3231137692928314,-0.24294131994247437,-0.06073532998561859,0.08931630849838257,0.022329077124595642,2.2213962078094482,0.855349063873291,0.5968717336654663,-0.05078206956386566,-0.1024530678987503,-0.025613266974687576,-0.01371597871184349,-0.0034289946779608727,0.027767464518547058,0.0069418661296367645,-0.2656852602958679,-0.06642131507396698,-0.4739988446235657,-0.11849971115589142,0.21734824776649475,0.1543370634317398,0.05598584562540054,0.1139964610338211,-0.4368910789489746,-0.10922276973724365,0.05980084091424942,-0.18504978716373444,-0.4023462235927582,-0.10058655589818954,-0.253650039434433,-0.06341250985860825,-0.3989344835281372,-0.0997336208820343,-0.1530948281288147,-0.1382737159729004,-0.10146227478981018,-0.12536557018756866,-0.46979039907455444,-0.11744759976863861,-0.0010080114006996155,0.1997479945421219,-0.7319716811180115,-0.18299292027950287,0.029501210898160934,0.007375302724540234
-0.35864561796188354,-0.1896614134311676,0.1377788782119751,0.034444719552993774,-0.012197339907288551,-0.003049334976822138,2.020324468612671,0.8050811290740967,-0.16285933554172516,-0.24071483314037323,0.2034485936164856,0.0508621484041214,-0.9409697651863098,-0.33524245023727417,-0.2180352658033371,-0.054508816450834274,0.07435670495033264,0.01858917623758316,2.310227394104004,0.8775568604469299,0.5937948226928711,-0.051551297307014465,-0.17492109537124634,-0.043730273842811584,-0.04960837587714195,-0.012402093969285488,0.0300906915217638,0.00752267288044095,-0.24789303541183472,-0.06197325885295868,-0.4124256372451782,-0.10310640931129456,0.1672123521566391,0.1418030858039856,-0.012542802840471268,0.09686429798603058,-0.47229617834091187,-0.11807404458522797,0.02003628760576248,-0.19499093294143677,-0.36988985538482666,-0.09247246384620667,0.18208074569702148,0.04552018642425537,-0.3787292540073395,-0.09468231350183487,-0.0734645426273346,-0.11836613714694977,0.07019302248954773,-0.08245174586772919,-0.4117494821548462,-0.10293737053871155,0.001470908522605896,0.200367733836174,-0.7383931279182434,-0.18459828197956085,0.158769428730011,0.03969235718250275
-0.35864561796188354,-0.1896614134311676,0.1377788782119751,0.034444719552993774,-0.012197339907288551,-0.003049334976822138,2.020324468612671,0.8050811290740967,-0.16285933554172516,-0.24071483314037323,0.2034485936164856,0.0508621484041214,-0.9409697651863098,-0.33524245023727417,-0.2180352658033371,-0.054508816450834274,0.07435670495033264,0.01858917623758316,2.310227394104004,0.8775568604469299,0.5937948226928711,-0.051551297307014465,-0.17492109537124634,-0.043730273842811584,-0.04960837587714195,-0.012402093969285488,0.0300906915217638,0.00752267288044095,-0.24789303541183472,-0.06197325885295868,-0.4124256372451782,-0.10310640931129456,0.1672123521566391,0.1418030858039856,-0.012542802840471268,0.09686429798603058,-0.47229617834091187,-0.11807404458522797,0.02003628760576248,-0.19499093294143677,-0.36988985538482666,-0.09247246384620667,0.18208074569702148,0.04552018642425537,-0.3787292540073395,-0.09468231350183487,-0.0734645426273346,-0.11836613714694977,0.07019302248954773,-0.08245174586772919,-0.4117494821548462,-0.10293737053871155,0.001470908522605896,0.200367733836174,-0.7383931279182434,-0.18459828197956085,0.158769428730011,0.03969235718250275
-0.35864561796188354,-0.1896614134311676,0.1377788782119751,0.034444719552993774,-0.012197339907288551,-0.003049334976822138,2.020324468612671,0.8050811290740967,-0.16285933554172516,-0.24071483314037323,0.2034485936164856,0.0508621484041214,-0.9409697651863098,-0.33524245023727417,-0.2180352658033371,-0.054508816450834274,0.07435670495033264,0.01858917623758316,2.310227394104004,0.8775568604469299,0.5937948226928711,-0.051551297307014465,-0.17492109537124634,-0.043730273842811584,-0.04960837587714195,-0.012402093969285488,0.0300906915217638,0.00752267288044095,-0.24789303541183472,-0.06197325885295868,-0.4124256372451782,-0.10310640931129456,0.1672123521566391,0.1418030858039856,-0.012542802840471268,0.09686429798603058,-0.47229617834091187,-0.11807404458522797,0.02003628760576248,-0.19499093294143677,-0.36988985538482666,-0.09247246384620667,0.18208074569702148,0.04552018642425537,-0.3787292540073395,-0.09468231350183487,-0.0734645426273346,-0.11836613714694977,0.07019302248954773,-0.08245174586772919,-0.4117494821548462,-0.10293737053871155,0.001470908522605896,0.200367733836174,-0.7383931279182434,-0.18459828197956085,0.158769428730011,0.03969235718250275
-0.35864561796188354,-0.1896614134311676,0.1377788782119751,0.034444719552993774,-0.012197339907288551,-0.003049334976822138,2.020324468612671,0.8050811290740967,-0.16285933554172516,-0.24071483314037323,0.2034485936164856,0.0508621484041214,-0.9409697651863098,-0.33524245023727417,-0.2180352658033371,-0.054508816450834274,0.07435670495033264,0.01858917623758316,2.310227394104004,0.8775568604469299,0.5937948226928711,-0.051551297307014465,-0.17492109537124634,-0.043730273842811584,-0.04960837587714195,-0.012402093969285488,0.0300906915217638,0.00752267288044095,-0.24789303541183472,-0.06197325885295868,-0.4124256372451782,-0.10310640931129456,0.1672123521566391,0.1418030858039856,-0.012542802840471268,0.09686429798603058,-0.47229617834091187,-0.11807404458522797,0.02003628760576248,-0.19499093294143677,-0.36988985538482666,-0.09247246384620667,0.18208074569702148,0.04552018642425537,-0.3787292540073395,-0.09468231350183487,-0.0734645426273346,-0.11836613714694977,0.07019302248954773,-0.08245174586772919,-0.4117494821548462,-0.10293737053871155,0.001470908522605896,0.200367733836174,-0.7383931279182434,-0.18459828197956085,0.158769428730011,0.03969235718250275
-0.35864561796188354,-0.1896614134311676,0.1377788782119751,0.034444719552993774,-0.012197339907288551,-0.003049334976822138,2.020324468612671,0.8050811290740967,-0.16285933554172516,-0.24071483314037323,0.2034485936164856,0.0508621484041214,-0.9409697651863098,-0.33524245023727417,-0.2180352658033371,-0.054508816450834274,0.07435670495033264,0.01858917623758316,2.310227394104004,0.8775568604469299,0.5937948226928711,-0.051551297307014465,-0.17492109537124634,-0.043730273842811584,-0.04960837587714195,-0.012402093969285488,0.0300906915217638,0.00752267288044095,-0.24789303541183472,-0.06197325885295868,-0.4124256372451782,-0.10310640931129456,0.1672123521566391,0.1418030858039856,-0.012542802840471268,0.09686429798603058,-0.47229617834091187,-0.11807404458522797,0.02003628760576248,-0.19499093294143677,-0.36988985538482666,-0.09247246384620667,0.18208074569702148,0.04552018642425537,-0.3787292540073395,-0.09468231350183487,-0.0734645426273346,-0.11836613714694977,0.07019302248954773,-0.08245174586772919,-0.4117494821548462,-0.10293737053871155,0.001470908522605896,0.200367733836174,-0.7383931279182434,-0.18459828197956085,0.158769428730011,0.03969235718250275
-0.35864561796188354,-0.1896614134311676,0.1377788782119751,0.034444719552993774,-0.012197339907288551,-0.003049334976822138,2.020324468612671,0.8050811290740967,-0.16285933554172516,-0.24071483314037323,0.2034485936164856,0.0508621484041214,-0.9409697651863098,-0.33524245023727417,-0.2180352658033371,-0.054508816450834274,0.07435670495033264,0.01858917623758316,2.310227394104004,0.8775568604469299,0.5937948226928711,-0.051551297307014465,-0.17492109537124634,-0.043730273842811584,-0.04960837587714195,-0.012402093969285488,0.0300906915217638,0.00752267288044095,-0.24789303541183472,-0.06197325885295868,-0.4124256372451782,-0.10310640931129456,0.1672123521566391,0.1418030858039856,-0.012542802840471268,0.09686429798603058,-0.47229617834091187,-0.11807404458522797,0.02003628760576248,-0.19499093294143677,-0.36988985538482666,-0.09247246384620667,0.18208074569702148,0.04552018642425537,-0.3787292540073395,-0.09468231350183487,-0.0734645426273346,-0.11836613714694977,0.07019302248954773,-0.08245174586772919,-0.4117494821548462,-0.10293737053871155,0.001470908522605896,0.200367733836174,-0.7383931279182434,-0.18459828197956085,0.158769428730011,0.03969235718250275
-0.35864561796188354,-0.1896614134311676,0.1377788782119751,0.034444719552993774,-0.012197339907288551,-0.003049334976822138,2.020324468612671,0.8050811290740967,-0.16285933554172516,-0.24071483314037323,0.2034485936164856,0.0508621484041214,-0.9409697651863098,-0.33524245023727417,-0.2180352658033371,-0.054508816450834274,0.07435670495033264,0.01858917623758316,2.310227394104004,0.8775568604469299,0.5937948226928711,-0.051551297307014465,-0.17492109537124634,-0.043730273842811584,-0.04960837587714195,-0.012402093969285488,0.0300906915217638,0.00752267288044095,-0.24789303541183472,-0.06197325885295868,-0.4124256372451782,-0.10310640931129456,0.1672123521566391,0.1418030858039856,-0.012542802840471268,0.09686429798603058,-0.47229617834091187,-0.11807404458522797,0.02003628760576248,-0.19499093294143677,-0.36988985538482666,-0.09247246384620667,0.18208074569702148,0.04552018642425537,-0.3787292540073395,-0.09468231350183487,-0.0734645426273346,-0.11836613714694977,0.07019302248954773,-0.08245174586772919,-0.4117494821548462,-0.10293737053871155,0.001470908522605896,0.200367733836174,-0.7383931279182434,-0.18459828197956085,0.158769428730011,0.03969235718250275
-0.35864561796188354,-0.1896614134311676,0.1377788782119751,0.034444719552993774,-0.012197339907288551,-0.003049334976822138,2.020324468612671,0.8050811290740967,-0.16285933554172516,-0.24071483314037323,0.2034485936164856,0.0508621484041214,-0.9409697651863098,-0.33524245023727417,-0.2180352658033371,-0.054508816450834274,0.07435670495033264,0.01858917623758316,2.310227394104004,0.8775568604469299,0.5937948226928711,-0.051551297307014465,-0.17492109537124634,-0.043730273842811584,-0.04960837587714195,-0.012402093969285488,0.0300906915217638,0.00752267288044095,-0.24789303541183472,-0.06197325885295868,-0.4124256372451782,-0.10310640931129456,0.1672123521566391,0.1418030858039856,-0.012542802840471268,0.09686429798603058,-0.47229617834091187,-0.11807404458522797,0.02003628760576248,-0.19499093294143677,-0.36988985538482666,-0.09247246384620667,0.18208074569702148,0.04552018642425537,-0.3787292540073395,-0.09468231350183487,-0.0734645426273346,-0.11836613714694977,0.07019302248954773,-0.08245174586772919,-0.4117494821548462,-0.10293737053871155,0.001470908522605896,0.200367733836174,-0.7383931279182434,-0.18459828197956085,0.158769428730011,0.03969235718250275
-0.35864561796188354,-0.1896614134311676,0.1377788782119751,0.034444719552993774,-0.012197339907288551,-0.003049334976822138,2.020324468612671,0.8050811290740967,-0.16285933554172516,-0.24071483314037323,0.2034485936164856,0.0508621484041214,-0.9409697651863098,-0.33524245023727417,-0.2180352658033371,-0.054508816450834274,0.07435670495033264,0.01858917623758316,2.310227394104004,0.8775568604469299,0.5937948226928711,-0.051551297307014465,-0.17492109537124634,-0.043730273842811584,-0.04960837587714195,-0.012402093969285488,0.0300906915217638,0.00752267288044095,-0.24789303541183472,-0.06197325885295868,-0.4124256372451782,-0.10310640931129456,0.1672123521566391,0.1418030858039856,-0.012542802840471268,0.09686429798603058,-0.47229617834091187,-0.11807404458522797,0.02003628760576248,-0.19499093294143677,-0.36988985538482666,-0.09247246384620667,0.18208074569702148,0.04552018642425537,-0.3787292540073395,-0.09468231350183487,-0.0734645426273346,-0.11836613714694977,0.07019302248954773,-0.08245174586772919,-0.4117494821548462,-0.10293737053871155,0.001470908522605896,0.200367733836174,-0.7383931279182434,-0.18459828197956085,0.158769428730011,0.03969235718250275
-0.35864561796188354,-0.1896614134311676,0.1377788782119751,0.034444719552993774,-0.012197339907288551,-0.003049334976822138,2.020324468612671,0.8050811290740967,-0.16285933554172516,-0.24071483314037323,0.2034485936164856,0.0508621484041214,-0.9409697651863098,-0.33524245023727417,-0.2180352658033371,-0.054508816450834274,0.07435670495033264,0.01858917623758316,2.310227394104004,0.8775568604469299,0.5937948226928711,-0.051551297307014465,-0.17492109537124634,-0.043730273842811584,-0.04960837587714195,-0.012402093969285488,0.0300906915217638,0.00752267288044095,-0.24789303541183472,-0.06197325885295868,-0.4124256372451782,-0.10310640931129456,0.1672123521566391,0.1418030858039856,-0.012542802840471268,0.09686429798603058,-0.47229617834091187,-0.11807404458522797,0.02003628760576248,-0.19499093294143677,-0.36988985538482666,-0.09247246384620667,0.18208074569702148,0.04552018642425537,-0.3787292540073395,-0.09468231350183487,-0.0734645426273346,-0.11836613714694977,0.07019302248954773,-0.08245174586772919,-0.4117494821548462,-0.10293737053871155,0.001470908522605896,0.200367733836174,-0.7383931279182434,-0.18459828197956085,0.158769428730011,0.03969235718250275
-0.35864561796188354,-0.1896614134311676,0.1377788782119751,0.034444719552993774,-0.012197339907288551,-0.003049334976822138,2.020324468612671,0.8050811290740967,-0.16285933554172516,-0.24071483314037323,0.2034485936164856,0.0508621484041214,-0.9409697651863098,-0.33524245023727417,-0.2180352658033371,-0.054508816450834274,0.07435670495033264,0.01858917623758316,2.310227394104004,0.8775568604469299,0.5937948226928711,-0.051551297307014465,-0.17492109537124634,-0.043730273842811584,-0.04960837587714195,-0.012402093969285488,0.0300906915217638,0.00752267288044095,-0.24789303541183472,-0.06197325885295868,-0.4124256372451782,-0.10310640931129456,0.1672123521566391,0.1418030858039856,-0.012542802840471268,0.09686429798603058,-0.47229617834091187,-0.11807404458522797,0.02003628760576248,-0.19499093294143677,-0.36988985538482666,-0.09247246384620667,0.18208074569702148,0.04552018642425537,-0.3787292540073395,-0.09468231350183487,-0.0734645426273346,-0.11836613714694977,0.07019302248954773,-0.08245174586772919,-0.4117494821548462,-0.10293737053871155,0.001470908522605896,0.200367733836174,-0.7383931279182434,-0.18459828197956085,0.158769428730011,0.03969235718250275
-0.35864561796188354,-0.1896614134311676,0.1377788782119751,0.034444719552993774,-0.012197339907288551,-0.003049334976822138,2.020324468612671,0.8050811290740967,-0.16285933554172516,-0.24071483314037323,0.2034485936164856,0.0508621484041214,-0.9409697651863098,-0.33524245023727417,-0.2180352658033371,-0.054508816450834274,0.07435670495033264,0.01858917623758316,2.310227394104004,0.8775568604469299,0.5937948226928711,-0.051551297307014465,-0.17492109537124634,-0.043730273842811584,-0.04960837587714195,-0.012402093969285488,0.0300906915217638,0.00752267288044095,-0.24789303541183472,-0.06197325885295868,-0.4124256372451782,-0.10310640931129456,0.1672123521566391,0.1418030858039856,-0.012542802840471268,0.09686429798603058,-0.47229617834091187,-0.11807404458522797,0.02003628760576248,-0.19499093294143677,-0.36988985538482666,-0.09247246384620667,0.18208074569702148,0.04552018642425537,-0.3787292540073395,-0.09468231350183487,-0.0734645426273346,-0.11836613714694977,0.07019302248954773,-0.08245174586772919,-0.4117494821548462,-0.10293737053871155,0.001470908522605896,0.200367733836174,-0.7383931279182434,-0.18459828197956085,0.158769428730011,0.03969235718250275
-0.35864561796188354,-0.1896614134311676,0.1377788782119751,0.034444719552993774,-0.012197339907288551,-0.003049334976822138,2.020324468612671,0.8050811290740967,-0.16285933554172516,-0.24071483314037323,0.2034485936164856,0.0508621484041214,-0.9409697651863098,-0.33524245023727417,-0.2180352658033371,-0.054508816450834274,0.07435670495033264,0.01858917623758316,2.310227394104004,0.8775568604469299,0.5937948226928711,-0.051551297307014465,-0.17492109537124634,-0.043730273842811584,-0.04960837587714195,-0.012402093969285488,0.0300906915217638,0.00752267288044095,-0.24789303541183472,-0.06197325885295868,-0.4124256372451782,-0.10310640931129456,0.1672123521566391,0.1418030858039856,-0.012542802840471268,0.09686429798603058,-0.47229617834091187,-0.11807404458522797,0.02003628760576248,-0.19499093294143677,-0.36988985538482666,-0.09247246384620667,0.18208074569702148,0.04552018642425537,-0.3787292540073395,-0.09468231350183487,-0.0734645426273346,-0.11836613714694977,0.07019302248954773,-0.08245174586772919,-0.4117494821548462,-0.10293737053871155,0.001470908522605896,0.200367733836174,-0.7383931279182434,-0.18459828197956085,0.158769428730011,0.03969235718250275
-0.35864561796188354,-0.1896614134311676,0.1377788782119751,0.034444719552993774,-0.012197339907288551,-0.003049334976822138,2.020324468612671,0.8050811290740967,-0.16285933554172516,-0.24071483314037323,0.2034485936164856,0.0508621484041214,-0.9409697651863098,-0.33524245023727417,-0.2180352658033371,-0.054508816450834274,0.07435670495033264,0.01858917623758316,2.310227394104004,0.8775568604469299,0.5937948226928711,-0.051551297307014465,-0.17492109537124634,-0.043730273842811584,-0.04960837587714195,-0.012402093969285488,0.0300906915217638,0.00752267288044095,-0.24789303541183472,-0.06197325885295868,-0.4124256372451782,-0.10310640931129456,0.1672123521566391,0.1418030858039856,-0.012542802840471268,0.09686429798603058,-0.47229617834091187,-0.11807404458522797,0.02003628760576248,-0.19499093294143677,-0.36988985538482666,-0.09247246384620667,0.18208074569702148,0.04552018642425537,-0.3787292540073395,-0.09468231350183487,-0.0734645426273346,-0.11836613714694977,0.07019302248954773,-0.08245174586772919,-0.4117494821548462,-0.10293737053871155,0.001470908522605896,0.200367733836174,-0.7383931279182434,-0.18459828197956085,0.158769428730011,0.03969235718250275
-0.35864561796188354,-0.1896614134311676,0.1377788782119751,0.034444719552993774,-0.012197339907288551,-0.003049334976822138,2.020324468612671,0.8050811290740967,-0.16285933554172516,-0.24071483314037323,0.2034485936164856,0.0508621484041214,-0.9409697651863098,-0.33524245023727417,-0.2180352658033371,-0.054508816450834274,0.07435670495033264,0.01858917623758316,2.310227394104004,0.8775568604469299,0.5937948226928711,-0.051551297307014465,-0.17492109537124634,-0.043730273842811584,-0.04960837587714195,-0.012402093969285488,0.0300906915217638,0.00752267288044095,-0.24789303541183472,-0.06197325885295868,-0.4124256372451782,-0.10310640931129456,0.1672123521566391,0.1418030858039856,-0.012542802840471268,0.09686429798603058,-0.47229617834091187,-0.11807404458522797,0.02003628760576248,-0.19499093294143677,-0.36988985538482666,-0.09247246384620667,0.18208074569702148,0.04552018642425537,-0.3787292540073395,-0.09468231350183487,-0.0734645426273346,-0.11836613714694977,0.07019302248954773,-0.08245174586772919,-0.4117494821548462,-0.10293737053871155,0.001470908522605896,0.200367733836174,-0.7383931279182434,-0.18459828197956085,0.158769428730011,0.03969235718250275
-0.35864561796188354,-0.1896614134311676,0.1377788782119751,0.034444719552993774,-0.012197339907288551,-0.003049334976822138,2.020324468612671,0.8050811290740967,-0.16285933554172516,-0.24071483314037323,0.2034485936164856,0.0508621484041214,-0.9409697651863098,-0.33524245023727417,-0.2180352658033371,-0.054508816450834274,0.07435670495033264,0.01858917623758316,2.310227394104004,0.8775568604469299,0.5937948226928711,-0.051551297307014465,-0.17492109537124634,-0.043730273842811584,-0.04960837587714195,-0.012402093969285488,0.0300906915217638,0.00752267288044095,-0.24789303541183472,-0.06197325885295868,-0.4124256372451782,-0.10310640931129456,0.1672123521566391,0.1418030858039856,-0.012542802840471268,0.09686429798603058,-0.47229617834091187,-0.11807404458522797,0.02003628760576248,-0.19499093294143677,-0.36988985538482666,-0.09247246384620667,0.18208074569702148,0.04552018642425537,-0.3787292540073395,-0.09468231350183487,-0.0734645426273346,-0.11836613714694977,0.07019302248954773,-0.08245174586772919,-0.4117494821548462,-0.10293737053871155,0.001470908522605896,0.200367733836174,-0.7383931279182434,-0.18459828197956085,0.158769428730011,0.03969235718250275
-0.35864561796188354,-0.1896614134311676,0.1377788782119751,0.034444719552993774,-0.012197339907288551,-0.003049334976822138,2.020324468612671,0.8050811290740967,-0.16285933554172516,-0.24071483314037323,0.2034485936164856,0.0508621484041214,-0.9409697651863098,-0.33524245023727417,-0.2180352658033371,-0.054508816450834274,0.07435670495033264,0.01858917623758316,2.310227394104004,0.8775568604469299,0.5937948226928711,-0.051551297307014465,-0.17492109537124634,-0.043730273842811584,-0.04960837587714195,-0.012402093969285488,0.0300906915217638,0.00752267288044095,-0.24789303541183472,-0.06197325885295868,-0.4124256372451782,-0.10310640931129456,0.1672123521566391,0.1418030858039856,-0.012542802840471268,0.09686429798603058,-0.47229617834091187,-0.11807404458522797,0.02003628760576248,-0.19499093294143677,-0.36988985538482666,-0.09247246384620667,0.18208074569702148,0.04552018642425537,-0.3787292540073395,-0.09468231350183487,-0.0734645426273346,-0.11836613714694977,0.07019302248954773,-0.08245174586772919,-0.4117494821548462,-0.10293737053871155,0.001470908522605896,0.200367733836174,-0.7383931279182434,-0.18459828197956085,0.158769428730011,0.03969235718250275
-0.4132358729839325,-0.20330896973609924,0.14040978252887726,0.035102445632219315,0.009389480575919151,0.002347370143979788,2.1197001934051514,0.8299250602722168,-0.11294184625148773,-0.22823546826839447,0.15514087677001953,0.03878521919250488,-0.8585799336433411,-0.314644992351532,-0.2379351258277893,-0.05948378145694733,0.08022519946098328,0.02005629986524582,2.381542921066284,0.8953857421875,0.7353882193565369,-0.016152948141098022,-0.18702876567840576,-0.04675719141960144,-0.030465181916952133,-0.007616295479238033,0.015377216041088104,0.003844304010272026,-0.21034905314445496,-0.05258726328611374,-0.47172778844833374,-0.11793194711208344,0.17192398011684418,0.14298099279403687,0.06204886734485626,0.11551222205162048,-0.30304625630378723,-0.07576156407594681,0.039510972797870636,-0.19012226164340973,-0.3150336444377899,-0.07875841110944748,-0.27014410495758057,-0.06753602623939514,-0.34158456325531006,-0.08539614081382751,-0.15392416715621948,-0.1384810507297516,-0.10083626210689545,-0.12520906329154968,-0.3602951765060425,-0.09007379412651062,-0.009616807103157043,0.19759580492973328,-0.7301626801490784,-0.1825406700372696,-0.01455112174153328,-0.00363778043538332
-0.4132358729839325,-0.20330896973609924,0.14040978252887726,0.035102445632219315,0.009389480575919151,0.002347370143979788,2.1197001934051514,0.8299250602722168,-0.11294184625148773,-0.22823546826839447,0.15514087677001953,0.03878521919250488,-0.8585799336433411,-0.314644992351532,-0.2379351258277893,-0.05948378145694733,0.08022519946098328,0.02005629986524582,2.381542921066284,0.8953857421875,0.7353882193565369,-0.016152948141098022,-0.18702876567840576,-0.04675719141960144,-0.030465181916952133,-0.007616295479238033,0.015377216041088104,0.003844304010272026,-0.21034905314445496,-0.05258726328611374,-0.47172778844833374,-0.11793194711208344,0.17192398011684418,0.14298099279403687,0.06204886734485626,0.11551222205162048,-0.30304625630378723,-0.07576156407594681,0.039510972797870636,-0.19012226164340973,-0.3150336444377899,-0.07875841110944748,-0.27014410495758057,-0.06753602623939514,-0.34158456325531006,-0.08539614081382751,-0.15392416715621948,-0.1384810507297516,-0.10083626210689545,-0.12520906329154968,-0.3602951765060425,-0.09007379412651062,-0.009616807103157043,0.19759580492973328,-0.7301626801490784,-0.1825406700372696,-0.01455112174153328,-0.00363778043538332
-0.4132358729839325,-0.20330896973609924,0.14040978252887726,0.035102445632219315,0.009389480575919151,0.002347370143979788,2.1197001934051514,0.8299250602722168,-0.11294184625148773,-0.22823546826839447,0.15514087677001953,0.03878521919250488,-0.8585799336433411,-0.314644992351532,-0.2379351258277893,-0.05948378145694733,0.08022519946098328,0.02005629986524582,2.381542921066284,0.8953857421875,0.7353882193565369,-0.016152948141098022,-0.18702876567840576,-0.04675719141960144,-0.030465181916952133,-0.007616295479238033,0.015377216041088104,0.003844304010272026,-0.21034905314445496,-0.05258726328611374,-0.47172778844833374,-0.11793194711208344,0.17192398011684418,0.14298099279403687,0.06204886734485626,0.11551222205162048,-0.30304625630378723,-0.07576156407594681,0.039510972797870636,-0.19012226164340973,-0.3150336444377899,-0.07875841110944748,-0.27014410495758057,-0.06753602623939514,-0.34158456325531006,-0.08539614081382751,-0.15392416715621948,-0.1384810507297516,-0.10083626210689545,-0.12520906329154968,-0.3602951765060425,-0.09007379412651062,-0.009616807103157043,0.19759580492973328,-0.7301626801490784,-0.1825406700372696,-0.01455112174153328,-0.00363778043538332
-0.4132358729839325,-0.20330896973609924,0.14040978252887726,0.035102445632219315,0.009389480575919151,0.002347370143979788,2.1197001934051514,0.8299250602722168,-0.11294184625148773,-0.22823546826839447,0.15514087677001953,0.03878521919250488,-0.8585799336433411,-0.314644992351532,-0.2379351258277893,-0.05948378145694733,0.08022519946098328,0.02005629986524582,2.381542921066284,0.8953857421875,0.7353882193565369,-0.016152948141098022,-0.18702876567840576,-0.04675719141960144,-0.030465181916952133,-0.007616295479238033,0.015377216041088104,0.003844304010272026,-0.21034905314445496,-0.05258726328611374,-0.47172778844833374,-0.11793194711208344,0.17192398011684418,0.14298099279403687,0.06204886734485626,0.11551222205162048,-0.30304625630378723,-0.07576156407594681,0.039510972797870636,-0.19012226164340973,-0.3150336444377899,-0.07875841110944748,-0.27014410495758057,-0.06753602623939514,-0.34158456325531006,-0.08539614081382751,-0.15392416715621948,-0.1384810507297516,-0.10083626210689545,-0.12520906329154968,-0.3602951765060425,-0.09007379412651062,-0.009616807103157043,0.19759580492973328,-0.7301626801490784,-0.1825406700372696,-0.01455112174153328,-0.00363778043538332
-0.4132358729839325,-0.20330896973609924,0.14040978252887726,0.035102445632219315,0.009389480575919151,0.002347370143979788,2.1197001934051514,0.8299250602722168,-0.11294184625148773,-0.22823546826839447,0.15514087677001953,0.03878521919250488,-0.8585799336433411,-0.314644992351532,-0.2379351258277893,-0.05948378145694733,0.08022519946098328,0.02005629986524582,2.381542921066284,0.8953857421875,0.7353882193565369,-0.016152948141098022,-0.18702876567840576,-0.04675719141960144,-0.030465181916952133,-0.007616295479238033,0.015377216041088104,0.003844304010272026,-0.21034905314445496,-0.05258726328611374,-0.47172778844833374,-0.11793194711208344,0.17192398011684418,0.14298099279403687,0.06204886734485626,0.11551222205162048,-0.30304625630378723,-0.07576156407594681,0.039510972797870636,-0.19012226164340973,-0.3150336444377899,-0.07875841110944748,-0.27014410495758057,-0.06753602623939514,-0.34158456325531006,-0.08539614081382751,-0.15392416715621948,-0.1384810507297516,-0.10083626210689545,-0.12520906329154968,-0.3602951765060425,-0.09007379412651062,-0.009616807103157043,0.19759580492973328,-0.7301626801490784,-0.1825406700372696,-0.01455112174153328,-0.00363778043538332
-0.4132358729839325,-0.20330896973609924,0.14040978252887726,0.035102445632219315,0.009389480575919151,0.002347370143979788,2.1197001934051514,0.8299250602722168,-0.11294184625148773,-0.22823546826839447,0.15514087677001953,0.03878521919250488,-0.8585799336433411,-0.314644992351532,-0.2379351258277893,-0.05948378145694733,0.08022519946098328,0.02005629986524582,2.381542921066284,0.8953857421875,0.7353882193565369,-0.016152948141098022,-0.18702876567840576,-0.04675719141960144,-0.030465181916952133,-0.007616295479238033,0.015377216041088104,0.003844304010272026,-0.21034905314445496,-0.05258726328611374,-0.47172778844833374,-0.11793194711208344,0.17192398011684418,0.14298099279403687,0.06204886734485626,0.11551222205162048,-0.30304625630378723,-0.07576156407594681,0.039510972797870636,-0.19012226164340973,-0.3150336444377899,-0.07875841110944748,-0.27014410495758057,-0.06753602623939514,-0.34158456325531006,-0.08539614081382751,-0.15392416715621948,-0.1384810507297516,-0.10083626210689545,-0.12520906329154968,-0.3602951765060425,-0.09007379412651062,-0.009616807103157043,0.19759580492973328,-0.7301626801490784,-0.1825406700372696,-0.01455112174153328,-0.00363778043538332
-0.4132358729839325,-0.20330896973609924,0.14040978252887726,0.035102445632219315,0.009389480575919151,0.002347370143979788,2.1197001934051514,0.8299250602722168,-0.11294184625148773,-0.22823546826839447,0.15514087677001953,0.03878521919250488,-0.8585799336433411,-0.314644992351532,-0.2379351258277893,-0.05948378145694733,0.08022519946098328,0.02005629986524582,2.381542921066284,0.8953857421875,0.7353882193565369,-0.016152948141098022,-0.18702876567840576,-0.04675719141960144,-0.030465181916952133,-0.007616295479238033,0.015377216041088104,0.003844304010272026,-0.21034905314445496,-0.05258726328611374,-0.47172778844833374,-0.11793194711208344,0.17192398011684418,0.14298099279403687,0.06204886734485626,0.11551222205162048,-0.30304625630378723,-0.07576156407594681,0.039510972797870636,-0.19012226164340973,-0.3150336444377899,-0.07875841110944748,-0.27014410495758057,-0.06753602623939514,-0.34158456325531006,-0.08539614081382751,-0.15392416715621948,-0.1384810507297516,-0.10083626210689545,-0.12520906329154968,-0.3602951765060425,-0.09007379412651062,-0.009616807103157043,0.19759580492973328,-0.7301626801490784,-0.1825406700372696,-0.01455112174153328,-0.00363778043538332
-0.4132358729839325,-0.20330896973609924,0.14040978252887726,0.035102445632219315,0.009389480575919151,0.002347370143979788,2.1197001934051514,0.8299250602722168,-0.11294184625148773,-0.22823546826839447,0.15514087677001953,0.03878521919250488,-0.8585799336433411,-0.314644992351532,-0.2379351258277893,-0.05948378145694733,0.08022519946098328,0.02005629986524582,2.381542921066284,0.8953857421875,0.7353882193565369,-0.016152948141098022,-0.18702876567840576,-0.04675719141960144,-0.030465181916952133,-0.007616295479238033,0.015377216041088104,0.003844304010272026,-0.21034905314445496,-0.05258726328611374,-0.47172778844833374,-0.11793194711208344,0.17192398011684418,0.14298099279403687,0.06204886734485626,0.11551222205162048,-0.30304625630378723,-0.07576156407594681,0.039510972797870636,-0.19012226164340973,-0.3150336444377899,-0.07875841110944748,-0.27014410495758057,-0.06753602623939514,-0.34158456325531006,-0.08539614081382751,-0.15392416715621948,-0.1384810507297516,-0.10083626210689545,-0.12520906329154968,-0.3602951765060425,-0.09007379412651062,-0.009616807103157043,0.19759580492973328,-0.7301626801490784,-0.1825406700372696,-0.01455112174153328,-0.00363778043538332
-0.4132358729839325,-0.20330896973609924,0.14040978252887726,0.035102445632219315,0.009389480575919151,0.002347370143979788,2.1197001934051514,0.8299250602722168,-0.11294184625148773,-0.22823546826839447,0.15514087677001953,0.03878521919250488,-0.8585799336433411,-0.314644992351532,-0.2379351258277893,-0.05948378145694733,0.08022519946098328,0.02005629986524582,2.381542921066284,0.8953857421875,0.7353882193565369,-0.016152948141098022,-0.18702876567840576,-0.04675719141960144,-0.030465181916952133,-0.007616295479238033,0.015377216041088104,0.003844304010272026,-0.21034905314445496,-0.05258726328611374,-0.47172778844833374,-0.11793194711208344,0.17192398011684418,0.14298099279403687,0.06204886734485626,0.11551222205162048,-0.30304625630378723,-0.07576156407594681,0.039510972797870636,-0.19012226164340973,-0.3150336444377899,-0.07875841110944748,-0.27014410495758057,-0.06753602623939514,-0.34158456325531006,-0.08539614081382751,-0.15392416715621948,-0.1384810507297516,-0.10083626210689545,-0.12520906329154968,-0.3602951765060425,-0.09007379412651062,-0.009616807103157043,0.19759580492973328,-0.7301626801490784,-0.1825406700372696,-0.01455112174153328,-0.00363778043538332
-0.4132358729839325,-0.20330896973609924,0.14040978252887726,0.035102445632219315,0.009389480575919151,0.002347370143979788,2.1197001934051514,0.8299250602722168,-0.11294184625148773,-0.22823546826839447,0.15514087677001953,0.03878521919250488,-0.8585799336433411,-0.314644992351532,-0.2379351258277893,-0.05948378145694733,0.08022519946098328,0.02005629986524582,2.381542921066284,0.8953857421875,0.7353882193565369,-0.016152948141098022,-0.18702876567840576,-0.04675719141960144,-0.030465181916952133,-0.007616295479238033,0.015377216041088104,0.003844304010272026,-0.21034905314445496,-0.05258726328611374,-0.47172778844833374,-0.11793194711208344,0.17192398011684418,0.14298099279403687,0.06204886734485626,0.11551222205162048,-0.30304625630378723,-0.07576156407594681,0.039510972797870636,-0.19012226164340973,-0.3150336444377899,-0.07875841110944748,-0.27014410495758057,-0.06753602623939514,-0.34158456325531006,-0.08539614081382751,-0.15392416715621948,-0.1384810507297516,-0.10083626210689545,-0.12520906329154968,-0.3602951765060425,-0.09007379412651062,-0.009616807103157043,0.19759580492973328,-0.7301626801490784,-0.1825406700372696,-0.01455112174153328,-0.00363778043538332
-0.4132358729839325,-0.20330896973609924,0.14040978252887726,0.035102445632219315,0.009389480575919151,0.002347370143979788,2.1197001934051514,0.8299250602722168,-0.11294184625148773,-0.22823546826839447,0.15514087677001953,0.03878521919250488,-0.8585799336433411,-0.314644992351532,-0.2379351258277893,-0.05948378145694733,0.08022519946098328,0.02005629986524582,2.381542921066284,0.8953857421875,0.7353882193565369,-0.016152948141098022,-0.18702876567840576,-0.04675719141960144,-0.030465181916952133,-0.007616295479238033,0.015377216041088104,0.003844304010272026,-0.21034905314445496,-0.05258726328611374,-0.47172778844833374,-0.11793194711208344,0.17192398011684418,0.14298099279403687,0.06204886734485626,0.11551222205162048,-0.30304625630378723,-0.07576156407594681,0.039510972797870636,-0.19012226164340973,-0.3150336444377899,-0.07875841110944748,-0.27014410495758057,-0.06753602623939514,-0.34158456325531006,-0.08539614081382751,-0.15392416715621948,-0.1384810507297516,-0.10083626210689545,-0.12520906329154968,-0.3602951765060425,-0.09007379412651062,-0.009616807103157043,0.19759580492973328,-0.7301626801490784,-0.1825406700372696,-0.01455112174153328,-0.00363778043538332
-0.4132358729839325,-0.20330896973609924,0.14040978252887726,0.035102445632219315,0.009389480575919151,0.002347370143979788,2.1197001934051514,0.8299250602722168,-0.11294184625148773,-0.22823546826839447,0.15514087677001953,0.03878521919250488,-0.8585799336433411,-0.314644992351532,-0.2379351258277893,-0.05948378145694733,0.08022519946098328,0.02005629986524582,2.381542921066284,0.8953857421875,0.7353882193565369,-0.016152948141098022,-0.18702876567840576,-0.04675719141960144,-0.030465181916952133,-0.007616295479238033,0.015377216041088104,0.003844304010272026,-0.21034905314445496,-0.05258726328611374,-0.47172778844833374,-0.11793194711208344,0.17192398011684418,0.14298099279403687,0.06204886734485626,0.11551222205162048,-0.30304625630378723,-0.07576156407594681,0.039510972797870636,-0.19012226164340973,-0.3150336444377899,-0.07875841110944748,-0.27014410495758057,-0.06753602623939514,-0.34158456325531006,-0.08539614081382751,-0.15392416715621948,-0.1384810507297516,-0.10083626210689545,-0.12520906329154968,-0.3602951765060425,-0.09007379412651062,-0.009616807103157043,0.19759580492973328,-0.7301626801490784,-0.1825406700372696,-0.01455112174153328,-0.00363778043538332
-0.4132358729839325,-0.20330896973609924,0.14040978252887726,0.035102445632219315,0.009389480575919151,0.002347370143979788,2.1197001934051514,0.8299250602722168,-0.11294184625148773,-0.22823546826839447,0.15514087677001953,0.03878521919250488,-0.8585799336433411,-0.314644992351532,-0.2379351258277893,-0.05948378145694733,0.08022519946098328,0.02005629986524582,2.381542921066284,0.8953857421875,0.7353882193565369,-0.016152948141098022,-0.18702876567840576,-0.04675719141960144,-0.030465181916952133,-0.007616295479238033,0.015377216041088104,0.003844304010272026,-0.21034905314445496,-0.05258726328611374,-0.47172778844833374,-0.11793194711208344,0.17192398011684418,0.14298099279403687,0.06204886734485626,0.11551222205162048,-0.30304625630378723,-0.07576156407594681,0.039510972797870636,-0.19012226164340973,-0.3150336444377899,-0.07875841110944748,-0.27014410495758057,-0.06753602623939514,-0.34158456325531006,-0.08539614081382751,-0.15392416715621948,-0.1384810507297516,-0.10083626210689545,-0.12520906329154968,-0.3602951765060425,-0.09007379412651062,-0.009616807103157043,0.19759580492973328,-0.7301626801490784,-0.1825406700372696,-0.01455112174153328,-0.00363778043538332
-0.4132358729839325,-0.20330896973609924,0.14040978252887726,0.035102445632219315,0.009389480575919151,0.002347370143979788,2.1197001934051514,0.8299250602722168,-0.11294184625148773,-0.22823546826839447,0.15514087677001953,0.03878521919250488,-0.8585799336433411,-0.314644992351532,-0.2379351258277893,-0.05948378145694733,0.08022519946098328,0.02005629986524582,2.381542921066284,0.8953857421875,0.7353882193565369,-0.016152948141098022,-0.18702876567840576,-0.04675719141960144,-0.030465181916952133,-0.007616295479238033,0.015377216041088104,0.003844304010272026,-0.21034905314445496,-0.05258726328611374,-0.47172778844833374,-0.11793194711208344,0.17192398011684418,0.14298099279403687,0.06204886734485626,0.11551222205162048,-0.30304625630378723,-0.07576156407594681,0.039510972797870636,-0.19012226164340973,-0.3150336444377899,-0.07875841110944748,-0.27014410495758057,-0.06753602623939514,-0.34158456325531006,-0.08539614081382751,-0.15392416715621948,-0.1384810507297516,-0.10083626210689545,-0.12520906329154968,-0.3602951765060425,-0.09007379412651062,-0.009616807103157043,0.19759580492973328,-0.7301626801490784,-0.1825406700372696,-0.01455112174153328,-0.00363778043538332
-0.4132358729839325,-0.20330896973609924,0.14040978252887726,0.035102445632219315,0.009389480575919151,0.002347370143979788,2.1197001934051514,0.8299250602722168,-0.11294184625148773,-0.22823546826839447,0.15514087677001953,0.03878521919250488,-0.8585799336433411,-0.314644992351532,-0.2379351258277893,-0.05948378145694733,0.08022519946098328,0.02005629986524582,2.381542921066284,0.8953857421875,0.7353882193565369,-0.016152948141098022,-0.18702876567840576,-0.04675719141960144,-0.030465181916952133,-0.007616295479238033,0.015377216041088104,0.003844304010272026,-0.21034905314445496,-0.05258726328611374,-0.47172778844833374,-0.11793194711208344,0.17192398011684418,0.14298099279403687,0.06204886734485626,0.11551222205162048,-0.30304625630378723,-0.07576156407594681,0.039510972797870636,-0.19012226164340973,-0.3150336444377899,-0.07875841110944748,-0.27014410495758057,-0.06753602623939514,-0.34158456325531006,-0.08539614081382751,-0.15392416715621948,-0.1384810507297516,-0.10083626210689545,-0.12520906329154968,-0.3602951765060425,-0.09007379412651062,-0.009616807103157043,0.19759580492973328,-0.7301626801490784,-0.1825406700372696,-0.01455112174153328,-0.00363778043538332
-0.4132358729839325,-0.20330896973609924,0.14040978252887726,0.035102445632219315,0.009389480575919151,0.002347370143979788,2.1197001934051514,0.8299250602722168,-0.11294184625148773,-0.22823546826839447,0.15514087677001953,0.03878521919250488,-0.8585799336433411,-0.314644992351532,-0.2379351258277893,-0.05948378145694733,0.08022519946098328,0.02005629986524582,2.381542921066284,0.8953857421875,0.7353882193565369,-0.016152948141098022,-0.18702876567840576,-0.04675719141960144,-0.030465181916952133,-0.007616295479238033,0.015377216041088104,0.003844304010272026,-0.21034905314445496,-0.05258726328611374,-0.47172778844833374,-0.11793194711208344,0.17192398011684418,0.14298099279403687,0.06204886734485626,0.11551222205162048,-0.30304625630378723,-0.07576156407594681,0.039510972797870636,-0.19012226164340973,-0.3150336444377899,-0.07875841110944748,-0.27014410495758057,-0.06753602623939514,-0.34158456325531006,-0.08539614081382751,-0.15392416715621948,-0.1384810507297516,-0.10083626210689545,-0.12520906329154968,-0.3602951765060425,-0.09007379412651062,-0.009616807103157043,0.19759580492973328,-0.7301626801490784,-0.1825406700372696,-0.01455112174153328,-0.00363778043538332
-0.4132358729839325,-0.20330896973609924,0.14040978252887726,0.035102445632219315,0.009389480575919151,0.002347370143979788,2.1197001934051514,0.8299250602722168,-0.11294184625148773,-0.22823546826839447,0.15514087677001953,0.03878521919250488,-0.8585799336433411,-0.314644992351532,-0.2379351258277893,-0.05948378145694733,0.08022519946098328,0.02005629986524582,2.381542921066284,0.8953857421875,0.7353882193565369,-0.016152948141098022,-0.18702876567840576,-0.04675719141960144,-0.030465181916952133,-0.007616295479238033,0.015377216041088104,0.003844304010272026,-0.21034905314445496,-0.05258726328611374,-0.47172778844833374,-0.11793194711208344,0.17192398011684418,0.14298099279403687,0.06204886734485626,0.11551222205162048,-0.30304625630378723,-0.07576156407594681,0.039510972797870636,-0.19012226164340973,-0.3150336444377899,-0.07875841110944748,-0.27014410495758057,-0.06753602623939514,-0.34158456325531006,-0.08539614081382751,-0.15392416715621948,-0.1384810507297516,-0.10083626210689545,-0.12520906329154968,-0.3602951765060425,-0.09007379412651062,-0.009616807103157043,0.19759580492973328,-0.7301626801490784,-0.1825406700372696,-0.01455112174153328,-0.00363778043538332
-0.4571661949157715,-0.2142915427684784,0.14516036212444305,0.036290090531110764,0.06024985760450363,0.015062464401125908,2.1939685344696045,0.8484921455383301,-0.15018390119075775,-0.23754598200321198,0.06642042100429535,0.016605105251073837,-0.8169696927070618,-0.30424243211746216,-0.2315792739391327,-0.05789481848478317,0.07502317428588867,0.018755793571472168,2.4761831760406494,0.9190458059310913,0.9869990348815918,0.04674975574016571,-0.314730167388916,-0.078682541847229,-0.044598840177059174,-0.011149710044264793,0.004595652222633362,0.0011489130556583405,-0.23455214500427246,-0.058638036251068115,-0.3672666549682617,-0.09181666374206543,0.16264936327934265,0.14066234230995178,-0.07528182864189148,0.08117954432964325,-0.44949033856391907,-0.11237258464097977,0.002412445843219757,-0.19939689338207245,-0.15955249965190887,-0.03988812491297722,0.21638326346874237,0.05409581586718559,-0.3205176889896393,-0.08012942224740982,-0.022377029061317444,-0.10559426248073578,0.087703175842762,-0.07807420939207077,-0.29253455996513367,-0.07313363999128342,0.0076904743909835815,0.20192262530326843,-0.7372296452522278,-0.18430741131305695,0.14696751534938812,0.03674187883734703
-0.4571661949157715,-0.2142915427684784,0.14516036212444305,0.036290090531110764,0.06024985760450363,0.015062464401125908,2.1939685344696045,0.8484921455383301,-0.15018390119075775,-0.23754598200321198,0.06642042100429535,0.016605105251073837,-0.8169696927070618,-0.30424243211746216,-0.2315792739391327,-0.05789481848478317,0.07502317428588867,0.018755793571472168,2.4761831760406494,0.9190458059310913,0.9869990348815918,0.04674975574016571,-0.314730167388916,-0.078682541847229,-0.044598840177059174,-0.011149710044264793,0.004595652222633362,0.0011489130556583405,-0.23455214500427246,-0.058638036251068115,-0.3672666549682617,-0.09181666374206543,0.16264936327934265,0.14066234230995178,-0.07528182864189148,0.08117954432964325,-0.44949033856391907,-0.11237258464097977,0.002412445843219757,-0.19939689338207245,-0.15955249965190887,-0.03988812491297722,0.21638326346874237,0.05409581586718559,-0.3205176889896393,-0.08012942224740982,-0.022377029061317444,-0.10559426248073578,0.087703175842762,-0.07807420939207077,-0.29253455996513367,-0.07313363999128342,0.0076904743909835815,0.20192262530326843,-0.7372296452522278,-0.18430741131305695,0.14696751534938812,0.03674187883734703
-0.4571661949157715,-0.2142915427684784,0.14516036212444305,0.036290090531110764,0.06024985760450363,0.015062464401125908,2.1939685344696045,0.8484921455383301,-0.15018390119075775,-0.23754598200321198,0.06642042100429535,0.016605105251073837,-0.8169696927070618,-0.30424243211746216,-0.2315792739391327,-0.05789481848478317,0.07502317428588867,0.018755793571472168,2.4761831760406494,0.9190458059310913,0.9869990348815918,0.04674975574016571,-0.314730167388916,-0.078682541847229,-0.044598840177059174,-0.011149710044264793,0.004595652222633362,0.0011489130556583405,-0.23455214500427246,-0.058638036251068115,-0.3672666549682617,-0.09181666374206543,0.16264936327934265,0.14066234230995178,-0.07528182864189148,0.08117954432964325,-0.44949033856391907,-0.11237258464097977,0.002412445843219757,-0.19939689338207245,-0.15955249965190887,-0.03988812491297722,0.21638326346874237,0.05409581586718559,-0.3205176889896393,-0.08012942224740982,-0.022377029061317444,-0.10559426248073578,0.087703175842762,-0.07807420939207077,-0.29253455996513367,-0.07313363999128342,0.0076904743909835815,0.20192262530326843,-0.7372296452522278,-0.18430741131305695,0.14696751534938812,0.03674187883734703
-0.4571661949157715,-0.2142915427684784,0.14516036212444305,0.036290090531110764,0.06024985760450363,0.015062464401125908,2.1939685344696045,0.8484921455383301,-0.15018390119075775,-0.23754598200321198,0.06642042100429535,0.016605105251073837,-0.8169696927070618,-0.30424243211746216,-0.2315792739391327,-0.05789481848478317,0.07502317428588867,0.018755793571472168,2.4761831760406494,0.9190458059310913,0.9869990348815918,0.04674975574016571,-0.314730167388916,-0.078682541847229,-0.044598840177059174,-0.011149710044264793,0.004595652222633362,0.0011489130556583405,-0.23455214500427246,-0.058638036251068115,-0.3672666549682617,-0.09181666374206543,0.16264936327934265,0.14066234230995178,-0.07528182864189148,0.08117954432964325,-0.44949033856391907,-0.11237258464097977,0.002412445843219757,-0.19939689338207245,-0.15955249965190887,-0.03988812491297722,0.21638326346874237,0.05409581586718559,-0.3205176889896393,-0.08012942224740982,-0.022377029061317444,-0.10559426248073578,0.087703175842762,-0.07807420939207077,-0.29253455996513367,-0.07313363999128342,0.0076904743909835815,0.20192262530326843,-0.7372296452522278,-0.18430741131305695,0.14696751534938812,0.03674187883734703
-0.4571661949157715,-0.2142915427684784,0.14516036212444305,0.036290090531110764,0.06024985760450363,0.015062464401125908,2.1939685344696045,0.8484921455383301,-0.15018390119075775,-0.23754598200321198,0.06642042100429535,0.016605105251073837,-0.8169696927070618,-0.30424243211746216,-0.2315792739391327,-0.05789481848478317,0.07502317428588867,0.018755793571472168,2.4761831760406494,0.9190458059310913,0.9869990348815918,0.04674975574016571,-0.314730167388916,-0.078682541847229,-0.044598840177059174,-0.011149710044264793,0.004595652222633362,0.0011489130556583405,-0.23455214500427246,-0.058638036251068115,-0.3672666549682617,-0.09181666374206543,0.16264936327934265,0.14066234230995178,-0.07528182864189148,0.08117954432964325,-0.44949033856391907,-0.11237258464097977,0.002412445843219757,-0.19939689338207245,-0.15955249965190887,-0.03988812491297722,0.21638326346874237,0.05409581586718559,-0.3205176889896393,-0.08012942224740982,-0.022377029061317444,-0.10559426248073578,0.087703175842762,-0.07807420939207077,-0.29253455996513367,-0.07313363999128342,0.0076904743909835815,0.20192262530326843,-0.7372296452522278,-0.18430741131305695,0.14696751534938812,0.03674187883734703
-0.4571661949157715,-0.2142915427684784,0.14516036212444305,0.036290090531110764,0.06024985760450363,0.015062464401125908,2.1939685344696045,0.8484921455383301,-0.15018390119075775,-0.23754598200321198,0.06642042100429535,0.016605105251073837,-0.8169696927070618,-0.30424243211746216,-0.2315792739391327,-0.05789481848478317,0.07502317428588867,0.018755793571472168,2.4761831760406494,0.9190458059310913,0.9869990348815918,0.04674975574016571,-0.314730167388916,-0.078682541847229,-0.044598840177059174,-0.011149710044264793,0.004595652222633362,0.0011489130556583405,-0.23455214500427246,-0.058638036251068115,-0.3672666549682617,-0.09181666374206543,0.16264936327934265,0.14066234230995178,-0.07528182864189148,0.08117954432964325,-0.44949033856391907,-0.11237258464097977,0.002412445843219757,-0.19939689338207245,-0.15955249965190887,-0.03988812491297722,0.21638326346874237,0.05409581586718559,-0.3205176889896393,-0.08012942224740982,-0.022377029061317444,-0.10559426248073578,0.087703175842762,-0.07807420939207077,-0.29253455996513367,-0.07313363999128342,0.0076904743909835815,0.20192262530326843,-0.7372296452522278,-0.18430741131305695,0.14696751534938812,0.03674187883734703
-0.4571661949157715,-0.2142915427684784,0.14516036212444305,0.036290090531110764,0.06024985760450363,0.015062464401125908,2.1939685344696045,0.8484921455383301,-0.15018390119075775,-0.23754598200321198,0.06642042100429535,0.016605105251073837,-0.8169696927070618,-0.30424243211746216,-0.2315792739391327,-0.05789481848478317,0.07502317428588867,0.018755793571472168,2.4761831760406494,0.9190458059310913,0.9869990348815918,0.04674975574016571,-0.314730167388916,-0.078682541847229,-0.044598840177059174,-0.011149710044264793,0.004595652222633362,0.0011489130556583405,-0.23455214500427246,-0.058638036251068115,-0.3672666549682617,-0.09181666374206543,0.16264936327934265,0.14066234230995178,-0.07528182864189148,0.08117954432964325,-0.44949033856391907,-0.11237258464097977,0.002412445843219757,-0.19939689338207245,-0.15955249965190887,-0.03988812491297722,0.21638326346874237,0.05409581586718559,-0.3205176889896393,-0.08012942224740982,-0.022377029061317444,-0.10559426248073578,0.087703175842762,-0.07807420939207077,-0.29253455996513367,-0.07313363999128342,0.0076904743909835815,0.20192262530326843,-0.7372296452522278,-0.18430741131305695,0.14696751534938812,0.03674187883734703
-0.4571661949157715,-0.2142915427684784,0.14516036212444305,0.036290090531110764,0.06024985760450363,0.015062464401125908,2.1939685344696045,0.8484921455383301,-0.15018390119075775,-0.23754598200321198,0.06642042100429535,0.016605105251073837,-0.8169696927070618,-0.30424243211746216,-0.2315792739391327,-0.05789481848478317,0.07502317428588867,0.018755793571472168,2.4761831760406494,0.9190458059310913,0.9869990348815918,0.04674975574016571,-0.314730167388916,-0.078682541847229,-0.044598840177059174,-0.011149710044264793,0.004595652222633362,0.0011489130556583405,-0.23455214500427246,-0.058638036251068115,-0.3672666549682617,-0.09181666374206543,0.16264936327934265,0.14066234230995178,-0.07528182864189148,0.08117954432964325,-0.44949033856391907,-0.11237258464097977,0.002412445843219757,-0.19939689338207245,-0.15955249965190887,-0.03988812491297722,0.21638326346874237,0.05409581586718559,-0.3205176889896393,-0.08012942224740982,-0.022377029061317444,-0.10559426248073578,0.087703175842762,-0.07807420939207077,-0.29253455996513367,-0.07313363999128342,0.0076904743909835815,0.20192262530326843,-0.7372296452522278,-0.18430741131305695,0.14696751534938812,0.03674187883734703
-0.4571661949157715,-0.2142915427684784,0.14516036212444305,0.036290090531110764,0.06024985760450363,0.015062464401125908,2.1939685344696045,0.8484921455383301,-0.15018390119075775,-0.23754598200321198,0.06642042100429535,0.016605105251073837,-0.8169696927070618,-0.30424243211746216,-0.2315792739391327,-0.05789481848478317,0.07502317428588867,0.018755793571472168,2.4761831760406494,0.9190458059310913,0.9869990348815918,0.04674975574016571,-0.314730167388916,-0.078682541847229,-0.044598840177059174,-0.011149710044264793,0.004595652222633362,0.0011489130556583405,-0.23455214500427246,-0.058638036251068115,-0.3672666549682617,-0.09181666374206543,0.16264936327934265,0.14066234230995178,-0.07528182864189148,0.08117954432964325,-0.44949033856391907,-0.11237258464097977,0.002412445843219757,-0.19939689338207245,-0.15955249965190887,-0.03988812491297722,0.21638326346874237,0.05409581586718559,-0.3205176889896393,-0.08012942224740982,-0.022377029061317444,-0.10559426248073578,0.087703175842762,-0.07807420939207077,-0.29253455996513367,-0.07313363999128342,0.0076904743909835815,0.20192262530326843,-0.7372296452522278,-0.18430741131305695,0.14696751534938812,0.03674187883734703
-0.4571661949157715,-0.2142915427684784,0.14516036212444305,0.036290090531110764,0.06024985760450363,0.015062464401125908,2.1939685344696045,0.8484921455383301,-0.15018390119075775,-0.23754598200321198,0.06642042100429535,0.016605105251073837,-0.8169696927070618,-0.30424243211746216,-0.2315792739391327,-0.05789481848478317,0.07502317428588867,0.018755793571472168,2.4761831760406494,0.9190458059310913,0.9869990348815918,0.04674975574016571,-0.314730167388916,-0.078682541847229,-0.044598840177059174,-0.011149710044264793,0.004595652222633362,0.0011489130556583405,-0.23455214500427246,-0.058638036251068115,-0.3672666549682617,-0.09181666374206543,0.16264936327934265,0.14066234230995178,-0.07528182864189148,0.08117954432964325,-0.44949033856391907,-0.11237258464097977,0.002412445843219757,-0.19939689338207245,-0.15955249965190887,-0.03988812491297722,0.21638326346874237,0.05409581586718559,-0.3205176889896393,-0.08012942224740982,-0.022377029061317444,-0.10559426248073578,0.087703175842762,-0.07807420939207077,-0.29253455996513367,-0.07313363999128342,0.0076904743909835815,0.20192262530326843,-0.7372296452522278,-0.18430741131305695,0.14696751534938812,0.03674187883734703
-0.4571661949157715,-0.2142915427684784,0.14516036212444305,0.036290090531110764,0.06024985760450363,0.015062464401125908,2.1939685344696045,0.8484921455383301,-0.15018390119075775,-0.23754598200321198,0.06642042100429535,0.016605105251073837,-0.8169696927070618,-0.30424243211746216,-0.2315792739391327,-0.05789481848478317,0.07502317428588867,0.018755793571472168,2.4761831760406494,0.9190458059310913,0.9869990348815918,0.04674975574016571,-0.314730167388916,-0.078682541847229,-0.044598840177059174,-0.011149710044264793,0.004595652222633362,0.0011489130556583405,-0.23455214500427246,-0.058638036251068115,-0.3672666549682617,-0.09181666374206543,0.16264936327934265,0.14066234230995178,-0.07528182864189148,0.08117954432964325,-0.44949033856391907,-0.11237258464097977,0.002412445843219757,-0.19939689338207245,-0.15955249965190887,-0.03988812491297722,0.21638326346874237,0.05409581586718559,-0.3205176889896393,-0.08012942224740982,-0.022377029061317444,-0.10559426248073578,0.087703175842762,-0.07807420939207077,-0.29253455996513367,-0.07313363999128342,0.0076904743909835815,0.20192262530326843,-0.7372296452522278,-0.18430741131305695,0.14696751534938812,0.03674187883734703
-0.4571661949157715,-0.2142915427684784,0.14516036212444305,0.036290090531110764,0.06024985760450363,0.015062464401125908,2.1939685344696045,0.8484921455383301,-0.15018390119075775,-0.23754598200321198,0.06642042100429535,0.016605105251073837,-0.8169696927070618,-0.30424243211746216,-0.2315792739391327,-0.05789481848478317,0.07502317428588867,0.018755793571472168,2.4761831760406494,0.9190458059310913,0.9869990348815918,0.04674975574016571,-0.314730167388916,-0.078682541847229,-0.044598840177059174,-0.011149710044264793,0.004595652222633362,0.0011489130556583405,-0.23455214500427246,-0.058638036251068115,-0.3672666549682617,-0.09181666374206543,0.16264936327934265,0.14066234230995178,-0.07528182864189148,0.08117954432964325,-0.44949033856391907,-0.11237258464097977,0.002412445843219757,-0.19939689338207245,-0.15955249965190887,-0.03988812491297722,0.21638326346874237,0.05409581586718559,-0.3205176889896393,-0.08012942224740982,-0.022377029061317444,-0.10559426248073578,0.087703175842762,-0.07807420939207077,-0.29253455996513367,-0.07313363999128342,0.0076904743909835815,0.20192262530326843,-0.7372296452522278,-0.18430741131305695,0.14696751534938812,0.03674187883734703
-0.4571661949157715,-0.2142915427684784,0.14516036212444305,0.036290090531110764,0.06024985760450363,0.015062464401125908,2.1939685344696045,0.8484921455383301,-0.15018390119075775,-0.23754598200321198,0.06642042100429535,0.016605105251073837,-0.8169696927070618,-0.30424243211746216,-0.2315792739391327,-0.05789481848478317,0.07502317428588867,0.018755793571472168,2.4761831760406494,0.9190458059310913,0.9869990348815918,0.04674975574016571,-0.314730167388916,-0.078682541847229,-0.044598840177059174,-0.011149710044264793,0.004595652222633362,0.0011489130556583405,-0.23455214500427246,-0.058638036251068115,-0.3672666549682617,-0.09181666374206543,0.16264936327934265,0.14066234230995178,-0.07528182864189148,0.08117954432964325,-0.44949033856391907,-0.11237258464097977,0.002412445843219757,-0.19939689338207245,-0.15955249965190887,-0.03988812491297722,0.21638326346874237,0.05409581586718559,-0.3205176889896393,-0.08012942224740982,-0.022377029061317444,-0.10559426248073578,0.087703175842762,-0.07807420939207077,-0.29253455996513367,-0.07313363999128342,0.0076904743909835815,0.20192262530326843,-0.7372296452522278,-0.18430741131305695,0.14696751534938812,0.03674187883734703
-0.4571661949157715,-0.2142915427684784,0.14516036212444305,0.036290090531110764,0.06024985760450363,0.015062464401125908,2.1939685344696045,0.8484921455383301,-0.15018390119075775,-0.23754598200321198,0.06642042100429535,0.016605105251073837,-0.8169696927070618,-0.30424243211746216,-0.2315792739391327,-0.05789481848478317,0.07502317428588867,0.018755793571472168,2.4761831760406494,0.9190458059310913,0.9869990348815918,0.04674975574016571,-0.314730167388916,-0.078682541847229,-0.044598840177059174,-0.011149710044264793,0.004595652222633362,0.0011489130556583405,-0.23455214500427246,-0.058638036251068115,-0.3672666549682617,-0.09181666374206543,0.16264936327934265,0.14066234230995178,-0.07528182864189148,0.08117954432964325,-0.44949033856391907,-0.11237258464097977,0.002412445843219757,-0.19939689338207245,-0.15955249965190887,-0.03988812491297722,0.21638326346874237,0.05409581586718559,-0.3205176889896393,-0.08012942224740982,-0.022377029061317444,-0.10559426248073578,0.087703175842762,-0.07807420939207077,-0.29253455996513367,-0.07313363999128342,0.0076904743909835815,0.20192262530326843,-0.7372296452522278,-0.18430741131305695,0.14696751534938812,0.03674187883734703
-0.4571661949157715,-0.2142915427684784,0.14516036212444305,0.036290090531110764,0.06024985760450363,0.015062464401125908,2.1939685344696045,0.8484921455383301,-0.15018390119075775,-0.23754598200321198,0.06642042100429535,0.016605105251073837,-0.8169696927070618,-0.30424243211746216,-0.2315792739391327,-0.05789481848478317,0.07502317428588867,0.018755793571472168,2.4761831760406494,0.9190458059310913,0.9869990348815918,0.04674975574016571,-0.314730167388916,-0.078682541847229,-0.044598840177059174,-0.011149710044264793,0.004595652222633362,0.0011489130556583405,-0.23455214500427246,-0.058638036251068115,-0.3672666549682617,-0.09181666374206543,0.16264936327934265,0.14066234230995178,-0.07528182864189148,0.08117954432964325,-0.44949033856391907,-0.11237258464097977,0.002412445843219757,-0.19939689338207245,-0.15955249965190887,-0.03988812491297722,0.21638326346874237,0.05409581586718559,-0.3205176889896393,-0.08012942224740982,-0.022377029061317444,-0.10559426248073578,0.087703175842762,-0.07807420939207077,-0.29253455996513367,-0.07313363999128342,0.0076904743909835815,0.20192262530326843,-0.7372296452522278,-0.18430741131305695,0.14696751534938812,0.03674187883734703
-0.4571661949157715,-0.2142915427684784,0.14516036212444305,0.036290090531110764,0.06024985760450363,0.015062464401125908,2.1939685344696045,0.8484921455383301,-0.15018390119075775,-0.23754598200321198,0.06642042100429535,0.016605105251073837,-0.8169696927070618,-0.30424243211746216,-0.2315792739391327,-0.05789481848478317,0.07502317428588867,0.018755793571472168,2.4761831760406494,0.9190458059310913,0.9869990348815918,0.04674975574016571,-0.314730167388916,-0.078682541847229,-0.044598840177059174,-0.011149710044264793,0.004595652222633362,0.0011489130556583405,-0.23455214500427246,-0.058638036251068115,-0.3672666549682617,-0.09181666374206543,0.16264936327934265,0.14066234230995178,-0.07528182864189148,0.08117954432964325,-0.44949033856391907,-0.11237258464097977,0.002412445843219757,-0.19939689338207245,-0.15955249965190887,-0.03988812491297722,0.21638326346874237,0.05409581586718559,-0.3205176889896393,-0.08012942224740982,-0.022377029061317444,-0.10559426248073578,0.087703175842762,-0.07807420939207077,-0.29253455996513367,-0.07313363999128342,0.0076904743909835815,0.20192262530326843,-0.7372296452522278,-0.18430741131305695,0.14696751534938812,0.03674187883734703
-0.4571661949157715,-0.2142915427684784,0.14516036212444305,0.036290090531110764,0.06024985760450363,0.015062464401125908,2.1939685344696045,0.8484921455383301,-0.15018390119075775,-0.23754598200321198,0.06642042100429535,0.016605105251073837,-0.8169696927070618,-0.30424243211746216,-0.2315792739391327,-0.05789481848478317,0.07502317428588867,0.018755793571472168,2.4761831760406494,0.9190458059310913,0.9869990348815918,0.04674975574016571,-0.314730167388916,-0.078682541847229,-0.044598840177059174,-0.011149710044264793,0.004595652222633362,0.0011489130556583405,-0.23455214500427246,-0.058638036251068115,-0.3672666549682617,-0.09181666374206543,0.16264936327934265,0.14066234230995178,-0.07528182864189148,0.08117954432964325,-0.44949033856391907,-0.11237258464097977,0.002412445843219757,-0.19939689338207245,-0.15955249965190887,-0.03988812491297722,0.21638326346874237,0.05409581586718559,-0.3205176889896393,-0.08012942224740982,-0.022377029061317444,-0.10559426248073578,0.087703175842762,-0.07807420939207077,-0.29253455996513367,-0.07313363999128342,0.0076904743909835815,0.20192262530326843,-0.7372296452522278,-0.18430741131305695,0.14696751534938812,0.03674187883734703
-0.4925740659236908,-0.22314351797103882,0.1473741978406906,0.03684354946017265,0.08238840848207474,0.020597102120518684,2.248873472213745,0.8622183799743652,-0.12134624272584915,-0.23033656179904938,-0.012522995471954346,-0.0031307488679885864,-0.7495416402816772,-0.28738540410995483,-0.26983895897865295,-0.06745973974466324,0.0802617073059082,0.02006542682647705,2.553406238555908,0.938351571559906,1.3996376991271973,0.14990942180156708,-0.34636902809143066,-0.08659225702285767,-0.01754322648048401,-0.004385806620121002,-0.020950786769390106,-0.0052376966923475266,-0.21244573593139648,-0.05311143398284912,-0.38625818490982056,-0.09656454622745514,0.17786134779453278,0.1444653421640396,0.07910550385713577,0.11977637559175491,-0.182342067360878,-0.0455855168402195,0.018092431128025055,-0.19547688961029053,-0.28312256932258606,-0.07078064233064651,-0.3156609833240509,-0.07891524583101273,-0.3301727771759033,-0.08254319429397583,-0.17651699483394623,-0.14412924647331238,-0.129227414727211,-0.13230685889720917,-0.28117796778678894,-0.07029449194669724,-0.029699042439460754,0.19257524609565735,-0.7388656139373779,-0.18471640348434448,-0.1345195323228836,-0.0336298830807209
-0.4925740659236908,-0.22314351797103882,0.1473741978406906,0.03684354946017265,0.08238840848207474,0.020597102120518684,2.248873472213745,0.8622183799743652,-0.12134624272584915,-0.23033656179904938,-0.012522995471954346,-0.0031307488679885864,-0.7495416402816772,-0.28738540410995483,-0.26983895897865295,-0.06745973974466324,0.0802617073059082,0.02006542682647705,2.553406238555908,0.938351571559906,1.3996376991271973,0.14990942180156708,-0.34636902809143066,-0.08659225702285767,-0.01754322648048401,-0.004385806620121002,-0.020950786769390106,-0.0052376966923475266,-0.21244573593139648,-0.05311143398284912,-0.38625818490982056,-0.09656454622745514,0.17786134779453278,0.1444653421640396,0.07910550385713577,0.11977637559175491,-0.182342067360878,-0.0455855168402195,0.018092431128025055,-0.19547688961029053,-0.28312256932258606,-0.07078064233064651,-0.3156609833240509,-0.07891524583101273,-0.3301727771759033,-0.08254319429397583,-0.17651699483394623,-0.14412924647331238,-0.129227414727211,-0.13230685889720917,-0.28117796778678894,-0.07029449194669724,-0.029699042439460754,0.19257524609565735,-0.7388656139373779,-0.18471640348434448,-0.1345195323228836,-0.0336298830807209
-0.4925740659236908,-0.22314351797103882,0.1473741978406906,0.03684354946017265,0.08238840848207474,0.020597102120518684,2.248873472213745,0.8622183799743652,-0.12134624272584915,-0.23033656179904938,-0.012522995471954346,-0.0031307488679885864,-0.7495416402816772,-0.28738540410995483,-0.26983895897865295,-0.06745973974466324,0.0802617073059082,0.02006542682647705,2.553406238555908,0.938351571559906,1.3996376991271973,0.14990942180156708,-0.34636902809143066,-0.08659225702285767,-0.01754322648048401,-0.004385806620121002,-0.020950786769390106,-0.0052376966923475266,-0.21244573593139648,-0.05311143398284912,-0.38625818490982056,-0.09656454622745514,0.17786134779453278,0.1444653421640396,0.07910550385713577,0.11977637559175491,-0.182342067360878,-0.0455855168402195,0.018092431128025055,-0.19547688961029053,-0.28312256932258606,-0.07078064233064651,-0.3156609833240509,-0.07891524583101273,-0.3301727771759033,-0.08254319429397583,-0.17651699483394623,-0.14412924647331238,-0.129227414727211,-0.13230685889720917,-0.28117796778678894,-0.07029449194669724,-0.029699042439460754,0.19257524609565735,-0.7388656139373779,-0.18471640348434448,-0.1345195323228836,-0.0336298830807209
-0.4925740659236908,-0.22314351797103882,0.1473741978406906,0.03684354946017265,0.08238840848207474,0.020597102120518684,2.248873472213745,0.8622183799743652,-0.12134624272584915,-0.23033656179904938,-0.012522995471954346,-0.0031307488679885864,-0.7495416402816772,-0.28738540410995483,-0.26983895897865295,-0.06745973974466324,0.0802617073059082,0.02006542682647705,2.553406238555908,0.938351571559906,1.3996376991271973,0.14990942180156708,-0.34636902809143066,-0.08659225702285767,-0.01754322648048401,-0.004385806620121002,-0.020950786769390106,-0.0052376966923475266,-0.21244573593139648,-0.05311143398284912,-0.38625818490982056,-0.09656454622745514,0.17786134779453278,0.1444653421640396,0.07910550385713577,0.11977637559175491,-0.182342067360878,-0.0455855168402195,0.018092431128025055,-0.19547688961029053,-0.28312256932258606,-0.07078064233064651,-0.3156609833240509,-0.07891524583101273,-0.3301727771759033,-0.08254319429397583,-0.17651699483394623,-0.14412924647331238,-0.129227414727211,-0.13230685889720917,-0.28117796778678894,-0.07029449194669724,-0.029699042439460754,0.19257524609565735,-0.7388656139373779,-0.18471640348434448,-0.1345195323228836,-0.0336298830807209
-0.4925740659236908,-0.22314351797103882,0.1473741978406906,0.03684354946017265,0.08238840848207474,0.020597102120518684,2.248873472213745,0.8622183799743652,-0.12134624272584915,-0.23033656179904938,-0.012522995471954346,-0.0031307488679885864,-0.7495416402816772,-0.28738540410995483,-0.26983895897865295,-0.06745973974466324,0.0802617073059082,0.02006542682647705,2.553406238555908,0.938351571559906,1.3996376991271973,0.14990942180156708,-0.34636902809143066,-0.08659225702285767,-0.01754322648048401,-0.004385806620121002,-0.020950786769390106,-0.0052376966923475266,-0.21244573593139648,-0.05311143398284912,-0.38625818490982056,-0.09656454622745514,0.17786134779453278,0.1444653421640396,0.07910550385713577,0.11977637559175491,-0.182342067360878,-0.0455855168402195,0.018092431128025055,-0.19547688961029053,-0.28312256932258606,-0.07078064233064651,-0.3156609833240509,-0.07891524583101273,-0.3301727771759033,-0.08254319429397583,-0.17651699483394623,-0.14412924647331238,-0.129227414727211,-0.13230685889720917,-0.28117796778678894,-0.07029449194669724,-0.029699042439460754,0.19257524609565735,-0.7388656139373779,-0.18471640348434448,-0.1345195323228836,-0.0336298830807209
-0.4925740659236908,-0.22314351797103882,0.1473741978406906,0.03684354946017265,0.08238840848207474,0.020597102120518684,2.248873472213745,0.8622183799743652,-0.12134624272584915,-0.23033656179904938,-0.012522995471954346,-0.0031307488679885864,-0.7495416402816772,-0.28738540410995483,-0.26983895897865295,-0.06745973974466324,0.0802617073059082,0.02006542682647705,2.553406238555908,0.938351571559906,1.3996376991271973,0.14990942180156708,-0.34636902809143066,-0.08659225702285767,-0.01754322648048401,-0.004385806620121002,-0.020950786769390106,-0.0052376966923475266,-0.21244573593139648,-0.05311143398284912,-0.38625818490982056,-0.09656454622745514,0.17786134779453278,0.1444653421640396,0.07910550385713577,0.11977637559175491,-0.182342067360878,-0.0455855168402195,0.018092431128025055,-0.19547688961029053,-0.28312256932258606,-0.07078064233064651,-0.3156609833240509,-0.07891524583101273,-0.3301727771759033,-0.08254319429397583,-0.17651699483394623,-0.14412924647331238,-0.129227414727211,-0.13230685889720917,-0.28117796778678894,-0.07029449194669724,-0.029699042439460754,0.19257524609565735,-0.7388656139373779,-0.18471640348434448,-0.1345195323228836,-0.0336298830807209
-0.4925740659236908,-0.22314351797103882,0.1473741978406906,0.03684354946017265,0.08238840848207474,0.020597102120518684,2.248873472213745,0.8622183799743652,-0.12134624272584915,-0.23033656179904938,-0.012522995471954346,-0.0031307488679885864,-0.7495416402816772,-0.28738540410995483,-0.26983895897865295,-0.06745973974466324,0.0802617073059082,0.02006542682647705,2.553406238555908,0.938351571559906,1.3996376991271973,0.14990942180156708,-0.34636902809143066,-0.08659225702285767,-0.01754322648048401,-0.004385806620121002,-0.020950786769390106,-0.0052376966923475266,-0.21244573593139648,-0.05311143398284912,-0.38625818490982056,-0.09656454622745514,0.17786134779453278,0.1444653421640396,0.07910550385713577,0.11977637559175491,-0.182342067360878,-0.0455855168402195,0.018092431128025055,-0.19547688961029053,-0.28312256932258606,-0.07078064233064651,-0.3156609833240509,-0.07891524583101273,-0.3301727771759033,-0.08254319429397583,-0.17651699483394623,-0.14412924647331238,-0.129227414727211,-0.13230685889720917,-0.28117796778678894,-0.07029449194669724,-0.029699042439460754,0.19257524609565735,-0.7388656139373779,-0.18471640348434448,-0.1345195323228836,-0.0336298830807209
-0.4925740659236908,-0.22314351797103882,0.1473741978406906,0.03684354946017265,0.08238840848207474,0.020597102120518684,2.248873472213745,0.8622183799743652,-0.12134624272584915,-0.23033656179904938,-0.012522995471954346,-0.0031307488679885864,-0.7495416402816772,-0.28738540410995483,-0.26983895897865295,-0.06745973974466324,0.0802617073059082,0.02006542682647705,2.553406238555908,0.938351571559906,1.3996376991271973,0.14990942180156708,-0.34636902809143066,-0.08659225702285767,-0.01754322648048401,-0.004385806620121002,-0.020950786769390106,-0.0052376966923475266,-0.21244573593139648,-0.05311143398284912,-0.38625818490982056,-0.09656454622745514,0.17786134779453278,0.1444653421640396,0.07910550385713577,0.11977637559175491,-0.182342067360878,-0.0455855168402195,0.018092431128025055,-0.19547688961029053,-0.28312256932258606,-0.07078064233064651,-0.3156609833240509,-0.07891524583101273,-0.3301727771759033,-0.08254319429397583,-0.17651699483394623,-0.14412924647331238,-0.129227414727211,-0.13230685889720917,-0.28117796778678894,-0.07029449194669724,-0.029699042439460754,0.19257524609565735,-0.7388656139373779,-0.18471640348434448,-0.1345195323228836,-0.0336298830807209
-0.4925740659236908,-0.22314351797103882,0.1473741978406906,0.03684354946017265,0.08238840848207474,0.020597102120518684,2.248873472213745,0.8622183799743652,-0.12134624272584915,-0.23033656179904938,-0.012522995471954346,-0.0031307488679885864,-0.7495416402816772,-0.28738540410995483,-0.26983895897865295,-0.06745973974466324,0.0802617073059082,0.02006542682647705,2.553406238555908,0.938351571559906,1.3996376991271973,0.14990942180156708,-0.34636902809143066,-0.08659225702285767,-0.01754322648048401,-0.004385806620121002,-0.020950786769390106,-0.0052376966923475266,-0.21244573593139648,-0.05311143398284912,-0.38625818490982056,-0.09656454622745514,0.17786134779453278,0.1444653421640396,0.07910550385713577,0.11977637559175491,-0.182342067360878,-0.0455855168402195,0.018092431128025055,-0.19547688961029053,-0.28312256932258606,-0.07078064233064651,-0.3156609833240509,-0.07891524583101273,-0.3301727771759033,-0.08254319429397583,-0.17651699483394623,-0.14412924647331238,-0.129227414727211,-0.13230685889720917,-0.28117796778678894,-0.07029449194669724,-0.029699042439460754,0.19257524609565735,-0.7388656139373779,-0.18471640348434448,-0.1345195323228836,-0.0336298830807209
-0.4925740659236908,-0.22314351797103882,0.1473741978406906,0.03684354946017265,0.08238840848207474,0.020597102120518684,2.248873472213745,0.8622183799743652,-0.12134624272584915,-0.23033656179904938,-0.012522995471954346,-0.0031307488679885864,-0.7495416402816772,-0.28738540410995483,-0.26983895897865295,-0.06745973974466324,0.0802617073059082,0.02006542682647705,2.553406238555908,0.938351571559906,1.3996376991271973,0.14990942180156708,-0.34636902809143066,-0.08659225702285767,-0.01754322648048401,-0.004385806620121002,-0.020950786769390106,-0.0052376966923475266,-0.21244573593139648,-0.05311143398284912,-0.38625818490982056,-0.09656454622745514,0.17786134779453278,0.1444653421640396,0.07910550385713577,0.11977637559175491,-0.182342067360878,-0.0455855168402195,0.018092431128025055,-0.19547688961029053,-0.28312256932258606,-0.07078064233064651,-0.3156609833240509,-0.07891524583101273,-0.3301727771759033,-0.08254319429397583,-0.17651699483394623,-0.14412924647331238,-0.129227414727211,-0.13230685889720917,-0.28117796778678894,-0.07029449194669724,-0.029699042439460754,0.19257524609565735,-0.7388656139373779,-0.18471640348434448,-0.1345195323228836,-0.0336298830807209
-0.4925740659236908,-0.22314351797103882,0.1473741978406906,0.03684354946017265,0.08238840848207474,0.020597102120518684,2.248873472213745,0.8622183799743652,-0.12134624272584915,-0.23033656179904938,-0.012522995471954346,-0.0031307488679885864,-0.7495416402816772,-0.28738540410995483,-0.26983895897865295,-0.06745973974466324,0.0802617073059082,0.02006542682647705,2.553406238555908,0.938351571559906,1.3996376991271973,0.14990942180156708,-0.34636902809143066,-0.08659225702285767,-0.01754322648048401,-0.004385806620121002,-0.020950786769390106,-0.0052376966923475266,-0.21244573593139648,-0.05311143398284912,-0.38625818490982056,-0.09656454622745514,0.17786134779453278,0.1444653421640396,0.07910550385713577,0.11977637559175491,-0.182342067360878,-0.0455855168402195,0.018092431128025055,-0.19547688961029053,-0.28312256932258606,-0.07078064233064651,-0.3156609833240509,-0.07891524583101273,-0.3301727771759033,-0.08254319429397583,-0.17651699483394623,-0.14412924647331238,-0.129227414727211,-0.13230685889720917,-0.28117796778678894,-0.07029449194669724,-0.029699042439460754,0.19257524609565735,-0.7388656139373779,-0.18471640348434448,-0.1345195323228836,-0.0336298830807209
-0.4925740659236908,-0.22314351797103882,0.1473741978406906,0.03684354946017265,0.08238840848207474,0.020597102120518684,2.248873472213745,0.8622183799743652,-0.12134624272584915,-0.23033656179904938,-0.012522995471954346,-0.0031307488679885864,-0.7495416402816772,-0.28738540410995483,-0.26983895897865295,-0.06745973974466324,0.0802617073059082,0.02006542682647705,2.553406238555908,0.938351571559906,1.3996376991271973,0.14990942180156708,-0.34636902809143066,-0.08659225702285767,-0.01754322648048401,-0.004385806620121002,-0.020950786769390106,-0.0052376966923475266,-0.21244573593139648,-0.05311143398284912,-0.38625818490982056,-0.09656454622745514,0.17786134779453278,0.1444653421640396,0.07910550385713577,0.11977637559175491,-0.182342067360878,-0.0455855168402195,0.018092431128025055,-0.19547688961029053,-0.28312256932258606,-0.07078064233064651,-0.3156609833240509,-0.07891524583101273,-0.3301727771759033,-0.08254319429397583,-0.17651699483394623,-0.14412924647331238,-0.129227414727211,-0.13230685889720917,-0.28117796778678894,-0.07029449194669724,-0.029699042439460754,0.19257524609565735,-0.7388656139373779,-0.18471640348434448,-0.1345195323228836,-0.0336298830807209
-0.4925740659236908,-0.22314351797103882,0.1473741978406906,0.03684354946017265,0.08238840848207474,0.020597102120518684,2.248873472213745,0.8622183799743652,-0.12134624272584915,-0.23033656179904938,-0.012522995471954346,-0.0031307488679885864,-0.7495416402816772,-0.28738540410995483,-0.26983895897865295,-0.06745973974466324,0.0802617073059082,0.02006542682647705,2.553406238555908,0.938351571559906,1.3996376991271973,0.14990942180156708,-0.34636902809143066,-0.08659225702285767,-0.01754322648048401,-0.004385806620121002,-0.020950786769390106,-0.0052376966923475266,-0.21244573593139648,-0.05311143398284912,-0.38625818490982056,-0.09656454622745514,0.17786134779453278,0.1444653421640396,0.07910550385713577,0.11977637559175491,-0.182342067360878,-0.0455855168402195,0.018092431128025055,-0.19547688961029053,-0.28312256932258606,-0.07078064233064651,-0.3156609833240509,-0.07891524583101273,-0.3301727771759033,-0.08254319429397583,-0.17651699483394623,-0.14412924647331238,-0.129227414727211,-0.13230685889720917,-0.28117796778678894,-0.07029449194669724,-0.029699042439460754,0.19257524609565735,-0.7388656139373779,-0.18471640348434448,-0.1345195323228836,-0.0336298830807209
-0.4925740659236908,-0.22314351797103882,0.1473741978406906,0.03684354946017265,0.08238840848207474,0.020597102120518684,2.248873472213745,0.8622183799743652,-0.12134624272584915,-0.23033656179904938,-0.012522995471954346,-0.0031307488679885864,-0.7495416402816772,-0.28738540410995483,-0.26983895897865295,-0.06745973974466324,0.0802617073059082,0.02006542682647705,2.553406238555908,0.938351571559906,1.3996376991271973,0.14990942180156708,-0.34636902809143066,-0.08659225702285767,-0.01754322648048401,-0.004385806620121002,-0.020950786769390106,-0.0052376966923475266,-0.21244573593139648,-0.05311143398284912,-0.38625818490982056,-0.09656454622745514,0.17786134779453278,0.1444653421640396,0.07910550385713577,0.11977637559175491,-0.182342067360878,-0.0455855168402195,0.018092431128025055,-0.19547688961029053,-0.28312256932258606,-0.07078064233064651,-0.3156609833240509,-0.07891524583101273,-0.3301727771759033,-0.08254319429397583,-0.17651699483394623,-0.14412924647331238,-0.129227414727211,-0.13230685889720917,-0.28117796778678894,-0.07029449194669724,-0.029699042439460754,0.19257524609565735,-0.7388656139373779,-0.18471640348434448,-0.1345195323228836,-0.0336298830807209
-0.4925740659236908,-0.22314351797103882,0.1473741978406906,0.03684354946017265,0.08238840848207474,0.020597102120518684,2.248873472213745,0.8622183799743652,-0.12134624272584915,-0.23033656179904938,-0.012522995471954346,-0.0031307488679885864,-0.7495416402816772,-0.28738540410995483,-0.26983895897865295,-0.06745973974466324,0.0802617073059082,0.02006542682647705,2.553406238555908,0.938351571559906,1.3996376991271973,0.14990942180156708,-0.34636902809143066,-0.08659225702285767,-0.01754322648048401,-0.004385806620121002,-0.020950786769390106,-0.0052376966923475266,-0.21244573593139648,-0.05311143398284912,-0.38625818490982056,-0.09656454622745514,0.17786134779453278,0.1444653421640396,0.07910550385713577,0.11977637559175491,-0.182342067360878,-0.0455855168402195,0.018092431128025055,-0.19547688961029053,-0.28312256932258606,-0.07078064233064651,-0.3156609833240509,-0.07891524583101273,-0.3301727771759033,-0.08254319429397583,-0.17651699483394623,-0.14412924647331238,-0.129227414727211,-0.13230685889720917,-0.28117796778678894,-0.07029449194669724,-0.029699042439460754,0.19257524609565735,-0.7388656139373779,-0.18471640348434448,-0.1345195323228836,-0.0336298830807209
-0.4925740659236908,-0.22314351797103882,0.1473741978406906,0.03684354946017265,0.08238840848207474,0.020597102120518684,2.248873472213745,0.8622183799743652,-0.12134624272584915,-0.23033656179904938,-0.012522995471954346,-0.0031307488679885864,-0.7495416402816772,-0.28738540410995483,-0.26983895897865295,-0.06745973974466324,0.0802617073059082,0.02006542682647705,2.553406238555908,0.938351571559906,1.3996376991271973,0.14990942180156708,-0.34636902809143066,-0.08659225702285767,-0.01754322648048401,-0.004385806620121002,-0.020950786769390106,-0.0052376966923475266,-0.21244573593139648,-0.05311143398284912,-0.38625818490982056,-0.09656454622745514,0.17786134779453278,0.1444653421640396,0.07910550385713577,0.11977637559175491,-0.182342067360878,-0.0455855168402195,0.018092431128025055,-0.19547688961029053,-0.28312256932258606,-0.07078064233064651,-0.3156609833240509,-0.07891524583101273,-0.3301727771759033,-0.08254319429397583,-0.17651699483394623,-0.14412924647331238,-0.129227414727211,-0.13230685889720917,-0.28117796778678894,-0.07029449194669724,-0.029699042439460754,0.19257524609565735,-0.7388656139373779,-0.18471640348434448,-0.1345195323228836,-0.0336298830807209
-0.4925740659236908,-0.22314351797103882,0.1473741978406906,0.03684354946017265,0.08238840848207474,0.020597102120518684,2.248873472213745,0.8622183799743652,-0.12134624272584915,-0.23033656179904938,-0.012522995471954346,-0.0031307488679885864,-0.7495416402816772,-0.28738540410995483,-0.26983895897865295,-0.06745973974466324,0.0802617073059082,0.02006542682647705,2.553406238555908,0.938351571559906,1.3996376991271973,0.14990942180156708,-0.34636902809143066,-0.08659225702285767,-0.01754322648048401,-0.004385806620121002,-0.020950786769390106,-0.0052376966923475266,-0.21244573593139648,-0.05311143398284912,-0.38625818490982056,-0.09656454622745514,0.17786134779453278,0.1444653421640396,0.07910550385713577,0.11977637559175491,-0.182342067360878,-0.0455855168402195,0.018092431128025055,-0.19547688961029053,-0.28312256932258606,-0.07078064233064651,-0.3156609833240509,-0.07891524583101273,-0.3301727771759033,-0.08254319429397583,-0.17651699483394623,-0.14412924647331238,-0.129227414727211,-0.13230685889720917,-0.28117796778678894,-0.07029449194669724,-0.029699042439460754,0.19257524609565735,-0.7388656139373779,-0.18471640348434448,-0.1345195323228836,-0.0336298830807209
-0.5145251750946045,-0.22863128781318665,0.14124725759029388,0.03531181439757347,0.11402799934148788,0.02850699983537197,2.30009126663208,0.875022828578949,-0.15436303615570068,-0.2385907620191574,-0.03148861229419708,-0.00787215307354927,-0.7818918824195862,-0.29547297954559326,-0.2756669223308563,-0.06891673058271408,0.096026211977005,0.02400655299425125,2.715541124343872,0.978885293006897,1.9550820589065552,0.28877049684524536,-0.4339166283607483,-0.10847915709018707,-0.04550560191273689,-0.011376400478184223,-0.014406196773052216,-0.003601549193263054,-0.2427923083305359,-0.06069807708263397,-0.3469586968421936,-0.0867396742105484,0.18354912102222443,0.14588728547096252,-0.11248045414686203,0.07187988609075546,-0.44411975145339966,-0.11102993786334991,-0.04038221761584282,-0.21009555459022522,-0.0652947947382927,-0.016323698684573174,0.22392544150352478,0.055981360375881195,-0.3024466037750244,-0.0756116509437561,0.03177488222718239,-0.0920562818646431,0.09971290826797485,-0.0750717744231224,-0.3081687390804291,-0.07704218477010727,-0.018788933753967285,0.19530276954174042,-0.7819050550460815,-0.19547626376152039,0.26512211561203003,0.06628052890300751
-0.5145251750946045,-0.22863128781318665,0.14124725759029388,0.03531181439757347,0.11402799934148788,0.02850699983537197,2.30009126663208,0.875022828578949,-0.15436303615570068,-0.2385907620191574,-0.03148861229419708,-0.00787215307354927,-0.7818918824195862,-0.29547297954559326,-0.2756669223308563,-0.06891673058271408,0.096026211977005,0.02400655299425125,2.715541124343872,0.978885293006897,1.9550820589065552,0.28877049684524536,-0.4339166283607483,-0.10847915709018707,-0.04550560191273689,-0.011376400478184223,-0.014406196773052216,-0.003601549193263054,-0.2427923083305359,-0.06069807708263397,-0.3469586968421936,-0.0867396742105484,0.18354912102222443,0.14588728547096252,-0.11248045414686203,0.07187988609075546,-0.44411975145339966,-0.11102993786334991,-0.04038221761584282,-0.21009555459022522,-0.0652947947382927,-0.016323698684573174,0.22392544150352478,0.055981360375881195,-0.3024466037750244,-0.0756116509437561,0.03177488222718239,-0.0920562818646431,0.09971290826797485,-0.0750717744231224,-0.3081687390804291,-0.07704218477010727,-0.018788933753967285,0.19530276954174042,-0.7819050550460815,-0.19547626376152039,0.26512211561203003,0.06628052890300751
-0.5145251750946045,-0.22863128781318665,0.14124725759029388,0.03531181439757347,0.11402799934148788,0.02850699983537197,2.30009126663208,0.875022828578949,-0.15436303615570068,-0.2385907620191574,-0.03148861229419708,-0.00787215307354927,-0.7818918824195862,-0.29547297954559326,-0.2756669223308563,-0.06891673058271408,0.096026211977005,0.02400655299425125,2.715541124343872,0.978885293006897,1.9550820589065552,0.28877049684524536,-0.4339166283607483,-0.10847915709018707,-0.04550560191273689,-0.011376400478184223,-0.014406196773052216,-0.003601549193263054,-0.2427923083305359,-0.06069807708263397,-0.3469586968421936,-0.0867396742105484,0.18354912102222443,0.14588728547096252,-0.11248045414686203,0.07187988609075546,-0.44411975145339966,-0.11102993786334991,-0.04038221761584282,-0.21009555459022522,-0.0652947947382927,-0.016323698684573174,0.22392544150352478,0.055981360375881195,-0.3024466037750244,-0.0756116509437561,0.03177488222718239,-0.0920562818646431,0.09971290826797485,-0.0750717744231224,-0.3081687390804291,-0.07704218477010727,-0.018788933753967285,0.19530276954174042,-0.7819050550460815,-0.19547626376152039,0.26512211561203003,0.06628052890300751
-0.5145251750946045,-0.22863128781318665,0.14124725759029388,0.03531181439757347,0.11402799934148788,0.02850699983537197,2.30009126663208,0.875022828578949,-0.15436303615570068,-0.2385907620191574,-0.03148861229419708,-0.00787215307354927,-0.7818918824195862,-0.29547297954559326,-0.2756669223308563,-0.06891673058271408,0.096026211977005,0.02400655299425125,2.715541124343872,0.978885293006897,1.9550820589065552,0.28877049684524536,-0.4339166283607483,-0.10847915709018707,-0.04550560191273689,-0.011376400478184223,-0.014406196773052216,-0.003601549193263054,-0.2427923083305359,-0.06069807708263397,-0.3469586968421936,-0.0867396742105484,0.18354912102222443,0.14588728547096252,-0.11248045414686203,0.07187988609075546,-0.44411975145339966,-0.11102993786334991,-0.04038221761584282,-0.21009555459022522,-0.0652947947382927,-0.016323698684573174,0.22392544150352478,0.055981360375881195,-0.3024466037750244,-0.0756116509437561,0.03177488222718239,-0.0920562818646431,0.09971290826797485,-0.0750717744231224,-0.3081687390804291,-0.07704218477010727,-0.018788933753967285,0.19530276954174042,-0.7819050550460815,-0.19547626376152039,0.26512211561203003,0.06628052890300751
-0.5145251750946045,-0.22863128781318665,0.14124725759029388,0.03531181439757347,0.11402799934148788,0.02850699983537197,2.30009126663208,0.875022828578949,-0.15436303615570068,-0.2385907620191574,-0.03148861229419708,-0.00787215307354927,-0.7818918824195862,-0.29547297954559326,-0.2756669223308563,-0.06891673058271408,0.096026211977005,0.02400655299425125,2.715541124343872,0.978885293006897,1.9550820589065552,0.28877049684524536,-0.4339166283607483,-0.10847915709018707,-0.04550560191273689,-0.011376400478184223,-0.014406196773052216,-0.003601549193263054,-0.2427923083305359,-0.06069807708263397,-0.3469586968421936,-0.0867396742105484,0.18354912102222443,0.14588728547096252,-0.11248045414686203,0.07187988609075546,-0.44411975145339966,-0.11102993786334991,-0.04038221761584282,-0.21009555459022522,-0.0652947947382927,-0.016323698684573174,0.22392544150352478,0.055981360375881195,-0.3024466037750244,-0.0756116509437561,0.03177488222718239,-0.0920562818646431,0.09971290826797485,-0.0750717744231224,-0.3081687390804291,-0.07704218477010727,-0.018788933753967285,0.19530276954174042,-0.7819050550460815,-0.19547626376152039,0.26512211561203003,0.06628052890300751
-0.5145251750946045,-0.22863128781318665,0.14124725759029388,0.03531181439757347,0.11402799934148788,0.02850699983537197,2.30009126663208,0.875022828578949,-0.15436303615570068,-0.2385907620191574,-0.03148861229419708,-0.00787215307354927,-0.7818918824195862,-0.29547297954559326,-0.2756669223308563,-0.06891673058271408,0.096026211977005,0.02400655299425125,2.715541124343872,0.978885293006897,1.9550820589065552,0.28877049684524536,-0.4339166283607483,-0.10847915709018707,-0.04550560191273689,-0.011376400478184223,-0.014406196773052216,-0.003601549193263054,-0.2427923083305359,-0.06069807708263397,-0.3469586968421936,-0.0867396742105484,0.18354912102222443,0.14588728547096252,-0.11248045414686203,0.07187988609075546,-0.44411975145339966,-0.11102993786334991,-0.04038221761584282,-0.21009555459022522,-0.0652947947382927,-0.016323698684573174,0.22392544150352478,0.055981360375881195,-0.3024466037750244,-0.0756116509437561,0.03177488222718239,-0.0920562818646431,0.09971290826797485,-0.0750717744231224,-0.3081687390804291,-0.07704218477010727,-0.018788933753967285,0.19530276954174042,-0.7819050550460815,-0.19547626376152039,0.26512211561203003,0.06628052890300751
-0.5145251750946045,-0.22863128781318665,0.14124725759029388,0.03531181439757347,0.11402799934148788,0.02850699983537197,2.30009126663208,0.875022828578949,-0.15436303615570068,-0.2385907620191574,-0.03148861229419708,-0.00787215307354927,-0.7818918824195862,-0.29547297954559326,-0.2756669223308563,-0.06891673058271408,0.096026211977005,0.02400655299425125,2.715541124343872,0.978885293006897,1.9550820589065552,0.28877049684524536,-0.4339166283607483,-0.10847915709018707,-0.04550560191273689,-0.011376400478184223,-0.014406196773052216,-0.003601549193263054,-0.2427923083305359,-0.06069807708263397,-0.3469586968421936,-0.0867396742105484,0.18354912102222443,0.14588728547096252,-0.11248045414686203,0.07187988609075546,-0.44411975145339966,-0.11102993786334991,-0.04038221761584282,-0.21009555459022522,-0.0652947947382927,-0.016323698684573174,0.22392544150352478,0.055981360375881195,-0.3024466037750244,-0.0756116509437561,0.03177488222718239,-0.0920562818646431,0.09971290826797485,-0.0750717744231224,-0.3081687390804291,-0.07704218477010727,-0.018788933753967285,0.19530276954174042,-0.7819050550460815,-0.19547626376152039,0.26512211561203003,0.06628052890300751
-0.5145251750946045,-0.22863128781318665,0.14124725759029388,0.03531181439757347,0.11402799934148788,0.02850699983537197,2.30009126663208,0.875022828578949,-0.15436303615570068,-0.2385907620191574,-0.03148861229419708,-0.00787215307354927,-0.7818918824195862,-0.29547297954559326,-0.2756669223308563,-0.06891673058271408,0.096026211977005,0.02400655299425125,2.715541124343872,0.978885293006897,1.9550820589065552,0.28877049684524536,-0.4339166283607483,-0.10847915709018707,-0.04550560191273689,-0.011376400478184223,-0.014406196773052216,-0.003601549193263054,-0.2427923083305359,-0.06069807708263397,-0.3469586968421936,-0.0867396742105484,0.18354912102222443,0.14588728547096252,-0.11248045414686203,0.07187988609075546,-0.44411975145339966,-0.11102993786334991,-0.04038221761584282,-0.21009555459022522,-0.0652947947382927,-0.016323698684573174,0.22392544150352478,0.055981360375881195,-0.3024466037750244,-0.0756116509437561,0.03177488222718239,-0.0920562818646431,0.09971290826797485,-0.0750717744231224,-0.3081687390804291,-0.07704218477010727,-0.018788933753967285,0.19530276954174042,-0.7819050550460815,-0.19547626376152039,0.26512211561203003,0.06628052890300751
-0.5145251750946045,-0.22863128781318665,0.14124725759029388,0.03531181439757347,0.11402799934148788,0.02850699983537197,2.30009126663208,0.875022828578949,-0.15436303615570068,-0.2385907620191574,-0.03148861229419708,-0.00787215307354927,-0.7818918824195862,-0.29547297954559326,-0.2756669223308563,-0.06891673058271408,0.096026211977005,0.02400655299425125,2.715541124343872,0.978885293006897,1.9550820589065552,0.28877049684524536,-0.4339166283607483,-0.10847915709018707,-0.04550560191273689,-0.011376400478184223,-0.014406196773052216,-0.003601549193263054,-0.2427923083305359,-0.06069807708263397,-0.3469586968421936,-0.0867396742105484,0.18354912102222443,0.14588728547096252,-0.11248045414686203,0.07187988609075546,-0.44411975145339966,-0.11102993786334991,-0.04038221761584282,-0.21009555459022522,-0.0652947947382927,-0.016323698684573174,0.22392544150352478,0.055981360375881195,-0.3024466037750244,-0.0756116509437561,0.03177488222718239,-0.0920562818646431,0.09971290826797485,-0.0750717744231224,-0.3081687390804291,-0.07704218477010727,-0.018788933753967285,0.19530276954174042,-0.7819050550460815,-0.19547626376152039,0.26512211561203003,0.06628052890300751
-0.5145251750946045,-0.22863128781318665,0.14124725759029388,0.03531181439757347,0.11402799934148788,0.02850699983537197,2.30009126663208,0.875022828578949,-0.15436303615570068,-0.2385907620191574,-0.03148861229419708,-0.00787215307354927,-0.7818918824195862,-0.29547297954559326,-0.2756669223308563,-0.06891673058271408,0.096026211977005,0.02400655299425125,2.715541124343872,0.978885293006897,1.9550820589065552,0.28877049684524536,-0.4339166283607483,-0.10847915709018707,-0.04550560191273689,-0.011376400478184223,-0.014406196773052216,-0.003601549193263054,-0.2427923083305359,-0.06069807708263397,-0.3469586968421936,-0.0867396742105484,0.18354912102222443,0.14588728547096252,-0.11248045414686203,0.07187988609075546,-0.44411975145339966,-0.11102993786334991,-0.04038221761584282,-0.21009555459022522,-0.0652947947382927,-0.016323698684573174,0.22392544150352478,0.055981360375881195,-0.3024466037750244,-0.0756116509437561,0.03177488222718239,-0.0920562818646431,0.09971290826797485,-0.0750717744231224,-0.3081687390804291,-0.07704218477010727,-0.018788933753967285,0.19530276954174042,-0.7819050550460815,-0.19547626376152039,0.26512211561203003,0.06628052890300751
-0.5145251750946045,-0.22863128781318665,0.14124725759029388,0.03531181439757347,0.11402799934148788,0.02850699983537197,2.30009126663208,0.875022828578949,-0.15436303615570068,-0.2385907620191574,-0.03148861229419708,-0.00787215307354927,-0.7818918824195862,-0.29547297954559326,-0.2756669223308563,-0.06891673058271408,0.096026211977005,0.02400655299425125,2.715541124343872,0.978885293006897,1.9550820589065552,0.28877049684524536,-0.4339166283607483,-0.10847915709018707,-0.04550560191273689,-0.011376400478184223,-0.014406196773052216,-0.003601549193263054,-0.2427923083305359,-0.06069807708263397,-0.3469586968421936,-0.0867396742105484,0.18354912102222443,0.14588728547096252,-0.11248045414686203,0.07187988609075546,-0.44411975145339966,-0.11102993786334991,-0.04038221761584282,-0.21009555459022522,-0.0652947947382927,-0.016323698684573174,0.22392544150352478,0.055981360375881195,-0.3024466037750244,-0.0756116509437561,0.03177488222718239,-0.0920562818646431,0.09971290826797485,-0.0750717744231224,-0.3081687390804291,-0.07704218477010727,-0.018788933753967285,0.19530276954174042,-0.7819050550460815,-0.19547626376152039,0.26512211561203003,0.06628052890300751
-0.5145251750946045,-0.22863128781318665,0.14124725759029388,0.03531181439757347,0.11402799934148788,0.02850699983537197,2.30009126663208,0.875022828578949,-0.15436303615570068,-0.2385907620191574,-0.03148861229419708,-0.00787215307354927,-0.7818918824195862,-0.29547297954559326,-0.2756669223308563,-0.06891673058271408,0.096026211977005,0.02400655299425125,2.715541124343872,0.978885293006897,1.9550820589065552,0.28877049684524536,-0.4339166283607483,-0.10847915709018707,-0.04550560191273689,-0.011376400478184223,-0.014406196773052216,-0.003601549193263054,-0.2427923083305359,-0.06069807708263397,-0.3469586968421936,-0.0867396742105484,0.18354912102222443,0.14588728547096252,-0.11248045414686203,0.07187988609075546,-0.44411975145339966,-0.11102993786334991,-0.04038221761584282,-0.21009555459022522,-0.0652947947382927,-0.016323698684573174,0.22392544150352478,0.055981360375881195,-0.3024466037750244,-0.0756116509437561,0.03177488222718239,-0.0920562818646431,0.09971290826797485,-0.0750717744231224,-0.3081687390804291,-0.07704218477010727,-0.018788933753967285,0.19530276954174042,-0.7819050550460815,-0.19547626376152039,0.26512211561203003,0.06628052890300751
-0.5145251750946045,-0.22863128781318665,0.14124725759029388,0.03531181439757347,0.11402799934148788,0.02850699983537197,2.30009126663208,0.875022828578949,-0.15436303615570068,-0.2385907620191574,-0.03148861229419708,-0.00787215307354927,-0.7818918824195862,-0.29547297954559326,-0.2756669223308563,-0.06891673058271408,0.096026211977005,0.02400655299425125,2.715541124343872,0.978885293006897,1.9550820589065552,0.28877049684524536,-0.4339166283607483,-0.10847915709018707,-0.04550560191273689,-0.011376400478184223,-0.014406196773052216,-0.003601549193263054,-0.2427923083305359,-0.06069807708263397,-0.3469586968421936,-0.0867396742105484,0.18354912102222443,0.14588728547096252,-0.11248045414686203,0.07187988609075546,-0.44411975145339966,-0.11102993786334991,-0.04038221761584282,-0.21009555459022522,-0.0652947947382927,-0.016323698684573174,0.22392544150352478,0.055981360375881195,-0.3024466037750244,-0.0756116509437561,0.03177488222718239,-0.0920562818646431,0.09971290826797485,-0.0750717744231224,-0.3081687390804291,-0.07704218477010727,-0.018788933753967285,0.19530276954174042,-0.7819050550460815,-0.19547626376152039,0.26512211561203003,0.06628052890300751
-0.5145251750946045,-0.22863128781318665,0.14124725759029388,0.03531181439757347,0.11402799934148788,0.02850699983537197,2.30009126663208,0.875022828578949,-0.15436303615570068,-0.2385907620191574,-0.03148861229419708,-0.00787215307354927,-0.7818918824195862,-0.29547297954559326,-0.2756669223308563,-0.06891673058271408,0.096026211977005,0.02400655299425125,2.715541124343872,0.978885293006897,1.9550820589065552,0.28877049684524536,-0.4339166283607483,-0.10847915709018707,-0.04550560191273689,-0.011376400478184223,-0.014406196773052216,-0.003601549193263054,-0.2427923083305359,-0.06069807708263397,-0.3469586968421936,-0.0867396742105484,0.18354912102222443,0.14588728547096252,-0.11248045414686203,0.07187988609075546,-0.44411975145339966,-0.11102993786334991,-0.04038221761584282,-0.21009555459022522,-0.0652947947382927,-0.016323698684573174,0.22392544150352478,0.055981360375881195,-0.3024466037750244,-0.0756116509437561,0.03177488222718239,-0.0920562818646431,0.09971290826797485,-0.0750717744231224,-0.3081687390804291,-0.07704218477010727,-0.018788933753967285,0.19530276954174042,-0.7819050550460815,-0.19547626376152039,0.26512211561203003,0.06628052890300751
-0.5145251750946045,-0.22863128781318665,0.14124725759029388,0.03531181439757347,0.11402799934148788,0.02850699983537197,2.30009126663208,0.875022828578949,-0.15436303615570068,-0.2385907620191574,-0.03148861229419708,-0.00787215307354927,-0.7818918824195862,-0.29547297954559326,-0.2756669223308563,-0.06891673058271408,0.096026211977005,0.02400655299425125,2.715541124343872,0.978885293006897,1.9550820589065552,0.28877049684524536,-0.4339166283607483,-0.10847915709018707,-0.04550560191273689,-0.011376400478184223,-0.014406196773052216,-0.003601549193263054,-0.2427923083305359,-0.06069807708263397,-0.3469586968421936,-0.0867396742105484,0.18354912102222443,0.14588728547096252,-0.11248045414686203,0.07187988609075546,-0.44411975145339966,-0.11102993786334991,-0.04038221761584282,-0.21009555459022522,-0.0652947947382927,-0.016323698684573174,0.22392544150352478,0.055981360375881195,-0.3024466037750244,-0.0756116509437561,0.03177488222718239,-0.0920562818646431,0.09971290826797485,-0.0750717744231224,-0.3081687390804291,-0.07704218477010727,-0.018788933753967285,0.19530276954174042,-0.7819050550460815,-0.19547626376152039,0.26512211561203003,0.06628052890300751
-0.5145251750946045,-0.22863128781318665,0.14124725759029388,0.03531181439757347,0.11402799934148788,0.02850699983537197,2.30009126663208,0.875022828578949,-0.15436303615570068,-0.2385907620191574,-0.03148861229419708,-0.00787215307354927,-0.7818918824195862,-0.29547297954559326,-0.2756669223308563,-0.06891673058271408,0.096026211977005,0.02400655299425125,2.715541124343872,0.978885293006897,1.9550820589065552,0.28877049684524536,-0.4339166283607483,-0.10847915709018707,-0.04550560191273689,-0.011376400478184223,-0.014406196773052216,-0.003601549193263054,-0.2427923083305359,-0.06069807708263397,-0.3469586968421936,-0.0867396742105484,0.18354912102222443,0.14588728547096252,-0.11248045414686203,0.07187988609075546,-0.44411975145339966,-0.11102993786334991,-0.04038221761584282,-0.21009555459022522,-0.0652947947382927,-0.016323698684573174,0.22392544150352478,0.055981360375881195,-0.3024466037750244,-0.0756116509437561,0.03177488222718239,-0.0920562818646431,0.09971290826797485,-0.0750717744231224,-0.3081687390804291,-0.07704218477010727,-0.018788933753967285,0.19530276954174042,-0.7819050550460815,-0.19547626376152039,0.26512211561203003,0.06628052890300751
-0.5145251750946045,-0.22863128781318665,0.14124725759029388,0.03531181439757347,0.11402799934148788,0.02850699983537197,2.30009126663208,0.875022828578949,-0.15436303615570068,-0.2385907620191574,-0.03148861229419708,-0.00787215307354927,-0.7818918824195862,-0.29547297954559326,-0.2756669223308563,-0.06891673058271408,0.096026211977005,0.02400655299425125,2.715541124343872,0.978885293006897,1.9550820589065552,0.28877049684524536,-0.4339166283607483,-0.10847915709018707,-0.04550560191273689,-0.011376400478184223,-0.014406196773052216,-0.003601549193263054,-0.2427923083305359,-0.06069807708263397,-0.3469586968421936,-0.0867396742105484,0.18354912102222443,0.14588728547096252,-0.11248045414686203,0.07187988609075546,-0.44411975145339966,-0.11102993786334991,-0.04038221761584282,-0.21009555459022522,-0.0652947947382927,-0.016323698684573174,0.22392544150352478,0.055981360375881195,-0.3024466037750244,-0.0756116509437561,0.03177488222718239,-0.0920562818646431,0.09971290826797485,-0.0750717744231224,-0.3081687390804291,-0.07704218477010727,-0.018788933753967285,0.19530276954174042,-0.7819050550460815,-0.19547626376152039,0.26512211561203003,0.06628052890300751
-0.5025585889816284,-0.22563964128494263,0.22600649297237396,0.05650162324309349,0.047670312225818634,0.011917578056454659,2.2278475761413574,0.8569619059562683,-0.14375895261764526,-0.23593974113464355,-0.04293268918991089,-0.010733172297477722,-0.8971760869026184,-0.3242940306663513,-0.2531864047050476,-0.0632966011762619,0.04450441896915436,0.01112610474228859,2.887727975845337,1.0219320058822632,2.04166841506958,0.310417115688324,-0.37248238921165466,-0.09312059730291367,-0.013743467628955841,-0.0034358669072389603,-0.062086738646030426,-0.015521684661507607,-0.21335285902023315,-0.05333821475505829,-0.37342554330825806,-0.09335638582706451,0.20667535066604614,0.15166884660720825,0.11513396352529526,0.12878349423408508,-0.10246462374925613,-0.025616155937314034,-0.010125745087862015,-0.20253144204616547,-0.29112252593040466,-0.07278063148260117,-0.3074934184551239,-0.07687335461378098,-0.33819344639778137,-0.08454836159944534,-0.20132002234458923,-0.15033000707626343,-0.10562564432621002,-0.12640641629695892,-0.2973787486553192,-0.0743446871638298,-0.04851125180721283,0.18787218630313873,-0.7748074531555176,-0.1937018632888794,-0.2866804599761963,-0.07167011499404907
-0.5025585889816284,-0.22563964128494263,0.22600649297237396,0.05650162324309349,0.047670312225818634,0.011917578056454659,2.2278475761413574,0.8569619059562683,-0.14375895261764526,-0.23593974113464355,-0.04293268918991089,-0.010733172297477722,-0.8971760869026184,-0.3242940306663513,-0.2531864047050476,-0.0632966011762619,0.04450441896915436,0.01112610474228859,2.887727975845337,1.0219320058822632,2.04166841506958,0.310417115688324,-0.37248238921165466,-0.09312059730291367,-0.013743467628955841,-0.0034358669072389603,-0.062086738646030426,-0.015521684661507607,-0.21335285902023315,-0.05333821475505829,-0.37342554330825806,-0.09335638582706451,0.20667535066604614,0.15166884660720825,0.11513396352529526,0.12878349423408508,-0.10246462374925613,-0.025616155937314034,-0.010125745087862015,-0.20253144204616547,-0.29112252593040466,-0.07278063148260117,-0.3074934184551239,-0.07687335461378098,-0.33819344639778137,-0.08454836159944534,-0.20132002234458923,-0.15033000707626343,-0.10562564432621002,-0.12640641629695892,-0.2973787486553192,-0.0743446871638298,-0.04851125180721283,0.18787218630313873,-0.7748074531555176,-0.1937018632888794,-0.2866804599761963,-0.07167011499404907
-0.5025585889816284,-0.22563964128494263,0.22600649297237396,0.05650162324309349,0.047670312225818634,0.011917578056454659,2.2278475761413574,0.8569619059562683,-0.14375895261764526,-0.23593974113464355,-0.04293268918991089,-0.010733172297477722,-0.8971760869026184,-0.3242940306663513,-0.2531864047050476,-0.0632966011762619,0.04450441896915436,0.01112610474228859,2.887727975845337,1.0219320058822632,2.04166841506958,0.310417115688324,-0.37248238921165466,-0.09312059730291367,-0.013743467628955841,-0.0034358669072389603,-0.062086738646030426,-0.015521684661507607,-0.21335285902023315,-0.05333821475505829,-0.37342554330825806,-0.09335638582706451,0.20667535066604614,0.15166884660720825,0.11513396352529526,0.12878349423408508,-0.10246462374925613,-0.025616155937314034,-0.010125745087862015,-0.20253144204616547,-0.29112252593040466,-0.07278063148260117,-0.3074934184551239,-0.07687335461378098,-0.33819344639778137,-0.08454836159944534,-0.20132002234458923,-0.15033000707626343,-0.10562564432621002,-0.12640641629695892,-0.2973787486553192,-0.0743446871638298,-0.04851125180721283,0.18787218630313873,-0.7748074531555176,-0.1937018632888794,-0.2866804599761963,-0.07167011499404907
-0.5025585889816284,-0.22563964128494263,0.22600649297237396,0.05650162324309349,0.047670312225818634,0.011917578056454659,2.2278475761413574,0.8569619059562683,-0.14375895261764526,-0.23593974113464355,-0.04293268918991089,-0.010733172297477722,-0.8971760869026184,-0.3242940306663513,-0.2531864047050476,-0.0632966011762619,0.04450441896915436,0.01112610474228859,2.887727975845337,1.0219320058822632,2.04166841506958,0.310417115688324,-0.37248238921165466,-0.09312059730291367,-0.013743467628955841,-0.0034358669072389603,-0.062086738646030426,-0.015521684661507607,-0.21335285902023315,-0.05333821475505829,-0.37342554330825806,-0.09335638582706451,0.20667535066604614,0.15166884660720825,0.11513396352529526,0.12878349423408508,-0.10246462374925613,-0.025616155937314034,-0.010125745087862015,-0.20253144204616547,-0.29112252593040466,-0.07278063148260117,-0.3074934184551239,-0.07687335461378098,-0.33819344639778137,-0.08454836159944534,-0.20132002234458923,-0.15033000707626343,-0.10562564432621002,-0.12640641629695892,-0.2973787486553192,-0.0743446871638298,-0.04851125180721283,0.18787218630313873,-0.7748074531555176,-0.1937018632888794,-0.2866804599761963,-0.07167011499404907
-0.5025585889816284,-0.22563964128494263,0.22600649297237396,0.05650162324309349,0.047670312225818634,0.011917578056454659,2.2278475761413574,0.8569619059562683,-0.14375895261764526,-0.23593974113464355,-0.04293268918991089,-0.010733172297477722,-0.8971760869026184,-0.3242940306663513,-0.2531864047050476,-0.0632966011762619,0.04450441896915436,0.01112610474228859,2.887727975845337,1.0219320058822632,2.04166841506958,0.310417115688324,-0.37248238921165466,-0.09312059730291367,-0.013743467628955841,-0.0034358669072389603,-0.062086738646030426,-0.015521684661507607,-0.21335285902023315,-0.05333821475505829,-0.37342554330825806,-0.09335638582706451,0.20667535066604614,0.15166884660720825,0.11513396352529526,0.12878349423408508,-0.10246462374925613,-0.025616155937314034,-0.010125745087862015,-0.20253144204616547,-0.29112252593040466,-0.07278063148260117,-0.3074934184551239,-0.07687335461378098,-0.33819344639778137,-0.08454836159944534,-0.20132002234458923,-0.15033000707626343,-0.10562564432621002,-0.12640641629695892,-0.2973787486553192,-0.0743446871638298,-0.04851125180721283,0.18787218630313873,-0.7748074531555176,-0.1937018632888794,-0.2866804599761963,-0.07167011499404907
-0.5025585889816284,-0.22563964128494263,0.22600649297237396,0.05650162324309349,0.047670312225818634,0.011917578056454659,2.2278475761413574,0.8569619059562683,-0.14375895261764526,-0.23593974113464355,-0.04293268918991089,-0.010733172297477722,-0.8971760869026184,-0.3242940306663513,-0.2531864047050476,-0.0632966011762619,0.04450441896915436,0.01112610474228859,2.887727975845337,1.0219320058822632,2.04166841506958,0.310417115688324,-0.37248238921165466,-0.09312059730291367,-0.013743467628955841,-0.0034358669072389603,-0.062086738646030426,-0.015521684661507607,-0.21335285902023315,-0.05333821475505829,-0.37342554330825806,-0.09335638582706451,0.20667535066604614,0.15166884660720825,0.11513396352529526,0.12878349423408508,-0.10246462374925613,-0.025616155937314034,-0.010125745087862015,-0.20253144204616547,-0.29112252593040466,-0.07278063148260117,-0.3074934184551239,-0.07687335461378098,-0.33819344639778137,-0.08454836159944534,-0.20132002234458923,-0.15033000707626343,-0.10562564432621002,-0.12640641629695892,-0.2973787486553192,-0.0743446871638298,-0.04851125180721283,0.18787218630313873,-0.7748074531555176,-0.1937018632888794,-0.2866804599761963,-0.07167011499404907
-0.5025585889816284,-0.22563964128494263,0.22600649297237396,0.05650162324309349,0.047670312225818634,0.011917578056454659,2.2278475761413574,0.8569619059562683,-0.14375895261764526,-0.23593974113464355,-0.04293268918991089,-0.010733172297477722,-0.8971760869026184,-0.3242940306663513,-0.2531864047050476,-0.0632966011762619,0.04450441896915436,0.01112610474228859,2.887727975845337,1.0219320058822632,2.04166841506958,0.310417115688324,-0.37248238921165466,-0.09312059730291367,-0.013743467628955841,-0.0034358669072389603,-0.062086738646030426,-0.015521684661507607,-0.21335285902023315,-0.05333821475505829,-0.37342554330825806,-0.09335638582706451,0.20667535066604614,0.15166884660720825,0.11513396352529526,0.12878349423408508,-0.10246462374925613,-0.025616155937314034,-0.010125745087862015,-0.20253144204616547,-0.29112252593040466,-0.07278063148260117,-0.3074934184551239,-0.07687335461378098,-0.33819344639778137,-0.08454836159944534,-0.20132002234458923,-0.15033000707626343,-0.10562564432621002,-0.12640641629695892,-0.2973787486553192,-0.0743446871638298,-0.04851125180721283,0.18787218630313873,-0.7748074531555176,-0.1937018632888794,-0.2866804599761963,-0.07167011499404907
-0.5025585889816284,-0.22563964128494263,0.22600649297237396,0.05650162324309349,0.047670312225818634,0.011917578056454659,2.2278475761413574,0.8569619059562683,-0.14375895261764526,-0.23593974113464355,-0.04293268918991089,-0.010733172297477722,-0.8971760869026184,-0.3242940306663513,-0.2531864047050476,-0.0632966011762619,0.04450441896915436,0.01112610474228859,2.887727975845337,1.0219320058822632,2.04166841506958,0.310417115688324,-0.37248238921165466,-0.09312059730291367,-0.013743467628955841,-0.0034358669072389603,-0.062086738646030426,-0.015521684661507607,-0.21335285902023315,-0.05333821475505829,-0.37342554330825806,-0.09335638582706451,0.20667535066604614,0.15166884660720825,0.11513396352529526,0.12878349423408508,-0.10246462374925613,-0.025616155937314034,-0.010125745087862015,-0.20253144204616547,-0.29112252593040466,-0.07278063148260117,-0.3074934184551239,-0.07687335461378098,-0.33819344639778137,-0.08454836159944534,-0.20132002234458923,-0.15033000707626343,-0.10562564432621002,-0.12640641629695892,-0.2973787486553192,-0.0743446871638298,-0.04851125180721283,0.18787218630313873,-0.7748074531555176,-0.1937018632888794,-0.2866804599761963,-0.07167011499404907
-0.5025585889816284,-0.22563964128494263,0.22600649297237396,0.05650162324309349,0.047670312225818634,0.011917578056454659,2.2278475761413574,0.8569619059562683,-0.14375895261764526,-0.23593974113464355,-0.04293268918991089,-0.010733172297477722,-0.8971760869026184,-0.3242940306663513,-0.2531864047050476,-0.0632966011762619,0.04450441896915436,0.01112610474228859,2.887727975845337,1.0219320058822632,2.04166841506958,0.310417115688324,-0.37248238921165466,-0.09312059730291367,-0.013743467628955841,-0.0034358669072389603,-0.062086738646030426,-0.015521684661507607,-0.21335285902023315,-0.05333821475505829,-0.37342554330825806,-0.09335638582706451,0.20667535066604614,0.15166884660720825,0.11513396352529526,0.12878349423408508,-0.10246462374925613,-0.025616155937314034,-0.010125745087862015,-0.20253144204616547,-0.29112252593040466,-0.07278063148260117,-0.3074934184551239,-0.07687335461378098,-0.33819344639778137,-0.08454836159944534,-0.20132002234458923,-0.15033000707626343,-0.10562564432621002,-0.12640641629695892,-0.2973787486553192,-0.0743446871638298,-0.04851125180721283,0.18787218630313873,-0.7748074531555176,-0.1937018632888794,-0.2866804599761963,-0.07167011499404907
-0.5025585889816284,-0.22563964128494263,0.22600649297237396,0.05650162324309349,0.047670312225818634,0.011917578056454659,2.2278475761413574,0.8569619059562683,-0.14375895261764526,-0.23593974113464355,-0.04293268918991089,-0.010733172297477722,-0.8971760869026184,-0.3242940306663513,-0.2531864047050476,-0.0632966011762619,0.04450441896915436,0.01112610474228859,2.887727975845337,1.0219320058822632,2.04166841506958,0.310417115688324,-0.37248238921165466,-0.09312059730291367,-0.013743467628955841,-0.0034358669072389603,-0.062086738646030426,-0.015521684661507607,-0.21335285902023315,-0.05333821475505829,-0.37342554330825806,-0.09335638582706451,0.20667535066604614,0.15166884660720825,0.11513396352529526,0.12878349423408508,-0.10246462374925613,-0.025616155937314034,-0.010125745087862015,-0.20253144204616547,-0.29112252593040466,-0.07278063148260117,-0.3074934184551239,-0.07687335461378098,-0.33819344639778137,-0.08454836159944534,-0.20132002234458923,-0.15033000707626343,-0.10562564432621002,-0.12640641629695892,-0.2973787486553192,-0.0743446871638298,-0.04851125180721283,0.18787218630313873,-0.7748074531555176,-0.1937018632888794,-0.2866804599761963,-0.07167011499404907
-0.5025585889816284,-0.22563964128494263,0.22600649297237396,0.05650162324309349,0.047670312225818634,0.011917578056454659,2.2278475761413574,0.8569619059562683,-0.14375895261764526,-0.23593974113464355,-0.04293268918991089,-0.010733172297477722,-0.8971760869026184,-0.3242940306663513,-0.2531864047050476,-0.0632966011762619,0.04450441896915436,0.01112610474228859,2.887727975845337,1.0219320058822632,2.04166841506958,0.310417115688324,-0.37248238921165466,-0.09312059730291367,-0.013743467628955841,-0.0034358669072389603,-0.062086738646030426,-0.015521684661507607,-0.21335285902023315,-0.05333821475505829,-0.37342554330825806,-0.09335638582706451,0.20667535066604614,0.15166884660720825,0.11513396352529526,0.12878349423408508,-0.10246462374925613,-0.025616155937314034,-0.010125745087862015,-0.20253144204616547,-0.29112252593040466,-0.07278063148260117,-0.3074934184551239,-0.07687335461378098,-0.33819344639778137,-0.08454836159944534,-0.20132002234458923,-0.15033000707626343,-0.10562564432621002,-0.12640641629695892,-0.2973787486553192,-0.0743446871638298,-0.04851125180721283,0.18787218630313873,-0.7748074531555176,-0.1937018632888794,-0.2866804599761963,-0.07167011499404907
-0.5025585889816284,-0.22563964128494263,0.22600649297237396,0.05650162324309349,0.047670312225818634,0.011917578056454659,2.2278475761413574,0.8569619059562683,-0.14375895261764526,-0.23593974113464355,-0.04293268918991089,-0.010733172297477722,-0.8971760869026184,-0.3242940306663513,-0.2531864047050476,-0.0632966011762619,0.04450441896915436,0.01112610474228859,2.887727975845337,1.0219320058822632,2.04166841506958,0.310417115688324,-0.37248238921165466,-0.09312059730291367,-0.013743467628955841,-0.0034358669072389603,-0.062086738646030426,-0.015521684661507607,-0.21335285902023315,-0.05333821475505829,-0.37342554330825806,-0.09335638582706451,0.20667535066604614,0.15166884660720825,0.11513396352529526,0.12878349423408508,-0.10246462374925613,-0.025616155937314034,-0.010125745087862015,-0.20253144204616547,-0.29112252593040466,-0.07278063148260117,-0.3074934184551239,-0.07687335461378098,-0.33819344639778137,-0.08454836159944534,-0.20132002234458923,-0.15033000707626343,-0.10562564432621002,-0.12640641629695892,-0.2973787486553192,-0.0743446871638298,-0.04851125180721283,0.18787218630313873,-0.7748074531555176,-0.1937018632888794,-0.2866804599761963,-0.07167011499404907
-0.5025585889816284,-0.22563964128494263,0.22600649297237396,0.05650162324309349,0.047670312225818634,0.011917578056454659,2.2278475761413574,0.8569619059562683,-0.14375895261764526,-0.23593974113464355,-0.04293268918991089,-0.010733172297477722,-0.8971760869026184,-0.3242940306663513,-0.2531864047050476,-0.0632966011762619,0.04450441896915436,0.01112610474228859,2.887727975845337,1.0219320058822632,2.04166841506958,0.310417115688324,-0.37248238921165466,-0.09312059730291367,-0.013743467628955841,-0.0034358669072389603,-0.062086738646030426,-0.015521684661507607,-0.21335285902023315,-0.05333821475505829,-0.37342554330825806,-0.09335638582706451,0.20667535066604614,0.15166884660720825,0.11513396352529526,0.12878349423408508,-0.10246462374925613,-0.025616155937314034,-0.010125745087862015,-0.20253144204616547,-0.29112252593040466,-0.07278063148260117,-0.3074934184551239,-0.07687335461378098,-0.33819344639778137,-0.08454836159944534,-0.20132002234458923,-0.15033000707626343,-0.10562564432621002,-0.12640641629695892,-0.2973787486553192,-0.0743446871638298,-0.04851125180721283,0.18787218630313873,-0.7748074531555176,-0.1937018632888794,-0.2866804599761963,-0.07167011499404907
-0.5025585889816284,-0.22563964128494263,0.22600649297237396,0.05650162324309349,0.047670312225818634,0.011917578056454659,2.2278475761413574,0.8569619059562683,-0.14375895261764526,-0.23593974113464355,-0.04293268918991089,-0.010733172297477722,-0.8971760869026184,-0.3242940306663513,-0.2531864047050476,-0.0632966011762619,0.04450441896915436,0.01112610474228859,2.887727975845337,1.0219320058822632,2.04166841506958,0.310417115688324,-0.37248238921165466,-0.09312059730291367,-0.013743467628955841,-0.0034358669072389603,-0.062086738646030426,-0.015521684661507607,-0.21335285902023315,-0.05333821475505829,-0.37342554330825806,-0.09335638582706451,0.20667535066604614,0.15166884660720825,0.11513396352529526,0.12878349423408508,-0.10246462374925613,-0.025616155937314034,-0.010125745087862015,-0.20253144204616547,-0.29112252593040466,-0.07278063148260117,-0.3074934184551239,-0.07687335461378098,-0.33819344639778137,-0.08454836159944534,-0.20132002234458923,-0.15033000707626343,-0.10562564432621002,-0.12640641629695892,-0.2973787486553192,-0.0743446871638298,-0.04851125180721283,0.18787218630313873,-0.7748074531555176,-0.1937018632888794,-0.2866804599761963,-0.07167011499404907
-0.5025585889816284,-0.22563964128494263,0.22600649297237396,0.05650162324309349,0.047670312225818634,0.011917578056454659,2.2278475761413574,0.8569619059562683,-0.14375895261764526,-0.23593974113464355,-0.04293268918991089,-0.010733172297477722,-0.8971760869026184,-0.3242940306663513,-0.2531864047050476,-0.0632966011762619,0.04450441896915436,0.01112610474228859,2.887727975845337,1.0219320058822632,2.04166841506958,0.310417115688324,-0.37248238921165466,-0.09312059730291367,-0.013743467628955841,-0.0034358669072389603,-0.062086738646030426,-0.015521684661507607,-0.21335285902023315,-0.05333821475505829,-0.37342554330825806,-0.09335638582706451,0.20667535066604614,0.15166884660720825,0.11513396352529526,0.12878349423408508,-0.10246462374925613,-0.025616155937314034,-0.010125745087862015,-0.20253144204616547,-0.29112252593040466,-0.07278063148260117,-0.3074934184551239,-0.07687335461378098,-0.33819344639778137,-0.08454836159944534,-0.20132002234458923,-0.15033000707626343,-0.10562564432621002,-0.12640641629695892,-0.2973787486553192,-0.0743446871638298,-0.04851125180721283,0.18787218630313873,-0.7748074531555176,-0.1937018632888794,-0.2866804599761963,-0.07167011499404907
-0.5025585889816284,-0.22563964128494263,0.22600649297237396,0.05650162324309349,0.047670312225818634,0.011917578056454659,2.2278475761413574,0.8569619059562683,-0.14375895261764526,-0.23593974113464355,-0.04293268918991089,-0.010733172297477722,-0.8971760869026184,-0.3242940306663513,-0.2531864047050476,-0.0632966011762619,0.04450441896915436,0.01112610474228859,2.887727975845337,1.0219320058822632,2.04166841506958,0.310417115688324,-0.37248238921165466,-0.09312059730291367,-0.013743467628955841,-0.0034358669072389603,-0.062086738646030426,-0.015521684661507607,-0.21335285902023315,-0.05333821475505829,-0.37342554330825806,-0.09335638582706451,0.20667535066604614,0.15166884660720825,0.11513396352529526,0.12878349423408508,-0.10246462374925613,-0.025616155937314034,-0.010125745087862015,-0.20253144204616547,-0.29112252593040466,-0.07278063148260117,-0.3074934184551239,-0.07687335461378098,-0.33819344639778137,-0.08454836159944534,-0.20132002234458923,-0.15033000707626343,-0.10562564432621002,-0.12640641629695892,-0.2973787486553192,-0.0743446871638298,-0.04851125180721283,0.18787218630313873,-0.7748074531555176,-0.1937018632888794,-0.2866804599761963,-0.07167011499404907
-0.5025585889816284,-0.22563964128494263,0.22600649297237396,0.05650162324309349,0.047670312225818634,0.011917578056454659,2.2278475761413574,0.8569619059562683,-0.14375895261764526,-0.23593974113464355,-0.04293268918991089,-0.010733172297477722,-0.8971760869026184,-0.3242940306663513,-0.2531864047050476,-0.0632966011762619,0.04450441896915436,0.01112610474228859,2.887727975845337,1.0219320058822632,2.04166841506958,0.310417115688324,-0.37248238921165466,-0.09312059730291367,-0.013743467628955841,-0.0034358669072389603,-0.062086738646030426,-0.015521684661507607,-0.21335285902023315,-0.05333821475505829,-0.37342554330825806,-0.09335638582706451,0.20667535066604614,0.15166884660720825,0.11513396352529526,0.12878349423408508,-0.10246462374925613,-0.025616155937314034,-0.010125745087862015,-0.20253144204616547,-0.29112252593040466,-0.07278063148260117,-0.3074934184551239,-0.07687335461378098,-0.33819344639778137,-0.08454836159944534,-0.20132002234458923,-0.15033000707626343,-0.10562564432621002,-0.12640641629695892,-0.2973787486553192,-0.0743446871638298,-0.04851125180721283,0.18787218630313873,-0.7748074531555176,-0.1937018632888794,-0.2866804599761963,-0.07167011499404907
-0.3904411792755127,-0.1976102888584137,0.27705344557762146,0.06926336139440536,-0.002367326756939292,-0.000591831689234823,2.259795665740967,0.8649489283561707,0.13250946998596191,-0.16687263548374176,0.03341373801231384,0.00835343450307846,-1.3065507411956787,-0.4266376793384552,-0.16027197241783142,-0.040067993104457855,0.052293211221694946,0.013073302805423737,2.9797656536102295,1.0449414253234863,1.2579374313354492,0.11448435485363007,-0.3420215845108032,-0.0855053961277008,-0.10734447091817856,-0.02683611772954464,0.058468468487262726,0.014617117121815681,-0.1667751967906952,-0.0416937991976738,-0.39418524503707886,-0.09854631125926971,0.17978563904762268,0.1449464112520218,-0.1621037721633911,0.05947405844926834,-0.44745251536369324,-0.11186312884092331,-0.04664793983101845,-0.21166199445724487,-0.04695163294672966,-0.011737908236682415,0.29137682914733887,0.07284420728683472,-0.2568765878677368,-0.0642191469669342,0.011460993438959122,-0.09713475406169891,0.011975623667240143,-0.09700609743595123,-0.3285520672798157,-0.08213801681995392,-0.05199265480041504,0.18700183928012848,-0.8035407662391663,-0.20088519155979156,0.3647061288356781,0.09117653220891953
-0.3904411792755127,-0.1976102888584137,0.27705344557762146,0.06926336139440536,-0.002367326756939292,-0.000591831689234823,2.259795665740967,0.8649489283561707,0.13250946998596191,-0.16687263548374176,0.03341373801231384,0.00835343450307846,-1.3065507411956787,-0.4266376793384552,-0.16027197241783142,-0.040067993104457855,0.052293211221694946,0.013073302805423737,2.9797656536102295,1.0449414253234863,1.2579374313354492,0.11448435485363007,-0.3420215845108032,-0.0855053961277008,-0.10734447091817856,-0.02683611772954464,0.058468468487262726,0.014617117121815681,-0.1667751967906952,-0.0416937991976738,-0.39418524503707886,-0.09854631125926971,0.17978563904762268,0.1449464112520218,-0.1621037721633911,0.05947405844926834,-0.44745251536369324,-0.11186312884092331,-0.04664793983101845,-0.21166199445724487,-0.04695163294672966,-0.011737908236682415,0.29137682914733887,0.07284420728683472,-0.2568765878677368,-0.0642191469669342,0.011460993438959122,-0.09713475406169891,0.011975623667240143,-0.09700609743595123,-0.3285520672798157,-0.08213801681995392,-0.05199265480041504,0.18700183928012848,-0.8035407662391663,-0.20088519155979156,0.3647061288356781,0.09117653220891953
-0.3904411792755127,-0.1976102888584137,0.27705344557762146,0.06926336139440536,-0.002367326756939292,-0.000591831689234823,2.259795665740967,0.8649489283561707,0.13250946998596191,-0.16687263548374176,0.03341373801231384,0.00835343450307846,-1.3065507411956787,-0.4266376793384552,-0.16027197241783142,-0.040067993104457855,0.052293211221694946,0.013073302805423737,2.9797656536102295,1.0449414253234863,1.2579374313354492,0.11448435485363007,-0.3420215845108032,-0.0855053961277008,-0.10734447091817856,-0.02683611772954464,0.058468468487262726,0.014617117121815681,-0.1667751967906952,-0.0416937991976738,-0.39418524503707886,-0.09854631125926971,0.17978563904762268,0.1449464112520218,-0.1621037721633911,0.05947405844926834,-0.44745251536369324,-0.11186312884092331,-0.04664793983101845,-0.21166199445724487,-0.04695163294672966,-0.011737908236682415,0.29137682914733887,0.07284420728683472,-0.2568765878677368,-0.0642191469669342,0.011460993438959122,-0.09713475406169891,0.011975623667240143,-0.09700609743595123,-0.3285520672798157,-0.08213801681995392,-0.05199265480041504,0.18700183928012848,-0.8035407662391663,-0.20088519155979156,0.3647061288356781,0.09117653220891953
-0.3904411792755127,-0.1976102888584137,0.27705344557762146,0.06926336139440536,-0.002367326756939292,-0.000591831689234823,2.259795665740967,0.8649489283561707,0.13250946998596191,-0.16687263548374176,0.03341373801231384,0.00835343450307846,-1.3065507411956787,-0.4266376793384552,-0.16027197241783142,-0.040067993104457855,0.052293211221694946,0.013073302805423737,2.9797656536102295,1.0449414253234863,1.2579374313354492,0.11448435485363007,-0.3420215845108032,-0.0855053961277008,-0.10734447091817856,-0.02683611772954464,0.058468468487262726,0.014617117121815681,-0.1667751967906952,-0.0416937991976738,-0.39418524503707886,-0.09854631125926971,0.17978563904762268,0.1449464112520218,-0.1621037721633911,0.05947405844926834,-0.44745251536369324,-0.11186312884092331,-0.04664793983101845,-0.21166199445724487,-0.04695163294672966,-0.011737908236682415,0.29137682914733887,0.07284420728683472,-0.2568765878677368,-0.0642191469669342,0.011460993438959122,-0.09713475406169891,0.011975623667240143,-0.09700609743595123,-0.3285520672798157,-0.08213801681995392,-0.05199265480041504,0.18700183928012848,-0.8035407662391663,-0.20088519155979156,0.3647061288356781,0.09117653220891953
-0.3904411792755127,-0.1976102888584137,0.27705344557762146,0.06926336139440536,-0.002367326756939292,-0.000591831689234823,2.259795665740967,0.8649489283561707,0.13250946998596191,-0.16687263548374176,0.03341373801231384,0.00835343450307846,-1.3065507411956787,-0.4266376793384552,-0.16027197241783142,-0.040067993104457855,0.052293211221694946,0.013073302805423737,2.9797656536102295,1.0449414253234863,1.2579374313354492,0.11448435485363007,-0.3420215845108032,-0.0855053961277008,-0.10734447091817856,-0.02683611772954464,0.058468468487262726,0.014617117121815681,-0.1667751967906952,-0.0416937991976738,-0.39418524503707886,-0.09854631125926971,0.17978563904762268,0.1449464112520218,-0.1621037721633911,0.05947405844926834,-0.44745251536369324,-0.11186312884092331,-0.04664793983101845,-0.21166199445724487,-0.04695163294672966,-0.011737908236682415,0.29137682914733887,0.07284420728683472,-0.2568765878677368,-0.0642191469669342,0.011460993438959122,-0.09713475406169891,0.011975623667240143,-0.09700609743595123,-0.3285520672798157,-0.08213801681995392,-0.05199265480041504,0.18700183928012848,-0.8035407662391663,-0.20088519155979156,0.3647061288356781,0.09117653220891953
-0.3904411792755127,-0.1976102888584137,0.27705344557762146,0.06926336139440536,-0.002367326756939292,-0.000591831689234823,2.259795665740967,0.8649489283561707,0.13250946998596191,-0.16687263548374176,0.03341373801231384,0.00835343450307846,-1.3065507411956787,-0.4266376793384552,-0.16027197241783142,-0.040067993104457855,0.052293211221694946,0.013073302805423737,2.9797656536102295,1.0449414253234863,1.2579374313354492,0.11448435485363007,-0.3420215845108032,-0.0855053961277008,-0.10734447091817856,-0.02683611772954464,0.058468468487262726,0.014617117121815681,-0.1667751967906952,-0.0416937991976738,-0.39418524503707886,-0.09854631125926971,0.17978563904762268,0.1449464112520218,-0.1621037721633911,0.05947405844926834,-0.44745251536369324,-0.11186312884092331,-0.04664793983101845,-0.21166199445724487,-0.04695163294672966,-0.011737908236682415,0.29137682914733887,0.07284420728683472,-0.2568765878677368,-0.0642191469669342,0.011460993438959122,-0.09713475406169891,0.011975623667240143,-0.09700609743595123,-0.3285520672798157,-0.08213801681995392,-0.05199265480041504,0.18700183928012848,-0.8035407662391663,-0.20088519155979156,0.3647061288356781,0.09117653220891953
-0.3904411792755127,-0.1976102888584137,0.27705344557762146,0.06926336139440536,-0.002367326756939292,-0.000591831689234823,2.259795665740967,0.8649489283561707,0.13250946998596191,-0.16687263548374176,0.03341373801231384,0.00835343450307846,-1.3065507411956787,-0.4266376793384552,-0.16027197241783142,-0.040067993104457855,0.052293211221694946,0.013073302805423737,2.9797656536102295,1.0449414253234863,1.2579374313354492,0.11448435485363007,-0.3420215845108032,-0.0855053961277008,-0.10734447091817856,-0.02683611772954464,0.058468468487262726,0.014617117121815681,-0.1667751967906952,-0.0416937991976738,-0.39418524503707886,-0.09854631125926971,0.17978563904762268,0.1449464112520218,-0.1621037721633911,0.05947405844926834,-0.44745251536369324,-0.11186312884092331,-0.04664793983101845,-0.21166199445724487,-0.04695163294672966,-0.011737908236682415,0.29137682914733887,0.07284420728683472,-0.2568765878677368,-0.0642191469669342,0.011460993438959122,-0.09713475406169891,0.011975623667240143,-0.09700609743595123,-0.3285520672798157,-0.08213801681995392,-0.05199265480041504,0.18700183928012848,-0.8035407662391663,-0.20088519155979156,0.3647061288356781,0.09117653220891953
-0.3904411792755127,-0.1976102888584137,0.27705344557762146,0.06926336139440536,-0.002367326756939292,-0.000591831689234823,2.259795665740967,0.8649489283561707,0.13250946998596191,-0.16687263548374176,0.03341373801231384,0.00835343450307846,-1.3065507411956787,-0.4266376793384552,-0.16027197241783142,-0.040067993104457855,0.052293211221694946,0.013073302805423737,2.9797656536102295,1.0449414253234863,1.2579374313354492,0.11448435485363007,-0.3420215845108032,-0.0855053961277008,-0.10734447091817856,-0.02683611772954464,0.058468468487262726,0.014617117121815681,-0.1667751967906952,-0.0416937991976738,-0.39418524503707886,-0.09854631125926971,0.17978563904762268,0.1449464112520218,-0.1621037721633911,0.05947405844926834,-0.44745251536369324,-0.11186312884092331,-0.04664793983101845,-0.21166199445724487,-0.04695163294672966,-0.011737908236682415,0.29137682914733887,0.07284420728683472,-0.2568765878677368,-0.0642191469669342,0.011460993438959122,-0.09713475406169891,0.011975623667240143,-0.09700609743595123,-0.3285520672798157,-0.08213801681995392,-0.05199265480041504,0.18700183928012848,-0.8035407662391663,-0.20088519155979156,0.3647061288356781,0.09117653220891953
-0.3904411792755127,-0.1976102888584137,0.27705344557762146,0.06926336139440536,-0.002367326756939292,-0.000591831689234823,2.259795665740967,0.8649489283561707,0.13250946998596191,-0.16687263548374176,0.03341373801231384,0.00835343450307846,-1.3065507411956787,-0.4266376793384552,-0.16027197241783142,-0.040067993104457855,0.052293211221694946,0.013073302805423737,2.9797656536102295,1.0449414253234863,1.2579374313354492,0.11448435485363007,-0.3420215845108032,-0.0855053961277008,-0.10734447091817856,-0.02683611772954464,0.058468468487262726,0.014617117121815681,-0.1667751967906952,-0.0416937991976738,-0.39418524503707886,-0.09854631125926971,0.17978563904762268,0.1449464112520218,-0.1621037721633911,0.05947405844926834,-0.44745251536369324,-0.11186312884092331,-0.04664793983101845,-0.21166199445724487,-0.04695163294672966,-0.011737908236682415,0.29137682914733887,0.07284420728683472,-0.2568765878677368,-0.0642191469669342,0.011460993438959122,-0.09713475406169891,0.011975623667240143,-0.09700609743595123,-0.3285520672798157,-0.08213801681995392,-0.05199265480041504,0.18700183928012848,-0.8035407662391663,-0.20088519155979156,0.3647061288356781,0.09117653220891953
-0.3904411792755127,-0.1976102888584137,0.27705344557762146,0.06926336139440536,-0.002367326756939292,-0.000591831689234823,2.259795665740967,0.8649489283561707,0.13250946998596191,-0.16687263548374176,0.03341373801231384,0.00835343450307846,-1.3065507411956787,-0.4266376793384552,-0.16027197241783142,-0.040067993104457855,0.052293211221694946,0.013073302805423737,2.9797656536102295,1.0449414253234863,1.2579374313354492,0.11448435485363007,-0.3420215845108032,-0.0855053961277008,-0.10734447091817856,-0.02683611772954464,0.058468468487262726,0.014617117121815681,-0.1667751967906952,-0.0416937991976738,-0.39418524503707886,-0.09854631125926971,0.17978563904762268,0.1449464112520218,-0.1621037721633911,0.05947405844926834,-0.44745251536369324,-0.11186312884092331,-0.04664793983101845,-0.21166199445724487,-0.04695163294672966,-0.011737908236682415,0.29137682914733887,0.07284420728683472,-0.2568765878677368,-0.0642191469669342,0.011460993438959122,-0.09713475406169891,0.011975623667240143,-0.09700609743595123,-0.3285520672798157,-0.08213801681995392,-0.05199265480041504,0.18700183928012848,-0.8035407662391663,-0.20088519155979156,0.3647061288356781,0.09117653220891953
-0.3904411792755127,-0.1976102888584137,0.27705344557762146,0.06926336139440536,-0.002367326756939292,-0.000591831689234823,2.259795665740967,0.8649489283561707,0.13250946998596191,-0.16687263548374176,0.03341373801231384,0.00835343450307846,-1.3065507411956787,-0.4266376793384552,-0.16027197241783142,-0.040067993104457855,0.052293211221694946,0.013073302805423737,2.9797656536102295,1.0449414253234863,1.2579374313354492,0.11448435485363007,-0.3420215845108032,-0.0855053961277008,-0.10734447091817856,-0.02683611772954464,0.058468468487262726,0.014617117121815681,-0.1667751967906952,-0.0416937991976738,-0.39418524503707886,-0.09854631125926971,0.17978563904762268,0.1449464112520218,-0.1621037721633911,0.05947405844926834,-0.44745251536369324,-0.11186312884092331,-0.04664793983101845,-0.21166199445724487,-0.04695163294672966,-0.011737908236682415,0.29137682914733887,0.07284420728683472,-0.2568765878677368,-0.0642191469669342,0.011460993438959122,-0.09713475406169891,0.011975623667240143,-0.09700609743595123,-0.3285520672798157,-0.08213801681995392,-0.05199265480041504,0.18700183928012848,-0.8035407662391663,-0.20088519155979156,0.3647061288356781,0.09117653220891953
-0.3904411792755127,-0.1976102888584137,0.27705344557762146,0.06926336139440536,-0.002367326756939292,-0.000591831689234823,2.259795665740967,0.8649489283561707,0.13250946998596191,-0.16687263548374176,0.03341373801231384,0.00835343450307846,-1.3065507411956787,-0.4266376793384552,-0.16027197241783142,-0.040067993104457855,0.052293211221694946,0.013073302805423737,2.9797656536102295,1.0449414253234863,1.2579374313354492,0.11448435485363007,-0.3420215845108032,-0.0855053961277008,-0.10734447091817856,-0.02683611772954464,0.058468468487262726,0.014617117121815681,-0.1667751967906952,-0.0416937991976738,-0.39418524503707886,-0.09854631125926971,0.17978563904762268,0.1449464112520218,-0.1621037721633911,0.05947405844926834,-0.44745251536369324,-0.11186312884092331,-0.04664793983101845,-0.21166199445724487,-0.04695163294672966,-0.011737908236682415,0.29137682914733887,0.07284420728683472,-0.2568765878677368,-0.0642191469669342,0.011460993438959122,-0.09713475406169891,0.011975623667240143,-0.09700609743595123,-0.3285520672798157,-0.08213801681995392,-0.05199265480041504,0.18700183928012848,-0.8035407662391663,-0.20088519155979156,0.3647061288356781,0.09117653220891953
-0.3904411792755127,-0.1976102888584137,0.27705344557762146,0.06926336139440536,-0.002367326756939292,-0.000591831689234823,2.259795665740967,0.8649489283561707,0.13250946998596191,-0.16687263548374176,0.03341373801231384,0.00835343450307846,-1.3065507411956787,-0.4266376793384552,-0.16027197241783142,-0.040067993104457855,0.052293211221694946,0.013073302805423737,2.9797656536102295,1.0449414253234863,1.2579374313354492,0.11448435485363007,-0.3420215845108032,-0.0855053961277008,-0.10734447091817856,-0.02683611772954464,0.058468468487262726,0.014617117121815681,-0.1667751967906952,-0.0416937991976738,-0.39418524503707886,-0.09854631125926971,0.17978563904762268,0.1449464112520218,-0.1621037721633911,0.05947405844926834,-0.44745251536369324,-0.11186312884092331,-0.04664793983101845,-0.21166199445724487,-0.04695163294672966,-0.011737908236682415,0.29137682914733887,0.07284420728683472,-0.2568765878677368,-0.0642191469669342,0.011460993438959122,-0.09713475406169891,0.011975623667240143,-0.09700609743595123,-0.3285520672798157,-0.08213801681995392,-0.05199265480041504,0.18700183928012848,-0.8035407662391663,-0.20088519155979156,0.3647061288356781,0.09117653220891953
-0.3904411792755127,-0.1976102888584137,0.27705344557762146,0.06926336139440536,-0.002367326756939292,-0.000591831689234823,2.259795665740967,0.8649489283561707,0.13250946998596191,-0.16687263548374176,0.03341373801231384,0.00835343450307846,-1.3065507411956787,-0.4266376793384552,-0.16027197241783142,-0.040067993104457855,0.052293211221694946,0.013073302805423737,2.9797656536102295,1.0449414253234863,1.2579374313354492,0.11448435485363007,-0.3420215845108032,-0.0855053961277008,-0.10734447091817856,-0.02683611772954464,0.058468468487262726,0.014617117121815681,-0.1667751967906952,-0.0416937991976738,-0.39418524503707886,-0.09854631125926971,0.17978563904762268,0.1449464112520218,-0.1621037721633911,0.05947405844926834,-0.44745251536369324,-0.11186312884092331,-0.04664793983101845,-0.21166199445724487,-0.04695163294672966,-0.011737908236682415,0.29137682914733887,0.07284420728683472,-0.2568765878677368,-0.0642191469669342,0.011460993438959122,-0.09713475406169891,0.011975623667240143,-0.09700609743595123,-0.3285520672798157,-0.08213801681995392,-0.05199265480041504,0.18700183928012848,-0.8035407662391663,-0.20088519155979156,0.3647061288356781,0.09117653220891953
-0.3904411792755127,-0.1976102888584137,0.27705344557762146,0.06926336139440536,-0.002367326756939292,-0.000591831689234823,2.259795665740967,0.8649489283561707,0.13250946998596191,-0.16687263548374176,0.03341373801231384,0.00835343450307846,-1.3065507411956787,-0.4266376793384552,-0.16027197241783142,-0.040067993104457855,0.052293211221694946,0.013073302805423737,2.9797656536102295,1.0449414253234863,1.2579374313354492,0.11448435485363007,-0.3420215845108032,-0.0855053961277008,-0.10734447091817856,-0.02683611772954464,0.058468468487262726,0.014617117121815681,-0.1667751967906952,-0.0416937991976738,-0.39418524503707886,-0.09854631125926971,0.17978563904762268,0.1449464112520218,-0.1621037721633911,0.05947405844926834,-0.44745251536369324,-0.11186312884092331,-0.04664793983101845,-0.21166199445724487,-0.04695163294672966,-0.011737908236682415,0.29137682914733887,0.07284420728683472,-0.2568765878677368,-0.0642191469669342,0.011460993438959122,-0.09713475406169891,0.011975623667240143,-0.09700609743595123,-0.3285520672798157,-0.08213801681995392,-0.05199265480041504,0.18700183928012848,-0.8035407662391663,-0.20088519155979156,0.3647061288356781,0.09117653220891953
-0.3904411792755127,-0.1976102888584137,0.27705344557762146,0.06926336139440536,-0.002367326756939292,-0.000591831689234823,2.259795665740967,0.8649489283561707,0.13250946998596191,-0.16687263548374176,0.03341373801231384,0.00835343450307846,-1.3065507411956787,-0.4266376793384552,-0.16027197241783142,-0.040067993104457855,0.052293211221694946,0.013073302805423737,2.9797656536102295,1.0449414253234863,1.2579374313354492,0.11448435485363007,-0.3420215845108032,-0.0855053961277008,-0.10734447091817856,-0.02683611772954464,0.058468468487262726,0.014617117121815681,-0.1667751967906952,-0.0416937991976738,-0.39418524503707886,-0.09854631125926971,0.17978563904762268,0.1449464112520218,-0.1621037721633911,0.05947405844926834,-0.44745251536369324,-0.11186312884092331,-0.04664793983101845,-0.21166199445724487,-0.04695163294672966,-0.011737908236682415,0.29137682914733887,0.07284420728683472,-0.2568765878677368,-0.0642191469669342,0.011460993438959122,-0.09713475406169891,0.011975623667240143,-0.09700609743595123,-0.3285520672798157,-0.08213801681995392,-0.05199265480041504,0.18700183928012848,-0.8035407662391663,-0.20088519155979156,0.3647061288356781,0.09117653220891953
-0.3904411792755127,-0.1976102888584137,0.27705344557762146,0.06926336139440536,-0.002367326756939292,-0.000591831689234823,2.259795665740967,0.8649489283561707,0.13250946998596191,-0.16687263548374176,0.03341373801231384,0.00835343450307846,-1.3065507411956787,-0.4266376793384552,-0.16027197241783142,-0.040067993104457855,0.052293211221694946,0.013073302805423737,2.9797656536102295,1.0449414253234863,1.2579374313354492,0.11448435485363007,-0.3420215845108032,-0.0855053961277008,-0.10734447091817856,-0.02683611772954464,0.058468468487262726,0.014617117121815681,-0.1667751967906952,-0.0416937991976738,-0.39418524503707886,-0.09854631125926971,0.17978563904762268,0.1449464112520218,-0.1621037721633911,0.05947405844926834,-0.44745251536369324,-0.11186312884092331,-0.04664793983101845,-0.21166199445724487,-0.04695163294672966,-0.011737908236682415,0.29137682914733887,0.07284420728683472,-0.2568765878677368,-0.0642191469669342,0.011460993438959122,-0.09713475406169891,0.011975623667240143,-0.09700609743595123,-0.3285520672798157,-0.08213801681995392,-0.05199265480041504,0.18700183928012848,-0.8035407662391663,-0.20088519155979156,0.3647061288356781,0.09117653220891953
-0.2469075620174408,-0.16172689199447632,0.4519725739955902,0.11299314349889755,-0.11285179108381271,-0.02821294777095318,2.2304325103759766,0.8576081395149231,0.3995063006877899,-0.10012342780828476,0.03200875222682953,0.008002188056707382,-1.6612871885299683,-0.5153217911720276,-0.1539001762866974,-0.03847504407167435,0.000520065426826477,0.00013001635670661926,2.9833264350891113,1.0458316802978516,-0.8051775693893433,-0.40129441022872925,-0.16273903846740723,-0.04068475961685181,-0.11570071429014206,-0.028925178572535515,0.08662237972021103,0.021655594930052757,-0.052098192274570465,-0.013024548068642616,-0.4025135636329651,-0.10062839090824127,0.10930664837360382,0.12732666730880737,0.14161422848701477,0.1354035586118698,-0.015346817672252655,-0.0038367044180631638,0.030685558915138245,-0.19232861697673798,-0.25905293226242065,-0.06476323306560516,-0.381845086812973,-0.09546127170324326,-0.2368350327014923,-0.05920875817537308,-0.23501929640769958,-0.15875482559204102,-0.09099613130092621,-0.12274903059005737,-0.31869032979011536,-0.07967258244752884,-0.052728310227394104,0.186817929148674,-0.746421754360199,-0.18660543859004974,-0.37503311038017273,-0.09375827759504318
-0.2469075620174408,-0.16172689199447632,0.4519725739955902,0.11299314349889755,-0.11285179108381271,-0.02821294777095318,2.2304325103759766,0.8576081395149231,0.3995063006877899,-0.10012342780828476,0.03200875222682953,0.008002188056707382,-1.6612871885299683,-0.5153217911720276,-0.1539001762866974,-0.03847504407167435,0.000520065426826477,0.00013001635670661926,2.9833264350891113,1.0458316802978516,-0.8051775693893433,-0.40129441022872925,-0.16273903846740723,-0.04068475961685181,-0.11570071429014206,-0.028925178572535515,0.08662237972021103,0.021655594930052757,-0.052098192274570465,-0.013024548068642616,-0.4025135636329651,-0.10062839090824127,0.10930664837360382,0.12732666730880737,0.14161422848701477,0.1354035586118698,-0.015346817672252655,-0.0038367044180631638,0.030685558915138245,-0.19232861697673798,-0.25905293226242065,-0.06476323306560516,-0.381845086812973,-0.09546127170324326,-0.2368350327014923,-0.05920875817537308,-0.23501929640769958,-0.15875482559204102,-0.09099613130092621,-0.12274903059005737,-0.31869032979011536,-0.07967258244752884,-0.052728310227394104,0.186817929148674,-0.746421754360199,-0.18660543859004974,-0.37503311038017273,-0.09375827759504318
-0.2469075620174408,-0.16172689199447632,0.4519725739955902,0.11299314349889755,-0.11285179108381271,-0.02821294777095318,2.2304325103759766,0.8576081395149231,0.3995063006877899,-0.10012342780828476,0.03200875222682953,0.008002188056707382,-1.6612871885299683,-0.5153217911720276,-0.1539001762866974,-0.03847504407167435,0.000520065426826477,0.00013001635670661926,2.9833264350891113,1.0458316802978516,-0.8051775693893433,-0.40129441022872925,-0.16273903846740723,-0.04068475961685181,-0.11570071429014206,-0.028925178572535515,0.08662237972021103,0.021655594930052757,-0.052098192274570465,-0.013024548068642616,-0.4025135636329651,-0.10062839090824127,0.10930664837360382,0.12732666730880737,0.14161422848701477,0.1354035586118698,-0.015346817672252655,-0.0038367044180631638,0.030685558915138245,-0.19232861697673798,-0.25905293226242065,-0.06476323306560516,-0.381845086812973,-0.09546127170324326,-0.2368350327014923,-0.05920875817537308,-0.23501929640769958,-0.15875482559204102,-0.09099613130092621,-0.12274903059005737,-0.31869032979011536,-0.07967258244752884,-0.052728310227394104,0.186817929148674,-0.746421754360199,-0.18660543859004974,-0.37503311038017273,-0.09375827759504318
-0.2469075620174408,-0.16172689199447632,0.4519725739955902,0.11299314349889755,-0.11285179108381271,-0.02821294777095318,2.2304325103759766,0.8576081395149231,0.3995063006877899,-0.10012342780828476,0.03200875222682953,0.008002188056707382,-1.6612871885299683,-0.5153217911720276,-0.1539001762866974,-0.03847504407167435,0.000520065426826477,0.00013001635670661926,2.9833264350891113,1.0458316802978516,-0.8051775693893433,-0.40129441022872925,-0.16273903846740723,-0.04068475961685181,-0.11570071429014206,-0.028925178572535515,0.08662237972021103,0.021655594930052757,-0.052098192274570465,-0.013024548068642616,-0.4025135636329651,-0.10062839090824127,0.10930664837360382,0.12732666730880737,0.14161422848701477,0.1354035586118698,-0.015346817672252655,-0.0038367044180631638,0.030685558915138245,-0.19232861697673798,-0.25905293226242065,-0.06476323306560516,-0.381845086812973,-0.09546127170324326,-0.2368350327014923,-0.05920875817537308,-0.23501929640769958,-0.15875482559204102,-0.09099613130092621,-0.12274903059005737,-0.31869032979011536,-0.07967258244752884,-0.052728310227394104,0.186817929148674,-0.746421754360199,-0.18660543859004974,-0.37503311038017273,-0.09375827759504318
-0.2469075620174408,-0.16172689199447632,0.4519725739955902,0.11299314349889755,-0.11285179108381271,-0.02821294777095318,2.2304325103759766,0.8576081395149231,0.3995063006877899,-0.10012342780828476,0.03200875222682953,0.008002188056707382,-1.6612871885299683,-0.5153217911720276,-0.1539001762866974,-0.03847504407167435,0.000520065426826477,0.00013001635670661926,2.9833264350891113,1.0458316802978516,-0.8051775693893433,-0.40129441022872925,-0.16273903846740723,-0.04068475961685181,-0.11570071429014206,-0.028925178572535515,0.08662237972021103,0.021655594930052757,-0.052098192274570465,-0.013024548068642616,-0.4025135636329651,-0.10062839090824127,0.10930664837360382,0.12732666730880737,0.14161422848701477,0.1354035586118698,-0.015346817672252655,-0.0038367044180631638,0.030685558915138245,-0.19232861697673798,-0.25905293226242065,-0.06476323306560516,-0.381845086812973,-0.09546127170324326,-0.2368350327014923,-0.05920875817537308,-0.23501929640769958,-0.15875482559204102,-0.09099613130092621,-0.12274903059005737,-0.31869032979011536,-0.07967258244752884,-0.052728310227394104,0.186817929148674,-0.746421754360199,-0.18660543859004974,-0.37503311038017273,-0.09375827759504318
-0.2469075620174408,-0.16172689199447632,0.4519725739955902,0.11299314349889755,-0.11285179108381271,-0.02821294777095318,2.2304325103759766,0.8576081395149231,0.3995063006877899,-0.10012342780828476,0.03200875222682953,0.008002188056707382,-1.6612871885299683,-0.5153217911720276,-0.1539001762866974,-0.03847504407167435,0.000520065426826477,0.00013001635670661926,2.9833264350891113,1.0458316802978516,-0.8051775693893433,-0.40129441022872925,-0.16273903846740723,-0.04068475961685181,-0.11570071429014206,-0.028925178572535515,0.08662237972021103,0.021655594930052757,-0.052098192274570465,-0.013024548068642616,-0.4025135636329651,-0.10062839090824127,0.10930664837360382,0.12732666730880737,0.14161422848701477,0.1354035586118698,-0.015346817672252655,-0.0038367044180631638,0.030685558915138245,-0.19232861697673798,-0.25905293226242065,-0.06476323306560516,-0.381845086812973,-0.09546127170324326,-0.2368350327014923,-0.05920875817537308,-0.23501929640769958,-0.15875482559204102,-0.09099613130092621,-0.12274903059005737,-0.31869032979011536,-0.07967258244752884,-0.052728310227394104,0.186817929148674,-0.746421754360199,-0.18660543859004974,-0.37503311038017273,-0.09375827759504318
-0.2469075620174408,-0.16172689199447632,0.4519725739955902,0.11299314349889755,-0.11285179108381271,-0.02821294777095318,2.2304325103759766,0.8576081395149231,0.3995063006877899,-0.10012342780828476,0.03200875222682953,0.008002188056707382,-1.6612871885299683,-0.5153217911720276,-0.1539001762866974,-0.03847504407167435,0.000520065426826477,0.00013001635670661926,2.9833264350891113,1.0458316802978516,-0.8051775693893433,-0.40129441022872925,-0.16273903846740723,-0.04068475961685181,-0.11570071429014206,-0.028925178572535515,0.08662237972021103,0.021655594930052757,-0.052098192274570465,-0.013024548068642616,-0.4025135636329651,-0.10062839090824127,0.10930664837360382,0.12732666730880737,0.14161422848701477,0.1354035586118698,-0.015346817672252655,-0.0038367044180631638,0.030685558915138245,-0.19232861697673798,-0.25905293226242065,-0.06476323306560516,-0.381845086812973,-0.09546127170324326,-0.2368350327014923,-0.05920875817537308,-0.23501929640769958,-0.15875482559204102,-0.09099613130092621,-0.12274903059005737,-0.31869032979011536,-0.07967258244752884,-0.052728310227394104,0.186817929148674,-0.746421754360199,-0.18660543859004974,-0.37503311038017273,-0.09375827759504318
-0.2469075620174408,-0.16172689199447632,0.4519725739955902,0.11299314349889755,-0.11285179108381271,-0.02821294777095318,2.2304325103759766,0.8576081395149231,0.3995063006877899,-0.10012342780828476,0.03200875222682953,0.008002188056707382,-1.6612871885299683,-0.5153217911720276,-0.1539001762866974,-0.03847504407167435,0.000520065426826477,0.00013001635670661926,2.9833264350891113,1.0458316802978516,-0.8051775693893433,-0.40129441022872925,-0.16273903846740723,-0.04068475961685181,-0.11570071429014206,-0.028925178572535515,0.08662237972021103,0.021655594930052757,-0.052098192274570465,-0.013024548068642616,-0.4025135636329651,-0.10062839090824127,0.10930664837360382,0.12732666730880737,0.14161422848701477,0.1354035586118698,-0.015346817672252655,-0.0038367044180631638,0.030685558915138245,-0.19232861697673798,-0.25905293226242065,-0.06476323306560516,-0.381845086812973,-0.09546127170324326,-0.2368350327014923,-0.05920875817537308,-0.23501929640769958,-0.15875482559204102,-0.09099613130092621,-0.12274903059005737,-0.31869032979011536,-0.07967258244752884,-0.052728310227394104,0.186817929148674,-0.746421754360199,-0.18660543859004974,-0.37503311038017273,-0.09375827759504318
-0.2469075620174408,-0.16172689199447632,0.4519725739955902,0.11299314349889755,-0.11285179108381271,-0.02821294777095318,2.2304325103759766,0.8576081395149231,0.3995063006877899,-0.10012342780828476,0.03200875222682953,0.008002188056707382,-1.6612871885299683,-0.5153217911720276,-0.1539001762866974,-0.03847504407167435,0.000520065426826477,0.00013001635670661926,2.9833264350891113,1.0458316802978516,-0.8051775693893433,-0.40129441022872925,-0.16273903846740723,-0.04068475961685181,-0.11570071429014206,-0.028925178572535515,0.08662237972021103,0.021655594930052757,-0.052098192274570465,-0.013024548068642616,-0.4025135636329651,-0.10062839090824127,0.10930664837360382,0.12732666730880737,0.14161422848701477,0.1354035586118698,-0.015346817672252655,-0.0038367044180631638,0.030685558915138245,-0.19232861697673798,-0.25905293226242065,-0.06476323306560516,-0.381845086812973,-0.09546127170324326,-0.2368350327014923,-0.05920875817537308,-0.23501929640769958,-0.15875482559204102,-0.09099613130092621,-0.12274903059005737,-0.31869032979011536,-0.07967258244752884,-0.052728310227394104,0.186817929148674,-0.746421754360199,-0.18660543859004974,-0.37503311038017273,-0.09375827759504318
-0.2469075620174408,-0.16172689199447632,0.4519725739955902,0.11299314349889755,-0.11285179108381271,-0.02821294777095318,2.2304325103759766,0.8576081395149231,0.3995063006877899,-0.10012342780828476,0.03200875222682953,0.008002188056707382,-1.6612871885299683,-0.5153217911720276,-0.1539001762866974,-0.03847504407167435,0.000520065426826477,0.00013001635670661926,2.9833264350891113,1.0458316802978516,-0.8051775693893433,-0.40129441022872925,-0.16273903846740723,-0.04068475961685181,-0.11570071429014206,-0.028925178572535515,0.08662237972021103,0.021655594930052757,-0.052098192274570465,-0.013024548068642616,-0.4025135636329651,-0.10062839090824127,0.10930664837360382,0.12732666730880737,0.14161422848701477,0.1354035586118698,-0.015346817672252655,-0.0038367044180631638,0.030685558915138245,-0.19232861697673798,-0.25905293226242065,-0.06476323306560516,-0.381845086812973,-0.09546127170324326,-0.2368350327014923,-0.05920875817537308,-0.23501929640769958,-0.15875482559204102,-0.09099613130092621,-0.12274903059005737,-0.31869032979011536,-0.07967258244752884,-0.052728310227394104,0.186817929148674,-0.746421754360199,-0.18660543859004974,-0.37503311038017273,-0.09375827759504318
-0.2469075620174408,-0.16172689199447632,0.4519725739955902,0.11299314349889755,-0.11285179108381271,-0.02821294777095318,2.2304325103759766,0.8576081395149231,0.3995063006877899,-0.10012342780828476,0.03200875222682953,0.008002188056707382,-1.6612871885299683,-0.5153217911720276,-0.1539001762866974,-0.03847504407167435,0.000520065426826477,0.00013001635670661926,2.9833264350891113,1.0458316802978516,-0.8051775693893433,-0.40129441022872925,-0.16273903846740723,-0.04068475961685181,-0.11570071429014206,-0.028925178572535515,0.08662237972021103,0.021655594930052757,-0.052098192274570465,-0.013024548068642616,-0.4025135636329651,-0.10062839090824127,0.10930664837360382,0.12732666730880737,0.14161422848701477,0.1354035586118698,-0.015346817672252655,-0.0038367044180631638,0.030685558915138245,-0.19232861697673798,-0.25905293226242065,-0.06476323306560516,-0.381845086812973,-0.09546127170324326,-0.2368350327014923,-0.05920875817537308,-0.23501929640769958,-0.15875482559204102,-0.09099613130092621,-0.12274903059005737,-0.31869032979011536,-0.07967258244752884,-0.052728310227394104,0.186817929148674,-0.746421754360199,-0.18660543859004974,-0.37503311038017273,-0.09375827759504318
-0.2469075620174408,-0.16172689199447632,0.4519725739955902,0.11299314349889755,-0.11285179108381271,-0.02821294777095318,2.2304325103759766,0.8576081395149231,0.3995063006877899,-0.10012342780828476,0.03200875222682953,0.008002188056707382,-1.6612871885299683,-0.5153217911720276,-0.1539001762866974,-0.03847504407167435,0.000520065426826477,0.00013001635670661926,2.9833264350891113,1.0458316802978516,-0.8051775693893433,-0.40129441022872925,-0.16273903846740723,-0.04068475961685181,-0.11570071429014206,-0.028925178572535515,0.08662237972021103,0.021655594930052757,-0.052098192274570465,-0.013024548068642616,-0.4025135636329651,-0.10062839090824127,0.10930664837360382,0.12732666730880737,0.14161422848701477,0.1354035586118698,-0.015346817672252655,-0.0038367044180631638,0.030685558915138245,-0.19232861697673798,-0.25905293226242065,-0.06476323306560516,-0.381845086812973,-0.09546127170324326,-0.2368350327014923,-0.05920875817537308,-0.23501929640769958,-0.15875482559204102,-0.09099613130092621,-0.12274903059005737,-0.31869032979011536,-0.07967258244752884,-0.052728310227394104,0.186817929148674,-0.746421754360199,-0.18660543859004974,-0.37503311038017273,-0.09375827759504318
-0.2469075620174408,-0.16172689199447632,0.4519725739955902,0.11299314349889755,-0.11285179108381271,-0.02821294777095318,2.2304325103759766,0.8576081395149231,0.3995063006877899,-0.10012342780828476,0.03200875222682953,0.008002188056707382,-1.6612871885299683,-0.5153217911720276,-0.1539001762866974,-0.03847504407167435,0.000520065426826477,0.00013001635670661926,2.9833264350891113,1.0458316802978516,-0.8051775693893433,-0.40129441022872925,-0.16273903846740723,-0.04068475961685181,-0.11570071429014206,-0.028925178572535515,0.08662237972021103,0.021655594930052757,-0.052098192274570465,-0.013024548068642616,-0.4025135636329651,-0.10062839090824127,0.10930664837360382,0.12732666730880737,0.14161422848701477,0.1354035586118698,-0.015346817672252655,-0.0038367044180631638,0.030685558915138245,-0.19232861697673798,-0.25905293226242065,-0.06476323306560516,-0.381845086812973,-0.09546127170324326,-0.2368350327014923,-0.05920875817537308,-0.23501929640769958,-0.15875482559204102,-0.09099613130092621,-0.12274903059005737,-0.31869032979011536,-0.07967258244752884,-0.052728310227394104,0.186817929148674,-0.746421754360199,-0.18660543859004974,-0.37503311038017273,-0.09375827759504318
-0.2469075620174408,-0.16172689199447632,0.4519725739955902,0.11299314349889755,-0.11285179108381271,-0.02821294777095318,2.2304325103759766,0.8576081395149231,0.3995063006877899,-0.10012342780828476,0.03200875222682953,0.008002188056707382,-1.6612871885299683,-0.5153217911720276,-0.1539001762866974,-0.03847504407167435,0.000520065426826477,0.00013001635670661926,2.9833264350891113,1.0458316802978516,-0.8051775693893433,-0.40129441022872925,-0.16273903846740723,-0.04068475961685181,-0.11570071429014206,-0.028925178572535515,0.08662237972021103,0.021655594930052757,-0.052098192274570465,-0.013024548068642616,-0.4025135636329651,-0.10062839090824127,0.10930664837360382,0.12732666730880737,0.14161422848701477,0.1354035586118698,-0.015346817672252655,-0.0038367044180631638,0.030685558915138245,-0.19232861697673798,-0.25905293226242065,-0.06476323306560516,-0.381845086812973,-0.09546127170324326,-0.2368350327014923,-0.05920875817537308,-0.23501929640769958,-0.15875482559204102,-0.09099613130092621,-0.12274903059005737,-0.31869032979011536,-0.07967258244752884,-0.052728310227394104,0.186817929148674,-0.746421754360199,-0.18660543859004974,-0.37503311038017273,-0.09375827759504318
-0.2469075620174408,-0.16172689199447632,0.4519725739955902,0.11299314349889755,-0.11285179108381271,-0.02821294777095318,2.2304325103759766,0.8576081395149231,0.3995063006877899,-0.10012342780828476,0.03200875222682953,0.008002188056707382,-1.6612871885299683,-0.5153217911720276,-0.1539001762866974,-0.03847504407167435,0.000520065426826477,0.00013001635670661926,2.9833264350891113,1.0458316802978516,-0.8051775693893433,-0.40129441022872925,-0.16273903846740723,-0.04068475961685181,-0.11570071429014206,-0.028925178572535515,0.08662237972021103,0.021655594930052757,-0.052098192274570465,-0.013024548068642616,-0.4025135636329651,-0.10062839090824127,0.10930664837360382,0.12732666730880737,0.14161422848701477,0.1354035586118698,-0.015346817672252655,-0.0038367044180631638,0.030685558915138245,-0.19232861697673798,-0.25905293226242065,-0.06476323306560516,-0.381845086812973,-0.09546127170324326,-0.2368350327014923,-0.05920875817537308,-0.23501929640769958,-0.15875482559204102,-0.09099613130092621,-0.12274903059005737,-0.31869032979011536,-0.07967258244752884,-0.052728310227394104,0.186817929148674,-0.746421754360199,-0.18660543859004974,-0.37503311038017273,-0.09375827759504318
-0.2469075620174408,-0.16172689199447632,0.4519725739955902,0.11299314349889755,-0.11285179108381271,-0.02821294777095318,2.2304325103759766,0.8576081395149231,0.3995063006877899,-0.10012342780828476,0.03200875222682953,0.008002188056707382,-1.6612871885299683,-0.5153217911720276,-0.1539001762866974,-0.03847504407167435,0.000520065426826477,0.00013001635670661926,2.9833264350891113,1.0458316802978516,-0.8051775693893433,-0.40129441022872925,-0.16273903846740723,-0.04068475961685181,-0.11570071429014206,-0.028925178572535515,0.08662237972021103,0.021655594930052757,-0.052098192274570465,-0.013024548068642616,-0.4025135636329651,-0.10062839090824127,0.10930664837360382,0.12732666730880737,0.14161422848701477,0.1354035586118698,-0.015346817672252655,-0.0038367044180631638,0.030685558915138245,-0.19232861697673798,-0.25905293226242065,-0.06476323306560516,-0.381845086812973,-0.09546127170324326,-0.2368350327014923,-0.05920875817537308,-0.23501929640769958,-0.15875482559204102,-0.09099613130092621,-0.12274903059005737,-0.31869032979011536,-0.07967258244752884,-0.052728310227394104,0.186817929148674,-0.746421754360199,-0.18660543859004974,-0.37503311038017273,-0.09375827759504318
-0.2469075620174408,-0.16172689199447632,0.4519725739955902,0.11299314349889755,-0.11285179108381271,-0.02821294777095318,2.2304325103759766,0.8576081395149231,0.3995063006877899,-0.10012342780828476,0.03200875222682953,0.008002188056707382,-1.6612871885299683,-0.5153217911720276,-0.1539001762866974,-0.03847504407167435,0.000520065426826477,0.00013001635670661926,2.9833264350891113,1.0458316802978516,-0.8051775693893433,-0.40129441022872925,-0.16273903846740723,-0.04068475961685181,-0.11570071429014206,-0.028925178572535515,0.08662237972021103,0.021655594930052757,-0.052098192274570465,-0.013024548068642616,-0.4025135636329651,-0.10062839090824127,0.10930664837360382,0.12732666730880737,0.14161422848701477,0.1354035586118698,-0.015346817672252655,-0.0038367044180631638,0.030685558915138245,-0.19232861697673798,-0.25905293226242065,-0.06476323306560516,-0.381845086812973,-0.09546127170324326,-0.2368350327014923,-0.05920875817537308,-0.23501929640769958,-0.15875482559204102,-0.09099613130092621,-0.12274903059005737,-0.31869032979011536,-0.07967258244752884,-0.052728310227394104,0.186817929148674,-0.746421754360199,-0.18660543859004974,-0.37503311038017273,-0.09375827759504318
-0.28966695070266724,-0.17241674661636353,0.5054569840431213,0.12636424601078033,-0.09582503139972687,-0.023956257849931717,2.371293783187866,0.8928234577178955,0.21056532859802246,-0.14735867083072662,-0.16905531287193298,-0.042263828217983246,-1.7844547033309937,-0.5461136698722839,-0.346316933631897,-0.08657923340797424,0.14791283011436462,0.036978207528591156,2.536447048187256,0.9341117739677429,-1.4199011325836182,-0.5549752712249756,-0.1913990080356598,-0.04784975200891495,-0.15825270116329193,-0.03956317529082298,0.18888431787490845,0.04722107946872711,-0.08695675432682037,-0.021739188581705093,-0.293298602104187,-0.07332465052604675,0.023848185315728188,0.10596204549074173,-0.1973194181919098,0.05067014694213867,-0.46388179063796997,-0.11597044765949249,0.03208661079406738,-0.1919783502817154,-0.04861214756965637,-0.012153036892414093,0.3540840446949005,0.08852101117372513,-0.20714351534843445,-0.05178587883710861,0.0038998834788799286,-0.09902503341436386,-0.12325942516326904,-0.13081485033035278,-0.3787005841732025,-0.09467514604330063,0.012243017554283142,0.20306076109409332,-0.7783448100090027,-0.19458620250225067,0.4260064363479614,0.10650160908699036
-0.28966695070266724,-0.17241674661636353,0.5054569840431213,0.12636424601078033,-0.09582503139972687,-0.023956257849931717,2.371293783187866,0.8928234577178955,0.21056532859802246,-0.14735867083072662,-0.16905531287193298,-0.042263828217983246,-1.7844547033309937,-0.5461136698722839,-0.346316933631897,-0.08657923340797424,0.14791283011436462,0.036978207528591156,2.536447048187256,0.9341117739677429,-1.4199011325836182,-0.5549752712249756,-0.1913990080356598,-0.04784975200891495,-0.15825270116329193,-0.03956317529082298,0.18888431787490845,0.04722107946872711,-0.08695675432682037,-0.021739188581705093,-0.293298602104187,-0.07332465052604675,0.023848185315728188,0.10596204549074173,-0.1973194181919098,0.05067014694213867,-0.46388179063796997,-0.11597044765949249,0.03208661079406738,-0.1919783502817154,-0.04861214756965637,-0.012153036892414093,0.3540840446949005,0.08852101117372513,-0.20714351534843445,-0.05178587883710861,0.0038998834788799286,-0.09902503341436386,-0.12325942516326904,-0.13081485033035278,-0.3787005841732025,-0.09467514604330063,0.012243017554283142,0.20306076109409332,-0.7783448100090027,-0.19458620250225067,0.4260064363479614,0.10650160908699036
-0.28966695070266724,-0.17241674661636353,0.5054569840431213,0.12636424601078033,-0.09582503139972687,-0.023956257849931717,2.371293783187866,0.8928234577178955,0.21056532859802246,-0.14735867083072662,-0.16905531287193298,-0.042263828217983246,-1.7844547033309937,-0.5461136698722839,-0.346316933631897,-0.08657923340797424,0.14791283011436462,0.036978207528591156,2.536447048187256,0.9341117739677429,-1.4199011325836182,-0.5549752712249756,-0.1913990080356598,-0.04784975200891495,-0.15825270116329193,-0.03956317529082298,0.18888431787490845,0.04722107946872711,-0.08695675432682037,-0.021739188581705093,-0.293298602104187,-0.07332465052604675,0.023848185315728188,0.10596204549074173,-0.1973194181919098,0.05067014694213867,-0.46388179063796997,-0.11597044765949249,0.03208661079406738,-0.1919783502817154,-0.04861214756965637,-0.012153036892414093,0.3540840446949005,0.08852101117372513,-0.20714351534843445,-0.05178587883710861,0.0038998834788799286,-0.09902503341436386,-0.12325942516326904,-0.13081485033035278,-0.3787005841732025,-0.09467514604330063,0.012243017554283142,0.20306076109409332,-0.7783448100090027,-0.19458620250225067,0.4260064363479614,0.10650160908699036
-0.28966695070266724,-0.17241674661636353,0.5054569840431213,0.12636424601078033,-0.09582503139972687,-0.023956257849931717,2.371293783187866,0.8928234577178955,0.21056532859802246,-0.14735867083072662,-0.16905531287193298,-0.042263828217983246,-1.7844547033309937,-0.5461136698722839,-0.346316933631897,-0.08657923340797424,0.14791283011436462,0.036978207528591156,2.536447048187256,0.9341117739677429,-1.4199011325836182,-0.5549752712249756,-0.1913990080356598,-0.04784975200891495,-0.15825270116329193,-0.03956317529082298,0.18888431787490845,0.04722107946872711,-0.08695675432682037,-0.021739188581705093,-0.293298602104187,-0.07332465052604675,0.023848185315728188,0.10596204549074173,-0.1973194181919098,0.05067014694213867,-0.46388179063796997,-0.11597044765949249,0.03208661079406738,-0.1919783502817154,-0.04861214756965637,-0.012153036892414093,0.3540840446949005,0.08852101117372513,-0.20714351534843445,-0.05178587883710861,0.0038998834788799286,-0.09902503341436386,-0.12325942516326904,-0.13081485033035278,-0.3787005841732025,-0.09467514604330063,0.012243017554283142,0.20306076109409332,-0.7783448100090027,-0.19458620250225067,0.4260064363479614,0.10650160908699036
-0.28966695070266724,-0.17241674661636353,0.5054569840431213,0.12636424601078033,-0.09582503139972687,-0.023956257849931717,2.371293783187866,0.8928234577178955,0.21056532859802246,-0.14735867083072662,-0.16905531287193298,-0.042263828217983246,-1.7844547033309937,-0.5461136698722839,-0.346316933631897,-0.08657923340797424,0.14791283011436462,0.036978207528591156,2.536447048187256,0.9341117739677429,-1.4199011325836182,-0.5549752712249756,-0.1913990080356598,-0.04784975200891495,-0.15825270116329193,-0.03956317529082298,0.18888431787490845,0.04722107946872711,-0.08695675432682037,-0.021739188581705093,-0.293298602104187,-0.07332465052604675,0.023848185315728188,0.10596204549074173,-0.1973194181919098,0.05067014694213867,-0.46388179063796997,-0.11597044765949249,0.03208661079406738,-0.1919783502817154,-0.04861214756965637,-0.012153036892414093,0.3540840446949005,0.08852101117372513,-0.20714351534843445,-0.05178587883710861,0.0038998834788799286,-0.09902503341436386,-0.12325942516326904,-0.13081485033035278,-0.3787005841732025,-0.09467514604330063,0.012243017554283142,0.20306076109409332,-0.7783448100090027,-0.19458620250225067,0.4260064363479614,0.10650160908699036
-0.28966695070266724,-0.17241674661636353,0.5054569840431213,0.12636424601078033,-0.09582503139972687,-0.023956257849931717,2.371293783187866,0.8928234577178955,0.21056532859802246,-0.14735867083072662,-0.16905531287193298,-0.042263828217983246,-1.7844547033309937,-0.5461136698722839,-0.346316933631897,-0.08657923340797424,0.14791283011436462,0.036978207528591156,2.536447048187256,0.9341117739677429,-1.4199011325836182,-0.5549752712249756,-0.1913990080356598,-0.04784975200891495,-0.15825270116329193,-0.03956317529082298,0.18888431787490845,0.04722107946872711,-0.08695675432682037,-0.021739188581705093,-0.293298602104187,-0.07332465052604675,0.023848185315728188,0.10596204549074173,-0.1973194181919098,0.05067014694213867,-0.46388179063796997,-0.11597044765949249,0.03208661079406738,-0.1919783502817154,-0.04861214756965637,-0.012153036892414093,0.3540840446949005,0.08852101117372513,-0.20714351534843445,-0.05178587883710861,0.0038998834788799286,-0.09902503341436386,-0.12325942516326904,-0.13081485033035278,-0.3787005841732025,-0.09467514604330063,0.012243017554283142,0.20306076109409332,-0.7783448100090027,-0.19458620250225067,0.4260064363479614,0.10650160908699036
-0.28966695070266724,-0.17241674661636353,0.5054569840431213,0.12636424601078033,-0.09582503139972687,-0.023956257849931717,2.371293783187866,0.8928234577178955,0.21056532859802246,-0.14735867083072662,-0.16905531287193298,-0.042263828217983246,-1.7844547033309937,-0.5461136698722839,-0.346316933631897,-0.08657923340797424,0.14791283011436462,0.036978207528591156,2.536447048187256,0.9341117739677429,-1.4199011325836182,-0.5549752712249756,-0.1913990080356598,-0.04784975200891495,-0.15825270116329193,-0.03956317529082298,0.18888431787490845,0.04722107946872711,-0.08695675432682037,-0.021739188581705093,-0.293298602104187,-0.07332465052604675,0.023848185315728188,0.10596204549074173,-0.1973194181919098,0.05067014694213867,-0.46388179063796997,-0.11597044765949249,0.03208661079406738,-0.1919783502817154,-0.04861214756965637,-0.012153036892414093,0.3540840446949005,0.08852101117372513,-0.20714351534843445,-0.05178587883710861,0.0038998834788799286,-0.09902503341436386,-0.12325942516326904,-0.13081485033035278,-0.3787005841732025,-0.09467514604330063,0.012243017554283142,0.20306076109409332,-0.7783448100090027,-0.19458620250225067,0.4260064363479614,0.10650160908699036
-0.28966695070266724,-0.17241674661636353,0.5054569840431213,0.12636424601078033,-0.09582503139972687,-0.023956257849931717,2.371293783187866,0.8928234577178955,0.21056532859802246,-0.14735867083072662,-0.16905531287193298,-0.042263828217983246,-1.7844547033309937,-0.5461136698722839,-0.346316933631897,-0.08657923340797424,0.14791283011436462,0.036978207528591156,2.536447048187256,0.9341117739677429,-1.4199011325836182,-0.5549752712249756,-0.1913990080356598,-0.04784975200891495,-0.15825270116329193,-0.03956317529082298,0.18888431787490845,0.04722107946872711,-0.08695675432682037,-0.021739188581705093,-0.293298602104187,-0.07332465052604675,0.023848185315728188,0.10596204549074173,-0.1973194181919098,0.05067014694213867,-0.46388179063796997,-0.11597044765949249,0.03208661079406738,-0.1919783502817154,-0.04861214756965637,-0.012153036892414093,0.3540840446949005,0.08852101117372513,-0.20714351534843445,-0.05178587883710861,0.0038998834788799286,-0.09902503341436386,-0.12325942516326904,-0.13081485033035278,-0.3787005841732025,-0.09467514604330063,0.012243017554283142,0.20306076109409332,-0.7783448100090027,-0.19458620250225067,0.4260064363479614,0.10650160908699036
-0.28966695070266724,-0.17241674661636353,0.5054569840431213,0.12636424601078033,-0.09582503139972687,-0.023956257849931717,2.371293783187866,0.8928234577178955,0.21056532859802246,-0.14735867083072662,-0.16905531287193298,-0.042263828217983246,-1.7844547033309937,-0.5461136698722839,-0.346316933631897,-0.08657923340797424,0.14791283011436462,0.036978207528591156,2.536447048187256,0.9341117739677429,-1.4199011325836182,-0.5549752712249756,-0.1913990080356598,-0.04784975200891495,-0.15825270116329193,-0.03956317529082298,0.18888431787490845,0.04722107946872711,-0.08695675432682037,-0.021739188581705093,-0.293298602104187,-0.07332465052604675,0.023848185315728188,0.10596204549074173,-0.1973194181919098,0.05067014694213867,-0.46388179063796997,-0.11597044765949249,0.03208661079406738,-0.1919783502817154,-0.04861214756965637,-0.012153036892414093,0.3540840446949005,0.08852101117372513,-0.20714351534843445,-0.05178587883710861,0.0038998834788799286,-0.09902503341436386,-0.12325942516326904,-0.13081485033035278,-0.3787005841732025,-0.09467514604330063,0.012243017554283142,0.20306076109409332,-0.7783448100090027,-0.19458620250225067,0.4260064363479614,0.10650160908699036
-0.28966695070266724,-0.17241674661636353,0.5054569840431213,0.12636424601078033,-0.09582503139972687,-0.023956257849931717,2.371293783187866,0.8928234577178955,0.21056532859802246,-0.14735867083072662,-0.16905531287193298,-0.042263828217983246,-1.7844547033309937,-0.5461136698722839,-0.346316933631897,-0.08657923340797424,0.14791283011436462,0.036978207528591156,2.536447048187256,0.9341117739677429,-1.4199011325836182,-0.5549752712249756,-0.1913990080356598,-0.04784975200891495,-0.15825270116329193,-0.03956317529082298,0.18888431787490845,0.04722107946872711,-0.08695675432682037,-0.021739188581705093,-0.293298602104187,-0.07332465052604675,0.023848185315728188,0.10596204549074173,-0.1973194181919098,0.05067014694213867,-0.46388179063796997,-0.11597044765949249,0.03208661079406738,-0.1919783502817154,-0.04861214756965637,-0.012153036892414093,0.3540840446949005,0.08852101117372513,-0.20714351534843445,-0.05178587883710861,0.0038998834788799286,-0.09902503341436386,-0.12325942516326904,-0.13081485033035278,-0.3787005841732025,-0.09467514604330063,0.012243017554283142,0.20306076109409332,-0.7783448100090027,-0.19458620250225067,0.4260064363479614,0.10650160908699036
-0.28966695070266724,-0.17241674661636353,0.5054569840431213,0.12636424601078033,-0.09582503139972687,-0.023956257849931717,2.371293783187866,0.8928234577178955,0.21056532859802246,-0.14735867083072662,-0.16905531287193298,-0.042263828217983246,-1.7844547033309937,-0.5461136698722839,-0.346316933631897,-0.08657923340797424,0.14791283011436462,0.036978207528591156,2.536447048187256,0.9341117739677429,-1.4199011325836182,-0.5549752712249756,-0.1913990080356598,-0.04784975200891495,-0.15825270116329193,-0.03956317529082298,0.18888431787490845,0.04722107946872711,-0.08695675432682037,-0.021739188581705093,-0.293298602104187,-0.07332465052604675,0.023848185315728188,0.10596204549074173,-0.1973194181919098,0.05067014694213867,-0.46388179063796997,-0.11597044765949249,0.03208661079406738,-0.1919783502817154,-0.04861214756965637,-0.012153036892414093,0.3540840446949005,0.08852101117372513,-0.20714351534843445,-0.05178587883710861,0.0038998834788799286,-0.09902503341436386,-0.12325942516326904,-0.13081485033035278,-0.3787005841732025,-0.09467514604330063,0.012243017554283142,0.20306076109409332,-0.7783448100090027,-0.19458620250225067,0.4260064363479614,0.10650160908699036
-0.28966695070266724,-0.17241674661636353,0.5054569840431213,0.12636424601078033,-0.09582503139972687,-0.023956257849931717,2.371293783187866,0.8928234577178955,0.21056532859802246,-0.14735867083072662,-0.16905531287193298,-0.042263828217983246,-1.7844547033309937,-0.5461136698722839,-0.346316933631897,-0.08657923340797424,0.14791283011436462,0.036978207528591156,2.536447048187256,0.9341117739677429,-1.4199011325836182,-0.5549752712249756,-0.1913990080356598,-0.04784975200891495,-0.15825270116329193,-0.03956317529082298,0.18888431787490845,0.04722107946872711,-0.08695675432682037,-0.021739188581705093,-0.293298602104187,-0.07332465052604675,0.023848185315728188,0.10596204549074173,-0.1973194181919098,0.05067014694213867,-0.46388179063796997,-0.11597044765949249,0.03208661079406738,-0.1919783502817154,-0.04861214756965637,-0.012153036892414093,0.3540840446949005,0.08852101117372513,-0.20714351534843445,-0.05178587883710861,0.0038998834788799286,-0.09902503341436386,-0.12325942516326904,-0.13081485033035278,-0.3787005841732025,-0.09467514604330063,0.012243017554283142,0.20306076109409332,-0.7783448100090027,-0.19458620250225067,0.4260064363479614,0.10650160908699036
-0.28966695070266724,-0.17241674661636353,0.5054569840431213,0.12636424601078033,-0.09582503139972687,-0.023956257849931717,2.371293783187866,0.8928234577178955,0.21056532859802246,-0.14735867083072662,-0.16905531287193298,-0.042263828217983246,-1.7844547033309937,-0.5461136698722839,-0.346316933631897,-0.08657923340797424,0.14791283011436462,0.036978207528591156,2.536447048187256,0.9341117739677429,-1.4199011325836182,-0.5549752712249756,-0.1913990080356598,-0.04784975200891495,-0.15825270116329193,-0.03956317529082298,0.18888431787490845,0.04722107946872711,-0.08695675432682037,-0.021739188581705093,-0.293298602104187,-0.07332465052604675,0.023848185315728188,0.10596204549074173,-0.1973194181919098,0.05067014694213867,-0.46388179063796997,-0.11597044765949249,0.03208661079406738,-0.1919783502817154,-0.04861214756965637,-0.012153036892414093,0.3540840446949005,0.08852101117372513,-0.20714351534843445,-0.05178587883710861,0.0038998834788799286,-0.09902503341436386,-0.12325942516326904,-0.13081485033035278,-0.3787005841732025,-0.09467514604330063,0.012243017554283142,0.20306076109409332,-0.7783448100090027,-0.19458620250225067,0.4260064363479614,0.10650160908699036
-0.28966695070266724,-0.17241674661636353,0.5054569840431213,0.12636424601078033,-0.09582503139972687,-0.023956257849931717,2.371293783187866,0.8928234577178955,0.21056532859802246,-0.14735867083072662,-0.16905531287193298,-0.042263828217983246,-1.7844547033309937,-0.5461136698722839,-0.346316933631897,-0.08657923340797424,0.14791283011436462,0.036978207528591156,2.536447048187256,0.9341117739677429,-1.4199011325836182,-0.5549752712249756,-0.1913990080356598,-0.04784975200891495,-0.15825270116329193,-0.03956317529082298,0.18888431787490845,0.04722107946872711,-0.08695675432682037,-0.021739188581705093,-0.293298602104187,-0.07332465052604675,0.023848185315728188,0.10596204549074173,-0.1973194181919098,0.05067014694213867,-0.46388179063796997,-0.11597044765949249,0.03208661079406738,-0.1919783502817154,-0.04861214756965637,-0.012153036892414093,0.3540840446949005,0.08852101117372513,-0.20714351534843445,-0.05178587883710861,0.0038998834788799286,-0.09902503341436386,-0.12325942516326904,-0.13081485033035278,-0.3787005841732025,-0.09467514604330063,0.012243017554283142,0.20306076109409332,-0.7783448100090027,-0.19458620250225067,0.4260064363479614,0.10650160908699036
-0.28966695070266724,-0.17241674661636353,0.5054569840431213,0.12636424601078033,-0.09582503139972687,-0.023956257849931717,2.371293783187866,0.8928234577178955,0.21056532859802246,-0.14735867083072662,-0.16905531287193298,-0.042263828217983246,-1.7844547033309937,-0.5461136698722839,-0.346316933631897,-0.08657923340797424,0.14791283011436462,0.036978207528591156,2.536447048187256,0.9341117739677429,-1.4199011325836182,-0.5549752712249756,-0.1913990080356598,-0.04784975200891495,-0.15825270116329193,-0.03956317529082298,0.18888431787490845,0.04722107946872711,-0.08695675432682037,-0.021739188581705093,-0.293298602104187,-0.07332465052604675,0.023848185315728188,0.10596204549074173,-0.1973194181919098,0.05067014694213867,-0.46388179063796997,-0.11597044765949249,0.03208661079406738,-0.1919783502817154,-0.04861214756965637,-0.012153036892414093,0.3540840446949005,0.08852101117372513,-0.20714351534843445,-0.05178587883710861,0.0038998834788799286,-0.09902503341436386,-0.12325942516326904,-0.13081485033035278,-0.3787005841732025,-0.09467514604330063,0.012243017554283142,0.20306076109409332,-0.7783448100090027,-0.19458620250225067,0.4260064363479614,0.10650160908699036
-0.28966695070266724,-0.17241674661636353,0.5054569840431213,0.12636424601078033,-0.09582503139972687,-0.023956257849931717,2.371293783187866,0.8928234577178955,0.21056532859802246,-0.14735867083072662,-0.16905531287193298,-0.042263828217983246,-1.7844547033309937,-0.5461136698722839,-0.346316933631897,-0.08657923340797424,0.14791283011436462,0.036978207528591156,2.536447048187256,0.9341117739677429,-1.4199011325836182,-0.5549752712249756,-0.1913990080356598,-0.04784975200891495,-0.15825270116329193,-0.03956317529082298,0.18888431787490845,0.04722107946872711,-0.08695675432682037,-0.021739188581705093,-0.293298602104187,-0.07332465052604675,0.023848185315728188,0.10596204549074173,-0.1973194181919098,0.05067014694213867,-0.46388179063796997,-0.11597044765949249,0.03208661079406738,-0.1919783502817154,-0.04861214756965637,-0.012153036892414093,0.3540840446949005,0.08852101117372513,-0.20714351534843445,-0.05178587883710861,0.0038998834788799286,-0.09902503341436386,-0.12325942516326904,-0.13081485033035278,-0.3787005841732025,-0.09467514604330063,0.012243017554283142,0.20306076109409332,-0.7783448100090027,-0.19458620250225067,0.4260064363479614,0.10650160908699036
-0.28966695070266724,-0.17241674661636353,0.5054569840431213,0.12636424601078033,-0.09582503139972687,-0.023956257849931717,2.371293783187866,0.8928234577178955,0.21056532859802246,-0.14735867083072662,-0.16905531287193298,-0.042263828217983246,-1.7844547033309937,-0.5461136698722839,-0.346316933631897,-0.08657923340797424,0.14791283011436462,0.036978207528591156,2.536447048187256,0.9341117739677429,-1.4199011325836182,-0.5549752712249756,-0.1913990080356598,-0.04784975200891495,-0.15825270116329193,-0.03956317529082298,0.18888431787490845,0.04722107946872711,-0.08695675432682037,-0.021739188581705093,-0.293298602104187,-0.07332465052604675,0.023848185315728188,0.10596204549074173,-0.1973194181919098,0.05067014694213867,-0.46388179063796997,-0.11597044765949249,0.03208661079406738,-0.1919783502817154,-0.04861214756965637,-0.012153036892414093,0.3540840446949005,0.08852101117372513,-0.20714351534843445,-0.05178587883710861,0.0038998834788799286,-0.09902503341436386,-0.12325942516326904,-0.13081485033035278,-0.3787005841732025,-0.09467514604330063,0.012243017554283142,0.20306076109409332,-0.7783448100090027,-0.19458620250225067,0.4260064363479614,0.10650160908699036
-0.3995688855648041,-0.19989222288131714,0.3635435700416565,0.09088589251041412,-0.08141670376062393,-0.020354175940155983,2.3530075550079346,0.8882519006729126,0.2364029586315155,-0.14089927077293396,-0.34678661823272705,-0.08669665455818176,-1.4421727657318115,-0.4605431854724884,-0.34644442796707153,-0.08661110699176788,0.012476727366447449,0.003119181841611862,2.2717175483703613,0.8679293990135193,-0.6119133234024048,-0.35297834873199463,-0.045505423098802567,-0.011376355774700642,-0.022717587649822235,-0.005679396912455559,0.028905043378472328,0.007226260844618082,-0.16284839808940887,-0.04071209952235222,-0.33064723014831543,-0.08266180753707886,0.14761273562908173,0.13690318167209625,0.30572202801704407,0.17643050849437714,0.005341619253158569,0.0013354048132896423,0.006881378591060638,-0.19827966392040253,-0.32609081268310547,-0.08152270317077637,-0.3789653778076172,-0.0947413444519043,-0.32869797945022583,-0.08217449486255646,-0.32918503880500793,-0.1822962611913681,-0.0479031540453434,-0.1119757890701294,-0.3213594853878021,-0.08033987134695053,0.04083012044429779,0.21020753681659698,-0.7315073013305664,-0.1828768253326416,-0.5387292504310608,-0.1346823126077652
-0.3995688855648041,-0.19989222288131714,0.3635435700416565,0.09088589251041412,-0.08141670376062393,-0.020354175940155983,2.3530075550079346,0.8882519006729126,0.2364029586315155,-0.14089927077293396,-0.34678661823272705,-0.08669665455818176,-1.4421727657318115,-0.4605431854724884,-0.34644442796707153,-0.08661110699176788,0.012476727366447449,0.003119181841611862,2.2717175483703613,0.8679293990135193,-0.6119133234024048,-0.35297834873199463,-0.045505423098802567,-0.011376355774700642,-0.022717587649822235,-0.005679396912455559,0.028905043378472328,0.007226260844618082,-0.16284839808940887,-0.04071209952235222,-0.33064723014831543,-0.08266180753707886,0.14761273562908173,0.13690318167209625,0.30572202801704407,0.17643050849437714,0.005341619253158569,0.0013354048132896423,0.006881378591060638,-0.19827966392040253,-0.32609081268310547,-0.08152270317077637,-0.3789653778076172,-0.0947413444519043,-0.32869797945022583,-0.08217449486255646,-0.32918503880500793,-0.1822962611913681,-0.0479031540453434,-0.1119757890701294,-0.3213594853878021,-0.08033987134695053,0.04083012044429779,0.21020753681659698,-0.7315073013305664,-0.1828768253326416,-0.5387292504310608,-0.1346823126077652
-0.3995688855648041,-0.19989222288131714,0.3635435700416565,0.09088589251041412,-0.08141670376062393,-0.020354175940155983,2.3530075550079346,0.8882519006729126,0.2364029586315155,-0.14089927077293396,-0.34678661823272705,-0.08669665455818176,-1.4421727657318115,-0.4605431854724884,-0.34644442796707153,-0.08661110699176788,0.012476727366447449,0.003119181841611862,2.2717175483703613,0.8679293990135193,-0.6119133234024048,-0.35297834873199463,-0.045505423098802567,-0.011376355774700642,-0.022717587649822235,-0.005679396912455559,0.028905043378472328,0.007226260844618082,-0.16284839808940887,-0.04071209952235222,-0.33064723014831543,-0.08266180753707886,0.14761273562908173,0.13690318167209625,0.30572202801704407,0.17643050849437714,0.005341619253158569,0.0013354048132896423,0.006881378591060638,-0.19827966392040253,-0.32609081268310547,-0.08152270317077637,-0.3789653778076172,-0.0947413444519043,-0.32869797945022583,-0.08217449486255646,-0.32918503880500793,-0.1822962611913681,-0.0479031540453434,-0.1119757890701294,-0.3213594853878021,-0.08033987134695053,0.04083012044429779,0.21020753681659698,-0.7315073013305664,-0.1828768253326416,-0.5387292504310608,-0.1346823126077652
-0.3995688855648041,-0.19989222288131714,0.3635435700416565,0.09088589251041412,-0.08141670376062393,-0.020354175940155983,2.3530075550079346,0.8882519006729126,0.2364029586315155,-0.14089927077293396,-0.34678661823272705,-0.08669665455818176,-1.4421727657318115,-0.4605431854724884,-0.34644442796707153,-0.08661110699176788,0.012476727366447449,0.003119181841611862,2.2717175483703613,0.8679293990135193,-0.6119133234024048,-0.35297834873199463,-0.045505423098802567,-0.011376355774700642,-0.022717587649822235,-0.005679396912455559,0.028905043378472328,0.007226260844618082,-0.16284839808940887,-0.04071209952235222,-0.33064723014831543,-0.08266180753707886,0.14761273562908173,0.13690318167209625,0.30572202801704407,0.17643050849437714,0.005341619253158569,0.0013354048132896423,0.006881378591060638,-0.19827966392040253,-0.32609081268310547,-0.08152270317077637,-0.3789653778076172,-0.0947413444519043,-0.32869797945022583,-0.08217449486255646,-0.32918503880500793,-0.1822962611913681,-0.0479031540453434,-0.1119757890701294,-0.3213594853878021,-0.08033987134695053,0.04083012044429779,0.21020753681659698,-0.7315073013305664,-0.1828768253326416,-0.5387292504310608,-0.1346823126077652
-0.3995688855648041,-0.19989222288131714,0.3635435700416565,0.09088589251041412,-0.08141670376062393,-0.020354175940155983,2.3530075550079346,0.8882519006729126,0.2364029586315155,-0.14089927077293396,-0.34678661823272705,-0.08669665455818176,-1.4421727657318115,-0.4605431854724884,-0.34644442796707153,-0.08661110699176788,0.012476727366447449,0.003119181841611862,2.2717175483703613,0.8679293990135193,-0.6119133234024048,-0.35297834873199463,-0.045505423098802567,-0.011376355774700642,-0.022717587649822235,-0.005679396912455559,0.028905043378472328,0.007226260844618082,-0.16284839808940887,-0.04071209952235222,-0.33064723014831543,-0.08266180753707886,0.14761273562908173,0.13690318167209625,0.30572202801704407,0.17643050849437714,0.005341619253158569,0.0013354048132896423,0.006881378591060638,-0.19827966392040253,-0.32609081268310547,-0.08152270317077637,-0.3789653778076172,-0.0947413444519043,-0.32869797945022583,-0.08217449486255646,-0.32918503880500793,-0.1822962611913681,-0.0479031540453434,-0.1119757890701294,-0.3213594853878021,-0.08033987134695053,0.04083012044429779,0.21020753681659698,-0.7315073013305664,-0.1828768253326416,-0.5387292504310608,-0.1346823126077652
-0.3995688855648041,-0.19989222288131714,0.3635435700416565,0.09088589251041412,-0.08141670376062393,-0.020354175940155983,2.3530075550079346,0.8882519006729126,0.2364029586315155,-0.14089927077293396,-0.34678661823272705,-0.08669665455818176,-1.4421727657318115,-0.4605431854724884,-0.34644442796707153,-0.08661110699176788,0.012476727366447449,0.003119181841611862,2.2717175483703613,0.8679293990135193,-0.6119133234024048,-0.35297834873199463,-0.045505423098802567,-0.011376355774700642,-0.022717587649822235,-0.005679396912455559,0.028905043378472328,0.007226260844618082,-0.16284839808940887,-0.04071209952235222,-0.33064723014831543,-0.08266180753707886,0.14761273562908173,0.13690318167209625,0.30572202801704407,0.17643050849437714,0.005341619253158569,0.0013354048132896423,0.006881378591060638,-0.19827966392040253,-0.32609081268310547,-0.08152270317077637,-0.3789653778076172,-0.0947413444519043,-0.32869797945022583,-0.08217449486255646,-0.32918503880500793,-0.1822962611913681,-0.0479031540453434,-0.1119757890701294,-0.3213594853878021,-0.08033987134695053,0.04083012044429779,0.21020753681659698,-0.7315073013305664,-0.1828768253326416,-0.5387292504310608,-0.1346823126077652
-0.3995688855648041,-0.19989222288131714,0.3635435700416565,0.09088589251041412,-0.08141670376062393,-0.020354175940155983,2.3530075550079346,0.8882519006729126,0.2364029586315155,-0.14089927077293396,-0.34678661823272705,-0.08669665455818176,-1.4421727657318115,-0.4605431854724884,-0.34644442796707153,-0.08661110699176788,0.012476727366447449,0.003119181841611862,2.2717175483703613,0.8679293990135193,-0.6119133234024048,-0.35297834873199463,-0.045505423098802567,-0.011376355774700642,-0.022717587649822235,-0.005679396912455559,0.028905043378472328,0.007226260844618082,-0.16284839808940887,-0.04071209952235222,-0.33064723014831543,-0.08266180753707886,0.14761273562908173,0.13690318167209625,0.30572202801704407,0.17643050849437714,0.005341619253158569,0.0013354048132896423,0.006881378591060638,-0.19827966392040253,-0.32609081268310547,-0.08152270317077637,-0.3789653778076172,-0.0947413444519043,-0.32869797945022583,-0.08217449486255646,-0.32918503880500793,-0.1822962611913681,-0.0479031540453434,-0.1119757890701294,-0.3213594853878021,-0.08033987134695053,0.04083012044429779,0.21020753681659698,-0.7315073013305664,-0.1828768253326416,-0.5387292504310608,-0.1346823126077652
-0.3995688855648041,-0.19989222288131714,0.3635435700416565,0.09088589251041412,-0.08141670376062393,-0.020354175940155983,2.3530075550079346,0.8882519006729126,0.2364029586315155,-0.14089927077293396,-0.34678661823272705,-0.08669665455818176,-1.4421727657318115,-0.4605431854724884,-0.34644442796707153,-0.08661110699176788,0.012476727366447449,0.003119181841611862,2.2717175483703613,0.8679293990135193,-0.6119133234024048,-0.35297834873199463,-0.045505423098802567,-0.011376355774700642,-0.022717587649822235,-0.005679396912455559,0.028905043378472328,0.007226260844618082,-0.16284839808940887,-0.04071209952235222,-0.33064723014831543,-0.08266180753707886,0.14761273562908173,0.13690318167209625,0.30572202801704407,0.17643050849437714,0.005341619253158569,0.0013354048132896423,0.006881378591060638,-0.19827966392040253,-0.32609081268310547,-0.08152270317077637,-0.3789653778076172,-0.0947413444519043,-0.32869797945022583,-0.08217449486255646,-0.32918503880500793,-0.1822962611913681,-0.0479031540453434,-0.1119757890701294,-0.3213594853878021,-0.08033987134695053,0.04083012044429779,0.21020753681659698,-0.7315073013305664,-0.1828768253326416,-0.5387292504310608,-0.1346823126077652
-0.3995688855648041,-0.19989222288131714,0.3635435700416565,0.09088589251041412,-0.08141670376062393,-0.020354175940155983,2.3530075550079346,0.8882519006729126,0.2364029586315155,-0.14089927077293396,-0.34678661823272705,-0.08669665455818176,-1.4421727657318115,-0.4605431854724884,-0.34644442796707153,-0.08661110699176788,0.012476727366447449,0.003119181841611862,2.2717175483703613,0.8679293990135193,-0.6119133234024048,-0.35297834873199463,-0.045505423098802567,-0.011376355774700642,-0.022717587649822235,-0.005679396912455559,0.028905043378472328,0.007226260844618082,-0.16284839808940887,-0.04071209952235222,-0.33064723014831543,-0.08266180753707886,0.14761273562908173,0.13690318167209625,0.30572202801704407,0.17643050849437714,0.005341619253158569,0.0013354048132896423,0.006881378591060638,-0.19827966392040253,-0.32609081268310547,-0.08152270317077637,-0.3789653778076172,-0.0947413444519043,-0.32869797945022583,-0.08217449486255646,-0.32918503880500793,-0.1822962611913681,-0.0479031540453434,-0.1119757890701294,-0.3213594853878021,-0.08033987134695053,0.04083012044429779,0.21020753681659698,-0.7315073013305664,-0.1828768253326416,-0.5387292504310608,-0.1346823126077652
-0.3995688855648041,-0.19989222288131714,0.3635435700416565,0.09088589251041412,-0.08141670376062393,-0.020354175940155983,2.3530075550079346,0.8882519006729126,0.2364029586315155,-0.14089927077293396,-0.34678661823272705,-0.08669665455818176,-1.4421727657318115,-0.4605431854724884,-0.34644442796707153,-0.08661110699176788,0.012476727366447449,0.003119181841611862,2.2717175483703613,0.8679293990135193,-0.6119133234024048,-0.35297834873199463,-0.045505423098802567,-0.011376355774700642,-0.022717587649822235,-0.005679396912455559,0.028905043378472328,0.007226260844618082,-0.16284839808940887,-0.04071209952235222,-0.33064723014831543,-0.08266180753707886,0.14761273562908173,0.13690318167209625,0.30572202801704407,0.17643050849437714,0.005341619253158569,0.0013354048132896423,0.006881378591060638,-0.19827966392040253,-0.32609081268310547,-0.08152270317077637,-0.3789653778076172,-0.0947413444519043,-0.32869797945022583,-0.08217449486255646,-0.32918503880500793,-0.1822962611913681,-0.0479031540453434,-0.1119757890701294,-0.3213594853878021,-0.08033987134695053,0.04083012044429779,0.21020753681659698,-0.7315073013305664,-0.1828768253326416,-0.5387292504310608,-0.1346823126077652
-0.3995688855648041,-0.19989222288131714,0.3635435700416565,0.09088589251041412,-0.08141670376062393,-0.020354175940155983,2.3530075550079346,0.8882519006729126,0.2364029586315155,-0.14089927077293396,-0.34678661823272705,-0.08669665455818176,-1.4421727657318115,-0.4605431854724884,-0.34644442796707153,-0.08661110699176788,0.012476727366447449,0.003119181841611862,2.2717175483703613,0.8679293990135193,-0.6119133234024048,-0.35297834873199463,-0.045505423098802567,-0.011376355774700642,-0.022717587649822235,-0.005679396912455559,0.028905043378472328,0.007226260844618082,-0.16284839808940887,-0.04071209952235222,-0.33064723014831543,-0.08266180753707886,0.14761273562908173,0.13690318167209625,0.30572202801704407,0.17643050849437714,0.005341619253158569,0.0013354048132896423,0.006881378591060638,-0.19827966392040253,-0.32609081268310547,-0.08152270317077637,-0.3789653778076172,-0.0947413444519043,-0.32869797945022583,-0.08217449486255646,-0.32918503880500793,-0.1822962611913681,-0.0479031540453434,-0.1119757890701294,-0.3213594853878021,-0.08033987134695053,0.04083012044429779,0.21020753681659698,-0.7315073013305664,-0.1828768253326416,-0.5387292504310608,-0.1346823126077652
-0.3995688855648041,-0.19989222288131714,0.3635435700416565,0.09088589251041412,-0.08141670376062393,-0.020354175940155983,2.3530075550079346,0.8882519006729126,0.2364029586315155,-0.14089927077293396,-0.34678661823272705,-0.08669665455818176,-1.4421727657318115,-0.4605431854724884,-0.34644442796707153,-0.08661110699176788,0.012476727366447449,0.003119181841611862,2.2717175483703613,0.8679293990135193,-0.6119133234024048,-0.35297834873199463,-0.045505423098802567,-0.011376355774700642,-0.022717587649822235,-0.005679396912455559,0.028905043378472328,0.007226260844618082,-0.16284839808940887,-0.04071209952235222,-0.33064723014831543,-0.08266180753707886,0.14761273562908173,0.13690318167209625,0.30572202801704407,0.17643050849437714,0.005341619253158569,0.0013354048132896423,0.006881378591060638,-0.19827966392040253,-0.32609081268310547,-0.08152270317077637,-0.3789653778076172,-0.0947413444519043,-0.32869797945022583,-0.08217449486255646,-0.32918503880500793,-0.1822962611913681,-0.0479031540453434,-0.1119757890701294,-0.3213594853878021,-0.08033987134695053,0.04083012044429779,0.21020753681659698,-0.7315073013305664,-0.1828768253326416,-0.5387292504310608,-0.1346823126077652
-0.3995688855648041,-0.19989222288131714,0.3635435700416565,0.09088589251041412,-0.08141670376062393,-0.020354175940155983,2.3530075550079346,0.8882519006729126,0.2364029586315155,-0.14089927077293396,-0.34678661823272705,-0.08669665455818176,-1.4421727657318115,-0.4605431854724884,-0.34644442796707153,-0.08661110699176788,0.012476727366447449,0.003119181841611862,2.2717175483703613,0.8679293990135193,-0.6119133234024048,-0.35297834873199463,-0.045505423098802567,-0.011376355774700642,-0.022717587649822235,-0.005679396912455559,0.028905043378472328,0.007226260844618082,-0.16284839808940887,-0.04071209952235222,-0.33064723014831543,-0.08266180753707886,0.14761273562908173,0.13690318167209625,0.30572202801704407,0.17643050849437714,0.005341619253158569,0.0013354048132896423,0.006881378591060638,-0.19827966392040253,-0.32609081268310547,-0.08152270317077637,-0.3789653778076172,-0.0947413444519043,-0.32869797945022583,-0.08217449486255646,-0.32918503880500793,-0.1822962611913681,-0.0479031540453434,-0.1119757890701294,-0.3213594853878021,-0.08033987134695053,0.04083012044429779,0.21020753681659698,-0.7315073013305664,-0.1828768253326416,-0.5387292504310608,-0.1346823126077652
-0.3995688855648041,-0.19989222288131714,0.3635435700416565,0.09088589251041412,-0.08141670376062393,-0.020354175940155983,2.3530075550079346,0.8882519006729126,0.2364029586315155,-0.14089927077293396,-0.34678661823272705,-0.08669665455818176,-1.4421727657318115,-0.4605431854724884,-0.34644442796707153,-0.08661110699176788,0.012476727366447449,0.003119181841611862,2.2717175483703613,0.8679293990135193,-0.6119133234024048,-0.35297834873199463,-0.045505423098802567,-0.011376355774700642,-0.022717587649822235,-0.005679396912455559,0.028905043378472328,0.007226260844618082,-0.16284839808940887,-0.04071209952235222,-0.33064723014831543,-0.08266180753707886,0.14761273562908173,0.13690318167209625,0.30572202801704407,0.17643050849437714,0.005341619253158569,0.0013354048132896423,0.006881378591060638,-0.19827966392040253,-0.32609081268310547,-0.08152270317077637,-0.3789653778076172,-0.0947413444519043,-0.32869797945022583,-0.08217449486255646,-0.32918503880500793,-0.1822962611913681,-0.0479031540453434,-0.1119757890701294,-0.3213594853878021,-0.08033987134695053,0.04083012044429779,0.21020753681659698,-0.7315073013305664,-0.1828768253326416,-0.5387292504310608,-0.1346823126077652
-0.3995688855648041,-0.19989222288131714,0.3635435700416565,0.09088589251041412,-0.08141670376062393,-0.020354175940155983,2.3530075550079346,0.8882519006729126,0.2364029586315155,-0.14089927077293396,-0.34678661823272705,-0.08669665455818176,-1.4421727657318115,-0.4605431854724884,-0.34644442796707153,-0.08661110699176788,0.012476727366447449,0.003119181841611862,2.2717175483703613,0.8679293990135193,-0.6119133234024048,-0.35297834873199463,-0.045505423098802567,-0.011376355774700642,-0.022717587649822235,-0.005679396912455559,0.028905043378472328,0.007226260844618082,-0.16284839808940887,-0.04071209952235222,-0.33064723014831543,-0.08266180753707886,0.14761273562908173,0.13690318167209625,0.30572202801704407,0.17643050849437714,0.005341619253158569,0.0013354048132896423,0.006881378591060638,-0.19827966392040253,-0.32609081268310547,-0.08152270317077637,-0.3789653778076172,-0.0947413444519043,-0.32869797945022583,-0.08217449486255646,-0.32918503880500793,-0.1822962611913681,-0.0479031540453434,-0.1119757890701294,-0.3213594853878021,-0.08033987134695053,0.04083012044429779,0.21020753681659698,-0.7315073013305664,-0.1828768253326416,-0.5387292504310608,-0.1346823126077652
-0.3995688855648041,-0.19989222288131714,0.3635435700416565,0.09088589251041412,-0.08141670376062393,-0.020354175940155983,2.3530075550079346,0.8882519006729126,0.2364029586315155,-0.14089927077293396,-0.34678661823272705,-0.08669665455818176,-1.4421727657318115,-0.4605431854724884,-0.34644442796707153,-0.08661110699176788,0.012476727366447449,0.003119181841611862,2.2717175483703613,0.8679293990135193,-0.6119133234024048,-0.35297834873199463,-0.045505423098802567,-0.011376355774700642,-0.022717587649822235,-0.005679396912455559,0.028905043378472328,0.007226260844618082,-0.16284839808940887,-0.04071209952235222,-0.33064723014831543,-0.08266180753707886,0.14761273562908173,0.13690318167209625,0.30572202801704407,0.17643050849437714,0.005341619253158569,0.0013354048132896423,0.006881378591060638,-0.19827966392040253,-0.32609081268310547,-0.08152270317077637,-0.3789653778076172,-0.0947413444519043,-0.32869797945022583,-0.08217449486255646,-0.32918503880500793,-0.1822962611913681,-0.0479031540453434,-0.1119757890701294,-0.3213594853878021,-0.08033987134695053,0.04083012044429779,0.21020753681659698,-0.7315073013305664,-0.1828768253326416,-0.5387292504310608,-0.1346823126077652
-0.3995688855648041,-0.19989222288131714,0.3635435700416565,0.09088589251041412,-0.08141670376062393,-0.020354175940155983,2.3530075550079346,0.8882519006729126,0.2364029586315155,-0.14089927077293396,-0.34678661823272705,-0.08669665455818176,-1.4421727657318115,-0.4605431854724884,-0.34644442796707153,-0.08661110699176788,0.012476727366447449,0.003119181841611862,2.2717175483703613,0.8679293990135193,-0.6119133234024048,-0.35297834873199463,-0.045505423098802567,-0.011376355774700642,-0.022717587649822235,-0.005679396912455559,0.028905043378472328,0.007226260844618082,-0.16284839808940887,-0.04071209952235222,-0.33064723014831543,-0.08266180753707886,0.14761273562908173,0.13690318167209625,0.30572202801704407,0.17643050849437714,0.005341619253158569,0.0013354048132896423,0.006881378591060638,-0.19827966392040253,-0.32609081268310547,-0.08152270317077637,-0.3789653778076172,-0.0947413444519043,-0.32869797945022583,-0.08217449486255646,-0.32918503880500793,-0.1822962611913681,-0.0479031540453434,-0.1119757890701294,-0.3213594853878021,-0.08033987134695053,0.04083012044429779,0.21020753681659698,-0.7315073013305664,-0.1828768253326416,-0.5387292504310608,-0.1346823126077652
-0.4378942847251892,-0.20947358012199402,0.2672966718673706,0.06682416796684265,-0.036867789924144745,-0.009216947481036186,2.5067408084869385,0.9266852140426636,0.03149285912513733,-0.1921267807483673,-0.07514365017414093,-0.018785912543535233,-1.3602731227874756,-0.4400682747364044,-0.27976080775260925,-0.06994020193815231,0.028136417269706726,0.0070341043174266815,2.3390684127807617,0.8847671151161194,-0.05386107414960861,-0.21346527338027954,-0.045734722167253494,-0.011433680541813374,-0.10649622231721878,-0.026624055579304695,0.08345811069011688,0.02086452767252922,-0.34830188751220703,-0.08707547187805176,-0.21636484563350677,-0.054091211408376694,-0.020352695137262344,0.09491182863712311,-0.30140429735183716,0.02464892715215683,-0.6460899710655212,-0.1615224927663803,0.023470059037208557,-0.1941324919462204,-0.07350456714630127,-0.018376141786575317,0.3629511594772339,0.09073778986930847,-0.2789613902568817,-0.06974034756422043,0.011951539665460587,-0.09701211750507355,-0.2494696080684662,-0.16236740350723267,-0.2773627042770386,-0.06934067606925964,-0.00942559540271759,0.19764360785484314,-0.7578211426734924,-0.1894552856683731,0.5355769991874695,0.13389424979686737
-0.4378942847251892,-0.20947358012199402,0.2672966718673706,0.06682416796684265,-0.036867789924144745,-0.009216947481036186,2.5067408084869385,0.9266852140426636,0.03149285912513733,-0.1921267807483673,-0.07514365017414093,-0.018785912543535233,-1.3602731227874756,-0.4400682747364044,-0.27976080775260925,-0.06994020193815231,0.028136417269706726,0.0070341043174266815,2.3390684127807617,0.8847671151161194,-0.05386107414960861,-0.21346527338027954,-0.045734722167253494,-0.011433680541813374,-0.10649622231721878,-0.026624055579304695,0.08345811069011688,0.02086452767252922,-0.34830188751220703,-0.08707547187805176,-0.21636484563350677,-0.054091211408376694,-0.020352695137262344,0.09491182863712311,-0.30140429735183716,0.02464892715215683,-0.6460899710655212,-0.1615224927663803,0.023470059037208557,-0.1941324919462204,-0.07350456714630127,-0.018376141786575317,0.3629511594772339,0.09073778986930847,-0.2789613902568817,-0.06974034756422043,0.011951539665460587,-0.09701211750507355,-0.2494696080684662,-0.16236740350723267,-0.2773627042770386,-0.06934067606925964,-0.00942559540271759,0.19764360785484314,-0.7578211426734924,-0.1894552856683731,0.5355769991874695,0.13389424979686737
-0.4378942847251892,-0.20947358012199402,0.2672966718673706,0.06682416796684265,-0.036867789924144745,-0.009216947481036186,2.5067408084869385,0.9266852140426636,0.03149285912513733,-0.1921267807483673,-0.07514365017414093,-0.018785912543535233,-1.3602731227874756,-0.4400682747364044,-0.27976080775260925,-0.06994020193815231,0.028136417269706726,0.0070341043174266815,2.3390684127807617,0.8847671151161194,-0.05386107414960861,-0.21346527338027954,-0.045734722167253494,-0.011433680541813374,-0.10649622231721878,-0.026624055579304695,0.08345811069011688,0.02086452767252922,-0.34830188751220703,-0.08707547187805176,-0.21636484563350677,-0.054091211408376694,-0.020352695137262344,0.09491182863712311,-0.30140429735183716,0.02464892715215683,-0.6460899710655212,-0.1615224927663803,0.023470059037208557,-0.1941324919462204,-0.07350456714630127,-0.018376141786575317,0.3629511594772339,0.09073778986930847,-0.2789613902568817,-0.06974034756422043,0.011951539665460587,-0.09701211750507355,-0.2494696080684662,-0.16236740350723267,-0.2773627042770386,-0.06934067606925964,-0.00942559540271759,0.19764360785484314,-0.7578211426734924,-0.1894552856683731,0.5355769991874695,0.13389424979686737
-0.4378942847251892,-0.20947358012199402,0.2672966718673706,0.06682416796684265,-0.036867789924144745,-0.009216947481036186,2.5067408084869385,0.9266852140426636,0.03149285912513733,-0.1921267807483673,-0.07514365017414093,-0.018785912543535233,-1.3602731227874756,-0.4400682747364044,-0.27976080775260925,-0.06994020193815231,0.028136417269706726,0.0070341043174266815,2.3390684127807617,0.8847671151161194,-0.05386107414960861,-0.21346527338027954,-0.045734722167253494,-0.011433680541813374,-0.10649622231721878,-0.026624055579304695,0.08345811069011688,0.02086452767252922,-0.34830188751220703,-0.08707547187805176,-0.21636484563350677,-0.054091211408376694,-0.020352695137262344,0.09491182863712311,-0.30140429735183716,0.02464892715215683,-0.6460899710655212,-0.1615224927663803,0.023470059037208557,-0.1941324919462204,-0.07350456714630127,-0.018376141786575317,0.3629511594772339,0.09073778986930847,-0.2789613902568817,-0.06974034756422043,0.011951539665460587,-0.09701211750507355,-0.2494696080684662,-0.16236740350723267,-0.2773627042770386,-0.06934067606925964,-0.00942559540271759,0.19764360785484314,-0.7578211426734924,-0.1894552856683731,0.5355769991874695,0.13389424979686737
-0.4378942847251892,-0.20947358012199402,0.2672966718673706,0.06682416796684265,-0.036867789924144745,-0.009216947481036186,2.5067408084869385,0.9266852140426636,0.03149285912513733,-0.1921267807483673,-0.07514365017414093,-0.018785912543535233,-1.3602731227874756,-0.4400682747364044,-0.27976080775260925,-0.06994020193815231,0.028136417269706726,0.0070341043174266815,2.3390684127807617,0.8847671151161194,-0.05386107414960861,-0.21346527338027954,-0.045734722167253494,-0.011433680541813374,-0.10649622231721878,-0.026624055579304695,0.08345811069011688,0.02086452767252922,-0.34830188751220703,-0.08707547187805176,-0.21636484563350677,-0.054091211408376694,-0.020352695137262344,0.09491182863712311,-0.30140429735183716,0.02464892715215683,-0.6460899710655212,-0.1615224927663803,0.023470059037208557,-0.1941324919462204,-0.07350456714630127,-0.018376141786575317,0.3629511594772339,0.09073778986930847,-0.2789613902568817,-0.06974034756422043,0.011951539665460587,-0.09701211750507355,-0.2494696080684662,-0.16236740350723267,-0.2773627042770386,-0.06934067606925964,-0.00942559540271759,0.19764360785484314,-0.7578211426734924,-0.1894552856683731,0.5355769991874695,0.13389424979686737
-0.4378942847251892,-0.20947358012199402,0.2672966718673706,0.06682416796684265,-0.036867789924144745,-0.009216947481036186,2.5067408084869385,0.9266852140426636,0.03149285912513733,-0.1921267807483673,-0.07514365017414093,-0.018785912543535233,-1.3602731227874756,-0.4400682747364044,-0.27976080775260925,-0.06994020193815231,0.028136417269706726,0.0070341043174266815,2.3390684127807617,0.8847671151161194,-0.05386107414960861,-0.21346527338027954,-0.045734722167253494,-0.011433680541813374,-0.10649622231721878,-0.026624055579304695,0.08345811069011688,0.02086452767252922,-0.34830188751220703,-0.08707547187805176,-0.21636484563350677,-0.054091211408376694,-0.020352695137262344,0.09491182863712311,-0.30140429735183716,0.02464892715215683,-0.6460899710655212,-0.1615224927663803,0.023470059037208557,-0.1941324919462204,-0.07350456714630127,-0.018376141786575317,0.3629511594772339,0.09073778986930847,-0.2789613902568817,-0.06974034756422043,0.011951539665460587,-0.09701211750507355,-0.2494696080684662,-0.16236740350723267,-0.2773627042770386,-0.06934067606925964,-0.00942559540271759,0.19764360785484314,-0.7578211426734924,-0.1894552856683731,0.5355769991874695,0.13389424979686737
-0.4378942847251892,-0.20947358012199402,0.2672966718673706,0.06682416796684265,-0.036867789924144745,-0.009216947481036186,2.5067408084869385,0.9266852140426636,0.03149285912513733,-0.1921267807483673,-0.07514365017414093,-0.018785912543535233,-1.3602731227874756,-0.4400682747364044,-0.27976080775260925,-0.06994020193815231,0.028136417269706726,0.0070341043174266815,2.3390684127807617,0.8847671151161194,-0.05386107414960861,-0.21346527338027954,-0.045734722167253494,-0.011433680541813374,-0.10649622231721878,-0.026624055579304695,0.08345811069011688,0.02086452767252922,-0.34830188751220703,-0.08707547187805176,-0.21636484563350677,-0.054091211408376694,-0.020352695137262344,0.09491182863712311,-0.30140429735183716,0.02464892715215683,-0.6460899710655212,-0.1615224927663803,0.023470059037208557,-0.1941324919462204,-0.07350456714630127,-0.018376141786575317,0.3629511594772339,0.09073778986930847,-0.2789613902568817,-0.06974034756422043,0.011951539665460587,-0.09701211750507355,-0.2494696080684662,-0.16236740350723267,-0.2773627042770386,-0.06934067606925964,-0.00942559540271759,0.19764360785484314,-0.7578211426734924,-0.1894552856683731,0.5355769991874695,0.13389424979686737
-0.4378942847251892,-0.20947358012199402,0.2672966718673706,0.06682416796684265,-0.036867789924144745,-0.009216947481036186,2.5067408084869385,0.9266852140426636,0.03149285912513733,-0.1921267807483673,-0.07514365017414093,-0.018785912543535233,-1.3602731227874756,-0.4400682747364044,-0.27976080775260925,-0.06994020193815231,0.028136417269706726,0.0070341043174266815,2.3390684127807617,0.8847671151161194,-0.05386107414960861,-0.21346527338027954,-0.045734722167253494,-0.011433680541813374,-0.10649622231721878,-0.026624055579304695,0.08345811069011688,0.02086452767252922,-0.34830188751220703,-0.08707547187805176,-0.21636484563350677,-0.054091211408376694,-0.020352695137262344,0.09491182863712311,-0.30140429735183716,0.02464892715215683,-0.6460899710655212,-0.1615224927663803,0.023470059037208557,-0.1941324919462204,-0.07350456714630127,-0.018376141786575317,0.3629511594772339,0.09073778986930847,-0.2789613902568817,-0.06974034756422043,0.011951539665460587,-0.09701211750507355,-0.2494696080684662,-0.16236740350723267,-0.2773627042770386,-0.06934067606925964,-0.00942559540271759,0.19764360785484314,-0.7578211426734924,-0.1894552856683731,0.5355769991874695,0.13389424979686737
-0.4378942847251892,-0.20947358012199402,0.2672966718673706,0.06682416796684265,-0.036867789924144745,-0.009216947481036186,2.5067408084869385,0.9266852140426636,0.03149285912513733,-0.1921267807483673,-0.07514365017414093,-0.018785912543535233,-1.3602731227874756,-0.4400682747364044,-0.27976080775260925,-0.06994020193815231,0.028136417269706726,0.0070341043174266815,2.3390684127807617,0.8847671151161194,-0.05386107414960861,-0.21346527338027954,-0.045734722167253494,-0.011433680541813374,-0.10649622231721878,-0.026624055579304695,0.08345811069011688,0.02086452767252922,-0.34830188751220703,-0.08707547187805176,-0.21636484563350677,-0.054091211408376694,-0.020352695137262344,0.09491182863712311,-0.30140429735183716,0.02464892715215683,-0.6460899710655212,-0.1615224927663803,0.023470059037208557,-0.1941324919462204,-0.07350456714630127,-0.018376141786575317,0.3629511594772339,0.09073778986930847,-0.2789613902568817,-0.06974034756422043,0.011951539665460587,-0.09701211750507355,-0.2494696080684662,-0.16236740350723267,-0.2773627042770386,-0.06934067606925964,-0.00942559540271759,0.19764360785484314,-0.7578211426734924,-0.1894552856683731,0.5355769991874695,0.13389424979686737
-0.4378942847251892,-0.20947358012199402,0.2672966718673706,0.06682416796684265,-0.036867789924144745,-0.009216947481036186,2.5067408084869385,0.9266852140426636,0.03149285912513733,-0.1921267807483673,-0.07514365017414093,-0.018785912543535233,-1.3602731227874756,-0.4400682747364044,-0.27976080775260925,-0.06994020193815231,0.028136417269706726,0.0070341043174266815,2.3390684127807617,0.8847671151161194,-0.05386107414960861,-0.21346527338027954,-0.045734722167253494,-0.011433680541813374,-0.10649622231721878,-0.026624055579304695,0.08345811069011688,0.02086452767252922,-0.34830188751220703,-0.08707547187805176,-0.21636484563350677,-0.054091211408376694,-0.020352695137262344,0.09491182863712311,-0.30140429735183716,0.02464892715215683,-0.6460899710655212,-0.1615224927663803,0.023470059037208557,-0.1941324919462204,-0.07350456714630127,-0.018376141786575317,0.3629511594772339,0.09073778986930847,-0.2789613902568817,-0.06974034756422043,0.011951539665460587,-0.09701211750507355,-0.2494696080684662,-0.16236740350723267,-0.2773627042770386,-0.06934067606925964,-0.00942559540271759,0.19764360785484314,-0.7578211426734924,-0.1894552856683731,0.5355769991874695,0.13389424979686737
-0.4378942847251892,-0.20947358012199402,0.2672966718673706,0.06682416796684265,-0.036867789924144745,-0.009216947481036186,2.5067408084869385,0.9266852140426636,0.03149285912513733,-0.1921267807483673,-0.07514365017414093,-0.018785912543535233,-1.3602731227874756,-0.4400682747364044,-0.27976080775260925,-0.06994020193815231,0.028136417269706726,0.0070341043174266815,2.3390684127807617,0.8847671151161194,-0.05386107414960861,-0.21346527338027954,-0.045734722167253494,-0.011433680541813374,-0.10649622231721878,-0.026624055579304695,0.08345811069011688,0.02086452767252922,-0.34830188751220703,-0.08707547187805176,-0.21636484563350677,-0.054091211408376694,-0.020352695137262344,0.09491182863712311,-0.30140429735183716,0.02464892715215683,-0.6460899710655212,-0.1615224927663803,0.023470059037208557,-0.1941324919462204,-0.07350456714630127,-0.018376141786575317,0.3629511594772339,0.09073778986930847,-0.2789613902568817,-0.06974034756422043,0.011951539665460587,-0.09701211750507355,-0.2494696080684662,-0.16236740350723267,-0.2773627042770386,-0.06934067606925964,-0.00942559540271759,0.19764360785484314,-0.7578211426734924,-0.1894552856683731,0.5355769991874695,0.13389424979686737
-0.4378942847251892,-0.20947358012199402,0.2672966718673706,0.06682416796684265,-0.036867789924144745,-0.009216947481036186,2.5067408084869385,0.9266852140426636,0.03149285912513733,-0.1921267807483673,-0.07514365017414093,-0.018785912543535233,-1.3602731227874756,-0.4400682747364044,-0.27976080775260925,-0.06994020193815231,0.028136417269706726,0.0070341043174266815,2.3390684127807617,0.8847671151161194,-0.05386107414960861,-0.21346527338027954,-0.045734722167253494,-0.011433680541813374,-0.10649622231721878,-0.026624055579304695,0.08345811069011688,0.02086452767252922,-0.34830188751220703,-0.08707547187805176,-0.21636484563350677,-0.054091211408376694,-0.020352695137262344,0.09491182863712311,-0.30140429735183716,0.02464892715215683,-0.6460899710655212,-0.1615224927663803,0.023470059037208557,-0.1941324919462204,-0.07350456714630127,-0.018376141786575317,0.3629511594772339,0.09073778986930847,-0.2789613902568817,-0.06974034756422043,0.011951539665460587,-0.09701211750507355,-0.2494696080684662,-0.16236740350723267,-0.2773627042770386,-0.06934067606925964,-0.00942559540271759,0.19764360785484314,-0.7578211426734924,-0.1894552856683731,0.5355769991874695,0.13389424979686737
-0.4378942847251892,-0.20947358012199402,0.2672966718673706,0.06682416796684265,-0.036867789924144745,-0.009216947481036186,2.5067408084869385,0.9266852140426636,0.03149285912513733,-0.1921267807483673,-0.07514365017414093,-0.018785912543535233,-1.3602731227874756,-0.4400682747364044,-0.27976080775260925,-0.06994020193815231,0.028136417269706726,0.0070341043174266815,2.3390684127807617,0.8847671151161194,-0.05386107414960861,-0.21346527338027954,-0.045734722167253494,-0.011433680541813374,-0.10649622231721878,-0.026624055579304695,0.08345811069011688,0.02086452767252922,-0.34830188751220703,-0.08707547187805176,-0.21636484563350677,-0.054091211408376694,-0.020352695137262344,0.09491182863712311,-0.30140429735183716,0.02464892715215683,-0.6460899710655212,-0.1615224927663803,0.023470059037208557,-0.1941324919462204,-0.07350456714630127,-0.018376141786575317,0.3629511594772339,0.09073778986930847,-0.2789613902568817,-0.06974034756422043,0.011951539665460587,-0.09701211750507355,-0.2494696080684662,-0.16236740350723267,-0.2773627042770386,-0.06934067606925964,-0.00942559540271759,0.19764360785484314,-0.7578211426734924,-0.1894552856683731,0.5355769991874695,0.13389424979686737
-0.4378942847251892,-0.20947358012199402,0.2672966718673706,0.06682416796684265,-0.036867789924144745,-0.009216947481036186,2.5067408084869385,0.9266852140426636,0.03149285912513733,-0.1921267807483673,-0.07514365017414093,-0.018785912543535233,-1.3602731227874756,-0.4400682747364044,-0.27976080775260925,-0.06994020193815231,0.028136417269706726,0.0070341043174266815,2.3390684127807617,0.8847671151161194,-0.05386107414960861,-0.21346527338027954,-0.045734722167253494,-0.011433680541813374,-0.10649622231721878,-0.026624055579304695,0.08345811069011688,0.02086452767252922,-0.34830188751220703,-0.08707547187805176,-0.21636484563350677,-0.054091211408376694,-0.020352695137262344,0.09491182863712311,-0.30140429735183716,0.02464892715215683,-0.6460899710655212,-0.1615224927663803,0.023470059037208557,-0.1941324919462204,-0.07350456714630127,-0.018376141786575317,0.3629511594772339,0.09073778986930847,-0.2789613902568817,-0.06974034756422043,0.011951539665460587,-0.09701211750507355,-0.2494696080684662,-0.16236740350723267,-0.2773627042770386,-0.06934067606925964,-0.00942559540271759,0.19764360785484314,-0.7578211426734924,-0.1894552856683731,0.5355769991874695,0.13389424979686737
-0.4378942847251892,-0.20947358012199402,0.2672966718673706,0.06682416796684265,-0.036867789924144745,-0.009216947481036186,2.5067408084869385,0.9266852140426636,0.03149285912513733,-0.1921267807483673,-0.07514365017414093,-0.018785912543535233,-1.3602731227874756,-0.4400682747364044,-0.27976080775260925,-0.06994020193815231,0.028136417269706726,0.0070341043174266815,2.3390684127807617,0.8847671151161194,-0.05386107414960861,-0.21346527338027954,-0.045734722167253494,-0.011433680541813374,-0.10649622231721878,-0.026624055579304695,0.08345811069011688,0.02086452767252922,-0.34830188751220703,-0.08707547187805176,-0.21636484563350677,-0.054091211408376694,-0.020352695137262344,0.09491182863712311,-0.30140429735183716,0.02464892715215683,-0.6460899710655212,-0.1615224927663803,0.023470059037208557,-0.1941324919462204,-0.07350456714630127,-0.018376141786575317,0.3629511594772339,0.09073778986930847,-0.2789613902568817,-0.06974034756422043,0.011951539665460587,-0.09701211750507355,-0.2494696080684662,-0.16236740350723267,-0.2773627042770386,-0.06934067606925964,-0.00942559540271759,0.19764360785484314,-0.7578211426734924,-0.1894552856683731,0.5355769991874695,0.13389424979686737
-0.4378942847251892,-0.20947358012199402,0.2672966718673706,0.06682416796684265,-0.036867789924144745,-0.009216947481036186,2.5067408084869385,0.9266852140426636,0.03149285912513733,-0.1921267807483673,-0.07514365017414093,-0.018785912543535233,-1.3602731227874756,-0.4400682747364044,-0.27976080775260925,-0.06994020193815231,0.028136417269706726,0.0070341043174266815,2.3390684127807617,0.8847671151161194,-0.05386107414960861,-0.21346527338027954,-0.045734722167253494,-0.011433680541813374,-0.10649622231721878,-0.026624055579304695,0.08345811069011688,0.02086452767252922,-0.34830188751220703,-0.08707547187805176,-0.21636484563350677,-0.054091211408376694,-0.020352695137262344,0.09491182863712311,-0.30140429735183716,0.02464892715215683,-0.6460899710655212,-0.1615224927663803,0.023470059037208557,-0.1941324919462204,-0.07350456714630127,-0.018376141786575317,0.3629511594772339,0.09073778986930847,-0.2789613902568817,-0.06974034756422043,0.011951539665460587,-0.09701211750507355,-0.2494696080684662,-0.16236740350723267,-0.2773627042770386,-0.06934067606925964,-0.00942559540271759,0.19764360785484314,-0.7578211426734924,-0.1894552856683731,0.5355769991874695,0.13389424979686737
-0.4378942847251892,-0.20947358012199402,0.2672966718673706,0.06682416796684265,-0.036867789924144745,-0.009216947481036186,2.5067408084869385,0.9266852140426636,0.03149285912513733,-0.1921267807483673,-0.07514365017414093,-0.018785912543535233,-1.3602731227874756,-0.4400682747364044,-0.27976080775260925,-0.06994020193815231,0.028136417269706726,0.0070341043174266815,2.3390684127807617,0.8847671151161194,-0.05386107414960861,-0.21346527338027954,-0.045734722167253494,-0.011433680541813374,-0.10649622231721878,-0.026624055579304695,0.08345811069011688,0.02086452767252922,-0.34830188751220703,-0.08707547187805176,-0.21636484563350677,-0.054091211408376694,-0.020352695137262344,0.09491182863712311,-0.30140429735183716,0.02464892715215683,-0.6460899710655212,-0.1615224927663803,0.023470059037208557,-0.1941324919462204,-0.07350456714630127,-0.018376141786575317,0.3629511594772339,0.09073778986930847,-0.2789613902568817,-0.06974034756422043,0.011951539665460587,-0.09701211750507355,-0.2494696080684662,-0.16236740350723267,-0.2773627042770386,-0.06934067606925964,-0.00942559540271759,0.19764360785484314,-0.7578211426734924,-0.1894552856683731,0.5355769991874695,0.13389424979686737
-0.7634247541427612,-0.29085618257522583,0.25365927815437317,0.06341481953859329,0.03668861836194992,0.00917215459048748,2.4857144355773926,0.9214286208152771,-0.0913669690489769,-0.22284173965454102,-0.09450364112854004,-0.02362591028213501,-0.9885292053222656,-0.34713229537010193,-0.38177481293678284,-0.09544370323419571,0.02439306676387787,0.006098266690969467,2.3817591667175293,0.8954398036003113,0.7409229278564453,-0.01476927101612091,-0.02121104672551155,-0.005302761681377888,0.013141535222530365,0.0032853838056325912,-0.0022388994693756104,-0.0005597248673439026,-0.3458007276058197,-0.08645018190145493,-0.4173099398612976,-0.1043274849653244,0.20121239125728607,0.15030309557914734,0.4034152030944824,0.20085379481315613,0.02653411775827408,0.00663352943956852,-0.030415918678045273,-0.20760397613048553,-0.4343086779117584,-0.1085771694779396,-0.3845508396625519,-0.09613770991563797,-0.29164832830429077,-0.07291208207607269,-0.38285693526268005,-0.19571423530578613,0.10440577566623688,-0.0738985538482666,-0.387231707572937,-0.09680792689323425,-0.038521260023117065,0.19036969542503357,-0.7077867984771729,-0.1769466996192932,-0.4876039922237396,-0.1219009980559349
-0.7634247541427612,-0.29085618257522583,0.25365927815437317,0.06341481953859329,0.03668861836194992,0.00917215459048748,2.4857144355773926,0.9214286208152771,-0.0913669690489769,-0.22284173965454102,-0.09450364112854004,-0.02362591028213501,-0.9885292053222656,-0.34713229537010193,-0.38177481293678284,-0.09544370323419571,0.02439306676387787,0.006098266690969467,2.3817591667175293,0.8954398036003113,0.7409229278564453,-0.01476927101612091,-0.02121104672551155,-0.005302761681377888,0.013141535222530365,0.0032853838056325912,-0.0022388994693756104,-0.0005597248673439026,-0.3458007276058197,-0.08645018190145493,-0.4173099398612976,-0.1043274849653244,0.20121239125728607,0.15030309557914734,0.4034152030944824,0.20085379481315613,0.02653411775827408,0.00663352943956852,-0.030415918678045273,-0.20760397613048553,-0.4343086779117584,-0.1085771694779396,-0.3845508396625519,-0.09613770991563797,-0.29164832830429077,-0.07291208207607269,-0.38285693526268005,-0.19571423530578613,0.10440577566623688,-0.0738985538482666,-0.387231707572937,-0.09680792689323425,-0.038521260023117065,0.19036969542503357,-0.7077867984771729,-0.1769466996192932,-0.4876039922237396,-0.1219009980559349
-0.7634247541427612,-0.29085618257522583,0.25365927815437317,0.06341481953859329,0.03668861836194992,0.00917215459048748,2.4857144355773926,0.9214286208152771,-0.0913669690489769,-0.22284173965454102,-0.09450364112854004,-0.02362591028213501,-0.9885292053222656,-0.34713229537010193,-0.38177481293678284,-0.09544370323419571,0.02439306676387787,0.006098266690969467,2.3817591667175293,0.8954398036003113,0.7409229278564453,-0.01476927101612091,-0.02121104672551155,-0.005302761681377888,0.013141535222530365,0.0032853838056325912,-0.0022388994693756104,-0.0005597248673439026,-0.3458007276058197,-0.08645018190145493,-0.4173099398612976,-0.1043274849653244,0.20121239125728607,0.15030309557914734,0.4034152030944824,0.20085379481315613,0.02653411775827408,0.00663352943956852,-0.030415918678045273,-0.20760397613048553,-0.4343086779117584,-0.1085771694779396,-0.3845508396625519,-0.09613770991563797,-0.29164832830429077,-0.07291208207607269,-0.38285693526268005,-0.19571423530578613,0.10440577566623688,-0.0738985538482666,-0.387231707572937,-0.09680792689323425,-0.038521260023117065,0.19036969542503357,-0.7077867984771729,-0.1769466996192932,-0.4876039922237396,-0.1219009980559349
-0.7634247541427612,-0.29085618257522583,0.25365927815437317,0.06341481953859329,0.03668861836194992,0.00917215459048748,2.4857144355773926,0.9214286208152771,-0.0913669690489769,-0.22284173965454102,-0.09450364112854004,-0.02362591028213501,-0.9885292053222656,-0.34713229537010193,-0.38177481293678284,-0.09544370323419571,0.02439306676387787,0.006098266690969467,2.3817591667175293,0.8954398036003113,0.7409229278564453,-0.01476927101612091,-0.02121104672551155,-0.005302761681377888,0.013141535222530365,0.0032853838056325912,-0.0022388994693756104,-0.0005597248673439026,-0.3458007276058197,-0.08645018190145493,-0.4173099398612976,-0.1043274849653244,0.20121239125728607,0.15030309557914734,0.4034152030944824,0.20085379481315613,0.02653411775827408,0.00663352943956852,-0.030415918678045273,-0.20760397613048553,-0.4343086779117584,-0.1085771694779396,-0.3845508396625519,-0.09613770991563797,-0.29164832830429077,-0.07291208207607269,-0.38285693526268005,-0.19571423530578613,0.10440577566623688,-0.0738985538482666,-0.387231707572937,-0.09680792689323425,-0.038521260023117065,0.19036969542503357,-0.7077867984771729,-0.1769466996192932,-0.4876039922237396,-0.1219009980559349
-0.7634247541427612,-0.29085618257522583,0.25365927815437317,0.06341481953859329,0.03668861836194992,0.00917215459048748,2.4857144355773926,0.9214286208152771,-0.0913669690489769,-0.22284173965454102,-0.09450364112854004,-0.02362591028213501,-0.9885292053222656,-0.34713229537010193,-0.38177481293678284,-0.09544370323419571,0.02439306676387787,0.006098266690969467,2.3817591667175293,0.8954398036003113,0.7409229278564453,-0.01476927101612091,-0.02121104672551155,-0.005302761681377888,0.013141535222530365,0.0032853838056325912,-0.0022388994693756104,-0.0005597248673439026,-0.3458007276058197,-0.08645018190145493,-0.4173099398612976,-0.1043274849653244,0.20121239125728607,0.15030309557914734,0.4034152030944824,0.20085379481315613,0.02653411775827408,0.00663352943956852,-0.030415918678045273,-0.20760397613048553,-0.4343086779117584,-0.1085771694779396,-0.3845508396625519,-0.09613770991563797,-0.29164832830429077,-0.07291208207607269,-0.38285693526268005,-0.19571423530578613,0.10440577566623688,-0.0738985538482666,-0.387231707572937,-0.09680792689323425,-0.038521260023117065,0.19036969542503357,-0.7077867984771729,-0.1769466996192932,-0.4876039922237396,-0.1219009980559349
-0.7634247541427612,-0.29085618257522583,0.25365927815437317,0.06341481953859329,0.03668861836194992,0.00917215459048748,2.4857144355773926,0.9214286208152771,-0.0913669690489769,-0.22284173965454102,-0.09450364112854004,-0.02362591028213501,-0.9885292053222656,-0.34713229537010193,-0.38177481293678284,-0.09544370323419571,0.02439306676387787,0.006098266690969467,2.3817591667175293,0.8954398036003113,0.7409229278564453,-0.01476927101612091,-0.02121104672551155,-0.005302761681377888,0.013141535222530365,0.0032853838056325912,-0.0022388994693756104,-0.0005597248673439026,-0.3458007276058197,-0.08645018190145493,-0.4173099398612976,-0.1043274849653244,0.20121239125728607,0.15030309557914734,0.4034152030944824,0.20085379481315613,0.02653411775827408,0.00663352943956852,-0.030415918678045273,-0.20760397613048553,-0.4343086779117584,-0.1085771694779396,-0.3845508396625519,-0.09613770991563797,-0.29164832830429077,-0.07291208207607269,-0.38285693526268005,-0.19571423530578613,0.10440577566623688,-0.0738985538482666,-0.387231707572937,-0.09680792689323425,-0.038521260023117065,0.19036969542503357,-0.7077867984771729,-0.1769466996192932,-0.4876039922237396,-0.1219009980559349
-0.7634247541427612,-0.29085618257522583,0.25365927815437317,0.06341481953859329,0.03668861836194992,0.00917215459048748,2.4857144355773926,0.9214286208152771,-0.0913669690489769,-0.22284173965454102,-0.09450364112854004,-0.02362591028213501,-0.9885292053222656,-0.34713229537010193,-0.38177481293678284,-0.09544370323419571,0.02439306676387787,0.006098266690969467,2.3817591667175293,0.8954398036003113,0.7409229278564453,-0.01476927101612091,-0.02121104672551155,-0.005302761681377888,0.013141535222530365,0.0032853838056325912,-0.0022388994693756104,-0.0005597248673439026,-0.3458007276058197,-0.08645018190145493,-0.4173099398612976,-0.1043274849653244,0.20121239125728607,0.15030309557914734,0.4034152030944824,0.20085379481315613,0.02653411775827408,0.00663352943956852,-0.030415918678045273,-0.20760397613048553,-0.4343086779117584,-0.1085771694779396,-0.3845508396625519,-0.09613770991563797,-0.29164832830429077,-0.07291208207607269,-0.38285693526268005,-0.19571423530578613,0.10440577566623688,-0.0738985538482666,-0.387231707572937,-0.09680792689323425,-0.038521260023117065,0.19036969542503357,-0.7077867984771729,-0.1769466996192932,-0.4876039922237396,-0.1219009980559349
-0.7634247541427612,-0.29085618257522583,0.25365927815437317,0.06341481953859329,0.03668861836194992,0.00917215459048748,2.4857144355773926,0.9214286208152771,-0.0913669690489769,-0.22284173965454102,-0.09450364112854004,-0.02362591028213501,-0.9885292053222656,-0.34713229537010193,-0.38177481293678284,-0.09544370323419571,0.02439306676387787,0.006098266690969467,2.3817591667175293,0.8954398036003113,0.7409229278564453,-0.01476927101612091,-0.02121104672551155,-0.005302761681377888,0.013141535222530365,0.0032853838056325912,-0.0022388994693756104,-0.0005597248673439026,-0.3458007276058197,-0.08645018190145493,-0.4173099398612976,-0.1043274849653244,0.20121239125728607,0.15030309557914734,0.4034152030944824,0.20085379481315613,0.02653411775827408,0.00663352943956852,-0.030415918678045273,-0.20760397613048553,-0.4343086779117584,-0.1085771694779396,-0.3845508396625519,-0.09613770991563797,-0.29164832830429077,-0.07291208207607269,-0.38285693526268005,-0.19571423530578613,0.10440577566623688,-0.0738985538482666,-0.387231707572937,-0.09680792689323425,-0.038521260023117065,0.19036969542503357,-0.7077867984771729,-0.1769466996192932,-0.4876039922237396,-0.1219009980559349
-0.7634247541427612,-0.29085618257522583,0.25365927815437317,0.06341481953859329,0.03668861836194992,0.00917215459048748,2.4857144355773926,0.9214286208152771,-0.0913669690489769,-0.22284173965454102,-0.09450364112854004,-0.02362591028213501,-0.9885292053222656,-0.34713229537010193,-0.38177481293678284,-0.09544370323419571,0.02439306676387787,0.006098266690969467,2.3817591667175293,0.8954398036003113,0.7409229278564453,-0.01476927101612091,-0.02121104672551155,-0.005302761681377888,0.013141535222530365,0.0032853838056325912,-0.0022388994693756104,-0.0005597248673439026,-0.3458007276058197,-0.08645018190145493,-0.4173099398612976,-0.1043274849653244,0.20121239125728607,0.15030309557914734,0.4034152030944824,0.20085379481315613,0.02653411775827408,0.00663352943956852,-0.030415918678045273,-0.20760397613048553,-0.4343086779117584,-0.1085771694779396,-0.3845508396625519,-0.09613770991563797,-0.29164832830429077,-0.07291208207607269,-0.38285693526268005,-0.19571423530578613,0.10440577566623688,-0.0738985538482666,-0.387231707572937,-0.09680792689323425,-0.038521260023117065,0.19036969542503357,-0.7077867984771729,-0.1769466996192932,-0.4876039922237396,-0.1219009980559349
-0.7634247541427612,-0.29085618257522583,0.25365927815437317,0.06341481953859329,0.03668861836194992,0.00917215459048748,2.4857144355773926,0.9214286208152771,-0.0913669690489769,-0.22284173965454102,-0.09450364112854004,-0.02362591028213501,-0.9885292053222656,-0.34713229537010193,-0.38177481293678284,-0.09544370323419571,0.02439306676387787,0.006098266690969467,2.3817591667175293,0.8954398036003113,0.7409229278564453,-0.01476927101612091,-0.02121104672551155,-0.005302761681377888,0.013141535222530365,0.0032853838056325912,-0.0022388994693756104,-0.0005597248673439026,-0.3458007276058197,-0.08645018190145493,-0.4173099398612976,-0.1043274849653244,0.20121239125728607,0.15030309557914734,0.4034152030944824,0.20085379481315613,0.02653411775827408,0.00663352943956852,-0.030415918678045273,-0.20760397613048553,-0.4343086779117584,-0.1085771694779396,-0.3845508396625519,-0.09613770991563797,-0.29164832830429077,-0.07291208207607269,-0.38285693526268005,-0.19571423530578613,0.10440577566623688,-0.0738985538482666,-0.387231707572937,-0.09680792689323425,-0.038521260023117065,0.19036969542503357,-0.7077867984771729,-0.1769466996192932,-0.4876039922237396,-0.1219009980559349
-0.7634247541427612,-0.29085618257522583,0.25365927815437317,0.06341481953859329,0.03668861836194992,0.00917215459048748,2.4857144355773926,0.9214286208152771,-0.0913669690489769,-0.22284173965454102,-0.09450364112854004,-0.02362591028213501,-0.9885292053222656,-0.34713229537010193,-0.38177481293678284,-0.09544370323419571,0.02439306676387787,0.006098266690969467,2.3817591667175293,0.8954398036003113,0.7409229278564453,-0.01476927101612091,-0.02121104672551155,-0.005302761681377888,0.013141535222530365,0.0032853838056325912,-0.0022388994693756104,-0.0005597248673439026,-0.3458007276058197,-0.08645018190145493,-0.4173099398612976,-0.1043274849653244,0.20121239125728607,0.15030309557914734,0.4034152030944824,0.20085379481315613,0.02653411775827408,0.00663352943956852,-0.030415918678045273,-0.20760397613048553,-0.4343086779117584,-0.1085771694779396,-0.3845508396625519,-0.09613770991563797,-0.29164832830429077,-0.07291208207607269,-0.38285693526268005,-0.19571423530578613,0.10440577566623688,-0.0738985538482666,-0.387231707572937,-0.09680792689323425,-0.038521260023117065,0.19036969542503357,-0.7077867984771729,-0.1769466996192932,-0.4876039922237396,-0.1219009980559349
-0.7634247541427612,-0.29085618257522583,0.25365927815437317,0.06341481953859329,0.03668861836194992,0.00917215459048748,2.4857144355773926,0.9214286208152771,-0.0913669690489769,-0.22284173965454102,-0.09450364112854004,-0.02362591028213501,-0.9885292053222656,-0.34713229537010193,-0.38177481293678284,-0.09544370323419571,0.02439306676387787,0.006098266690969467,2.3817591667175293,0.8954398036003113,0.7409229278564453,-0.01476927101612091,-0.02121104672551155,-0.005302761681377888,0.013141535222530365,0.0032853838056325912,-0.0022388994693756104,-0.0005597248673439026,-0.3458007276058197,-0.08645018190145493,-0.4173099398612976,-0.1043274849653244,0.20121239125728607,0.15030309557914734,0.4034152030944824,0.20085379481315613,0.02653411775827408,0.00663352943956852,-0.030415918678045273,-0.20760397613048553,-0.4343086779117584,-0.1085771694779396,-0.3845508396625519,-0.09613770991563797,-0.29164832830429077,-0.07291208207607269,-0.38285693526268005,-0.19571423530578613,0.10440577566623688,-0.0738985538482666,-0.387231707572937,-0.09680792689323425,-0.038521260023117065,0.19036969542503357,-0.7077867984771729,-0.1769466996192932,-0.4876039922237396,-0.1219009980559349
-0.7634247541427612,-0.29085618257522583,0.25365927815437317,0.06341481953859329,0.03668861836194992,0.00917215459048748,2.4857144355773926,0.9214286208152771,-0.0913669690489769,-0.22284173965454102,-0.09450364112854004,-0.02362591028213501,-0.9885292053222656,-0.34713229537010193,-0.38177481293678284,-0.09544370323419571,0.02439306676387787,0.006098266690969467,2.3817591667175293,0.8954398036003113,0.7409229278564453,-0.01476927101612091,-0.02121104672551155,-0.005302761681377888,0.013141535222530365,0.0032853838056325912,-0.0022388994693756104,-0.0005597248673439026,-0.3458007276058197,-0.08645018190145493,-0.4173099398612976,-0.1043274849653244,0.20121239125728607,0.15030309557914734,0.4034152030944824,0.20085379481315613,0.02653411775827408,0.00663352943956852,-0.030415918678045273,-0.20760397613048553,-0.4343086779117584,-0.1085771694779396,-0.3845508396625519,-0.09613770991563797,-0.29164832830429077,-0.07291208207607269,-0.38285693526268005,-0.19571423530578613,0.10440577566623688,-0.0738985538482666,-0.387231707572937,-0.09680792689323425,-0.038521260023117065,0.19036969542503357,-0.7077867984771729,-0.1769466996192932,-0.4876039922237396,-0.1219009980559349
-0.7634247541427612,-0.29085618257522583,0.25365927815437317,0.06341481953859329,0.03668861836194992,0.00917215459048748,2.4857144355773926,0.9214286208152771,-0.0913669690489769,-0.22284173965454102,-0.09450364112854004,-0.02362591028213501,-0.9885292053222656,-0.34713229537010193,-0.38177481293678284,-0.09544370323419571,0.02439306676387787,0.006098266690969467,2.3817591667175293,0.8954398036003113,0.7409229278564453,-0.01476927101612091,-0.02121104672551155,-0.005302761681377888,0.013141535222530365,0.0032853838056325912,-0.0022388994693756104,-0.0005597248673439026,-0.3458007276058197,-0.08645018190145493,-0.4173099398612976,-0.1043274849653244,0.20121239125728607,0.15030309557914734,0.4034152030944824,0.20085379481315613,0.02653411775827408,0.00663352943956852,-0.030415918678045273,-0.20760397613048553,-0.4343086779117584,-0.1085771694779396,-0.3845508396625519,-0.09613770991563797,-0.29164832830429077,-0.07291208207607269,-0.38285693526268005,-0.19571423530578613,0.10440577566623688,-0.0738985538482666,-0.387231707572937,-0.09680792689323425,-0.038521260023117065,0.19036969542503357,-0.7077867984771729,-0.1769466996192932,-0.4876039922237396,-0.1219009980559349
-0.7634247541427612,-0.29085618257522583,0.25365927815437317,0.06341481953859329,0.03668861836194992,0.00917215459048748,2.4857144355773926,0.9214286208152771,-0.0913669690489769,-0.22284173965454102,-0.09450364112854004,-0.02362591028213501,-0.9885292053222656,-0.34713229537010193,-0.38177481293678284,-0.09544370323419571,0.02439306676387787,0.006098266690969467,2.3817591667175293,0.8954398036003113,0.7409229278564453,-0.01476927101612091,-0.02121104672551155,-0.005302761681377888,0.013141535222530365,0.0032853838056325912,-0.0022388994693756104,-0.0005597248673439026,-0.3458007276058197,-0.08645018190145493,-0.4173099398612976,-0.1043274849653244,0.20121239125728607,0.15030309557914734,0.4034152030944824,0.20085379481315613,0.02653411775827408,0.00663352943956852,-0.030415918678045273,-0.20760397613048553,-0.4343086779117584,-0.1085771694779396,-0.3845508396625519,-0.09613770991563797,-0.29164832830429077,-0.07291208207607269,-0.38285693526268005,-0.19571423530578613,0.10440577566623688,-0.0738985538482666,-0.387231707572937,-0.09680792689323425,-0.038521260023117065,0.19036969542503357,-0.7077867984771729,-0.1769466996192932,-0.4876039922237396,-0.1219009980559349
-0.7634247541427612,-0.29085618257522583,0.25365927815437317,0.06341481953859329,0.03668861836194992,0.00917215459048748,2.4857144355773926,0.9214286208152771,-0.0913669690489769,-0.22284173965454102,-0.09450364112854004,-0.02362591028213501,-0.9885292053222656,-0.34713229537010193,-0.38177481293678284,-0.09544370323419571,0.02439306676387787,0.006098266690969467,2.3817591667175293,0.8954398036003113,0.7409229278564453,-0.01476927101612091,-0.02121104672551155,-0.005302761681377888,0.013141535222530365,0.0032853838056325912,-0.0022388994693756104,-0.0005597248673439026,-0.3458007276058197,-0.08645018190145493,-0.4173099398612976,-0.1043274849653244,0.20121239125728607,0.15030309557914734,0.4034152030944824,0.20085379481315613,0.02653411775827408,0.00663352943956852,-0.030415918678045273,-0.20760397613048553,-0.4343086779117584,-0.1085771694779396,-0.3845508396625519,-0.09613770991563797,-0.29164832830429077,-0.07291208207607269,-0.38285693526268005,-0.19571423530578613,0.10440577566623688,-0.0738985538482666,-0.387231707572937,-0.09680792689323425,-0.038521260023117065,0.19036969542503357,-0.7077867984771729,-0.1769466996192932,-0.4876039922237396,-0.1219009980559349
-0.7634247541427612,-0.29085618257522583,0.25365927815437317,0.06341481953859329,0.03668861836194992,0.00917215459048748,2.4857144355773926,0.9214286208152771,-0.0913669690489769,-0.22284173965454102,-0.09450364112854004,-0.02362591028213501,-0.9885292053222656,-0.34713229537010193,-0.38177481293678284,-0.09544370323419571,0.02439306676387787,0.006098266690969467,2.3817591667175293,0.8954398036003113,0.7409229278564453,-0.01476927101612091,-0.02121104672551155,-0.005302761681377888,0.013141535222530365,0.0032853838056325912,-0.0022388994693756104,-0.0005597248673439026,-0.3458007276058197,-0.08645018190145493,-0.4173099398612976,-0.1043274849653244,0.20121239125728607,0.15030309557914734,0.4034152030944824,0.20085379481315613,0.02653411775827408,0.00663352943956852,-0.030415918678045273,-0.20760397613048553,-0.4343086779117584,-0.1085771694779396,-0.3845508396625519,-0.09613770991563797,-0.29164832830429077,-0.07291208207607269,-0.38285693526268005,-0.19571423530578613,0.10440577566623688,-0.0738985538482666,-0.387231707572937,-0.09680792689323425,-0.038521260023117065,0.19036969542503357,-0.7077867984771729,-0.1769466996192932,-0.4876039922237396,-0.1219009980559349
-0.7576162815093994,-0.2894040644168854,0.08629758656024933,0.021574396640062332,0.11143060773611069,0.027857651934027672,2.414834499359131,0.9037086367607117,-0.49567967653274536,-0.3239199221134186,0.11630904674530029,0.029077261686325073,-1.109939694404602,-0.37748491764068604,-0.2516734004020691,-0.06291835010051727,0.0790380984544754,0.01975952461361885,2.446610450744629,0.9116526246070862,1.2983614206314087,0.12459035217761993,-0.3434847593307495,-0.08587118983268738,-0.08953242003917694,-0.022383105009794235,-0.009891167283058167,-0.0024727918207645416,-0.49040570855140686,-0.12260142713785172,-0.3225100636482239,-0.08062751591205597,0.003306667786091566,0.10082666575908661,-0.4783216118812561,-0.019580401480197906,-0.7981753945350647,-0.19954384863376617,0.09988436847925186,-0.17502890527248383,-0.10915504395961761,-0.027288760989904404,0.3210691511631012,0.0802672877907753,-0.47575315833091736,-0.11893828958272934,0.11328570544719696,-0.07167857885360718,-0.20619900524616241,-0.15154975652694702,-0.24723878502845764,-0.06180969625711441,-0.0015799552202224731,0.19960501790046692,-0.7850830554962158,-0.19627076387405396,0.5473706722259521,0.13684266805648804
-0.7576162815093994,-0.2894040644168854,0.08629758656024933,0.021574396640062332,0.11143060773611069,0.027857651934027672,2.414834499359131,0.9037086367607117,-0.49567967653274536,-0.3239199221134186,0.11630904674530029,0.029077261686325073,-1.109939694404602,-0.37748491764068604,-0.2516734004020691,-0.06291835010051727,0.0790380984544754,0.01975952461361885,2.446610450744629,0.9116526246070862,1.2983614206314087,0.12459035217761993,-0.3434847593307495,-0.08587118983268738,-0.08953242003917694,-0.022383105009794235,-0.009891167283058167,-0.0024727918207645416,-0.49040570855140686,-0.12260142713785172,-0.3225100636482239,-0.08062751591205597,0.003306667786091566,0.10082666575908661,-0.4783216118812561,-0.019580401480197906,-0.7981753945350647,-0.19954384863376617,0.09988436847925186,-0.17502890527248383,-0.10915504395961761,-0.027288760989904404,0.3210691511631012,0.0802672877907753,-0.47575315833091736,-0.11893828958272934,0.11328570544719696,-0.07167857885360718,-0.20619900524616241,-0.15154975652694702,-0.24723878502845764,-0.06180969625711441,-0.0015799552202224731,0.19960501790046692,-0.7850830554962158,-0.19627076387405396,0.5473706722259521,0.13684266805648804
-0.7576162815093994,-0.2894040644168854,0.08629758656024933,0.021574396640062332,0.11143060773611069,0.027857651934027672,2.414834499359131,0.9037086367607117,-0.49567967653274536,-0.3239199221134186,0.11630904674530029,0.029077261686325073,-1.109939694404602,-0.37748491764068604,-0.2516734004020691,-0.06291835010051727,0.0790380984544754,0.01975952461361885,2.446610450744629,0.9116526246070862,1.2983614206314087,0.12459035217761993,-0.3434847593307495,-0.08587118983268738,-0.08953242003917694,-0.022383105009794235,-0.009891167283058167,-0.0024727918207645416,-0.49040570855140686,-0.12260142713785172,-0.3225100636482239,-0.08062751591205597,0.003306667786091566,0.10082666575908661,-0.4783216118812561,-0.019580401480197906,-0.7981753945350647,-0.19954384863376617,0.09988436847925186,-0.17502890527248383,-0.10915504395961761,-0.027288760989904404,0.3210691511631012,0.0802672877907753,-0.47575315833091736,-0.11893828958272934,0.11328570544719696,-0.07167857885360718,-0.20619900524616241,-0.15154975652694702,-0.24723878502845764,-0.06180969625711441,-0.0015799552202224731,0.19960501790046692,-0.7850830554962158,-0.19627076387405396,0.5473706722259521,0.13684266805648804
-0.7576162815093994,-0.2894040644168854,0.08629758656024933,0.021574396640062332,0.11143060773611069,0.027857651934027672,2.414834499359131,0.9037086367607117,-0.49567967653274536,-0.3239199221134186,0.11630904674530029,0.029077261686325073,-1.109939694404602,-0.37748491764068604,-0.2516734004020691,-0.06291835010051727,0.0790380984544754,0.01975952461361885,2.446610450744629,0.9116526246070862,1.2983614206314087,0.12459035217761993,-0.3434847593307495,-0.08587118983268738,-0.08953242003917694,-0.022383105009794235,-0.009891167283058167,-0.0024727918207645416,-0.49040570855140686,-0.12260142713785172,-0.3225100636482239,-0.08062751591205597,0.003306667786091566,0.10082666575908661,-0.4783216118812561,-0.019580401480197906,-0.7981753945350647,-0.19954384863376617,0.09988436847925186,-0.17502890527248383,-0.10915504395961761,-0.027288760989904404,0.3210691511631012,0.0802672877907753,-0.47575315833091736,-0.11893828958272934,0.11328570544719696,-0.07167857885360718,-0.20619900524616241,-0.15154975652694702,-0.24723878502845764,-0.06180969625711441,-0.0015799552202224731,0.19960501790046692,-0.7850830554962158,-0.19627076387405396,0.5473706722259521,0.13684266805648804
-0.7576162815093994,-0.2894040644168854,0.08629758656024933,0.021574396640062332,0.11143060773611069,0.027857651934027672,2.414834499359131,0.9037086367607117,-0.49567967653274536,-0.3239199221134186,0.11630904674530029,0.029077261686325073,-1.109939694404602,-0.37748491764068604,-0.2516734004020691,-0.06291835010051727,0.0790380984544754,0.01975952461361885,2.446610450744629,0.9116526246070862,1.2983614206314087,0.12459035217761993,-0.3434847593307495,-0.08587118983268738,-0.08953242003917694,-0.022383105009794235,-0.009891167283058167,-0.0024727918207645416,-0.49040570855140686,-0.12260142713785172,-0.3225100636482239,-0.08062751591205597,0.003306667786091566,0.10082666575908661,-0.4783216118812561,-0.019580401480197906,-0.7981753945350647,-0.19954384863376617,0.09988436847925186,-0.17502890527248383,-0.10915504395961761,-0.027288760989904404,0.3210691511631012,0.0802672877907753,-0.47575315833091736,-0.11893828958272934,0.11328570544719696,-0.07167857885360718,-0.20619900524616241,-0.15154975652694702,-0.24723878502845764,-0.06180969625711441,-0.0015799552202224731,0.19960501790046692,-0.7850830554962158,-0.19627076387405396,0.5473706722259521,0.13684266805648804
-0.7576162815093994,-0.2894040644168854,0.08629758656024933,0.021574396640062332,0.11143060773611069,0.027857651934027672,2.414834499359131,0.9037086367607117,-0.49567967653274536,-0.3239199221134186,0.11630904674530029,0.029077261686325073,-1.109939694404602,-0.37748491764068604,-0.2516734004020691,-0.06291835010051727,0.0790380984544754,0.01975952461361885,2.446610450744629,0.9116526246070862,1.2983614206314087,0.12459035217761993,-0.3434847593307495,-0.08587118983268738,-0.08953242003917694,-0.022383105009794235,-0.009891167283058167,-0.0024727918207645416,-0.49040570855140686,-0.12260142713785172,-0.3225100636482239,-0.08062751591205597,0.003306667786091566,0.10082666575908661,-0.4783216118812561,-0.019580401480197906,-0.7981753945350647,-0.19954384863376617,0.09988436847925186,-0.17502890527248383,-0.10915504395961761,-0.027288760989904404,0.3210691511631012,0.0802672877907753,-0.47575315833091736,-0.11893828958272934,0.11328570544719696,-0.07167857885360718,-0.20619900524616241,-0.15154975652694702,-0.24723878502845764,-0.06180969625711441,-0.0015799552202224731,0.19960501790046692,-0.7850830554962158,-0.19627076387405396,0.5473706722259521,0.13684266805648804
-0.7576162815093994,-0.2894040644168854,0.08629758656024933,0.021574396640062332,0.11143060773611069,0.027857651934027672,2.414834499359131,0.9037086367607117,-0.49567967653274536,-0.3239199221134186,0.11630904674530029,0.029077261686325073,-1.109939694404602,-0.37748491764068604,-0.2516734004020691,-0.06291835010051727,0.0790380984544754,0.01975952461361885,2.446610450744629,0.9116526246070862,1.2983614206314087,0.12459035217761993,-0.3434847593307495,-0.08587118983268738,-0.08953242003917694,-0.022383105009794235,-0.009891167283058167,-0.0024727918207645416,-0.49040570855140686,-0.12260142713785172,-0.3225100636482239,-0.08062751591205597,0.003306667786091566,0.10082666575908661,-0.4783216118812561,-0.019580401480197906,-0.7981753945350647,-0.19954384863376617,0.09988436847925186,-0.17502890527248383,-0.10915504395961761,-0.027288760989904404,0.3210691511631012,0.0802672877907753,-0.47575315833091736,-0.11893828958272934,0.11328570544719696,-0.07167857885360718,-0.20619900524616241,-0.15154975652694702,-0.24723878502845764,-0.06180969625711441,-0.0015799552202224731,0.19960501790046692,-0.7850830554962158,-0.19627076387405396,0.5473706722259521,0.13684266805648804
-0.7576162815093994,-0.2894040644168854,0.08629758656024933,0.021574396640062332,0.11143060773611069,0.027857651934027672,2.414834499359131,0.9037086367607117,-0.49567967653274536,-0.3239199221134186,0.11630904674530029,0.029077261686325073,-1.109939694404602,-0.37748491764068604,-0.2516734004020691,-0.06291835010051727,0.0790380984544754,0.01975952461361885,2.446610450744629,0.9116526246070862,1.2983614206314087,0.12459035217761993,-0.3434847593307495,-0.08587118983268738,-0.08953242003917694,-0.022383105009794235,-0.009891167283058167,-0.0024727918207645416,-0.49040570855140686,-0.12260142713785172,-0.3225100636482239,-0.08062751591205597,0.003306667786091566,0.10082666575908661,-0.4783216118812561,-0.019580401480197906,-0.7981753945350647,-0.19954384863376617,0.09988436847925186,-0.17502890527248383,-0.10915504395961761,-0.027288760989904404,0.3210691511631012,0.0802672877907753,-0.47575315833091736,-0.11893828958272934,0.11328570544719696,-0.07167857885360718,-0.20619900524616241,-0.15154975652694702,-0.24723878502845764,-0.06180969625711441,-0.0015799552202224731,0.19960501790046692,-0.7850830554962158,-0.19627076387405396,0.5473706722259521,0.13684266805648804
-0.7576162815093994,-0.2894040644168854,0.08629758656024933,0.021574396640062332,0.11143060773611069,0.027857651934027672,2.414834499359131,0.9037086367607117,-0.49567967653274536,-0.3239199221134186,0.11630904674530029,0.029077261686325073,-1.109939694404602,-0.37748491764068604,-0.2516734004020691,-0.06291835010051727,0.0790380984544754,0.01975952461361885,2.446610450744629,0.9116526246070862,1.2983614206314087,0.12459035217761993,-0.3434847593307495,-0.08587118983268738,-0.08953242003917694,-0.022383105009794235,-0.009891167283058167,-0.0024727918207645416,-0.49040570855140686,-0.12260142713785172,-0.3225100636482239,-0.08062751591205597,0.003306667786091566,0.10082666575908661,-0.4783216118812561,-0.019580401480197906,-0.7981753945350647,-0.19954384863376617,0.09988436847925186,-0.17502890527248383,-0.10915504395961761,-0.027288760989904404,0.3210691511631012,0.0802672877907753,-0.47575315833091736,-0.11893828958272934,0.11328570544719696,-0.07167857885360718,-0.20619900524616241,-0.15154975652694702,-0.24723878502845764,-0.06180969625711441,-0.0015799552202224731,0.19960501790046692,-0.7850830554962158,-0.19627076387405396,0.5473706722259521,0.13684266805648804
-0.7576162815093994,-0.2894040644168854,0.08629758656024933,0.021574396640062332,0.11143060773611069,0.027857651934027672,2.414834499359131,0.9037086367607117,-0.49567967653274536,-0.3239199221134186,0.11630904674530029,0.029077261686325073,-1.109939694404602,-0.37748491764068604,-0.2516734004020691,-0.06291835010051727,0.0790380984544754,0.01975952461361885,2.446610450744629,0.9116526246070862,1.2983614206314087,0.12459035217761993,-0.3434847593307495,-0.08587118983268738,-0.08953242003917694,-0.022383105009794235,-0.009891167283058167,-0.0024727918207645416,-0.49040570855140686,-0.12260142713785172,-0.3225100636482239,-0.08062751591205597,0.003306667786091566,0.10082666575908661,-0.4783216118812561,-0.019580401480197906,-0.7981753945350647,-0.19954384863376617,0.09988436847925186,-0.17502890527248383,-0.10915504395961761,-0.027288760989904404,0.3210691511631012,0.0802672877907753,-0.47575315833091736,-0.11893828958272934,0.11328570544719696,-0.07167857885360718,-0.20619900524616241,-0.15154975652694702,-0.24723878502845764,-0.06180969625711441,-0.0015799552202224731,0.19960501790046692,-0.7850830554962158,-0.19627076387405396,0.5473706722259521,0.13684266805648804
-0.7576162815093994,-0.2894040644168854,0.08629758656024933,0.021574396640062332,0.11143060773611069,0.027857651934027672,2.414834499359131,0.9037086367607117,-0.49567967653274536,-0.3239199221134186,0.11630904674530029,0.029077261686325073,-1.109939694404602,-0.37748491764068604,-0.2516734004020691,-0.06291835010051727,0.0790380984544754,0.01975952461361885,2.446610450744629,0.9116526246070862,1.2983614206314087,0.12459035217761993,-0.3434847593307495,-0.08587118983268738,-0.08953242003917694,-0.022383105009794235,-0.009891167283058167,-0.0024727918207645416,-0.49040570855140686,-0.12260142713785172,-0.3225100636482239,-0.08062751591205597,0.003306667786091566,0.10082666575908661,-0.4783216118812561,-0.019580401480197906,-0.7981753945350647,-0.19954384863376617,0.09988436847925186,-0.17502890527248383,-0.10915504395961761,-0.027288760989904404,0.3210691511631012,0.0802672877907753,-0.47575315833091736,-0.11893828958272934,0.11328570544719696,-0.07167857885360718,-0.20619900524616241,-0.15154975652694702,-0.24723878502845764,-0.06180969625711441,-0.0015799552202224731,0.19960501790046692,-0.7850830554962158,-0.19627076387405396,0.5473706722259521,0.13684266805648804
-0.7576162815093994,-0.2894040644168854,0.08629758656024933,0.021574396640062332,0.11143060773611069,0.027857651934027672,2.414834499359131,0.9037086367607117,-0.49567967653274536,-0.3239199221134186,0.11630904674530029,0.029077261686325073,-1.109939694404602,-0.37748491764068604,-0.2516734004020691,-0.06291835010051727,0.0790380984544754,0.01975952461361885,2.446610450744629,0.9116526246070862,1.2983614206314087,0.12459035217761993,-0.3434847593307495,-0.08587118983268738,-0.08953242003917694,-0.022383105009794235,-0.009891167283058167,-0.0024727918207645416,-0.49040570855140686,-0.12260142713785172,-0.3225100636482239,-0.08062751591205597,0.003306667786091566,0.10082666575908661,-0.4783216118812561,-0.019580401480197906,-0.7981753945350647,-0.19954384863376617,0.09988436847925186,-0.17502890527248383,-0.10915504395961761,-0.027288760989904404,0.3210691511631012,0.0802672877907753,-0.47575315833091736,-0.11893828958272934,0.11328570544719696,-0.07167857885360718,-0.20619900524616241,-0.15154975652694702,-0.24723878502845764,-0.06180969625711441,-0.0015799552202224731,0.19960501790046692,-0.7850830554962158,-0.19627076387405396,0.5473706722259521,0.13684266805648804
-0.7576162815093994,-0.2894040644168854,0.08629758656024933,0.021574396640062332,0.11143060773611069,0.027857651934027672,2.414834499359131,0.9037086367607117,-0.49567967653274536,-0.3239199221134186,0.11630904674530029,0.029077261686325073,-1.109939694404602,-0.37748491764068604,-0.2516734004020691,-0.06291835010051727,0.0790380984544754,0.01975952461361885,2.446610450744629,0.9116526246070862,1.2983614206314087,0.12459035217761993,-0.3434847593307495,-0.08587118983268738,-0.08953242003917694,-0.022383105009794235,-0.009891167283058167,-0.0024727918207645416,-0.49040570855140686,-0.12260142713785172,-0.3225100636482239,-0.08062751591205597,0.003306667786091566,0.10082666575908661,-0.4783216118812561,-0.019580401480197906,-0.7981753945350647,-0.19954384863376617,0.09988436847925186,-0.17502890527248383,-0.10915504395961761,-0.027288760989904404,0.3210691511631012,0.0802672877907753,-0.47575315833091736,-0.11893828958272934,0.11328570544719696,-0.07167857885360718,-0.20619900524616241,-0.15154975652694702,-0.24723878502845764,-0.06180969625711441,-0.0015799552202224731,0.19960501790046692,-0.7850830554962158,-0.19627076387405396,0.5473706722259521,0.13684266805648804
-0.7576162815093994,-0.2894040644168854,0.08629758656024933,0.021574396640062332,0.11143060773611069,0.027857651934027672,2.414834499359131,0.9037086367607117,-0.49567967653274536,-0.3239199221134186,0.11630904674530029,0.029077261686325073,-1.109939694404602,-0.37748491764068604,-0.2516734004020691,-0.06291835010051727,0.0790380984544754,0.01975952461361885,2.446610450744629,0.9116526246070862,1.2983614206314087,0.12459035217761993,-0.3434847593307495,-0.08587118983268738,-0.08953242003917694,-0.022383105009794235,-0.009891167283058167,-0.0024727918207645416,-0.49040570855140686,-0.12260142713785172,-0.3225100636482239,-0.08062751591205597,0.003306667786091566,0.10082666575908661,-0.4783216118812561,-0.019580401480197906,-0.7981753945350647,-0.19954384863376617,0.09988436847925186,-0.17502890527248383,-0.10915504395961761,-0.027288760989904404,0.3210691511631012,0.0802672877907753,-0.47575315833091736,-0.11893828958272934,0.11328570544719696,-0.07167857885360718,-0.20619900524616241,-0.15154975652694702,-0.24723878502845764,-0.06180969625711441,-0.0015799552202224731,0.19960501790046692,-0.7850830554962158,-0.19627076387405396,0.5473706722259521,0.13684266805648804
-0.7576162815093994,-0.2894040644168854,0.08629758656024933,0.021574396640062332,0.11143060773611069,0.027857651934027672,2.414834499359131,0.9037086367607117,-0.49567967653274536,-0.3239199221134186,0.11630904674530029,0.029077261686325073,-1.109939694404602,-0.37748491764068604,-0.2516734004020691,-0.06291835010051727,0.0790380984544754,0.01975952461361885,2.446610450744629,0.9116526246070862,1.2983614206314087,0.12459035217761993,-0.3434847593307495,-0.08587118983268738,-0.08953242003917694,-0.022383105009794235,-0.009891167283058167,-0.0024727918207645416,-0.49040570855140686,-0.12260142713785172,-0.3225100636482239,-0.08062751591205597,0.003306667786091566,0.10082666575908661,-0.4783216118812561,-0.019580401480197906,-0.7981753945350647,-0.19954384863376617,0.09988436847925186,-0.17502890527248383,-0.10915504395961761,-0.027288760989904404,0.3210691511631012,0.0802672877907753,-0.47575315833091736,-0.11893828958272934,0.11328570544719696,-0.07167857885360718,-0.20619900524616241,-0.15154975652694702,-0.24723878502845764,-0.06180969625711441,-0.0015799552202224731,0.19960501790046692,-0.7850830554962158,-0.19627076387405396,0.5473706722259521,0.13684266805648804
-0.7576162815093994,-0.2894040644168854,0.08629758656024933,0.021574396640062332,0.11143060773611069,0.027857651934027672,2.414834499359131,0.9037086367607117,-0.49567967653274536,-0.3239199221134186,0.11630904674530029,0.029077261686325073,-1.109939694404602,-0.37748491764068604,-0.2516734004020691,-0.06291835010051727,0.0790380984544754,0.01975952461361885,2.446610450744629,0.9116526246070862,1.2983614206314087,0.12459035217761993,-0.3434847593307495,-0.08587118983268738,-0.08953242003917694,-0.022383105009794235,-0.009891167283058167,-0.0024727918207645416,-0.49040570855140686,-0.12260142713785172,-0.3225100636482239,-0.08062751591205597,0.003306667786091566,0.10082666575908661,-0.4783216118812561,-0.019580401480197906,-0.7981753945350647,-0.19954384863376617,0.09988436847925186,-0.17502890527248383,-0.10915504395961761,-0.027288760989904404,0.3210691511631012,0.0802672877907753,-0.47575315833091736,-0.11893828958272934,0.11328570544719696,-0.07167857885360718,-0.20619900524616241,-0.15154975652694702,-0.24723878502845764,-0.06180969625711441,-0.0015799552202224731,0.19960501790046692,-0.7850830554962158,-0.19627076387405396,0.5473706722259521,0.13684266805648804
-0.7576162815093994,-0.2894040644168854,0.08629758656024933,0.021574396640062332,0.11143060773611069,0.027857651934027672,2.414834499359131,0.9037086367607117,-0.49567967653274536,-0.3239199221134186,0.11630904674530029,0.029077261686325073,-1.109939694404602,-0.37748491764068604,-0.2516734004020691,-0.06291835010051727,0.0790380984544754,0.01975952461361885,2.446610450744629,0.9116526246070862,1.2983614206314087,0.12459035217761993,-0.3434847593307495,-0.08587118983268738,-0.08953242003917694,-0.022383105009794235,-0.009891167283058167,-0.0024727918207645416,-0.49040570855140686,-0.12260142713785172,-0.3225100636482239,-0.08062751591205597,0.003306667786091566,0.10082666575908661,-0.4783216118812561,-0.019580401480197906,-0.7981753945350647,-0.19954384863376617,0.09988436847925186,-0.17502890527248383,-0.10915504395961761,-0.027288760989904404,0.3210691511631012,0.0802672877907753,-0.47575315833091736,-0.11893828958272934,0.11328570544719696,-0.07167857885360718,-0.20619900524616241,-0.15154975652694702,-0.24723878502845764,-0.06180969625711441,-0.0015799552202224731,0.19960501790046692,-0.7850830554962158,-0.19627076387405396,0.5473706722259521,0.13684266805648804
-0.7799419164657593,-0.29498547315597534,0.16811063885688782,0.042027659714221954,0.13787151873111725,0.03446787968277931,2.2704391479492188,0.8676097989082336,-0.7065719366073608,-0.37664300203323364,-0.2781916558742523,-0.06954791396856308,-1.1223493814468384,-0.3805873394012451,-0.316723108291626,-0.0791807770729065,0.057054147124290466,0.014263536781072617,2.456993818283081,0.9142484664916992,1.5368455648422241,0.1842113882303238,-0.4775574505329132,-0.1193893626332283,0.06257473677396774,0.015643684193491936,0.0024560391902923584,0.0006140097975730896,-0.328157514333725,-0.08203937858343124,-0.5307477116584778,-0.13268692791461945,0.2883036434650421,0.17207591235637665,0.5299237370491028,0.2324809432029724,-0.023230768740177155,-0.005807692185044289,-0.09618856012821198,-0.22404713928699493,-0.5502013564109802,-0.13755033910274506,-0.3596429228782654,-0.08991073071956635,-0.48969221115112305,-0.12242305278778076,-0.38249242305755615,-0.19562309980392456,0.17490100860595703,-0.05627474933862686,-0.5510157942771912,-0.1377539485692978,-0.09812085330486298,0.1754697859287262,-0.760496199131012,-0.190124049782753,-0.4127814471721649,-0.10319536179304123
-0.7799419164657593,-0.29498547315597534,0.16811063885688782,0.042027659714221954,0.13787151873111725,0.03446787968277931,2.2704391479492188,0.8676097989082336,-0.7065719366073608,-0.37664300203323364,-0.2781916558742523,-0.06954791396856308,-1.1223493814468384,-0.3805873394012451,-0.316723108291626,-0.0791807770729065,0.057054147124290466,0.014263536781072617,2.456993818283081,0.9142484664916992,1.5368455648422241,0.1842113882303238,-0.4775574505329132,-0.1193893626332283,0.06257473677396774,0.015643684193491936,0.0024560391902923584,0.0006140097975730896,-0.328157514333725,-0.08203937858343124,-0.5307477116584778,-0.13268692791461945,0.2883036434650421,0.17207591235637665,0.5299237370491028,0.2324809432029724,-0.023230768740177155,-0.005807692185044289,-0.09618856012821198,-0.22404713928699493,-0.5502013564109802,-0.13755033910274506,-0.3596429228782654,-0.08991073071956635,-0.48969221115112305,-0.12242305278778076,-0.38249242305755615,-0.19562309980392456,0.17490100860595703,-0.05627474933862686,-0.5510157942771912,-0.1377539485692978,-0.09812085330486298,0.1754697859287262,-0.760496199131012,-0.190124049782753,-0.4127814471721649,-0.10319536179304123
-0.7799419164657593,-0.29498547315597534,0.16811063885688782,0.042027659714221954,0.13787151873111725,0.03446787968277931,2.2704391479492188,0.8676097989082336,-0.7065719366073608,-0.37664300203323364,-0.2781916558742523,-0.06954791396856308,-1.1223493814468384,-0.3805873394012451,-0.316723108291626,-0.0791807770729065,0.057054147124290466,0.014263536781072617,2.456993818283081,0.9142484664916992,1.5368455648422241,0.1842113882303238,-0.4775574505329132,-0.1193893626332283,0.06257473677396774,0.015643684193491936,0.0024560391902923584,0.0006140097975730896,-0.328157514333725,-0.08203937858343124,-0.5307477116584778,-0.13268692791461945,0.2883036434650421,0.17207591235637665,0.5299237370491028,0.2324809432029724,-0.023230768740177155,-0.005807692185044289,-0.09618856012821198,-0.22404713928699493,-0.5502013564109802,-0.13755033910274506,-0.3596429228782654,-0.08991073071956635,-0.48969221115112305,-0.12242305278778076,-0.38249242305755615,-0.19562309980392456,0.17490100860595703,-0.05627474933862686,-0.5510157942771912,-0.1377539485692978,-0.09812085330486298,0.1754697859287262,-0.760496199131012,-0.190124049782753,-0.4127814471721649,-0.10319536179304123
-0.7799419164657593,-0.29498547315597534,0.16811063885688782,0.042027659714221954,0.13787151873111725,0.03446787968277931,2.2704391479492188,0.8676097989082336,-0.7065719366073608,-0.37664300203323364,-0.2781916558742523,-0.06954791396856308,-1.1223493814468384,-0.3805873394012451,-0.316723108291626,-0.0791807770729065,0.057054147124290466,0.014263536781072617,2.456993818283081,0.9142484664916992,1.5368455648422241,0.1842113882303238,-0.4775574505329132,-0.1193893626332283,0.06257473677396774,0.015643684193491936,0.0024560391902923584,0.0006140097975730896,-0.328157514333725,-0.08203937858343124,-0.5307477116584778,-0.13268692791461945,0.2883036434650421,0.17207591235637665,0.5299237370491028,0.2324809432029724,-0.023230768740177155,-0.005807692185044289,-0.09618856012821198,-0.22404713928699493,-0.5502013564109802,-0.13755033910274506,-0.3596429228782654,-0.08991073071956635,-0.48969221115112305,-0.12242305278778076,-0.38249242305755615,-0.19562309980392456,0.17490100860595703,-0.05627474933862686,-0.5510157942771912,-0.1377539485692978,-0.09812085330486298,0.1754697859287262,-0.760496199131012,-0.190124049782753,-0.4127814471721649,-0.10319536179304123
-0.7799419164657593,-0.29498547315597534,0.16811063885688782,0.042027659714221954,0.13787151873111725,0.03446787968277931,2.2704391479492188,0.8676097989082336,-0.7065719366073608,-0.37664300203323364,-0.2781916558742523,-0.06954791396856308,-1.1223493814468384,-0.3805873394012451,-0.316723108291626,-0.0791807770729065,0.057054147124290466,0.014263536781072617,2.456993818283081,0.9142484664916992,1.5368455648422241,0.1842113882303238,-0.4775574505329132,-0.1193893626332283,0.06257473677396774,0.015643684193491936,0.0024560391902923584,0.0006140097975730896,-0.328157514333725,-0.08203937858343124,-0.5307477116584778,-0.13268692791461945,0.2883036434650421,0.17207591235637665,0.5299237370491028,0.2324809432029724,-0.023230768740177155,-0.005807692185044289,-0.09618856012821198,-0.22404713928699493,-0.5502013564109802,-0.13755033910274506,-0.3596429228782654,-0.08991073071956635,-0.48969221115112305,-0.12242305278778076,-0.38249242305755615,-0.19562309980392456,0.17490100860595703,-0.05627474933862686,-0.5510157942771912,-0.1377539485692978,-0.09812085330486298,0.1754697859287262,-0.760496199131012,-0.190124049782753,-0.4127814471721649,-0.10319536179304123
-0.7799419164657593,-0.29498547315597534,0.16811063885688782,0.042027659714221954,0.13787151873111725,0.03446787968277931,2.2704391479492188,0.8676097989082336,-0.7065719366073608,-0.37664300203323364,-0.2781916558742523,-0.06954791396856308,-1.1223493814468384,-0.3805873394012451,-0.316723108291626,-0.0791807770729065,0.057054147124290466,0.014263536781072617,2.456993818283081,0.9142484664916992,1.5368455648422241,0.1842113882303238,-0.4775574505329132,-0.1193893626332283,0.06257473677396774,0.015643684193491936,0.0024560391902923584,0.0006140097975730896,-0.328157514333725,-0.08203937858343124,-0.5307477116584778,-0.13268692791461945,0.2883036434650421,0.17207591235637665,0.5299237370491028,0.2324809432029724,-0.023230768740177155,-0.005807692185044289,-0.09618856012821198,-0.22404713928699493,-0.5502013564109802,-0.13755033910274506,-0.3596429228782654,-0.08991073071956635,-0.48969221115112305,-0.12242305278778076,-0.38249242305755615,-0.19562309980392456,0.17490100860595703,-0.05627474933862686,-0.5510157942771912,-0.1377539485692978,-0.09812085330486298,0.1754697859287262,-0.760496199131012,-0.190124049782753,-0.4127814471721649,-0.10319536179304123
-0.7799419164657593,-0.29498547315597534,0.16811063885688782,0.042027659714221954,0.13787151873111725,0.03446787968277931,2.2704391479492188,0.8676097989082336,-0.7065719366073608,-0.37664300203323364,-0.2781916558742523,-0.06954791396856308,-1.1223493814468384,-0.3805873394012451,-0.316723108291626,-0.0791807770729065,0.057054147124290466,0.014263536781072617,2.456993818283081,0.9142484664916992,1.5368455648422241,0.1842113882303238,-0.4775574505329132,-0.1193893626332283,0.06257473677396774,0.015643684193491936,0.0024560391902923584,0.0006140097975730896,-0.328157514333725,-0.08203937858343124,-0.5307477116584778,-0.13268692791461945,0.2883036434650421,0.17207591235637665,0.5299237370491028,0.2324809432029724,-0.023230768740177155,-0.005807692185044289,-0.09618856012821198,-0.22404713928699493,-0.5502013564109802,-0.13755033910274506,-0.3596429228782654,-0.08991073071956635,-0.48969221115112305,-0.12242305278778076,-0.38249242305755615,-0.19562309980392456,0.17490100860595703,-0.05627474933862686,-0.5510157942771912,-0.1377539485692978,-0.09812085330486298,0.1754697859287262,-0.760496199131012,-0.190124049782753,-0.4127814471721649,-0.10319536179304123
-0.7799419164657593,-0.29498547315597534,0.16811063885688782,0.042027659714221954,0.13787151873111725,0.03446787968277931,2.2704391479492188,0.8676097989082336,-0.7065719366073608,-0.37664300203323364,-0.2781916558742523,-0.06954791396856308,-1.1223493814468384,-0.3805873394012451,-0.316723108291626,-0.0791807770729065,0.057054147124290466,0.014263536781072617,2.456993818283081,0.9142484664916992,1.5368455648422241,0.1842113882303238,-0.4775574505329132,-0.1193893626332283,0.06257473677396774,0.015643684193491936,0.0024560391902923584,0.0006140097975730896,-0.328157514333725,-0.08203937858343124,-0.5307477116584778,-0.13268692791461945,0.2883036434650421,0.17207591235637665,0.5299237370491028,0.2324809432029724,-0.023230768740177155,-0.005807692185044289,-0.09618856012821198,-0.22404713928699493,-0.5502013564109802,-0.13755033910274506,-0.3596429228782654,-0.08991073071956635,-0.48969221115112305,-0.12242305278778076,-0.38249242305755615,-0.19562309980392456,0.17490100860595703,-0.05627474933862686,-0.5510157942771912,-0.1377539485692978,-0.09812085330486298,0.1754697859287262,-0.760496199131012,-0.190124049782753,-0.4127814471721649,-0.10319536179304123
-0.7799419164657593,-0.29498547315597534,0.16811063885688782,0.042027659714221954,0.13787151873111725,0.03446787968277931,2.2704391479492188,0.8676097989082336,-0.7065719366073608,-0.37664300203323364,-0.2781916558742523,-0.06954791396856308,-1.1223493814468384,-0.3805873394012451,-0.316723108291626,-0.0791807770729065,0.057054147124290466,0.014263536781072617,2.456993818283081,0.9142484664916992,1.5368455648422241,0.1842113882303238,-0.4775574505329132,-0.1193893626332283,0.06257473677396774,0.015643684193491936,0.0024560391902923584,0.0006140097975730896,-0.328157514333725,-0.08203937858343124,-0.5307477116584778,-0.13268692791461945,0.2883036434650421,0.17207591235637665,0.5299237370491028,0.2324809432029724,-0.023230768740177155,-0.005807692185044289,-0.09618856012821198,-0.22404713928699493,-0.5502013564109802,-0.13755033910274506,-0.3596429228782654,-0.08991073071956635,-0.48969221115112305,-0.12242305278778076,-0.38249242305755615,-0.19562309980392456,0.17490100860595703,-0.05627474933862686,-0.5510157942771912,-0.1377539485692978,-0.09812085330486298,0.1754697859287262,-0.760496199131012,-0.190124049782753,-0.4127814471721649,-0.10319536179304123
-0.7799419164657593,-0.29498547315597534,0.16811063885688782,0.042027659714221954,0.13787151873111725,0.03446787968277931,2.2704391479492188,0.8676097989082336,-0.7065719366073608,-0.37664300203323364,-0.2781916558742523,-0.06954791396856308,-1.1223493814468384,-0.3805873394012451,-0.316723108291626,-0.0791807770729065,0.057054147124290466,0.014263536781072617,2.456993818283081,0.9142484664916992,1.5368455648422241,0.1842113882303238,-0.4775574505329132,-0.1193893626332283,0.06257473677396774,0.015643684193491936,0.0024560391902923584,0.0006140097975730896,-0.328157514333725,-0.08203937858343124,-0.5307477116584778,-0.13268692791461945,0.2883036434650421,0.17207591235637665,0.5299237370491028,0.2324809432029724,-0.023230768740177155,-0.005807692185044289,-0.09618856012821198,-0.22404713928699493,-0.5502013564109802,-0.13755033910274506,-0.3596429228782654,-0.08991073071956635,-0.48969221115112305,-0.12242305278778076,-0.38249242305755615,-0.19562309980392456,0.17490100860595703,-0.05627474933862686,-0.5510157942771912,-0.1377539485692978,-0.09812085330486298,0.1754697859287262,-0.760496199131012,-0.190124049782753,-0.4127814471721649,-0.10319536179304123
-0.7799419164657593,-0.29498547315597534,0.16811063885688782,0.042027659714221954,0.13787151873111725,0.03446787968277931,2.2704391479492188,0.8676097989082336,-0.7065719366073608,-0.37664300203323364,-0.2781916558742523,-0.06954791396856308,-1.1223493814468384,-0.3805873394012451,-0.316723108291626,-0.0791807770729065,0.057054147124290466,0.014263536781072617,2.456993818283081,0.9142484664916992,1.5368455648422241,0.1842113882303238,-0.4775574505329132,-0.1193893626332283,0.06257473677396774,0.015643684193491936,0.0024560391902923584,0.0006140097975730896,-0.328157514333725,-0.08203937858343124,-0.5307477116584778,-0.13268692791461945,0.2883036434650421,0.17207591235637665,0.5299237370491028,0.2324809432029724,-0.023230768740177155,-0.005807692185044289,-0.09618856012821198,-0.22404713928699493,-0.5502013564109802,-0.13755033910274506,-0.3596429228782654,-0.08991073071956635,-0.48969221115112305,-0.12242305278778076,-0.38249242305755615,-0.19562309980392456,0.17490100860595703,-0.05627474933862686,-0.5510157942771912,-0.1377539485692978,-0.09812085330486298,0.1754697859287262,-0.760496199131012,-0.190124049782753,-0.4127814471721649,-0.10319536179304123
-0.7799419164657593,-0.29498547315597534,0.16811063885688782,0.042027659714221954,0.13787151873111725,0.03446787968277931,2.2704391479492188,0.8676097989082336,-0.7065719366073608,-0.37664300203323364,-0.2781916558742523,-0.06954791396856308,-1.1223493814468384,-0.3805873394012451,-0.316723108291626,-0.0791807770729065,0.057054147124290466,0.014263536781072617,2.456993818283081,0.9142484664916992,1.5368455648422241,0.1842113882303238,-0.4775574505329132,-0.1193893626332283,0.06257473677396774,0.015643684193491936,0.0024560391902923584,0.0006140097975730896,-0.328157514333725,-0.08203937858343124,-0.5307477116584778,-0.13268692791461945,0.2883036434650421,0.17207591235637665,0.5299237370491028,0.2324809432029724,-0.023230768740177155,-0.005807692185044289,-0.09618856012821198,-0.22404713928699493,-0.5502013564109802,-0.13755033910274506,-0.3596429228782654,-0.08991073071956635,-0.48969221115112305,-0.12242305278778076,-0.38249242305755615,-0.19562309980392456,0.17490100860595703,-0.05627474933862686,-0.5510157942771912,-0.1377539485692978,-0.09812085330486298,0.1754697859287262,-0.760496199131012,-0.190124049782753,-0.4127814471721649,-0.10319536179304123
-0.7799419164657593,-0.29498547315597534,0.16811063885688782,0.042027659714221954,0.13787151873111725,0.03446787968277931,2.2704391479492188,0.8676097989082336,-0.7065719366073608,-0.37664300203323364,-0.2781916558742523,-0.06954791396856308,-1.1223493814468384,-0.3805873394012451,-0.316723108291626,-0.0791807770729065,0.057054147124290466,0.014263536781072617,2.456993818283081,0.9142484664916992,1.5368455648422241,0.1842113882303238,-0.4775574505329132,-0.1193893626332283,0.06257473677396774,0.015643684193491936,0.0024560391902923584,0.0006140097975730896,-0.328157514333725,-0.08203937858343124,-0.5307477116584778,-0.13268692791461945,0.2883036434650421,0.17207591235637665,0.5299237370491028,0.2324809432029724,-0.023230768740177155,-0.005807692185044289,-0.09618856012821198,-0.22404713928699493,-0.5502013564109802,-0.13755033910274506,-0.3596429228782654,-0.08991073071956635,-0.48969221115112305,-0.12242305278778076,-0.38249242305755615,-0.19562309980392456,0.17490100860595703,-0.05627474933862686,-0.5510157942771912,-0.1377539485692978,-0.09812085330486298,0.1754697859287262,-0.760496199131012,-0.190124049782753,-0.4127814471721649,-0.10319536179304123
-0.7799419164657593,-0.29498547315597534,0.16811063885688782,0.042027659714221954,0.13787151873111725,0.03446787968277931,2.2704391479492188,0.8676097989082336,-0.7065719366073608,-0.37664300203323364,-0.2781916558742523,-0.06954791396856308,-1.1223493814468384,-0.3805873394012451,-0.316723108291626,-0.0791807770729065,0.057054147124290466,0.014263536781072617,2.456993818283081,0.9142484664916992,1.5368455648422241,0.1842113882303238,-0.4775574505329132,-0.1193893626332283,0.06257473677396774,0.015643684193491936,0.0024560391902923584,0.0006140097975730896,-0.328157514333725,-0.08203937858343124,-0.5307477116584778,-0.13268692791461945,0.2883036434650421,0.17207591235637665,0.5299237370491028,0.2324809432029724,-0.023230768740177155,-0.005807692185044289,-0.09618856012821198,-0.22404713928699493,-0.5502013564109802,-0.13755033910274506,-0.3596429228782654,-0.08991073071956635,-0.48969221115112305,-0.12242305278778076,-0.38249242305755615,-0.19562309980392456,0.17490100860595703,-0.05627474933862686,-0.5510157942771912,-0.1377539485692978,-0.09812085330486298,0.1754697859287262,-0.760496199131012,-0.190124049782753,-0.4127814471721649,-0.10319536179304123
-0.7799419164657593,-0.29498547315597534,0.16811063885688782,0.042027659714221954,0.13787151873111725,0.03446787968277931,2.2704391479492188,0.8676097989082336,-0.7065719366073608,-0.37664300203323364,-0.2781916558742523,-0.06954791396856308,-1.1223493814468384,-0.3805873394012451,-0.316723108291626,-0.0791807770729065,0.057054147124290466,0.014263536781072617,2.456993818283081,0.9142484664916992,1.5368455648422241,0.1842113882303238,-0.4775574505329132,-0.1193893626332283,0.06257473677396774,0.015643684193491936,0.0024560391902923584,0.0006140097975730896,-0.328157514333725,-0.08203937858343124,-0.5307477116584778,-0.13268692791461945,0.2883036434650421,0.17207591235637665,0.5299237370491028,0.2324809432029724,-0.023230768740177155,-0.005807692185044289,-0.09618856012821198,-0.22404713928699493,-0.5502013564109802,-0.13755033910274506,-0.3596429228782654,-0.08991073071956635,-0.48969221115112305,-0.12242305278778076,-0.38249242305755615,-0.19562309980392456,0.17490100860595703,-0.05627474933862686,-0.5510157942771912,-0.1377539485692978,-0.09812085330486298,0.1754697859287262,-0.760496199131012,-0.190124049782753,-0.4127814471721649,-0.10319536179304123
-0.7799419164657593,-0.29498547315597534,0.16811063885688782,0.042027659714221954,0.13787151873111725,0.03446787968277931,2.2704391479492188,0.8676097989082336,-0.7065719366073608,-0.37664300203323364,-0.2781916558742523,-0.06954791396856308,-1.1223493814468384,-0.3805873394012451,-0.316723108291626,-0.0791807770729065,0.057054147124290466,0.014263536781072617,2.456993818283081,0.9142484664916992,1.5368455648422241,0.1842113882303238,-0.4775574505329132,-0.1193893626332283,0.06257473677396774,0.015643684193491936,0.0024560391902923584,0.0006140097975730896,-0.328157514333725,-0.08203937858343124,-0.5307477116584778,-0.13268692791461945,0.2883036434650421,0.17207591235637665,0.5299237370491028,0.2324809432029724,-0.023230768740177155,-0.005807692185044289,-0.09618856012821198,-0.22404713928699493,-0.5502013564109802,-0.13755033910274506,-0.3596429228782654,-0.08991073071956635,-0.48969221115112305,-0.12242305278778076,-0.38249242305755615,-0.19562309980392456,0.17490100860595703,-0.05627474933862686,-0.5510157942771912,-0.1377539485692978,-0.09812085330486298,0.1754697859287262,-0.760496199131012,-0.190124049782753,-0.4127814471721649,-0.10319536179304123
-0.7799419164657593,-0.29498547315597534,0.16811063885688782,0.042027659714221954,0.13787151873111725,0.03446787968277931,2.2704391479492188,0.8676097989082336,-0.7065719366073608,-0.37664300203323364,-0.2781916558742523,-0.06954791396856308,-1.1223493814468384,-0.3805873394012451,-0.316723108291626,-0.0791807770729065,0.057054147124290466,0.014263536781072617,2.456993818283081,0.9142484664916992,1.5368455648422241,0.1842113882303238,-0.4775574505329132,-0.1193893626332283,0.06257473677396774,0.015643684193491936,0.0024560391902923584,0.0006140097975730896,-0.328157514333725,-0.08203937858343124,-0.5307477116584778,-0.13268692791461945,0.2883036434650421,0.17207591235637665,0.5299237370491028,0.2324809432029724,-0.023230768740177155,-0.005807692185044289,-0.09618856012821198,-0.22404713928699493,-0.5502013564109802,-0.13755033910274506,-0.3596429228782654,-0.08991073071956635,-0.48969221115112305,-0.12242305278778076,-0.38249242305755615,-0.19562309980392456,0.17490100860595703,-0.05627474933862686,-0.5510157942771912,-0.1377539485692978,-0.09812085330486298,0.1754697859287262,-0.760496199131012,-0.190124049782753,-0.4127814471721649,-0.10319536179304123
-0.7140157222747803,-0.2785039246082306,0.039048608392477036,0.009762152098119259,0.15301480889320374,0.038253702223300934,2.2934558391571045,0.8733639717102051,-0.7337552309036255,-0.3834388256072998,-0.03375992178916931,-0.008439980447292328,-1.295615315437317,-0.42390382289886475,-0.2133900225162506,-0.05334750562906265,0.1030610203742981,0.025765255093574524,2.439265727996826,0.9098164439201355,1.5956095457077026,0.19890238344669342,-0.6052923202514648,-0.1513230800628662,-0.1218520998954773,-0.030463024973869324,-0.008012890815734863,-0.002003222703933716,-0.448135107755661,-0.11203377693891525,-0.40442955493927,-0.1011073887348175,0.0911288857460022,0.12278222292661667,-0.5198942422866821,-0.029973559081554413,-0.8229368329048157,-0.20573420822620392,0.15707561373710632,-0.16073110699653625,-0.2824532985687256,-0.0706133246421814,0.3710383474826813,0.09275958687067032,-0.48630574345588684,-0.12157643586397171,0.10628324747085571,-0.07342918962240219,-0.29494208097457886,-0.17373552918434143,-0.2873033285140991,-0.07182583212852478,0.07197046279907227,0.2179926186800003,-0.8024561405181885,-0.20061403512954712,0.5035273432731628,0.1258818358182907
-0.7140157222747803,-0.2785039246082306,0.039048608392477036,0.009762152098119259,0.15301480889320374,0.038253702223300934,2.2934558391571045,0.8733639717102051,-0.7337552309036255,-0.3834388256072998,-0.03375992178916931,-0.008439980447292328,-1.295615315437317,-0.42390382289886475,-0.2133900225162506,-0.05334750562906265,0.1030610203742981,0.025765255093574524,2.439265727996826,0.9098164439201355,1.5956095457077026,0.19890238344669342,-0.6052923202514648,-0.1513230800628662,-0.1218520998954773,-0.030463024973869324,-0.008012890815734863,-0.002003222703933716,-0.448135107755661,-0.11203377693891525,-0.40442955493927,-0.1011073887348175,0.0911288857460022,0.12278222292661667,-0.5198942422866821,-0.029973559081554413,-0.8229368329048157,-0.20573420822620392,0.15707561373710632,-0.16073110699653625,-0.2824532985687256,-0.0706133246421814,0.3710383474826813,0.09275958687067032,-0.48630574345588684,-0.12157643586397171,0.10628324747085571,-0.07342918962240219,-0.29494208097457886,-0.17373552918434143,-0.2873033285140991,-0.07182583212852478,0.07197046279907227,0.2179926186800003,-0.8024561405181885,-0.20061403512954712,0.5035273432731628,0.1258818358182907
-0.7140157222747803,-0.2785039246082306,0.039048608392477036,0.009762152098119259,0.15301480889320374,0.038253702223300934,2.2934558391571045,0.8733639717102051,-0.7337552309036255,-0.3834388256072998,-0.03375992178916931,-0.008439980447292328,-1.295615315437317,-0.42390382289886475,-0.2133900225162506,-0.05334750562906265,0.1030610203742981,0.025765255093574524,2.439265727996826,0.9098164439201355,1.5956095457077026,0.19890238344669342,-0.6052923202514648,-0.1513230800628662,-0.1218520998954773,-0.030463024973869324,-0.008012890815734863,-0.002003222703933716,-0.448135107755661,-0.11203377693891525,-0.40442955493927,-0.1011073887348175,0.0911288857460022,0.12278222292661667,-0.5198942422866821,-0.029973559081554413,-0.8229368329048157,-0.20573420822620392,0.15707561373710632,-0.16073110699653625,-0.2824532985687256,-0.0706133246421814,0.3710383474826813,0.09275958687067032,-0.48630574345588684,-0.12157643586397171,0.10628324747085571,-0.07342918962240219,-0.29494208097457886,-0.17373552918434143,-0.2873033285140991,-0.07182583212852478,0.07197046279907227,0.2179926186800003,-0.8024561405181885,-0.20061403512954712,0.5035273432731628,0.1258818358182907
-0.7140157222747803,-0.2785039246082306,0.039048608392477036,0.009762152098119259,0.15301480889320374,0.038253702223300934,2.2934558391571045,0.8733639717102051,-0.7337552309036255,-0.3834388256072998,-0.03375992178916931,-0.008439980447292328,-1.295615315437317,-0.42390382289886475,-0.2133900225162506,-0.05334750562906265,0.1030610203742981,0.025765255093574524,2.439265727996826,0.9098164439201355,1.5956095457077026,0.19890238344669342,-0.6052923202514648,-0.1513230800628662,-0.1218520998954773,-0.030463024973869324,-0.008012890815734863,-0.002003222703933716,-0.448135107755661,-0.11203377693891525,-0.40442955493927,-0.1011073887348175,0.0911288857460022,0.12278222292661667,-0.5198942422866821,-0.029973559081554413,-0.8229368329048157,-0.20573420822620392,0.15707561373710632,-0.16073110699653625,-0.2824532985687256,-0.0706133246421814,0.3710383474826813,0.09275958687067032,-0.48630574345588684,-0.12157643586397171,0.10628324747085571,-0.07342918962240219,-0.29494208097457886,-0.17373552918434143,-0.2873033285140991,-0.07182583212852478,0.07197046279907227,0.2179926186800003,-0.8024561405181885,-0.20061403512954712,0.5035273432731628,0.1258818358182907
-0.7140157222747803,-0.2785039246082306,0.039048608392477036,0.009762152098119259,0.15301480889320374,0.038253702223300934,2.2934558391571045,0.8733639717102051,-0.7337552309036255,-0.3834388256072998,-0.03375992178916931,-0.008439980447292328,-1.295615315437317,-0.42390382289886475,-0.2133900225162506,-0.05334750562906265,0.1030610203742981,0.025765255093574524,2.439265727996826,0.9098164439201355,1.5956095457077026,0.19890238344669342,-0.6052923202514648,-0.1513230800628662,-0.1218520998954773,-0.030463024973869324,-0.008012890815734863,-0.002003222703933716,-0.448135107755661,-0.11203377693891525,-0.40442955493927,-0.1011073887348175,0.0911288857460022,0.12278222292661667,-0.5198942422866821,-0.029973559081554413,-0.8229368329048157,-0.20573420822620392,0.15707561373710632,-0.16073110699653625,-0.2824532985687256,-0.0706133246421814,0.3710383474826813,0.09275958687067032,-0.48630574345588684,-0.12157643586397171,0.10628324747085571,-0.07342918962240219,-0.29494208097457886,-0.17373552918434143,-0.2873033285140991,-0.07182583212852478,0.07197046279907227,0.2179926186800003,-0.8024561405181885,-0.20061403512954712,0.5035273432731628,0.1258818358182907
-0.7140157222747803,-0.2785039246082306,0.039048608392477036,0.009762152098119259,0.15301480889320374,0.038253702223300934,2.2934558391571045,0.8733639717102051,-0.7337552309036255,-0.3834388256072998,-0.03375992178916931,-0.008439980447292328,-1.295615315437317,-0.42390382289886475,-0.2133900225162506,-0.05334750562906265,0.1030610203742981,0.025765255093574524,2.439265727996826,0.9098164439201355,1.5956095457077026,0.19890238344669342,-0.6052923202514648,-0.1513230800628662,-0.1218520998954773,-0.030463024973869324,-0.008012890815734863,-0.002003222703933716,-0.448135107755661,-0.11203377693891525,-0.40442955493927,-0.1011073887348175,0.0911288857460022,0.12278222292661667,-0.5198942422866821,-0.029973559081554413,-0.8229368329048157,-0.20573420822620392,0.15707561373710632,-0.16073110699653625,-0.2824532985687256,-0.0706133246421814,0.3710383474826813,0.09275958687067032,-0.48630574345588684,-0.12157643586397171,0.10628324747085571,-0.07342918962240219,-0.29494208097457886,-0.17373552918434143,-0.2873033285140991,-0.07182583212852478,0.07197046279907227,0.2179926186800003,-0.8024561405181885,-0.20061403512954712,0.5035273432731628,0.1258818358182907
-0.7140157222747803,-0.2785039246082306,0.039048608392477036,0.009762152098119259,0.15301480889320374,0.038253702223300934,2.2934558391571045,0.8733639717102051,-0.7337552309036255,-0.3834388256072998,-0.03375992178916931,-0.008439980447292328,-1.295615315437317,-0.42390382289886475,-0.2133900225162506,-0.05334750562906265,0.1030610203742981,0.025765255093574524,2.439265727996826,0.9098164439201355,1.5956095457077026,0.19890238344669342,-0.6052923202514648,-0.1513230800628662,-0.1218520998954773,-0.030463024973869324,-0.008012890815734863,-0.002003222703933716,-0.448135107755661,-0.11203377693891525,-0.40442955493927,-0.1011073887348175,0.0911288857460022,0.12278222292661667,-0.5198942422866821,-0.029973559081554413,-0.8229368329048157,-0.20573420822620392,0.15707561373710632,-0.16073110699653625,-0.2824532985687256,-0.0706133246421814,0.3710383474826813,0.09275958687067032,-0.48630574345588684,-0.12157643586397171,0.10628324747085571,-0.07342918962240219,-0.29494208097457886,-0.17373552918434143,-0.2873033285140991,-0.07182583212852478,0.07197046279907227,0.2179926186800003,-0.8024561405181885,-0.20061403512954712,0.5035273432731628,0.1258818358182907
-0.7140157222747803,-0.2785039246082306,0.039048608392477036,0.009762152098119259,0.15301480889320374,0.038253702223300934,2.2934558391571045,0.8733639717102051,-0.7337552309036255,-0.3834388256072998,-0.03375992178916931,-0.008439980447292328,-1.295615315437317,-0.42390382289886475,-0.2133900225162506,-0.05334750562906265,0.1030610203742981,0.025765255093574524,2.439265727996826,0.9098164439201355,1.5956095457077026,0.19890238344669342,-0.6052923202514648,-0.1513230800628662,-0.1218520998954773,-0.030463024973869324,-0.008012890815734863,-0.002003222703933716,-0.448135107755661,-0.11203377693891525,-0.40442955493927,-0.1011073887348175,0.0911288857460022,0.12278222292661667,-0.5198942422866821,-0.029973559081554413,-0.8229368329048157,-0.20573420822620392,0.15707561373710632,-0.16073110699653625,-0.2824532985687256,-0.0706133246421814,0.3710383474826813,0.09275958687067032,-0.48630574345588684,-0.12157643586397171,0.10628324747085571,-0.07342918962240219,-0.29494208097457886,-0.17373552918434143,-0.2873033285140991,-0.07182583212852478,0.07197046279907227,0.2179926186800003,-0.8024561405181885,-0.20061403512954712,0.5035273432731628,0.1258818358182907
-0.7140157222747803,-0.2785039246082306,0.039048608392477036,0.009762152098119259,0.15301480889320374,0.038253702223300934,2.2934558391571045,0.8733639717102051,-0.7337552309036255,-0.3834388256072998,-0.03375992178916931,-0.008439980447292328,-1.295615315437317,-0.42390382289886475,-0.2133900225162506,-0.05334750562906265,0.1030610203742981,0.025765255093574524,2.439265727996826,0.9098164439201355,1.5956095457077026,0.19890238344669342,-0.6052923202514648,-0.1513230800628662,-0.1218520998954773,-0.030463024973869324,-0.008012890815734863,-0.002003222703933716,-0.448135107755661,-0.11203377693891525,-0.40442955493927,-0.1011073887348175,0.0911288857460022,0.12278222292661667,-0.5198942422866821,-0.029973559081554413,-0.8229368329048157,-0.20573420822620392,0.15707561373710632,-0.16073110699653625,-0.2824532985687256,-0.0706133246421814,0.3710383474826813,0.09275958687067032,-0.48630574345588684,-0.12157643586397171,0.10628324747085571,-0.07342918962240219,-0.29494208097457886,-0.17373552918434143,-0.2873033285140991,-0.07182583212852478,0.07197046279907227,0.2179926186800003,-0.8024561405181885,-0.20061403512954712,0.5035273432731628,0.1258818358182907
-0.7140157222747803,-0.2785039246082306,0.039048608392477036,0.009762152098119259,0.15301480889320374,0.038253702223300934,2.2934558391571045,0.8733639717102051,-0.7337552309036255,-0.3834388256072998,-0.03375992178916931,-0.008439980447292328,-1.295615315437317,-0.42390382289886475,-0.2133900225162506,-0.05334750562906265,0.1030610203742981,0.025765255093574524,2.439265727996826,0.9098164439201355,1.5956095457077026,0.19890238344669342,-0.6052923202514648,-0.1513230800628662,-0.1218520998954773,-0.030463024973869324,-0.008012890815734863,-0.002003222703933716,-0.448135107755661,-0.11203377693891525,-0.40442955493927,-0.1011073887348175,0.0911288857460022,0.12278222292661667,-0.5198942422866821,-0.029973559081554413,-0.8229368329048157,-0.20573420822620392,0.15707561373710632,-0.16073110699653625,-0.2824532985687256,-0.0706133246421814,0.3710383474826813,0.09275958687067032,-0.48630574345588684,-0.12157643586397171,0.10628324747085571,-0.07342918962240219,-0.29494208097457886,-0.17373552918434143,-0.2873033285140991,-0.07182583212852478,0.07197046279907227,0.2179926186800003,-0.8024561405181885,-0.20061403512954712,0.5035273432731628,0.1258818358182907
-0.7140157222747803,-0.2785039246082306,0.039048608392477036,0.009762152098119259,0.15301480889320374,0.038253702223300934,2.2934558391571045,0.8733639717102051,-0.7337552309036255,-0.3834388256072998,-0.03375992178916931,-0.008439980447292328,-1.295615315437317,-0.42390382289886475,-0.2133900225162506,-0.05334750562906265,0.1030610203742981,0.025765255093574524,2.439265727996826,0.9098164439201355,1.5956095457077026,0.19890238344669342,-0.6052923202514648,-0.1513230800628662,-0.1218520998954773,-0.030463024973869324,-0.008012890815734863,-0.002003222703933716,-0.448135107755661,-0.11203377693891525,-0.40442955493927,-0.1011073887348175,0.0911288857460022,0.12278222292661667,-0.5198942422866821,-0.029973559081554413,-0.8229368329048157,-0.20573420822620392,0.15707561373710632,-0.16073110699653625,-0.2824532985687256,-0.0706133246421814,0.3710383474826813,0.09275958687067032,-0.48630574345588684,-0.12157643586397171,0.10628324747085571,-0.07342918962240219,-0.29494208097457886,-0.17373552918434143,-0.2873033285140991,-0.07182583212852478,0.07197046279907227,0.2179926186800003,-0.8024561405181885,-0.20061403512954712,0.5035273432731628,0.1258818358182907
-0.7140157222747803,-0.2785039246082306,0.039048608392477036,0.009762152098119259,0.15301480889320374,0.038253702223300934,2.2934558391571045,0.8733639717102051,-0.7337552309036255,-0.3834388256072998,-0.03375992178916931,-0.008439980447292328,-1.295615315437317,-0.42390382289886475,-0.2133900225162506,-0.05334750562906265,0.1030610203742981,0.025765255093574524,2.439265727996826,0.9098164439201355,1.5956095457077026,0.19890238344669342,-0.6052923202514648,-0.1513230800628662,-0.1218520998954773,-0.030463024973869324,-0.008012890815734863,-0.002003222703933716,-0.448135107755661,-0.11203377693891525,-0.40442955493927,-0.1011073887348175,0.0911288857460022,0.12278222292661667,-0.5198942422866821,-0.029973559081554413,-0.8229368329048157,-0.20573420822620392,0.15707561373710632,-0.16073110699653625,-0.2824532985687256,-0.0706133246421814,0.3710383474826813,0.09275958687067032,-0.48630574345588684,-0.12157643586397171,0.10628324747085571,-0.07342918962240219,-0.29494208097457886,-0.17373552918434143,-0.2873033285140991,-0.07182583212852478,0.07197046279907227,0.2179926186800003,-0.8024561405181885,-0.20061403512954712,0.5035273432731628,0.1258818358182907
-0.7140157222747803,-0.2785039246082306,0.039048608392477036,0.009762152098119259,0.15301480889320374,0.038253702223300934,2.2934558391571045,0.8733639717102051,-0.7337552309036255,-0.3834388256072998,-0.03375992178916931,-0.008439980447292328,-1.295615315437317,-0.42390382289886475,-0.2133900225162506,-0.05334750562906265,0.1030610203742981,0.025765255093574524,2.439265727996826,0.9098164439201355,1.5956095457077026,0.19890238344669342,-0.6052923202514648,-0.1513230800628662,-0.1218520998954773,-0.030463024973869324,-0.008012890815734863,-0.002003222703933716,-0.448135107755661,-0.11203377693891525,-0.40442955493927,-0.1011073887348175,0.0911288857460022,0.12278222292661667,-0.5198942422866821,-0.029973559081554413,-0.8229368329048157,-0.20573420822620392,0.15707561373710632,-0.16073110699653625,-0.2824532985687256,-0.0706133246421814,0.3710383474826813,0.09275958687067032,-0.48630574345588684,-0.12157643586397171,0.10628324747085571,-0.07342918962240219,-0.29494208097457886,-0.17373552918434143,-0.2873033285140991,-0.07182583212852478,0.07197046279907227,0.2179926186800003,-0.8024561405181885,-0.20061403512954712,0.5035273432731628,0.1258818358182907
-0.7140157222747803,-0.2785039246082306,0.039048608392477036,0.009762152098119259,0.15301480889320374,0.038253702223300934,2.2934558391571045,0.8733639717102051,-0.7337552309036255,-0.3834388256072998,-0.03375992178916931,-0.008439980447292328,-1.295615315437317,-0.42390382289886475,-0.2133900225162506,-0.05334750562906265,0.1030610203742981,0.025765255093574524,2.439265727996826,0.9098164439201355,1.5956095457077026,0.19890238344669342,-0.6052923202514648,-0.1513230800628662,-0.1218520998954773,-0.030463024973869324,-0.008012890815734863,-0.002003222703933716,-0.448135107755661,-0.11203377693891525,-0.40442955493927,-0.1011073887348175,0.0911288857460022,0.12278222292661667,-0.5198942422866821,-0.029973559081554413,-0.8229368329048157,-0.20573420822620392,0.15707561373710632,-0.16073110699653625,-0.2824532985687256,-0.0706133246421814,0.3710383474826813,0.09275958687067032,-0.48630574345588684,-0.12157643586397171,0.10628324747085571,-0.07342918962240219,-0.29494208097457886,-0.17373552918434143,-0.2873033285140991,-0.07182583212852478,0.07197046279907227,0.2179926186800003,-0.8024561405181885,-0.20061403512954712,0.5035273432731628,0.1258818358182907
-0.7140157222747803,-0.2785039246082306,0.039048608392477036,0.009762152098119259,0.15301480889320374,0.038253702223300934,2.2934558391571045,0.8733639717102051,-0.7337552309036255,-0.3834388256072998,-0.03375992178916931,-0.008439980447292328,-1.295615315437317,-0.42390382289886475,-0.2133900225162506,-0.05334750562906265,0.1030610203742981,0.025765255093574524,2.439265727996826,0.9098164439201355,1.5956095457077026,0.19890238344669342,-0.6052923202514648,-0.1513230800628662,-0.1218520998954773,-0.030463024973869324,-0.008012890815734863,-0.002003222703933716,-0.448135107755661,-0.11203377693891525,-0.40442955493927,-0.1011073887348175,0.0911288857460022,0.12278222292661667,-0.5198942422866821,-0.029973559081554413,-0.8229368329048157,-0.20573420822620392,0.15707561373710632,-0.16073110699653625,-0.2824532985687256,-0.0706133246421814,0.3710383474826813,0.09275958687067032,-0.48630574345588684,-0.12157643586397171,0.10628324747085571,-0.07342918962240219,-0.29494208097457886,-0.17373552918434143,-0.2873033285140991,-0.07182583212852478,0.07197046279907227,0.2179926186800003,-0.8024561405181885,-0.20061403512954712,0.5035273432731628,0.1258818358182907
-0.7140157222747803,-0.2785039246082306,0.039048608392477036,0.009762152098119259,0.15301480889320374,0.038253702223300934,2.2934558391571045,0.8733639717102051,-0.7337552309036255,-0.3834388256072998,-0.03375992178916931,-0.008439980447292328,-1.295615315437317,-0.42390382289886475,-0.2133900225162506,-0.05334750562906265,0.1030610203742981,0.025765255093574524,2.439265727996826,0.9098164439201355,1.5956095457077026,0.19890238344669342,-0.6052923202514648,-0.1513230800628662,-0.1218520998954773,-0.030463024973869324,-0.008012890815734863,-0.002003222703933716,-0.448135107755661,-0.11203377693891525,-0.40442955493927,-0.1011073887348175,0.0911288857460022,0.12278222292661667,-0.5198942422866821,-0.029973559081554413,-0.8229368329048157,-0.20573420822620392,0.15707561373710632,-0.16073110699653625,-0.2824532985687256,-0.0706133246421814,0.3710383474826813,0.09275958687067032,-0.48630574345588684,-0.12157643586397171,0.10628324747085571,-0.07342918962240219,-0.29494208097457886,-0.17373552918434143,-0.2873033285140991,-0.07182583212852478,0.07197046279907227,0.2179926186800003,-0.8024561405181885,-0.20061403512954712,0.5035273432731628,0.1258818358182907
-0.7140157222747803,-0.2785039246082306,0.039048608392477036,0.009762152098119259,0.15301480889320374,0.038253702223300934,2.2934558391571045,0.8733639717102051,-0.7337552309036255,-0.3834388256072998,-0.03375992178916931,-0.008439980447292328,-1.295615315437317,-0.42390382289886475,-0.2133900225162506,-0.05334750562906265,0.1030610203742981,0.025765255093574524,2.439265727996826,0.9098164439201355,1.5956095457077026,0.19890238344669342,-0.6052923202514648,-0.1513230800628662,-0.1218520998954773,-0.030463024973869324,-0.008012890815734863,-0.002003222703933716,-0.448135107755661,-0.11203377693891525,-0.40442955493927,-0.1011073887348175,0.0911288857460022,0.12278222292661667,-0.5198942422866821,-0.029973559081554413,-0.8229368329048157,-0.20573420822620392,0.15707561373710632,-0.16073110699653625,-0.2824532985687256,-0.0706133246421814,0.3710383474826813,0.09275958687067032,-0.48630574345588684,-0.12157643586397171,0.10628324747085571,-0.07342918962240219,-0.29494208097457886,-0.17373552918434143,-0.2873033285140991,-0.07182583212852478,0.07197046279907227,0.2179926186800003,-0.8024561405181885,-0.20061403512954712,0.5035273432731628,0.1258818358182907
-0.7875032424926758,-0.29687580466270447,0.23666119575500488,0.05916529893875122,0.12064952403306961,0.030162381008267403,2.2083263397216797,0.8520815968513489,-0.5238802433013916,-0.33097004890441895,-0.33208930492401123,-0.08302232623100281,-1.0649133920669556,-0.3662283420562744,-0.42805957794189453,-0.10701489448547363,0.14323531091213226,0.035808827728033066,2.487154722213745,0.9217886924743652,1.3501790761947632,0.13754476606845856,-0.5797498822212219,-0.14493747055530548,0.03260738402605057,0.008151846006512642,-0.04179747402667999,-0.010449368506669998,-0.35361701250076294,-0.08840425312519073,-0.661700963973999,-0.16542524099349976,0.2865295112133026,0.17163237929344177,0.5784925818443298,0.24462315440177917,-0.20335686206817627,-0.05083921551704407,-0.13589069247245789,-0.2339726686477661,-0.5656033158302307,-0.14140082895755768,-0.4310373067855835,-0.10775932669639587,-0.433236300945282,-0.1083090752363205,-0.288633793592453,-0.17215844988822937,0.22527912259101868,-0.04368022084236145,-0.6303141117095947,-0.15757852792739868,-0.12667806446552277,0.16833049058914185,-0.7506739497184753,-0.18766848742961884,-0.38504382967948914,-0.09626095741987228
-0.7875032424926758,-0.29687580466270447,0.23666119575500488,0.05916529893875122,0.12064952403306961,0.030162381008267403,2.2083263397216797,0.8520815968513489,-0.5238802433013916,-0.33097004890441895,-0.33208930492401123,-0.08302232623100281,-1.0649133920669556,-0.3662283420562744,-0.42805957794189453,-0.10701489448547363,0.14323531091213226,0.035808827728033066,2.487154722213745,0.9217886924743652,1.3501790761947632,0.13754476606845856,-0.5797498822212219,-0.14493747055530548,0.03260738402605057,0.008151846006512642,-0.04179747402667999,-0.010449368506669998,-0.35361701250076294,-0.08840425312519073,-0.661700963973999,-0.16542524099349976,0.2865295112133026,0.17163237929344177,0.5784925818443298,0.24462315440177917,-0.20335686206817627,-0.05083921551704407,-0.13589069247245789,-0.2339726686477661,-0.5656033158302307,-0.14140082895755768,-0.4310373067855835,-0.10775932669639587,-0.433236300945282,-0.1083090752363205,-0.288633793592453,-0.17215844988822937,0.22527912259101868,-0.04368022084236145,-0.6303141117095947,-0.15757852792739868,-0.12667806446552277,0.16833049058914185,-0.7506739497184753,-0.18766848742961884,-0.38504382967948914,-0.09626095741987228
-0.7875032424926758,-0.29687580466270447,0.23666119575500488,0.05916529893875122,0.12064952403306961,0.030162381008267403,2.2083263397216797,0.8520815968513489,-0.5238802433013916,-0.33097004890441895,-0.33208930492401123,-0.08302232623100281,-1.0649133920669556,-0.3662283420562744,-0.42805957794189453,-0.10701489448547363,0.14323531091213226,0.035808827728033066,2.487154722213745,0.9217886924743652,1.3501790761947632,0.13754476606845856,-0.5797498822212219,-0.14493747055530548,0.03260738402605057,0.008151846006512642,-0.04179747402667999,-0.010449368506669998,-0.35361701250076294,-0.08840425312519073,-0.661700963973999,-0.16542524099349976,0.2865295112133026,0.17163237929344177,0.5784925818443298,0.24462315440177917,-0.20335686206817627,-0.05083921551704407,-0.13589069247245789,-0.2339726686477661,-0.5656033158302307,-0.14140082895755768,-0.4310373067855835,-0.10775932669639587,-0.433236300945282,-0.1083090752363205,-0.288633793592453,-0.17215844988822937,0.22527912259101868,-0.04368022084236145,-0.6303141117095947,-0.15757852792739868,-0.12667806446552277,0.16833049058914185,-0.7506739497184753,-0.18766848742961884,-0.38504382967948914,-0.09626095741987228
-0.7875032424926758,-0.29687580466270447,0.23666119575500488,0.05916529893875122,0.12064952403306961,0.030162381008267403,2.2083263397216797,0.8520815968513489,-0.5238802433013916,-0.33097004890441895,-0.33208930492401123,-0.08302232623100281,-1.0649133920669556,-0.3662283420562744,-0.42805957794189453,-0.10701489448547363,0.14323531091213226,0.035808827728033066,2.487154722213745,0.9217886924743652,1.3501790761947632,0.13754476606845856,-0.5797498822212219,-0.14493747055530548,0.03260738402605057,0.008151846006512642,-0.04179747402667999,-0.010449368506669998,-0.35361701250076294,-0.08840425312519073,-0.661700963973999,-0.16542524099349976,0.2865295112133026,0.17163237929344177,0.5784925818443298,0.24462315440177917,-0.20335686206817627,-0.05083921551704407,-0.13589069247245789,-0.2339726686477661,-0.5656033158302307,-0.14140082895755768,-0.4310373067855835,-0.10775932669639587,-0.433236300945282,-0.1083090752363205,-0.288633793592453,-0.17215844988822937,0.22527912259101868,-0.04368022084236145,-0.6303141117095947,-0.15757852792739868,-0.12667806446552277,0.16833049058914185,-0.7506739497184753,-0.18766848742961884,-0.38504382967948914,-0.09626095741987228
-0.7875032424926758,-0.29687580466270447,0.23666119575500488,0.05916529893875122,0.12064952403306961,0.030162381008267403,2.2083263397216797,0.8520815968513489,-0.5238802433013916,-0.33097004890441895,-0.33208930492401123,-0.08302232623100281,-1.0649133920669556,-0.3662283420562744,-0.42805957794189453,-0.10701489448547363,0.14323531091213226,0.035808827728033066,2.487154722213745,0.9217886924743652,1.3501790761947632,0.13754476606845856,-0.5797498822212219,-0.14493747055530548,0.03260738402605057,0.008151846006512642,-0.04179747402667999,-0.010449368506669998,-0.35361701250076294,-0.08840425312519073,-0.661700963973999,-0.16542524099349976,0.2865295112133026,0.17163237929344177,0.5784925818443298,0.24462315440177917,-0.20335686206817627,-0.05083921551704407,-0.13589069247245789,-0.2339726686477661,-0.5656033158302307,-0.14140082895755768,-0.4310373067855835,-0.10775932669639587,-0.433236300945282,-0.1083090752363205,-0.288633793592453,-0.17215844988822937,0.22527912259101868,-0.04368022084236145,-0.6303141117095947,-0.15757852792739868,-0.12667806446552277,0.16833049058914185,-0.7506739497184753,-0.18766848742961884,-0.38504382967948914,-0.09626095741987228
-0.7875032424926758,-0.29687580466270447,0.23666119575500488,0.05916529893875122,0.12064952403306961,0.030162381008267403,2.2083263397216797,0.8520815968513489,-0.5238802433013916,-0.33097004890441895,-0.33208930492401123,-0.08302232623100281,-1.0649133920669556,-0.3662283420562744,-0.42805957794189453,-0.10701489448547363,0.14323531091213226,0.035808827728033066,2.487154722213745,0.9217886924743652,1.3501790761947632,0.13754476606845856,-0.5797498822212219,-0.14493747055530548,0.03260738402605057,0.008151846006512642,-0.04179747402667999,-0.010449368506669998,-0.35361701250076294,-0.08840425312519073,-0.661700963973999,-0.16542524099349976,0.2865295112133026,0.17163237929344177,0.5784925818443298,0.24462315440177917,-0.20335686206817627,-0.05083921551704407,-0.13589069247245789,-0.2339726686477661,-0.5656033158302307,-0.14140082895755768,-0.4310373067855835,-0.10775932669639587,-0.433236300945282,-0.1083090752363205,-0.288633793592453,-0.17215844988822937,0.22527912259101868,-0.04368022084236145,-0.6303141117095947,-0.15757852792739868,-0.12667806446552277,0.16833049058914185,-0.7506739497184753,-0.18766848742961884,-0.38504382967948914,-0.09626095741987228
-0.7875032424926758,-0.29687580466270447,0.23666119575500488,0.05916529893875122,0.12064952403306961,0.030162381008267403,2.2083263397216797,0.8520815968513489,-0.5238802433013916,-0.33097004890441895,-0.33208930492401123,-0.08302232623100281,-1.0649133920669556,-0.3662283420562744,-0.42805957794189453,-0.10701489448547363,0.14323531091213226,0.035808827728033066,2.487154722213745,0.9217886924743652,1.3501790761947632,0.13754476606845856,-0.5797498822212219,-0.14493747055530548,0.03260738402605057,0.008151846006512642,-0.04179747402667999,-0.010449368506669998,-0.35361701250076294,-0.08840425312519073,-0.661700963973999,-0.16542524099349976,0.2865295112133026,0.17163237929344177,0.5784925818443298,0.24462315440177917,-0.20335686206817627,-0.05083921551704407,-0.13589069247245789,-0.2339726686477661,-0.5656033158302307,-0.14140082895755768,-0.4310373067855835,-0.10775932669639587,-0.433236300945282,-0.1083090752363205,-0.288633793592453,-0.17215844988822937,0.22527912259101868,-0.04368022084236145,-0.6303141117095947,-0.15757852792739868,-0.12667806446552277,0.16833049058914185,-0.7506739497184753,-0.18766848742961884,-0.38504382967948914,-0.09626095741987228
-0.7875032424926758,-0.29687580466270447,0.23666119575500488,0.05916529893875122,0.12064952403306961,0.030162381008267403,2.2083263397216797,0.8520815968513489,-0.5238802433013916,-0.33097004890441895,-0.33208930492401123,-0.08302232623100281,-1.0649133920669556,-0.3662283420562744,-0.42805957794189453,-0.10701489448547363,0.14323531091213226,0.035808827728033066,2.487154722213745,0.9217886924743652,1.3501790761947632,0.13754476606845856,-0.5797498822212219,-0.14493747055530548,0.03260738402605057,0.008151846006512642,-0.04179747402667999,-0.010449368506669998,-0.35361701250076294,-0.08840425312519073,-0.661700963973999,-0.16542524099349976,0.2865295112133026,0.17163237929344177,0.5784925818443298,0.24462315440177917,-0.20335686206817627,-0.05083921551704407,-0.13589069247245789,-0.2339726686477661,-0.5656033158302307,-0.14140082895755768,-0.4310373067855835,-0.10775932669639587,-0.433236300945282,-0.1083090752363205,-0.288633793592453,-0.17215844988822937,0.22527912259101868,-0.04368022084236145,-0.6303141117095947,-0.15757852792739868,-0.12667806446552277,0.16833049058914185,-0.7506739497184753,-0.18766848742961884,-0.38504382967948914,-0.09626095741987228
-0.7875032424926758,-0.29687580466270447,0.23666119575500488,0.05916529893875122,0.12064952403306961,0.030162381008267403,2.2083263397216797,0.8520815968513489,-0.5238802433013916,-0.33097004890441895,-0.33208930492401123,-0.08302232623100281,-1.0649133920669556,-0.3662283420562744,-0.42805957794189453,-0.10701489448547363,0.14323531091213226,0.035808827728033066,2.487154722213745,0.9217886924743652,1.3501790761947632,0.13754476606845856,-0.5797498822212219,-0.14493747055530548,0.03260738402605057,0.008151846006512642,-0.04179747402667999,-0.010449368506669998,-0.35361701250076294,-0.08840425312519073,-0.661700963973999,-0.16542524099349976,0.2865295112133026,0.17163237929344177,0.5784925818443298,0.24462315440177917,-0.20335686206817627,-0.05083921551704407,-0.13589069247245789,-0.2339726686477661,-0.5656033158302307,-0.14140082895755768,-0.4310373067855835,-0.10775932669639587,-0.433236300945282,-0.1083090752363205,-0.288633793592453,-0.17215844988822937,0.22527912259101868,-0.04368022084236145,-0.6303141117095947,-0.15757852792739868,-0.12667806446552277,0.16833049058914185,-0.7506739497184753,-0.18766848742961884,-0.38504382967948914,-0.09626095741987228
-0.7875032424926758,-0.29687580466270447,0.23666119575500488,0.05916529893875122,0.12064952403306961,0.030162381008267403,2.2083263397216797,0.8520815968513489,-0.5238802433013916,-0.33097004890441895,-0.33208930492401123,-0.08302232623100281,-1.0649133920669556,-0.3662283420562744,-0.42805957794189453,-0.10701489448547363,0.14323531091213226,0.035808827728033066,2.487154722213745,0.9217886924743652,1.3501790761947632,0.13754476606845856,-0.5797498822212219,-0.14493747055530548,0.03260738402605057,0.008151846006512642,-0.04179747402667999,-0.010449368506669998,-0.35361701250076294,-0.08840425312519073,-0.661700963973999,-0.16542524099349976,0.2865295112133026,0.17163237929344177,0.5784925818443298,0.24462315440177917,-0.20335686206817627,-0.05083921551704407,-0.13589069247245789,-0.2339726686477661,-0.5656033158302307,-0.14140082895755768,-0.4310373067855835,-0.10775932669639587,-0.433236300945282,-0.1083090752363205,-0.288633793592453,-0.17215844988822937,0.22527912259101868,-0.04368022084236145,-0.6303141117095947,-0.15757852792739868,-0.12667806446552277,0.16833049058914185,-0.7506739497184753,-0.18766848742961884,-0.38504382967948914,-0.09626095741987228
-0.7875032424926758,-0.29687580466270447,0.23666119575500488,0.05916529893875122,0.12064952403306961,0.030162381008267403,2.2083263397216797,0.8520815968513489,-0.5238802433013916,-0.33097004890441895,-0.33208930492401123,-0.08302232623100281,-1.0649133920669556,-0.3662283420562744,-0.42805957794189453,-0.10701489448547363,0.14323531091213226,0.035808827728033066,2.487154722213745,0.9217886924743652,1.3501790761947632,0.13754476606845856,-0.5797498822212219,-0.14493747055530548,0.03260738402605057,0.008151846006512642,-0.04179747402667999,-0.010449368506669998,-0.35361701250076294,-0.08840425312519073,-0.661700963973999,-0.16542524099349976,0.2865295112133026,0.17163237929344177,0.5784925818443298,0.24462315440177917,-0.20335686206817627,-0.05083921551704407,-0.13589069247245789,-0.2339726686477661,-0.5656033158302307,-0.14140082895755768,-0.4310373067855835,-0.10775932669639587,-0.433236300945282,-0.1083090752363205,-0.288633793592453,-0.17215844988822937,0.22527912259101868,-0.04368022084236145,-0.6303141117095947,-0.15757852792739868,-0.12667806446552277,0.16833049058914185,-0.7506739497184753,-0.18766848742961884,-0.38504382967948914,-0.09626095741987228
-0.7875032424926758,-0.29687580466270447,0.23666119575500488,0.05916529893875122,0.12064952403306961,0.030162381008267403,2.2083263397216797,0.8520815968513489,-0.5238802433013916,-0.33097004890441895,-0.33208930492401123,-0.08302232623100281,-1.0649133920669556,-0.3662283420562744,-0.42805957794189453,-0.10701489448547363,0.14323531091213226,0.035808827728033066,2.487154722213745,0.9217886924743652,1.3501790761947632,0.13754476606845856,-0.5797498822212219,-0.14493747055530548,0.03260738402605057,0.008151846006512642,-0.04179747402667999,-0.010449368506669998,-0.35361701250076294,-0.08840425312519073,-0.661700963973999,-0.16542524099349976,0.2865295112133026,0.17163237929344177,0.5784925818443298,0.24462315440177917,-0.20335686206817627,-0.05083921551704407,-0.13589069247245789,-0.2339726686477661,-0.5656033158302307,-0.14140082895755768,-0.4310373067855835,-0.10775932669639587,-0.433236300945282,-0.1083090752363205,-0.288633793592453,-0.17215844988822937,0.22527912259101868,-0.04368022084236145,-0.6303141117095947,-0.15757852792739868,-0.12667806446552277,0.16833049058914185,-0.7506739497184753,-0.18766848742961884,-0.38504382967948914,-0.09626095741987228
-0.7875032424926758,-0.29687580466270447,0.23666119575500488,0.05916529893875122,0.12064952403306961,0.030162381008267403,2.2083263397216797,0.8520815968513489,-0.5238802433013916,-0.33097004890441895,-0.33208930492401123,-0.08302232623100281,-1.0649133920669556,-0.3662283420562744,-0.42805957794189453,-0.10701489448547363,0.14323531091213226,0.035808827728033066,2.487154722213745,0.9217886924743652,1.3501790761947632,0.13754476606845856,-0.5797498822212219,-0.14493747055530548,0.03260738402605057,0.008151846006512642,-0.04179747402667999,-0.010449368506669998,-0.35361701250076294,-0.08840425312519073,-0.661700963973999,-0.16542524099349976,0.2865295112133026,0.17163237929344177,0.5784925818443298,0.24462315440177917,-0.20335686206817627,-0.05083921551704407,-0.13589069247245789,-0.2339726686477661,-0.5656033158302307,-0.14140082895755768,-0.4310373067855835,-0.10775932669639587,-0.433236300945282,-0.1083090752363205,-0.288633793592453,-0.17215844988822937,0.22527912259101868,-0.04368022084236145,-0.6303141117095947,-0.15757852792739868,-0.12667806446552277,0.16833049058914185,-0.7506739497184753,-0.18766848742961884,-0.38504382967948914,-0.09626095741987228
-0.7875032424926758,-0.29687580466270447,0.23666119575500488,0.05916529893875122,0.12064952403306961,0.030162381008267403,2.2083263397216797,0.8520815968513489,-0.5238802433013916,-0.33097004890441895,-0.33208930492401123,-0.08302232623100281,-1.0649133920669556,-0.3662283420562744,-0.42805957794189453,-0.10701489448547363,0.14323531091213226,0.035808827728033066,2.487154722213745,0.9217886924743652,1.3501790761947632,0.13754476606845856,-0.5797498822212219,-0.14493747055530548,0.03260738402605057,0.008151846006512642,-0.04179747402667999,-0.010449368506669998,-0.35361701250076294,-0.08840425312519073,-0.661700963973999,-0.16542524099349976,0.2865295112133026,0.17163237929344177,0.5784925818443298,0.24462315440177917,-0.20335686206817627,-0.05083921551704407,-0.13589069247245789,-0.2339726686477661,-0.5656033158302307,-0.14140082895755768,-0.4310373067855835,-0.10775932669639587,-0.433236300945282,-0.1083090752363205,-0.288633793592453,-0.17215844988822937,0.22527912259101868,-0.04368022084236145,-0.6303141117095947,-0.15757852792739868,-0.12667806446552277,0.16833049058914185,-0.7506739497184753,-0.18766848742961884,-0.38504382967948914,-0.09626095741987228
-0.7875032424926758,-0.29687580466270447,0.23666119575500488,0.05916529893875122,0.12064952403306961,0.030162381008267403,2.2083263397216797,0.8520815968513489,-0.5238802433013916,-0.33097004890441895,-0.33208930492401123,-0.08302232623100281,-1.0649133920669556,-0.3662283420562744,-0.42805957794189453,-0.10701489448547363,0.14323531091213226,0.035808827728033066,2.487154722213745,0.9217886924743652,1.3501790761947632,0.13754476606845856,-0.5797498822212219,-0.14493747055530548,0.03260738402605057,0.008151846006512642,-0.04179747402667999,-0.010449368506669998,-0.35361701250076294,-0.08840425312519073,-0.661700963973999,-0.16542524099349976,0.2865295112133026,0.17163237929344177,0.5784925818443298,0.24462315440177917,-0.20335686206817627,-0.05083921551704407,-0.13589069247245789,-0.2339726686477661,-0.5656033158302307,-0.14140082895755768,-0.4310373067855835,-0.10775932669639587,-0.433236300945282,-0.1083090752363205,-0.288633793592453,-0.17215844988822937,0.22527912259101868,-0.04368022084236145,-0.6303141117095947,-0.15757852792739868,-0.12667806446552277,0.16833049058914185,-0.7506739497184753,-0.18766848742961884,-0.38504382967948914,-0.09626095741987228
-0.7875032424926758,-0.29687580466270447,0.23666119575500488,0.05916529893875122,0.12064952403306961,0.030162381008267403,2.2083263397216797,0.8520815968513489,-0.5238802433013916,-0.33097004890441895,-0.33208930492401123,-0.08302232623100281,-1.0649133920669556,-0.3662283420562744,-0.42805957794189453,-0.10701489448547363,0.14323531091213226,0.035808827728033066,2.487154722213745,0.9217886924743652,1.3501790761947632,0.13754476606845856,-0.5797498822212219,-0.14493747055530548,0.03260738402605057,0.008151846006512642,-0.04179747402667999,-0.010449368506669998,-0.35361701250076294,-0.08840425312519073,-0.661700963973999,-0.16542524099349976,0.2865295112133026,0.17163237929344177,0.5784925818443298,0.24462315440177917,-0.20335686206817627,-0.05083921551704407,-0.13589069247245789,-0.2339726686477661,-0.5656033158302307,-0.14140082895755768,-0.4310373067855835,-0.10775932669639587,-0.433236300945282,-0.1083090752363205,-0.288633793592453,-0.17215844988822937,0.22527912259101868,-0.04368022084236145,-0.6303141117095947,-0.15757852792739868,-0.12667806446552277,0.16833049058914185,-0.7506739497184753,-0.18766848742961884,-0.38504382967948914,-0.09626095741987228
-0.7875032424926758,-0.29687580466270447,0.23666119575500488,0.05916529893875122,0.12064952403306961,0.030162381008267403,2.2083263397216797,0.8520815968513489,-0.5238802433013916,-0.33097004890441895,-0.33208930492401123,-0.08302232623100281,-1.0649133920669556,-0.3662283420562744,-0.42805957794189453,-0.10701489448547363,0.14323531091213226,0.035808827728033066,2.487154722213745,0.9217886924743652,1.3501790761947632,0.13754476606845856,-0.5797498822212219,-0.14493747055530548,0.03260738402605057,0.008151846006512642,-0.04179747402667999,-0.010449368506669998,-0.35361701250076294,-0.08840425312519073,-0.661700963973999,-0.16542524099349976,0.2865295112133026,0.17163237929344177,0.5784925818443298,0.24462315440177917,-0.20335686206817627,-0.05083921551704407,-0.13589069247245789,-0.2339726686477661,-0.5656033158302307,-0.14140082895755768,-0.4310373067855835,-0.10775932669639587,-0.433236300945282,-0.1083090752363205,-0.288633793592453,-0.17215844988822937,0.22527912259101868,-0.04368022084236145,-0.6303141117095947,-0.15757852792739868,-0.12667806446552277,0.16833049058914185,-0.7506739497184753,-0.18766848742961884,-0.38504382967948914,-0.09626095741987228
-0.697446346282959,-0.27436158061027527,0.09442709386348724,0.02360677346587181,0.12384671717882156,0.03096167929470539,2.2650887966156006,0.8662722110748291,-0.5902112126350403,-0.3475528061389923,-0.12712129950523376,-0.03178032487630844,-1.4049495458602905,-0.45123738050460815,-0.2500624358654022,-0.06251560896635056,0.1482555866241455,0.03706389665603638,2.4829342365264893,0.9207335710525513,1.333078384399414,0.13326959311962128,-0.6687490940093994,-0.16718727350234985,-0.07077894359827042,-0.017694735899567604,0.009920313954353333,0.002480078488588333,-0.43354538083076477,-0.10838634520769119,-0.4167102575302124,-0.1041775643825531,0.10925186425447464,0.12731297314167023,-0.47486817836761475,-0.018717043101787567,-0.7738337516784668,-0.1934584379196167,0.19931259751319885,-0.15017184615135193,-0.3334067761898041,-0.08335169404745102,0.44864630699157715,0.11216157674789429,-0.5403903126716614,-0.13509757816791534,0.0441259928047657,-0.08896850049495697,-0.3291785717010498,-0.18229463696479797,-0.24344250559806824,-0.06086062639951706,0.11495675146579742,0.2287391871213913,-0.7826094627380371,-0.19565236568450928,0.4864634573459625,0.12161586433649063
-0.697446346282959,-0.27436158061027527,0.09442709386348724,0.02360677346587181,0.12384671717882156,0.03096167929470539,2.2650887966156006,0.8662722110748291,-0.5902112126350403,-0.3475528061389923,-0.12712129950523376,-0.03178032487630844,-1.4049495458602905,-0.45123738050460815,-0.2500624358654022,-0.06251560896635056,0.1482555866241455,0.03706389665603638,2.4829342365264893,0.9207335710525513,1.333078384399414,0.13326959311962128,-0.6687490940093994,-0.16718727350234985,-0.07077894359827042,-0.017694735899567604,0.009920313954353333,0.002480078488588333,-0.43354538083076477,-0.10838634520769119,-0.4167102575302124,-0.1041775643825531,0.10925186425447464,0.12731297314167023,-0.47486817836761475,-0.018717043101787567,-0.7738337516784668,-0.1934584379196167,0.19931259751319885,-0.15017184615135193,-0.3334067761898041,-0.08335169404745102,0.44864630699157715,0.11216157674789429,-0.5403903126716614,-0.13509757816791534,0.0441259928047657,-0.08896850049495697,-0.3291785717010498,-0.18229463696479797,-0.24344250559806824,-0.06086062639951706,0.11495675146579742,0.2287391871213913,-0.7826094627380371,-0.19565236568450928,0.4864634573459625,0.12161586433649063
-0.697446346282959,-0.27436158061027527,0.09442709386348724,0.02360677346587181,0.12384671717882156,0.03096167929470539,2.2650887966156006,0.8662722110748291,-0.5902112126350403,-0.3475528061389923,-0.12712129950523376,-0.03178032487630844,-1.4049495458602905,-0.45123738050460815,-0.2500624358654022,-0.06251560896635056,0.1482555866241455,0.03706389665603638,2.4829342365264893,0.9207335710525513,1.333078384399414,0.13326959311962128,-0.6687490940093994,-0.16718727350234985,-0.07077894359827042,-0.017694735899567604,0.009920313954353333,0.002480078488588333,-0.43354538083076477,-0.10838634520769119,-0.4167102575302124,-0.1041775643825531,0.10925186425447464,0.12731297314167023,-0.47486817836761475,-0.018717043101787567,-0.7738337516784668,-0.1934584379196167,0.19931259751319885,-0.15017184615135193,-0.3334067761898041,-0.08335169404745102,0.44864630699157715,0.11216157674789429,-0.5403903126716614,-0.13509757816791534,0.0441259928047657,-0.08896850049495697,-0.3291785717010498,-0.18229463696479797,-0.24344250559806824,-0.06086062639951706,0.11495675146579742,0.2287391871213913,-0.7826094627380371,-0.19565236568450928,0.4864634573459625,0.12161586433649063
-0.697446346282959,-0.27436158061027527,0.09442709386348724,0.02360677346587181,0.12384671717882156,0.03096167929470539,2.2650887966156006,0.8662722110748291,-0.5902112126350403,-0.3475528061389923,-0.12712129950523376,-0.03178032487630844,-1.4049495458602905,-0.45123738050460815,-0.2500624358654022,-0.06251560896635056,0.1482555866241455,0.03706389665603638,2.4829342365264893,0.9207335710525513,1.333078384399414,0.13326959311962128,-0.6687490940093994,-0.16718727350234985,-0.07077894359827042,-0.017694735899567604,0.009920313954353333,0.002480078488588333,-0.43354538083076477,-0.10838634520769119,-0.4167102575302124,-0.1041775643825531,0.10925186425447464,0.12731297314167023,-0.47486817836761475,-0.018717043101787567,-0.7738337516784668,-0.1934584379196167,0.19931259751319885,-0.15017184615135193,-0.3334067761898041,-0.08335169404745102,0.44864630699157715,0.11216157674789429,-0.5403903126716614,-0.13509757816791534,0.0441259928047657,-0.08896850049495697,-0.3291785717010498,-0.18229463696479797,-0.24344250559806824,-0.06086062639951706,0.11495675146579742,0.2287391871213913,-0.7826094627380371,-0.19565236568450928,0.4864634573459625,0.12161586433649063
-0.697446346282959,-0.27436158061027527,0.09442709386348724,0.02360677346587181,0.12384671717882156,0.03096167929470539,2.2650887966156006,0.8662722110748291,-0.5902112126350403,-0.3475528061389923,-0.12712129950523376,-0.03178032487630844,-1.4049495458602905,-0.45123738050460815,-0.2500624358654022,-0.06251560896635056,0.1482555866241455,0.03706389665603638,2.4829342365264893,0.9207335710525513,1.333078384399414,0.13326959311962128,-0.6687490940093994,-0.16718727350234985,-0.07077894359827042,-0.017694735899567604,0.009920313954353333,0.002480078488588333,-0.43354538083076477,-0.10838634520769119,-0.4167102575302124,-0.1041775643825531,0.10925186425447464,0.12731297314167023,-0.47486817836761475,-0.018717043101787567,-0.7738337516784668,-0.1934584379196167,0.19931259751319885,-0.15017184615135193,-0.3334067761898041,-0.08335169404745102,0.44864630699157715,0.11216157674789429,-0.5403903126716614,-0.13509757816791534,0.0441259928047657,-0.08896850049495697,-0.3291785717010498,-0.18229463696479797,-0.24344250559806824,-0.06086062639951706,0.11495675146579742,0.2287391871213913,-0.7826094627380371,-0.19565236568450928,0.4864634573459625,0.12161586433649063
-0.697446346282959,-0.27436158061027527,0.09442709386348724,0.02360677346587181,0.12384671717882156,0.03096167929470539,2.2650887966156006,0.8662722110748291,-0.5902112126350403,-0.3475528061389923,-0.12712129950523376,-0.03178032487630844,-1.4049495458602905,-0.45123738050460815,-0.2500624358654022,-0.06251560896635056,0.1482555866241455,0.03706389665603638,2.4829342365264893,0.9207335710525513,1.333078384399414,0.13326959311962128,-0.6687490940093994,-0.16718727350234985,-0.07077894359827042,-0.017694735899567604,0.009920313954353333,0.002480078488588333,-0.43354538083076477,-0.10838634520769119,-0.4167102575302124,-0.1041775643825531,0.10925186425447464,0.12731297314167023,-0.47486817836761475,-0.018717043101787567,-0.7738337516784668,-0.1934584379196167,0.19931259751319885,-0.15017184615135193,-0.3334067761898041,-0.08335169404745102,0.44864630699157715,0.11216157674789429,-0.5403903126716614,-0.13509757816791534,0.0441259928047657,-0.08896850049495697,-0.3291785717010498,-0.18229463696479797,-0.24344250559806824,-0.06086062639951706,0.11495675146579742,0.2287391871213913,-0.7826094627380371,-0.19565236568450928,0.4864634573459625,0.12161586433649063
-0.697446346282959,-0.27436158061027527,0.09442709386348724,0.02360677346587181,0.12384671717882156,0.03096167929470539,2.2650887966156006,0.8662722110748291,-0.5902112126350403,-0.3475528061389923,-0.12712129950523376,-0.03178032487630844,-1.4049495458602905,-0.45123738050460815,-0.2500624358654022,-0.06251560896635056,0.1482555866241455,0.03706389665603638,2.4829342365264893,0.9207335710525513,1.333078384399414,0.13326959311962128,-0.6687490940093994,-0.16718727350234985,-0.07077894359827042,-0.017694735899567604,0.009920313954353333,0.002480078488588333,-0.43354538083076477,-0.10838634520769119,-0.4167102575302124,-0.1041775643825531,0.10925186425447464,0.12731297314167023,-0.47486817836761475,-0.018717043101787567,-0.7738337516784668,-0.1934584379196167,0.19931259751319885,-0.15017184615135193,-0.3334067761898041,-0.08335169404745102,0.44864630699157715,0.11216157674789429,-0.5403903126716614,-0.13509757816791534,0.0441259928047657,-0.08896850049495697,-0.3291785717010498,-0.18229463696479797,-0.24344250559806824,-0.06086062639951706,0.11495675146579742,0.2287391871213913,-0.7826094627380371,-0.19565236568450928,0.4864634573459625,0.12161586433649063
-0.697446346282959,-0.27436158061027527,0.09442709386348724,0.02360677346587181,0.12384671717882156,0.03096167929470539,2.2650887966156006,0.8662722110748291,-0.5902112126350403,-0.3475528061389923,-0.12712129950523376,-0.03178032487630844,-1.4049495458602905,-0.45123738050460815,-0.2500624358654022,-0.06251560896635056,0.1482555866241455,0.03706389665603638,2.4829342365264893,0.9207335710525513,1.333078384399414,0.13326959311962128,-0.6687490940093994,-0.16718727350234985,-0.07077894359827042,-0.017694735899567604,0.009920313954353333,0.002480078488588333,-0.43354538083076477,-0.10838634520769119,-0.4167102575302124,-0.1041775643825531,0.10925186425447464,0.12731297314167023,-0.47486817836761475,-0.018717043101787567,-0.7738337516784668,-0.1934584379196167,0.19931259751319885,-0.15017184615135193,-0.3334067761898041,-0.08335169404745102,0.44864630699157715,0.11216157674789429,-0.5403903126716614,-0.13509757816791534,0.0441259928047657,-0.08896850049495697,-0.3291785717010498,-0.18229463696479797,-0.24344250559806824,-0.06086062639951706,0.11495675146579742,0.2287391871213913,-0.7826094627380371,-0.19565236568450928,0.4864634573459625,0.12161586433649063
-0.697446346282959,-0.27436158061027527,0.09442709386348724,0.02360677346587181,0.12384671717882156,0.03096167929470539,2.2650887966156006,0.8662722110748291,-0.5902112126350403,-0.3475528061389923,-0.12712129950523376,-0.03178032487630844,-1.4049495458602905,-0.45123738050460815,-0.2500624358654022,-0.06251560896635056,0.1482555866241455,0.03706389665603638,2.4829342365264893,0.9207335710525513,1.333078384399414,0.13326959311962128,-0.6687490940093994,-0.16718727350234985,-0.07077894359827042,-0.017694735899567604,0.009920313954353333,0.002480078488588333,-0.43354538083076477,-0.10838634520769119,-0.4167102575302124,-0.1041775643825531,0.10925186425447464,0.12731297314167023,-0.47486817836761475,-0.018717043101787567,-0.7738337516784668,-0.1934584379196167,0.19931259751319885,-0.15017184615135193,-0.3334067761898041,-0.08335169404745102,0.44864630699157715,0.11216157674789429,-0.5403903126716614,-0.13509757816791534,0.0441259928047657,-0.08896850049495697,-0.3291785717010498,-0.18229463696479797,-0.24344250559806824,-0.06086062639951706,0.11495675146579742,0.2287391871213913,-0.7826094627380371,-0.19565236568450928,0.4864634573459625,0.12161586433649063
-0.697446346282959,-0.27436158061027527,0.09442709386348724,0.02360677346587181,0.12384671717882156,0.03096167929470539,2.2650887966156006,0.8662722110748291,-0.5902112126350403,-0.3475528061389923,-0.12712129950523376,-0.03178032487630844,-1.4049495458602905,-0.45123738050460815,-0.2500624358654022,-0.06251560896635056,0.1482555866241455,0.03706389665603638,2.4829342365264893,0.9207335710525513,1.333078384399414,0.13326959311962128,-0.6687490940093994,-0.16718727350234985,-0.07077894359827042,-0.017694735899567604,0.009920313954353333,0.002480078488588333,-0.43354538083076477,-0.10838634520769119,-0.4167102575302124,-0.1041775643825531,0.10925186425447464,0.12731297314167023,-0.47486817836761475,-0.018717043101787567,-0.7738337516784668,-0.1934584379196167,0.19931259751319885,-0.15017184615135193,-0.3334067761898041,-0.08335169404745102,0.44864630699157715,0.11216157674789429,-0.5403903126716614,-0.13509757816791534,0.0441259928047657,-0.08896850049495697,-0.3291785717010498,-0.18229463696479797,-0.24344250559806824,-0.06086062639951706,0.11495675146579742,0.2287391871213913,-0.7826094627380371,-0.19565236568450928,0.4864634573459625,0.12161586433649063
-0.697446346282959,-0.27436158061027527,0.09442709386348724,0.02360677346587181,0.12384671717882156,0.03096167929470539,2.2650887966156006,0.8662722110748291,-0.5902112126350403,-0.3475528061389923,-0.12712129950523376,-0.03178032487630844,-1.4049495458602905,-0.45123738050460815,-0.2500624358654022,-0.06251560896635056,0.1482555866241455,0.03706389665603638,2.4829342365264893,0.9207335710525513,1.333078384399414,0.13326959311962128,-0.6687490940093994,-0.16718727350234985,-0.07077894359827042,-0.017694735899567604,0.009920313954353333,0.002480078488588333,-0.43354538083076477,-0.10838634520769119,-0.4167102575302124,-0.1041775643825531,0.10925186425447464,0.12731297314167023,-0.47486817836761475,-0.018717043101787567,-0.7738337516784668,-0.1934584379196167,0.19931259751319885,-0.15017184615135193,-0.3334067761898041,-0.08335169404745102,0.44864630699157715,0.11216157674789429,-0.5403903126716614,-0.13509757816791534,0.0441259928047657,-0.08896850049495697,-0.3291785717010498,-0.18229463696479797,-0.24344250559806824,-0.06086062639951706,0.11495675146579742,0.2287391871213913,-0.7826094627380371,-0.19565236568450928,0.4864634573459625,0.12161586433649063
-0.697446346282959,-0.27436158061027527,0.09442709386348724,0.02360677346587181,0.12384671717882156,0.03096167929470539,2.2650887966156006,0.8662722110748291,-0.5902112126350403,-0.3475528061389923,-0.12712129950523376,-0.03178032487630844,-1.4049495458602905,-0.45123738050460815,-0.2500624358654022,-0.06251560896635056,0.1482555866241455,0.03706389665603638,2.4829342365264893,0.9207335710525513,1.333078384399414,0.13326959311962128,-0.6687490940093994,-0.16718727350234985,-0.07077894359827042,-0.017694735899567604,0.009920313954353333,0.002480078488588333,-0.43354538083076477,-0.10838634520769119,-0.4167102575302124,-0.1041775643825531,0.10925186425447464,0.12731297314167023,-0.47486817836761475,-0.018717043101787567,-0.7738337516784668,-0.1934584379196167,0.19931259751319885,-0.15017184615135193,-0.3334067761898041,-0.08335169404745102,0.44864630699157715,0.11216157674789429,-0.5403903126716614,-0.13509757816791534,0.0441259928047657,-0.08896850049495697,-0.3291785717010498,-0.18229463696479797,-0.24344250559806824,-0.06086062639951706,0.11495675146579742,0.2287391871213913,-0.7826094627380371,-0.19565236568450928,0.4864634573459625,0.12161586433649063
-0.697446346282959,-0.27436158061027527,0.09442709386348724,0.02360677346587181,0.12384671717882156,0.03096167929470539,2.2650887966156006,0.8662722110748291,-0.5902112126350403,-0.3475528061389923,-0.12712129950523376,-0.03178032487630844,-1.4049495458602905,-0.45123738050460815,-0.2500624358654022,-0.06251560896635056,0.1482555866241455,0.03706389665603638,2.4829342365264893,0.9207335710525513,1.333078384399414,0.13326959311962128,-0.6687490940093994,-0.16718727350234985,-0.07077894359827042,-0.017694735899567604,0.009920313954353333,0.002480078488588333,-0.43354538083076477,-0.10838634520769119,-0.4167102575302124,-0.1041775643825531,0.10925186425447464,0.12731297314167023,-0.47486817836761475,-0.018717043101787567,-0.7738337516784668,-0.1934584379196167,0.19931259751319885,-0.15017184615135193,-0.3334067761898041,-0.08335169404745102,0.44864630699157715,0.11216157674789429,-0.5403903126716614,-0.13509757816791534,0.0441259928047657,-0.08896850049495697,-0.3291785717010498,-0.18229463696479797,-0.24344250559806824,-0.06086062639951706,0.11495675146579742,0.2287391871213913,-0.7826094627380371,-0.19565236568450928,0.4864634573459625,0.12161586433649063
-0.697446346282959,-0.27436158061027527,0.09442709386348724,0.02360677346587181,0.12384671717882156,0.03096167929470539,2.2650887966156006,0.8662722110748291,-0.5902112126350403,-0.3475528061389923,-0.12712129950523376,-0.03178032487630844,-1.4049495458602905,-0.45123738050460815,-0.2500624358654022,-0.06251560896635056,0.1482555866241455,0.03706389665603638,2.4829342365264893,0.9207335710525513,1.333078384399414,0.13326959311962128,-0.6687490940093994,-0.16718727350234985,-0.07077894359827042,-0.017694735899567604,0.009920313954353333,0.002480078488588333,-0.43354538083076477,-0.10838634520769119,-0.4167102575302124,-0.1041775643825531,0.10925186425447464,0.12731297314167023,-0.47486817836761475,-0.018717043101787567,-0.7738337516784668,-0.1934584379196167,0.19931259751319885,-0.15017184615135193,-0.3334067761898041,-0.08335169404745102,0.44864630699157715,0.11216157674789429,-0.5403903126716614,-0.13509757816791534,0.0441259928047657,-0.08896850049495697,-0.3291785717010498,-0.18229463696479797,-0.24344250559806824,-0.06086062639951706,0.11495675146579742,0.2287391871213913,-0.7826094627380371,-0.19565236568450928,0.4864634573459625,0.12161586433649063
-0.697446346282959,-0.27436158061027527,0.09442709386348724,0.02360677346587181,0.12384671717882156,0.03096167929470539,2.2650887966156006,0.8662722110748291,-0.5902112126350403,-0.3475528061389923,-0.12712129950523376,-0.03178032487630844,-1.4049495458602905,-0.45123738050460815,-0.2500624358654022,-0.06251560896635056,0.1482555866241455,0.03706389665603638,2.4829342365264893,0.9207335710525513,1.333078384399414,0.13326959311962128,-0.6687490940093994,-0.16718727350234985,-0.07077894359827042,-0.017694735899567604,0.009920313954353333,0.002480078488588333,-0.43354538083076477,-0.10838634520769119,-0.4167102575302124,-0.1041775643825531,0.10925186425447464,0.12731297314167023,-0.47486817836761475,-0.018717043101787567,-0.7738337516784668,-0.1934584379196167,0.19931259751319885,-0.15017184615135193,-0.3334067761898041,-0.08335169404745102,0.44864630699157715,0.11216157674789429,-0.5403903126716614,-0.13509757816791534,0.0441259928047657,-0.08896850049495697,-0.3291785717010498,-0.18229463696479797,-0.24344250559806824,-0.06086062639951706,0.11495675146579742,0.2287391871213913,-0.7826094627380371,-0.19565236568450928,0.4864634573459625,0.12161586433649063
-0.697446346282959,-0.27436158061027527,0.09442709386348724,0.02360677346587181,0.12384671717882156,0.03096167929470539,2.2650887966156006,0.8662722110748291,-0.5902112126350403,-0.3475528061389923,-0.12712129950523376,-0.03178032487630844,-1.4049495458602905,-0.45123738050460815,-0.2500624358654022,-0.06251560896635056,0.1482555866241455,0.03706389665603638,2.4829342365264893,0.9207335710525513,1.333078384399414,0.13326959311962128,-0.6687490940093994,-0.16718727350234985,-0.07077894359827042,-0.017694735899567604,0.009920313954353333,0.002480078488588333,-0.43354538083076477,-0.10838634520769119,-0.4167102575302124,-0.1041775643825531,0.10925186425447464,0.12731297314167023,-0.47486817836761475,-0.018717043101787567,-0.7738337516784668,-0.1934584379196167,0.19931259751319885,-0.15017184615135193,-0.3334067761898041,-0.08335169404745102,0.44864630699157715,0.11216157674789429,-0.5403903126716614,-0.13509757816791534,0.0441259928047657,-0.08896850049495697,-0.3291785717010498,-0.18229463696479797,-0.24344250559806824,-0.06086062639951706,0.11495675146579742,0.2287391871213913,-0.7826094627380371,-0.19565236568450928,0.4864634573459625,0.12161586433649063
-0.697446346282959,-0.27436158061027527,0.09442709386348724,0.02360677346587181,0.12384671717882156,0.03096167929470539,2.2650887966156006,0.8662722110748291,-0.5902112126350403,-0.3475528061389923,-0.12712129950523376,-0.03178032487630844,-1.4049495458602905,-0.45123738050460815,-0.2500624358654022,-0.06251560896635056,0.1482555866241455,0.03706389665603638,2.4829342365264893,0.9207335710525513,1.333078384399414,0.13326959311962128,-0.6687490940093994,-0.16718727350234985,-0.07077894359827042,-0.017694735899567604,0.009920313954353333,0.002480078488588333,-0.43354538083076477,-0.10838634520769119,-0.4167102575302124,-0.1041775643825531,0.10925186425447464,0.12731297314167023,-0.47486817836761475,-0.018717043101787567,-0.7738337516784668,-0.1934584379196167,0.19931259751319885,-0.15017184615135193,-0.3334067761898041,-0.08335169404745102,0.44864630699157715,0.11216157674789429,-0.5403903126716614,-0.13509757816791534,0.0441259928047657,-0.08896850049495697,-0.3291785717010498,-0.18229463696479797,-0.24344250559806824,-0.06086062639951706,0.11495675146579742,0.2287391871213913,-0.7826094627380371,-0.19565236568450928,0.4864634573459625,0.12161586433649063
-0.6316635012626648,-0.2579158842563629,0.2244020253419876,0.0561005063354969,0.12615829706192017,0.03153957426548004,2.2123026847839355,0.8530756831169128,-0.49031564593315125,-0.32257890701293945,-0.4542982578277588,-0.1135745644569397,-1.3327000141143799,-0.4331749975681305,-0.3656371235847473,-0.09140928089618683,0.09863302111625671,0.02465825527906418,2.4327926635742188,0.9081981778144836,1.0639861822128296,0.06599654257297516,-0.6560826301574707,-0.16402065753936768,0.034179896116256714,0.008544974029064178,-0.020706862211227417,-0.005176715552806854,-0.3063908815383911,-0.07659772038459778,-0.6003617644309998,-0.15009044110774994,0.19804377853870392,0.1495109498500824,0.5397822856903076,0.23494556546211243,-0.18472164869308472,-0.04618041217327118,-0.20041650533676147,-0.2501041293144226,-0.41218623518943787,-0.10304655879735947,-0.4358120858669281,-0.10895302146673203,-0.4814068675041199,-0.12035171687602997,-0.30400413274765015,-0.17600104212760925,0.2767331004142761,-0.03081672638654709,-0.6941637992858887,-0.17354094982147217,-0.14796589314937592,0.16300852596759796,-0.7846178412437439,-0.19615446031093597,-0.3558288514614105,-0.08895721286535263
-0.6316635012626648,-0.2579158842563629,0.2244020253419876,0.0561005063354969,0.12615829706192017,0.03153957426548004,2.2123026847839355,0.8530756831169128,-0.49031564593315125,-0.32257890701293945,-0.4542982578277588,-0.1135745644569397,-1.3327000141143799,-0.4331749975681305,-0.3656371235847473,-0.09140928089618683,0.09863302111625671,0.02465825527906418,2.4327926635742188,0.9081981778144836,1.0639861822128296,0.06599654257297516,-0.6560826301574707,-0.16402065753936768,0.034179896116256714,0.008544974029064178,-0.020706862211227417,-0.005176715552806854,-0.3063908815383911,-0.07659772038459778,-0.6003617644309998,-0.15009044110774994,0.19804377853870392,0.1495109498500824,0.5397822856903076,0.23494556546211243,-0.18472164869308472,-0.04618041217327118,-0.20041650533676147,-0.2501041293144226,-0.41218623518943787,-0.10304655879735947,-0.4358120858669281,-0.10895302146673203,-0.4814068675041199,-0.12035171687602997,-0.30400413274765015,-0.17600104212760925,0.2767331004142761,-0.03081672638654709,-0.6941637992858887,-0.17354094982147217,-0.14796589314937592,0.16300852596759796,-0.7846178412437439,-0.19615446031093597,-0.3558288514614105,-0.08895721286535263
-0.6316635012626648,-0.2579158842563629,0.2244020253419876,0.0561005063354969,0.12615829706192017,0.03153957426548004,2.2123026847839355,0.8530756831169128,-0.49031564593315125,-0.32257890701293945,-0.4542982578277588,-0.1135745644569397,-1.3327000141143799,-0.4331749975681305,-0.3656371235847473,-0.09140928089618683,0.09863302111625671,0.02465825527906418,2.4327926635742188,0.9081981778144836,1.0639861822128296,0.06599654257297516,-0.6560826301574707,-0.16402065753936768,0.034179896116256714,0.008544974029064178,-0.020706862211227417,-0.005176715552806854,-0.3063908815383911,-0.07659772038459778,-0.6003617644309998,-0.15009044110774994,0.19804377853870392,0.1495109498500824,0.5397822856903076,0.23494556546211243,-0.18472164869308472,-0.04618041217327118,-0.20041650533676147,-0.2501041293144226,-0.41218623518943787,-0.10304655879735947,-0.4358120858669281,-0.10895302146673203,-0.4814068675041199,-0.12035171687602997,-0.30400413274765015,-0.17600104212760925,0.2767331004142761,-0.03081672638654709,-0.6941637992858887,-0.17354094982147217,-0.14796589314937592,0.16300852596759796,-0.7846178412437439,-0.19615446031093597,-0.3558288514614105,-0.08895721286535263
-0.6316635012626648,-0.2579158842563629,0.2244020253419876,0.0561005063354969,0.12615829706192017,0.03153957426548004,2.2123026847839355,0.8530756831169128,-0.49031564593315125,-0.32257890701293945,-0.4542982578277588,-0.1135745644569397,-1.3327000141143799,-0.4331749975681305,-0.3656371235847473,-0.09140928089618683,0.09863302111625671,0.02465825527906418,2.4327926635742188,0.9081981778144836,1.0639861822128296,0.06599654257297516,-0.6560826301574707,-0.16402065753936768,0.034179896116256714,0.008544974029064178,-0.020706862211227417,-0.005176715552806854,-0.3063908815383911,-0.07659772038459778,-0.6003617644309998,-0.15009044110774994,0.19804377853870392,0.1495109498500824,0.5397822856903076,0.23494556546211243,-0.18472164869308472,-0.04618041217327118,-0.20041650533676147,-0.2501041293144226,-0.41218623518943787,-0.10304655879735947,-0.4358120858669281,-0.10895302146673203,-0.4814068675041199,-0.12035171687602997,-0.30400413274765015,-0.17600104212760925,0.2767331004142761,-0.03081672638654709,-0.6941637992858887,-0.17354094982147217,-0.14796589314937592,0.16300852596759796,-0.7846178412437439,-0.19615446031093597,-0.3558288514614105,-0.08895721286535263
-0.6316635012626648,-0.2579158842563629,0.2244020253419876,0.0561005063354969,0.12615829706192017,0.03153957426548004,2.2123026847839355,0.8530756831169128,-0.49031564593315125,-0.32257890701293945,-0.4542982578277588,-0.1135745644569397,-1.3327000141143799,-0.4331749975681305,-0.3656371235847473,-0.09140928089618683,0.09863302111625671,0.02465825527906418,2.4327926635742188,0.9081981778144836,1.0639861822128296,0.06599654257297516,-0.6560826301574707,-0.16402065753936768,0.034179896116256714,0.008544974029064178,-0.020706862211227417,-0.005176715552806854,-0.3063908815383911,-0.07659772038459778,-0.6003617644309998,-0.15009044110774994,0.19804377853870392,0.1495109498500824,0.5397822856903076,0.23494556546211243,-0.18472164869308472,-0.04618041217327118,-0.20041650533676147,-0.2501041293144226,-0.41218623518943787,-0.10304655879735947,-0.4358120858669281,-0.10895302146673203,-0.4814068675041199,-0.12035171687602997,-0.30400413274765015,-0.17600104212760925,0.2767331004142761,-0.03081672638654709,-0.6941637992858887,-0.17354094982147217,-0.14796589314937592,0.16300852596759796,-0.7846178412437439,-0.19615446031093597,-0.3558288514614105,-0.08895721286535263
-0.6316635012626648,-0.2579158842563629,0.2244020253419876,0.0561005063354969,0.12615829706192017,0.03153957426548004,2.2123026847839355,0.8530756831169128,-0.49031564593315125,-0.32257890701293945,-0.4542982578277588,-0.1135745644569397,-1.3327000141143799,-0.4331749975681305,-0.3656371235847473,-0.09140928089618683,0.09863302111625671,0.02465825527906418,2.4327926635742188,0.9081981778144836,1.0639861822128296,0.06599654257297516,-0.6560826301574707,-0.16402065753936768,0.034179896116256714,0.008544974029064178,-0.020706862211227417,-0.005176715552806854,-0.3063908815383911,-0.07659772038459778,-0.6003617644309998,-0.15009044110774994,0.19804377853870392,0.1495109498500824,0.5397822856903076,0.23494556546211243,-0.18472164869308472,-0.04618041217327118,-0.20041650533676147,-0.2501041293144226,-0.41218623518943787,-0.10304655879735947,-0.4358120858669281,-0.10895302146673203,-0.4814068675041199,-0.12035171687602997,-0.30400413274765015,-0.17600104212760925,0.2767331004142761,-0.03081672638654709,-0.6941637992858887,-0.17354094982147217,-0.14796589314937592,0.16300852596759796,-0.7846178412437439,-0.19615446031093597,-0.3558288514614105,-0.08895721286535263
-0.6316635012626648,-0.2579158842563629,0.2244020253419876,0.0561005063354969,0.12615829706192017,0.03153957426548004,2.2123026847839355,0.8530756831169128,-0.49031564593315125,-0.32257890701293945,-0.4542982578277588,-0.1135745644569397,-1.3327000141143799,-0.4331749975681305,-0.3656371235847473,-0.09140928089618683,0.09863302111625671,0.02465825527906418,2.4327926635742188,0.9081981778144836,1.0639861822128296,0.06599654257297516,-0.6560826301574707,-0.16402065753936768,0.034179896116256714,0.008544974029064178,-0.020706862211227417,-0.005176715552806854,-0.3063908815383911,-0.07659772038459778,-0.6003617644309998,-0.15009044110774994,0.19804377853870392,0.1495109498500824,0.5397822856903076,0.23494556546211243,-0.18472164869308472,-0.04618041217327118,-0.20041650533676147,-0.2501041293144226,-0.41218623518943787,-0.10304655879735947,-0.4358120858669281,-0.10895302146673203,-0.4814068675041199,-0.12035171687602997,-0.30400413274765015,-0.17600104212760925,0.2767331004142761,-0.03081672638654709,-0.6941637992858887,-0.17354094982147217,-0.14796589314937592,0.16300852596759796,-0.7846178412437439,-0.19615446031093597,-0.3558288514614105,-0.08895721286535263
-0.6316635012626648,-0.2579158842563629,0.2244020253419876,0.0561005063354969,0.12615829706192017,0.03153957426548004,2.2123026847839355,0.8530756831169128,-0.49031564593315125,-0.32257890701293945,-0.4542982578277588,-0.1135745644569397,-1.3327000141143799,-0.4331749975681305,-0.3656371235847473,-0.09140928089618683,0.09863302111625671,0.02465825527906418,2.4327926635742188,0.9081981778144836,1.0639861822128296,0.06599654257297516,-0.6560826301574707,-0.16402065753936768,0.034179896116256714,0.008544974029064178,-0.020706862211227417,-0.005176715552806854,-0.3063908815383911,-0.07659772038459778,-0.6003617644309998,-0.15009044110774994,0.19804377853870392,0.1495109498500824,0.5397822856903076,0.23494556546211243,-0.18472164869308472,-0.04618041217327118,-0.20041650533676147,-0.2501041293144226,-0.41218623518943787,-0.10304655879735947,-0.4358120858669281,-0.10895302146673203,-0.4814068675041199,-0.12035171687602997,-0.30400413274765015,-0.17600104212760925,0.2767331004142761,-0.03081672638654709,-0.6941637992858887,-0.17354094982147217,-0.14796589314937592,0.16300852596759796,-0.7846178412437439,-0.19615446031093597,-0.3558288514614105,-0.08895721286535263
-0.6316635012626648,-0.2579158842563629,0.2244020253419876,0.0561005063354969,0.12615829706192017,0.03153957426548004,2.2123026847839355,0.8530756831169128,-0.49031564593315125,-0.32257890701293945,-0.4542982578277588,-0.1135745644569397,-1.3327000141143799,-0.4331749975681305,-0.3656371235847473,-0.09140928089618683,0.09863302111625671,0.02465825527906418,2.4327926635742188,0.9081981778144836,1.0639861822128296,0.06599654257297516,-0.6560826301574707,-0.16402065753936768,0.034179896116256714,0.008544974029064178,-0.020706862211227417,-0.005176715552806854,-0.3063908815383911,-0.07659772038459778,-0.6003617644309998,-0.15009044110774994,0.19804377853870392,0.1495109498500824,0.5397822856903076,0.23494556546211243,-0.18472164869308472,-0.04618041217327118,-0.20041650533676147,-0.2501041293144226,-0.41218623518943787,-0.10304655879735947,-0.4358120858669281,-0.10895302146673203,-0.4814068675041199,-0.12035171687602997,-0.30400413274765015,-0.17600104212760925,0.2767331004142761,-0.03081672638654709,-0.6941637992858887,-0.17354094982147217,-0.14796589314937592,0.16300852596759796,-0.7846178412437439,-0.19615446031093597,-0.3558288514614105,-0.08895721286535263
-0.6316635012626648,-0.2579158842563629,0.2244020253419876,0.0561005063354969,0.12615829706192017,0.03153957426548004,2.2123026847839355,0.8530756831169128,-0.49031564593315125,-0.32257890701293945,-0.4542982578277588,-0.1135745644569397,-1.3327000141143799,-0.4331749975681305,-0.3656371235847473,-0.09140928089618683,0.09863302111625671,0.02465825527906418,2.4327926635742188,0.9081981778144836,1.0639861822128296,0.06599654257297516,-0.6560826301574707,-0.16402065753936768,0.034179896116256714,0.008544974029064178,-0.020706862211227417,-0.005176715552806854,-0.3063908815383911,-0.07659772038459778,-0.6003617644309998,-0.15009044110774994,0.19804377853870392,0.1495109498500824,0.5397822856903076,0.23494556546211243,-0.18472164869308472,-0.04618041217327118,-0.20041650533676147,-0.2501041293144226,-0.41218623518943787,-0.10304655879735947,-0.4358120858669281,-0.10895302146673203,-0.4814068675041199,-0.12035171687602997,-0.30400413274765015,-0.17600104212760925,0.2767331004142761,-0.03081672638654709,-0.6941637992858887,-0.17354094982147217,-0.14796589314937592,0.16300852596759796,-0.7846178412437439,-0.19615446031093597,-0.3558288514614105,-0.08895721286535263
-0.6316635012626648,-0.2579158842563629,0.2244020253419876,0.0561005063354969,0.12615829706192017,0.03153957426548004,2.2123026847839355,0.8530756831169128,-0.49031564593315125,-0.32257890701293945,-0.4542982578277588,-0.1135745644569397,-1.3327000141143799,-0.4331749975681305,-0.3656371235847473,-0.09140928089618683,0.09863302111625671,0.02465825527906418,2.4327926635742188,0.9081981778144836,1.0639861822128296,0.06599654257297516,-0.6560826301574707,-0.16402065753936768,0.034179896116256714,0.008544974029064178,-0.020706862211227417,-0.005176715552806854,-0.3063908815383911,-0.07659772038459778,-0.6003617644309998,-0.15009044110774994,0.19804377853870392,0.1495109498500824,0.5397822856903076,0.23494556546211243,-0.18472164869308472,-0.04618041217327118,-0.20041650533676147,-0.2501041293144226,-0.41218623518943787,-0.10304655879735947,-0.4358120858669281,-0.10895302146673203,-0.4814068675041199,-0.12035171687602997,-0.30400413274765015,-0.17600104212760925,0.2767331004142761,-0.03081672638654709,-0.6941637992858887,-0.17354094982147217,-0.14796589314937592,0.16300852596759796,-0.7846178412437439,-0.19615446031093597,-0.3558288514614105,-0.08895721286535263
-0.6316635012626648,-0.2579158842563629,0.2244020253419876,0.0561005063354969,0.12615829706192017,0.03153957426548004,2.2123026847839355,0.8530756831169128,-0.49031564593315125,-0.32257890701293945,-0.4542982578277588,-0.1135745644569397,-1.3327000141143799,-0.4331749975681305,-0.3656371235847473,-0.09140928089618683,0.09863302111625671,0.02465825527906418,2.4327926635742188,0.9081981778144836,1.0639861822128296,0.06599654257297516,-0.6560826301574707,-0.16402065753936768,0.034179896116256714,0.008544974029064178,-0.020706862211227417,-0.005176715552806854,-0.3063908815383911,-0.07659772038459778,-0.6003617644309998,-0.15009044110774994,0.19804377853870392,0.1495109498500824,0.5397822856903076,0.23494556546211243,-0.18472164869308472,-0.04618041217327118,-0.20041650533676147,-0.2501041293144226,-0.41218623518943787,-0.10304655879735947,-0.4358120858669281,-0.10895302146673203,-0.4814068675041199,-0.12035171687602997,-0.30400413274765015,-0.17600104212760925,0.2767331004142761,-0.03081672638654709,-0.6941637992858887,-0.17354094982147217,-0.14796589314937592,0.16300852596759796,-0.7846178412437439,-0.19615446031093597,-0.3558288514614105,-0.08895721286535263
-0.6316635012626648,-0.2579158842563629,0.2244020253419876,0.0561005063354969,0.12615829706192017,0.03153957426548004,2.2123026847839355,0.8530756831169128,-0.49031564593315125,-0.32257890701293945,-0.4542982578277588,-0.1135745644569397,-1.3327000141143799,-0.4331749975681305,-0.3656371235847473,-0.09140928089618683,0.09863302111625671,0.02465825527906418,2.4327926635742188,0.9081981778144836,1.0639861822128296,0.06599654257297516,-0.6560826301574707,-0.16402065753936768,0.034179896116256714,0.008544974029064178,-0.020706862211227417,-0.005176715552806854,-0.3063908815383911,-0.07659772038459778,-0.6003617644309998,-0.15009044110774994,0.19804377853870392,0.1495109498500824,0.5397822856903076,0.23494556546211243,-0.18472164869308472,-0.04618041217327118,-0.20041650533676147,-0.2501041293144226,-0.41218623518943787,-0.10304655879735947,-0.4358120858669281,-0.10895302146673203,-0.4814068675041199,-0.12035171687602997,-0.30400413274765015,-0.17600104212760925,0.2767331004142761,-0.03081672638654709,-0.6941637992858887,-0.17354094982147217,-0.14796589314937592,0.16300852596759796,-0.7846178412437439,-0.19615446031093597,-0.3558288514614105,-0.08895721286535263
-0.6316635012626648,-0.2579158842563629,0.2244020253419876,0.0561005063354969,0.12615829706192017,0.03153957426548004,2.2123026847839355,0.8530756831169128,-0.49031564593315125,-0.32257890701293945,-0.4542982578277588,-0.1135745644569397,-1.3327000141143799,-0.4331749975681305,-0.3656371235847473,-0.09140928089618683,0.09863302111625671,0.02465825527906418,2.4327926635742188,0.9081981778144836,1.0639861822128296,0.06599654257297516,-0.6560826301574707,-0.16402065753936768,0.034179896116256714,0.008544974029064178,-0.020706862211227417,-0.005176715552806854,-0.3063908815383911,-0.07659772038459778,-0.6003617644309998,-0.15009044110774994,0.19804377853870392,0.1495109498500824,0.5397822856903076,0.23494556546211243,-0.18472164869308472,-0.04618041217327118,-0.20041650533676147,-0.2501041293144226,-0.41218623518943787,-0.10304655879735947,-0.4358120858669281,-0.10895302146673203,-0.4814068675041199,-0.12035171687602997,-0.30400413274765015,-0.17600104212760925,0.2767331004142761,-0.03081672638654709,-0.6941637992858887,-0.17354094982147217,-0.14796589314937592,0.16300852596759796,-0.7846178412437439,-0.19615446031093597,-0.3558288514614105,-0.08895721286535263
-0.6316635012626648,-0.2579158842563629,0.2244020253419876,0.0561005063354969,0.12615829706192017,0.03153957426548004,2.2123026847839355,0.8530756831169128,-0.49031564593315125,-0.32257890701293945,-0.4542982578277588,-0.1135745644569397,-1.3327000141143799,-0.4331749975681305,-0.3656371235847473,-0.09140928089618683,0.09863302111625671,0.02465825527906418,2.4327926635742188,0.9081981778144836,1.0639861822128296,0.06599654257297516,-0.6560826301574707,-0.16402065753936768,0.034179896116256714,0.008544974029064178,-0.020706862211227417,-0.005176715552806854,-0.3063908815383911,-0.07659772038459778,-0.6003617644309998,-0.15009044110774994,0.19804377853870392,0.1495109498500824,0.5397822856903076,0.23494556546211243,-0.18472164869308472,-0.04618041217327118,-0.20041650533676147,-0.2501041293144226,-0.41218623518943787,-0.10304655879735947,-0.4358120858669281,-0.10895302146673203,-0.4814068675041199,-0.12035171687602997,-0.30400413274765015,-0.17600104212760925,0.2767331004142761,-0.03081672638654709,-0.6941637992858887,-0.17354094982147217,-0.14796589314937592,0.16300852596759796,-0.7846178412437439,-0.19615446031093597,-0.3558288514614105,-0.08895721286535263
-0.6316635012626648,-0.2579158842563629,0.2244020253419876,0.0561005063354969,0.12615829706192017,0.03153957426548004,2.2123026847839355,0.8530756831169128,-0.49031564593315125,-0.32257890701293945,-0.4542982578277588,-0.1135745644569397,-1.3327000141143799,-0.4331749975681305,-0.3656371235847473,-0.09140928089618683,0.09863302111625671,0.02465825527906418,2.4327926635742188,0.9081981778144836,1.0639861822128296,0.06599654257297516,-0.6560826301574707,-0.16402065753936768,0.034179896116256714,0.008544974029064178,-0.020706862211227417,-0.005176715552806854,-0.3063908815383911,-0.07659772038459778,-0.6003617644309998,-0.15009044110774994,0.19804377853870392,0.1495109498500824,0.5397822856903076,0.23494556546211243,-0.18472164869308472,-0.04618041217327118,-0.20041650533676147,-0.2501041293144226,-0.41218623518943787,-0.10304655879735947,-0.4358120858669281,-0.10895302146673203,-0.4814068675041199,-0.12035171687602997,-0.30400413274765015,-0.17600104212760925,0.2767331004142761,-0.03081672638654709,-0.6941637992858887,-0.17354094982147217,-0.14796589314937592,0.16300852596759796,-0.7846178412437439,-0.19615446031093597,-0.3558288514614105,-0.08895721286535263
-0.6316635012626648,-0.2579158842563629,0.2244020253419876,0.0561005063354969,0.12615829706192017,0.03153957426548004,2.2123026847839355,0.8530756831169128,-0.49031564593315125,-0.32257890701293945,-0.4542982578277588,-0.1135745644569397,-1.3327000141143799,-0.4331749975681305,-0.3656371235847473,-0.09140928089618683,0.09863302111625671,0.02465825527906418,2.4327926635742188,0.9081981778144836,1.0639861822128296,0.06599654257297516,-0.6560826301574707,-0.16402065753936768,0.034179896116256714,0.008544974029064178,-0.020706862211227417,-0.005176715552806854,-0.3063908815383911,-0.07659772038459778,-0.6003617644309998,-0.15009044110774994,0.19804377853870392,0.1495109498500824,0.5397822856903076,0.23494556546211243,-0.18472164869308472,-0.04618041217327118,-0.20041650533676147,-0.2501041293144226,-0.41218623518943787,-0.10304655879735947,-0.4358120858669281,-0.10895302146673203,-0.4814068675041199,-0.12035171687602997,-0.30400413274765015,-0.17600104212760925,0.2767331004142761,-0.03081672638654709,-0.6941637992858887,-0.17354094982147217,-0.14796589314937592,0.16300852596759796,-0.7846178412437439,-0.19615446031093597,-0.3558288514614105,-0.08895721286535263
-0.5607558488845825,-0.24018895626068115,0.10101360082626343,0.025253400206565857,0.12812654674053192,0.03203163668513298,2.27221941947937,0.8680548667907715,-0.5455130338668823,-0.336378276348114,-0.22951343655586243,-0.05737835913896561,-1.602102518081665,-0.5005256533622742,-0.1741781234741211,-0.04354453086853027,0.09531287848949432,0.02382821962237358,2.4026894569396973,0.9006723761558533,0.9966586828231812,0.04916466772556305,-0.6756991147994995,-0.16892477869987488,-0.08233683556318283,-0.020584208890795708,0.04404783621430397,0.011011959053575993,-0.37340012192726135,-0.09335003048181534,-0.3584340214729309,-0.08960850536823273,0.11151446402072906,0.12787862122058868,-0.4792744219303131,-0.019818603992462158,-0.6882532835006714,-0.17206332087516785,0.2444869577884674,-0.1388782560825348,-0.36361420154571533,-0.09090355038642883,0.4347299039363861,0.10868247598409653,-0.553324818611145,-0.13833120465278625,0.05273418501019478,-0.0868164524435997,-0.38321322202682495,-0.19580331444740295,-0.21039527654647827,-0.05259881913661957,0.12656170129776,0.23164042830467224,-0.7932789325714111,-0.19831973314285278,0.44600653648376465,0.11150163412094116
-0.5607558488845825,-0.24018895626068115,0.10101360082626343,0.025253400206565857,0.12812654674053192,0.03203163668513298,2.27221941947937,0.8680548667907715,-0.5455130338668823,-0.336378276348114,-0.22951343655586243,-0.05737835913896561,-1.602102518081665,-0.5005256533622742,-0.1741781234741211,-0.04354453086853027,0.09531287848949432,0.02382821962237358,2.4026894569396973,0.9006723761558533,0.9966586828231812,0.04916466772556305,-0.6756991147994995,-0.16892477869987488,-0.08233683556318283,-0.020584208890795708,0.04404783621430397,0.011011959053575993,-0.37340012192726135,-0.09335003048181534,-0.3584340214729309,-0.08960850536823273,0.11151446402072906,0.12787862122058868,-0.4792744219303131,-0.019818603992462158,-0.6882532835006714,-0.17206332087516785,0.2444869577884674,-0.1388782560825348,-0.36361420154571533,-0.09090355038642883,0.4347299039363861,0.10868247598409653,-0.553324818611145,-0.13833120465278625,0.05273418501019478,-0.0868164524435997,-0.38321322202682495,-0.19580331444740295,-0.21039527654647827,-0.05259881913661957,0.12656170129776,0.23164042830467224,-0.7932789325714111,-0.19831973314285278,0.44600653648376465,0.11150163412094116
-0.5607558488845825,-0.24018895626068115,0.10101360082626343,0.025253400206565857,0.12812654674053192,0.03203163668513298,2.27221941947937,0.8680548667907715,-0.5455130338668823,-0.336378276348114,-0.22951343655586243,-0.05737835913896561,-1.602102518081665,-0.5005256533622742,-0.1741781234741211,-0.04354453086853027,0.09531287848949432,0.02382821962237358,2.4026894569396973,0.9006723761558533,0.9966586828231812,0.04916466772556305,-0.6756991147994995,-0.16892477869987488,-0.08233683556318283,-0.020584208890795708,0.04404783621430397,0.011011959053575993,-0.37340012192726135,-0.09335003048181534,-0.3584340214729309,-0.08960850536823273,0.11151446402072906,0.12787862122058868,-0.4792744219303131,-0.019818603992462158,-0.6882532835006714,-0.17206332087516785,0.2444869577884674,-0.1388782560825348,-0.36361420154571533,-0.09090355038642883,0.4347299039363861,0.10868247598409653,-0.553324818611145,-0.13833120465278625,0.05273418501019478,-0.0868164524435997,-0.38321322202682495,-0.19580331444740295,-0.21039527654647827,-0.05259881913661957,0.12656170129776,0.23164042830467224,-0.7932789325714111,-0.19831973314285278,0.44600653648376465,0.11150163412094116
-0.5607558488845825,-0.24018895626068115,0.10101360082626343,0.025253400206565857,0.12812654674053192,0.03203163668513298,2.27221941947937,0.8680548667907715,-0.5455130338668823,-0.336378276348114,-0.22951343655586243,-0.05737835913896561,-1.602102518081665,-0.5005256533622742,-0.1741781234741211,-0.04354453086853027,0.09531287848949432,0.02382821962237358,2.4026894569396973,0.9006723761558533,0.9966586828231812,0.04916466772556305,-0.6756991147994995,-0.16892477869987488,-0.08233683556318283,-0.020584208890795708,0.04404783621430397,0.011011959053575993,-0.37340012192726135,-0.09335003048181534,-0.3584340214729309,-0.08960850536823273,0.11151446402072906,0.12787862122058868,-0.4792744219303131,-0.019818603992462158,-0.6882532835006714,-0.17206332087516785,0.2444869577884674,-0.1388782560825348,-0.36361420154571533,-0.09090355038642883,0.4347299039363861,0.10868247598409653,-0.553324818611145,-0.13833120465278625,0.05273418501019478,-0.0868164524435997,-0.38321322202682495,-0.19580331444740295,-0.21039527654647827,-0.05259881913661957,0.12656170129776,0.23164042830467224,-0.7932789325714111,-0.19831973314285278,0.44600653648376465,0.11150163412094116
-0.5607558488845825,-0.24018895626068115,0.10101360082626343,0.025253400206565857,0.12812654674053192,0.03203163668513298,2.27221941947937,0.8680548667907715,-0.5455130338668823,-0.336378276348114,-0.22951343655586243,-0.05737835913896561,-1.602102518081665,-0.5005256533622742,-0.1741781234741211,-0.04354453086853027,0.09531287848949432,0.02382821962237358,2.4026894569396973,0.9006723761558533,0.9966586828231812,0.04916466772556305,-0.6756991147994995,-0.16892477869987488,-0.08233683556318283,-0.020584208890795708,0.04404783621430397,0.011011959053575993,-0.37340012192726135,-0.09335003048181534,-0.3584340214729309,-0.08960850536823273,0.11151446402072906,0.12787862122058868,-0.4792744219303131,-0.019818603992462158,-0.6882532835006714,-0.17206332087516785,0.2444869577884674,-0.1388782560825348,-0.36361420154571533,-0.09090355038642883,0.4347299039363861,0.10868247598409653,-0.553324818611145,-0.13833120465278625,0.05273418501019478,-0.0868164524435997,-0.38321322202682495,-0.19580331444740295,-0.21039527654647827,-0.05259881913661957,0.12656170129776,0.23164042830467224,-0.7932789325714111,-0.19831973314285278,0.44600653648376465,0.11150163412094116
-0.5607558488845825,-0.24018895626068115,0.10101360082626343,0.025253400206565857,0.12812654674053192,0.03203163668513298,2.27221941947937,0.8680548667907715,-0.5455130338668823,-0.336378276348114,-0.22951343655586243,-0.05737835913896561,-1.602102518081665,-0.5005256533622742,-0.1741781234741211,-0.04354453086853027,0.09531287848949432,0.02382821962237358,2.4026894569396973,0.9006723761558533,0.9966586828231812,0.04916466772556305,-0.6756991147994995,-0.16892477869987488,-0.08233683556318283,-0.020584208890795708,0.04404783621430397,0.011011959053575993,-0.37340012192726135,-0.09335003048181534,-0.3584340214729309,-0.08960850536823273,0.11151446402072906,0.12787862122058868,-0.4792744219303131,-0.019818603992462158,-0.6882532835006714,-0.17206332087516785,0.2444869577884674,-0.1388782560825348,-0.36361420154571533,-0.09090355038642883,0.4347299039363861,0.10868247598409653,-0.553324818611145,-0.13833120465278625,0.05273418501019478,-0.0868164524435997,-0.38321322202682495,-0.19580331444740295,-0.21039527654647827,-0.05259881913661957,0.12656170129776,0.23164042830467224,-0.7932789325714111,-0.19831973314285278,0.44600653648376465,0.11150163412094116
-0.5607558488845825,-0.24018895626068115,0.10101360082626343,0.025253400206565857,0.12812654674053192,0.03203163668513298,2.27221941947937,0.8680548667907715,-0.5455130338668823,-0.336378276348114,-0.22951343655586243,-0.05737835913896561,-1.602102518081665,-0.5005256533622742,-0.1741781234741211,-0.04354453086853027,0.09531287848949432,0.02382821962237358,2.4026894569396973,0.9006723761558533,0.9966586828231812,0.04916466772556305,-0.6756991147994995,-0.16892477869987488,-0.08233683556318283,-0.020584208890795708,0.04404783621430397,0.011011959053575993,-0.37340012192726135,-0.09335003048181534,-0.3584340214729309,-0.08960850536823273,0.11151446402072906,0.12787862122058868,-0.4792744219303131,-0.019818603992462158,-0.6882532835006714,-0.17206332087516785,0.2444869577884674,-0.1388782560825348,-0.36361420154571533,-0.09090355038642883,0.4347299039363861,0.10868247598409653,-0.553324818611145,-0.13833120465278625,0.05273418501019478,-0.0868164524435997,-0.38321322202682495,-0.19580331444740295,-0.21039527654647827,-0.05259881913661957,0.12656170129776,0.23164042830467224,-0.7932789325714111,-0.19831973314285278,0.44600653648376465,0.11150163412094116
-0.5607558488845825,-0.24018895626068115,0.10101360082626343,0.025253400206565857,0.12812654674053192,0.03203163668513298,2.27221941947937,0.8680548667907715,-0.5455130338668823,-0.336378276348114,-0.22951343655586243,-0.05737835913896561,-1.602102518081665,-0.5005256533622742,-0.1741781234741211,-0.04354453086853027,0.09531287848949432,0.02382821962237358,2.4026894569396973,0.9006723761558533,0.9966586828231812,0.04916466772556305,-0.6756991147994995,-0.16892477869987488,-0.08233683556318283,-0.020584208890795708,0.04404783621430397,0.011011959053575993,-0.37340012192726135,-0.09335003048181534,-0.3584340214729309,-0.08960850536823273,0.11151446402072906,0.12787862122058868,-0.4792744219303131,-0.019818603992462158,-0.6882532835006714,-0.17206332087516785,0.2444869577884674,-0.1388782560825348,-0.36361420154571533,-0.09090355038642883,0.4347299039363861,0.10868247598409653,-0.553324818611145,-0.13833120465278625,0.05273418501019478,-0.0868164524435997,-0.38321322202682495,-0.19580331444740295,-0.21039527654647827,-0.05259881913661957,0.12656170129776,0.23164042830467224,-0.7932789325714111,-0.19831973314285278,0.44600653648376465,0.11150163412094116
-0.5607558488845825,-0.24018895626068115,0.10101360082626343,0.025253400206565857,0.12812654674053192,0.03203163668513298,2.27221941947937,0.8680548667907715,-0.5455130338668823,-0.336378276348114,-0.22951343655586243,-0.05737835913896561,-1.602102518081665,-0.5005256533622742,-0.1741781234741211,-0.04354453086853027,0.09531287848949432,0.02382821962237358,2.4026894569396973,0.9006723761558533,0.9966586828231812,0.04916466772556305,-0.6756991147994995,-0.16892477869987488,-0.08233683556318283,-0.020584208890795708,0.04404783621430397,0.011011959053575993,-0.37340012192726135,-0.09335003048181534,-0.3584340214729309,-0.08960850536823273,0.11151446402072906,0.12787862122058868,-0.4792744219303131,-0.019818603992462158,-0.6882532835006714,-0.17206332087516785,0.2444869577884674,-0.1388782560825348,-0.36361420154571533,-0.09090355038642883,0.4347299039363861,0.10868247598409653,-0.553324818611145,-0.13833120465278625,0.05273418501019478,-0.0868164524435997,-0.38321322202682495,-0.19580331444740295,-0.21039527654647827,-0.05259881913661957,0.12656170129776,0.23164042830467224,-0.7932789325714111,-0.19831973314285278,0.44600653648376465,0.11150163412094116
-0.5607558488845825,-0.24018895626068115,0.10101360082626343,0.025253400206565857,0.12812654674053192,0.03203163668513298,2.27221941947937,0.8680548667907715,-0.5455130338668823,-0.336378276348114,-0.22951343655586243,-0.05737835913896561,-1.602102518081665,-0.5005256533622742,-0.1741781234741211,-0.04354453086853027,0.09531287848949432,0.02382821962237358,2.4026894569396973,0.9006723761558533,0.9966586828231812,0.04916466772556305,-0.6756991147994995,-0.16892477869987488,-0.08233683556318283,-0.020584208890795708,0.04404783621430397,0.011011959053575993,-0.37340012192726135,-0.09335003048181534,-0.3584340214729309,-0.08960850536823273,0.11151446402072906,0.12787862122058868,-0.4792744219303131,-0.019818603992462158,-0.6882532835006714,-0.17206332087516785,0.2444869577884674,-0.1388782560825348,-0.36361420154571533,-0.09090355038642883,0.4347299039363861,0.10868247598409653,-0.553324818611145,-0.13833120465278625,0.05273418501019478,-0.0868164524435997,-0.38321322202682495,-0.19580331444740295,-0.21039527654647827,-0.05259881913661957,0.12656170129776,0.23164042830467224,-0.7932789325714111,-0.19831973314285278,0.44600653648376465,0.11150163412094116
-0.5607558488845825,-0.24018895626068115,0.10101360082626343,0.025253400206565857,0.12812654674053192,0.03203163668513298,2.27221941947937,0.8680548667907715,-0.5455130338668823,-0.336378276348114,-0.22951343655586243,-0.05737835913896561,-1.602102518081665,-0.5005256533622742,-0.1741781234741211,-0.04354453086853027,0.09531287848949432,0.02382821962237358,2.4026894569396973,0.9006723761558533,0.9966586828231812,0.04916466772556305,-0.6756991147994995,-0.16892477869987488,-0.08233683556318283,-0.020584208890795708,0.04404783621430397,0.011011959053575993,-0.37340012192726135,-0.09335003048181534,-0.3584340214729309,-0.08960850536823273,0.11151446402072906,0.12787862122058868,-0.4792744219303131,-0.019818603992462158,-0.6882532835006714,-0.17206332087516785,0.2444869577884674,-0.1388782560825348,-0.36361420154571533,-0.09090355038642883,0.4347299039363861,0.10868247598409653,-0.553324818611145,-0.13833120465278625,0.05273418501019478,-0.0868164524435997,-0.38321322202682495,-0.19580331444740295,-0.21039527654647827,-0.05259881913661957,0.12656170129776,0.23164042830467224,-0.7932789325714111,-0.19831973314285278,0.44600653648376465,0.11150163412094116
-0.5607558488845825,-0.24018895626068115,0.10101360082626343,0.025253400206565857,0.12812654674053192,0.03203163668513298,2.27221941947937,0.8680548667907715,-0.5455130338668823,-0.336378276348114,-0.22951343655586243,-0.05737835913896561,-1.602102518081665,-0.5005256533622742,-0.1741781234741211,-0.04354453086853027,0.09531287848949432,0.02382821962237358,2.4026894569396973,0.9006723761558533,0.9966586828231812,0.04916466772556305,-0.6756991147994995,-0.16892477869987488,-0.08233683556318283,-0.020584208890795708,0.04404783621430397,0.011011959053575993,-0.37340012192726135,-0.09335003048181534,-0.3584340214729309,-0.08960850536823273,0.11151446402072906,0.12787862122058868,-0.4792744219303131,-0.019818603992462158,-0.6882532835006714,-0.17206332087516785,0.2444869577884674,-0.1388782560825348,-0.36361420154571533,-0.09090355038642883,0.4347299039363861,0.10868247598409653,-0.553324818611145,-0.13833120465278625,0.05273418501019478,-0.0868164524435997,-0.38321322202682495,-0.19580331444740295,-0.21039527654647827,-0.05259881913661957,0.12656170129776,0.23164042830467224,-0.7932789325714111,-0.19831973314285278,0.44600653648376465,0.11150163412094116
-0.5607558488845825,-0.24018895626068115,0.10101360082626343,0.025253400206565857,0.12812654674053192,0.03203163668513298,2.27221941947937,0.8680548667907715,-0.5455130338668823,-0.336378276348114,-0.22951343655586243,-0.05737835913896561,-1.602102518081665,-0.5005256533622742,-0.1741781234741211,-0.04354453086853027,0.09531287848949432,0.02382821962237358,2.4026894569396973,0.9006723761558533,0.9966586828231812,0.04916466772556305,-0.6756991147994995,-0.16892477869987488,-0.08233683556318283,-0.020584208890795708,0.04404783621430397,0.011011959053575993,-0.37340012192726135,-0.09335003048181534,-0.3584340214729309,-0.08960850536823273,0.11151446402072906,0.12787862122058868,-0.4792744219303131,-0.019818603992462158,-0.6882532835006714,-0.17206332087516785,0.2444869577884674,-0.1388782560825348,-0.36361420154571533,-0.09090355038642883,0.4347299039363861,0.10868247598409653,-0.553324818611145,-0.13833120465278625,0.05273418501019478,-0.0868164524435997,-0.38321322202682495,-0.19580331444740295,-0.21039527654647827,-0.05259881913661957,0.12656170129776,0.23164042830467224,-0.7932789325714111,-0.19831973314285278,0.44600653648376465,0.11150163412094116
-0.5607558488845825,-0.24018895626068115,0.10101360082626343,0.025253400206565857,0.12812654674053192,0.03203163668513298,2.27221941947937,0.8680548667907715,-0.5455130338668823,-0.336378276348114,-0.22951343655586243,-0.05737835913896561,-1.602102518081665,-0.5005256533622742,-0.1741781234741211,-0.04354453086853027,0.09531287848949432,0.02382821962237358,2.4026894569396973,0.9006723761558533,0.9966586828231812,0.04916466772556305,-0.6756991147994995,-0.16892477869987488,-0.08233683556318283,-0.020584208890795708,0.04404783621430397,0.011011959053575993,-0.37340012192726135,-0.09335003048181534,-0.3584340214729309,-0.08960850536823273,0.11151446402072906,0.12787862122058868,-0.4792744219303131,-0.019818603992462158,-0.6882532835006714,-0.17206332087516785,0.2444869577884674,-0.1388782560825348,-0.36361420154571533,-0.09090355038642883,0.4347299039363861,0.10868247598409653,-0.553324818611145,-0.13833120465278625,0.05273418501019478,-0.0868164524435997,-0.38321322202682495,-0.19580331444740295,-0.21039527654647827,-0.05259881913661957,0.12656170129776,0.23164042830467224,-0.7932789325714111,-0.19831973314285278,0.44600653648376465,0.11150163412094116
-0.5607558488845825,-0.24018895626068115,0.10101360082626343,0.025253400206565857,0.12812654674053192,0.03203163668513298,2.27221941947937,0.8680548667907715,-0.5455130338668823,-0.336378276348114,-0.22951343655586243,-0.05737835913896561,-1.602102518081665,-0.5005256533622742,-0.1741781234741211,-0.04354453086853027,0.09531287848949432,0.02382821962237358,2.4026894569396973,0.9006723761558533,0.9966586828231812,0.04916466772556305,-0.6756991147994995,-0.16892477869987488,-0.08233683556318283,-0.020584208890795708,0.04404783621430397,0.011011959053575993,-0.37340012192726135,-0.09335003048181534,-0.3584340214729309,-0.08960850536823273,0.11151446402072906,0.12787862122058868,-0.4792744219303131,-0.019818603992462158,-0.6882532835006714,-0.17206332087516785,0.2444869577884674,-0.1388782560825348,-0.36361420154571533,-0.09090355038642883,0.4347299039363861,0.10868247598409653,-0.553324818611145,-0.13833120465278625,0.05273418501019478,-0.0868164524435997,-0.38321322202682495,-0.19580331444740295,-0.21039527654647827,-0.05259881913661957,0.12656170129776,0.23164042830467224,-0.7932789325714111,-0.19831973314285278,0.44600653648376465,0.11150163412094116
-0.5607558488845825,-0.24018895626068115,0.10101360082626343,0.025253400206565857,0.12812654674053192,0.03203163668513298,2.27221941947937,0.8680548667907715,-0.5455130338668823,-0.336378276348114,-0.22951343655586243,-0.05737835913896561,-1.602102518081665,-0.5005256533622742,-0.1741781234741211,-0.04354453086853027,0.09531287848949432,0.02382821962237358,2.4026894569396973,0.9006723761558533,0.9966586828231812,0.04916466772556305,-0.6756991147994995,-0.16892477869987488,-0.08233683556318283,-0.020584208890795708,0.04404783621430397,0.011011959053575993,-0.37340012192726135,-0.09335003048181534,-0.3584340214729309,-0.08960850536823273,0.11151446402072906,0.12787862122058868,-0.4792744219303131,-0.019818603992462158,-0.6882532835006714,-0.17206332087516785,0.2444869577884674,-0.1388782560825348,-0.36361420154571533,-0.09090355038642883,0.4347299039363861,0.10868247598409653,-0.553324818611145,-0.13833120465278625,0.05273418501019478,-0.0868164524435997,-0.38321322202682495,-0.19580331444740295,-0.21039527654647827,-0.05259881913661957,0.12656170129776,0.23164042830467224,-0.7932789325714111,-0.19831973314285278,0.44600653648376465,0.11150163412094116
-0.5607558488845825,-0.24018895626068115,0.10101360082626343,0.025253400206565857,0.12812654674053192,0.03203163668513298,2.27221941947937,0.8680548667907715,-0.5455130338668823,-0.336378276348114,-0.22951343655586243,-0.05737835913896561,-1.602102518081665,-0.5005256533622742,-0.1741781234741211,-0.04354453086853027,0.09531287848949432,0.02382821962237358,2.4026894569396973,0.9006723761558533,0.9966586828231812,0.04916466772556305,-0.6756991147994995,-0.16892477869987488,-0.08233683556318283,-0.020584208890795708,0.04404783621430397,0.011011959053575993,-0.37340012192726135,-0.09335003048181534,-0.3584340214729309,-0.08960850536823273,0.11151446402072906,0.12787862122058868,-0.4792744219303131,-0.019818603992462158,-0.6882532835006714,-0.17206332087516785,0.2444869577884674,-0.1388782560825348,-0.36361420154571533,-0.09090355038642883,0.4347299039363861,0.10868247598409653,-0.553324818611145,-0.13833120465278625,0.05273418501019478,-0.0868164524435997,-0.38321322202682495,-0.19580331444740295,-0.21039527654647827,-0.05259881913661957,0.12656170129776,0.23164042830467224,-0.7932789325714111,-0.19831973314285278,0.44600653648376465,0.11150163412094116
-0.5815621614456177,-0.24539053440093994,0.25837016105651855,0.06459254026412964,0.08732941001653671,0.021832352504134178,2.200941562652588,0.8502354025840759,-0.3574526607990265,-0.28936317563056946,-0.5713533163070679,-0.14283832907676697,-1.4619454145431519,-0.4654863476753235,-0.3238830268383026,-0.08097075670957565,0.05260835587978363,0.013152088969945908,2.3143625259399414,0.8785906434059143,0.7229915261268616,-0.019252121448516846,-0.6670741438865662,-0.16676853597164154,0.02826959639787674,0.007067399099469185,-0.008358128368854523,-0.0020895320922136307,-0.22696179151535034,-0.056740447878837585,-0.5938062071800232,-0.1484515517950058,0.14685936272144318,0.1367148458957672,0.5141534209251404,0.2285383641719818,-0.17853039503097534,-0.044632598757743835,-0.25311538577079773,-0.2632788419723511,-0.320212185382843,-0.08005304634571075,-0.4369456171989441,-0.10923640429973602,-0.44785287976264954,-0.11196321994066238,-0.2741387188434601,-0.16853468120098114,0.32834261655807495,-0.01791434735059738,-0.6959073543548584,-0.1739768385887146,-0.1573707014322281,0.16065733134746552,-0.7884729504585266,-0.19711823761463165,-0.3251551389694214,-0.08128878474235535
-0.5815621614456177,-0.24539053440093994,0.25837016105651855,0.06459254026412964,0.08732941001653671,0.021832352504134178,2.200941562652588,0.8502354025840759,-0.3574526607990265,-0.28936317563056946,-0.5713533163070679,-0.14283832907676697,-1.4619454145431519,-0.4654863476753235,-0.3238830268383026,-0.08097075670957565,0.05260835587978363,0.013152088969945908,2.3143625259399414,0.8785906434059143,0.7229915261268616,-0.019252121448516846,-0.6670741438865662,-0.16676853597164154,0.02826959639787674,0.007067399099469185,-0.008358128368854523,-0.0020895320922136307,-0.22696179151535034,-0.056740447878837585,-0.5938062071800232,-0.1484515517950058,0.14685936272144318,0.1367148458957672,0.5141534209251404,0.2285383641719818,-0.17853039503097534,-0.044632598757743835,-0.25311538577079773,-0.2632788419723511,-0.320212185382843,-0.08005304634571075,-0.4369456171989441,-0.10923640429973602,-0.44785287976264954,-0.11196321994066238,-0.2741387188434601,-0.16853468120098114,0.32834261655807495,-0.01791434735059738,-0.6959073543548584,-0.1739768385887146,-0.1573707014322281,0.16065733134746552,-0.7884729504585266,-0.19711823761463165,-0.3251551389694214,-0.08128878474235535
-0.5815621614456177,-0.24539053440093994,0.25837016105651855,0.06459254026412964,0.08732941001653671,0.021832352504134178,2.200941562652588,0.8502354025840759,-0.3574526607990265,-0.28936317563056946,-0.5713533163070679,-0.14283832907676697,-1.4619454145431519,-0.4654863476753235,-0.3238830268383026,-0.08097075670957565,0.05260835587978363,0.013152088969945908,2.3143625259399414,0.8785906434059143,0.7229915261268616,-0.019252121448516846,-0.6670741438865662,-0.16676853597164154,0.02826959639787674,0.007067399099469185,-0.008358128368854523,-0.0020895320922136307,-0.22696179151535034,-0.056740447878837585,-0.5938062071800232,-0.1484515517950058,0.14685936272144318,0.1367148458957672,0.5141534209251404,0.2285383641719818,-0.17853039503097534,-0.044632598757743835,-0.25311538577079773,-0.2632788419723511,-0.320212185382843,-0.08005304634571075,-0.4369456171989441,-0.10923640429973602,-0.44785287976264954,-0.11196321994066238,-0.2741387188434601,-0.16853468120098114,0.32834261655807495,-0.01791434735059738,-0.6959073543548584,-0.1739768385887146,-0.1573707014322281,0.16065733134746552,-0.7884729504585266,-0.19711823761463165,-0.3251551389694214,-0.08128878474235535
-0.5815621614456177,-0.24539053440093994,0.25837016105651855,0.06459254026412964,0.08732941001653671,0.021832352504134178,2.200941562652588,0.8502354025840759,-0.3574526607990265,-0.28936317563056946,-0.5713533163070679,-0.14283832907676697,-1.4619454145431519,-0.4654863476753235,-0.3238830268383026,-0.08097075670957565,0.05260835587978363,0.013152088969945908,2.3143625259399414,0.8785906434059143,0.7229915261268616,-0.019252121448516846,-0.6670741438865662,-0.16676853597164154,0.02826959639787674,0.007067399099469185,-0.008358128368854523,-0.0020895320922136307,-0.22696179151535034,-0.056740447878837585,-0.5938062071800232,-0.1484515517950058,0.14685936272144318,0.1367148458957672,0.5141534209251404,0.2285383641719818,-0.17853039503097534,-0.044632598757743835,-0.25311538577079773,-0.2632788419723511,-0.320212185382843,-0.08005304634571075,-0.4369456171989441,-0.10923640429973602,-0.44785287976264954,-0.11196321994066238,-0.2741387188434601,-0.16853468120098114,0.32834261655807495,-0.01791434735059738,-0.6959073543548584,-0.1739768385887146,-0.1573707014322281,0.16065733134746552,-0.7884729504585266,-0.19711823761463165,-0.3251551389694214,-0.08128878474235535
-0.5815621614456177,-0.24539053440093994,0.25837016105651855,0.06459254026412964,0.08732941001653671,0.021832352504134178,2.200941562652588,0.8502354025840759,-0.3574526607990265,-0.28936317563056946,-0.5713533163070679,-0.14283832907676697,-1.4619454145431519,-0.4654863476753235,-0.3238830268383026,-0.08097075670957565,0.05260835587978363,0.013152088969945908,2.3143625259399414,0.8785906434059143,0.7229915261268616,-0.019252121448516846,-0.6670741438865662,-0.16676853597164154,0.02826959639787674,0.007067399099469185,-0.008358128368854523,-0.0020895320922136307,-0.22696179151535034,-0.056740447878837585,-0.5938062071800232,-0.1484515517950058,0.14685936272144318,0.1367148458957672,0.5141534209251404,0.2285383641719818,-0.17853039503097534,-0.044632598757743835,-0.25311538577079773,-0.2632788419723511,-0.320212185382843,-0.08005304634571075,-0.4369456171989441,-0.10923640429973602,-0.44785287976264954,-0.11196321994066238,-0.2741387188434601,-0.16853468120098114,0.32834261655807495,-0.01791434735059738,-0.6959073543548584,-0.1739768385887146,-0.1573707014322281,0.16065733134746552,-0.7884729504585266,-0.19711823761463165,-0.3251551389694214,-0.08128878474235535
-0.5815621614456177,-0.24539053440093994,0.25837016105651855,0.06459254026412964,0.08732941001653671,0.021832352504134178,2.200941562652588,0.8502354025840759,-0.3574526607990265,-0.28936317563056946,-0.5713533163070679,-0.14283832907676697,-1.4619454145431519,-0.4654863476753235,-0.3238830268383026,-0.08097075670957565,0.05260835587978363,0.013152088969945908,2.3143625259399414,0.8785906434059143,0.7229915261268616,-0.019252121448516846,-0.6670741438865662,-0.16676853597164154,0.02826959639787674,0.007067399099469185,-0.008358128368854523,-0.0020895320922136307,-0.22696179151535034,-0.056740447878837585,-0.5938062071800232,-0.1484515517950058,0.14685936272144318,0.1367148458957672,0.5141534209251404,0.2285383641719818,-0.17853039503097534,-0.044632598757743835,-0.25311538577079773,-0.2632788419723511,-0.320212185382843,-0.08005304634571075,-0.4369456171989441,-0.10923640429973602,-0.44785287976264954,-0.11196321994066238,-0.2741387188434601,-0.16853468120098114,0.32834261655807495,-0.01791434735059738,-0.6959073543548584,-0.1739768385887146,-0.1573707014322281,0.16065733134746552,-0.7884729504585266,-0.19711823761463165,-0.3251551389694214,-0.08128878474235535
-0.5815621614456177,-0.24539053440093994,0.25837016105651855,0.06459254026412964,0.08732941001653671,0.021832352504134178,2.200941562652588,0.8502354025840759,-0.3574526607990265,-0.28936317563056946,-0.5713533163070679,-0.14283832907676697,-1.4619454145431519,-0.4654863476753235,-0.3238830268383026,-0.08097075670957565,0.05260835587978363,0.013152088969945908,2.3143625259399414,0.8785906434059143,0.7229915261268616,-0.019252121448516846,-0.6670741438865662,-0.16676853597164154,0.02826959639787674,0.007067399099469185,-0.008358128368854523,-0.0020895320922136307,-0.22696179151535034,-0.056740447878837585,-0.5938062071800232,-0.1484515517950058,0.14685936272144318,0.1367148458957672,0.5141534209251404,0.2285383641719818,-0.17853039503097534,-0.044632598757743835,-0.25311538577079773,-0.2632788419723511,-0.320212185382843,-0.08005304634571075,-0.4369456171989441,-0.10923640429973602,-0.44785287976264954,-0.11196321994066238,-0.2741387188434601,-0.16853468120098114,0.32834261655807495,-0.01791434735059738,-0.6959073543548584,-0.1739768385887146,-0.1573707014322281,0.16065733134746552,-0.7884729504585266,-0.19711823761463165,-0.3251551389694214,-0.08128878474235535
-0.5815621614456177,-0.24539053440093994,0.25837016105651855,0.06459254026412964,0.08732941001653671,0.021832352504134178,2.200941562652588,0.8502354025840759,-0.3574526607990265,-0.28936317563056946,-0.5713533163070679,-0.14283832907676697,-1.4619454145431519,-0.4654863476753235,-0.3238830268383026,-0.08097075670957565,0.05260835587978363,0.013152088969945908,2.3143625259399414,0.8785906434059143,0.7229915261268616,-0.019252121448516846,-0.6670741438865662,-0.16676853597164154,0.02826959639787674,0.007067399099469185,-0.008358128368854523,-0.0020895320922136307,-0.22696179151535034,-0.056740447878837585,-0.5938062071800232,-0.1484515517950058,0.14685936272144318,0.1367148458957672,0.5141534209251404,0.2285383641719818,-0.17853039503097534,-0.044632598757743835,-0.25311538577079773,-0.2632788419723511,-0.320212185382843,-0.08005304634571075,-0.4369456171989441,-0.10923640429973602,-0.44785287976264954,-0.11196321994066238,-0.2741387188434601,-0.16853468120098114,0.32834261655807495,-0.01791434735059738,-0.6959073543548584,-0.1739768385887146,-0.1573707014322281,0.16065733134746552,-0.7884729504585266,-0.19711823761463165,-0.3251551389694214,-0.08128878474235535
-0.5815621614456177,-0.24539053440093994,0.25837016105651855,0.06459254026412964,0.08732941001653671,0.021832352504134178,2.200941562652588,0.8502354025840759,-0.3574526607990265,-0.28936317563056946,-0.5713533163070679,-0.14283832907676697,-1.4619454145431519,-0.4654863476753235,-0.3238830268383026,-0.08097075670957565,0.05260835587978363,0.013152088969945908,2.3143625259399414,0.8785906434059143,0.7229915261268616,-0.019252121448516846,-0.6670741438865662,-0.16676853597164154,0.02826959639787674,0.007067399099469185,-0.008358128368854523,-0.0020895320922136307,-0.22696179151535034,-0.056740447878837585,-0.5938062071800232,-0.1484515517950058,0.14685936272144318,0.1367148458957672,0.5141534209251404,0.2285383641719818,-0.17853039503097534,-0.044632598757743835,-0.25311538577079773,-0.2632788419723511,-0.320212185382843,-0.08005304634571075,-0.4369456171989441,-0.10923640429973602,-0.44785287976264954,-0.11196321994066238,-0.2741387188434601,-0.16853468120098114,0.32834261655807495,-0.01791434735059738,-0.6959073543548584,-0.1739768385887146,-0.1573707014322281,0.16065733134746552,-0.7884729504585266,-0.19711823761463165,-0.3251551389694214,-0.08128878474235535
-0.5815621614456177,-0.24539053440093994,0.25837016105651855,0.06459254026412964,0.08732941001653671,0.021832352504134178,2.200941562652588,0.8502354025840759,-0.3574526607990265,-0.28936317563056946,-0.5713533163070679,-0.14283832907676697,-1.4619454145431519,-0.4654863476753235,-0.3238830268383026,-0.08097075670957565,0.05260835587978363,0.013152088969945908,2.3143625259399414,0.8785906434059143,0.7229915261268616,-0.019252121448516846,-0.6670741438865662,-0.16676853597164154,0.02826959639787674,0.007067399099469185,-0.008358128368854523,-0.0020895320922136307,-0.22696179151535034,-0.056740447878837585,-0.5938062071800232,-0.1484515517950058,0.14685936272144318,0.1367148458957672,0.5141534209251404,0.2285383641719818,-0.17853039503097534,-0.044632598757743835,-0.25311538577079773,-0.2632788419723511,-0.320212185382843,-0.08005304634571075,-0.4369456171989441,-0.10923640429973602,-0.44785287976264954,-0.11196321994066238,-0.2741387188434601,-0.16853468120098114,0.32834261655807495,-0.01791434735059738,-0.6959073543548584,-0.1739768385887146,-0.1573707014322281,0.16065733134746552,-0.7884729504585266,-0.19711823761463165,-0.3251551389694214,-0.08128878474235535
-0.5815621614456177,-0.24539053440093994,0.25837016105651855,0.06459254026412964,0.08732941001653671,0.021832352504134178,2.200941562652588,0.8502354025840759,-0.3574526607990265,-0.28936317563056946,-0.5713533163070679,-0.14283832907676697,-1.4619454145431519,-0.4654863476753235,-0.3238830268383026,-0.08097075670957565,0.05260835587978363,0.013152088969945908,2.3143625259399414,0.8785906434059143,0.7229915261268616,-0.019252121448516846,-0.6670741438865662,-0.16676853597164154,0.02826959639787674,0.007067399099469185,-0.008358128368854523,-0.0020895320922136307,-0.22696179151535034,-0.056740447878837585,-0.5938062071800232,-0.1484515517950058,0.14685936272144318,0.1367148458957672,0.5141534209251404,0.2285383641719818,-0.17853039503097534,-0.044632598757743835,-0.25311538577079773,-0.2632788419723511,-0.320212185382843,-0.08005304634571075,-0.4369456171989441,-0.10923640429973602,-0.44785287976264954,-0.11196321994066238,-0.2741387188434601,-0.16853468120098114,0.32834261655807495,-0.01791434735059738,-0.6959073543548584,-0.1739768385887146,-0.1573707014322281,0.16065733134746552,-0.7884729504585266,-0.19711823761463165,-0.3251551389694214,-0.08128878474235535
-0.5815621614456177,-0.24539053440093994,0.25837016105651855,0.06459254026412964,0.08732941001653671,0.021832352504134178,2.200941562652588,0.8502354025840759,-0.3574526607990265,-0.28936317563056946,-0.5713533163070679,-0.14283832907676697,-1.4619454145431519,-0.4654863476753235,-0.3238830268383026,-0.08097075670957565,0.05260835587978363,0.013152088969945908,2.3143625259399414,0.8785906434059143,0.7229915261268616,-0.019252121448516846,-0.6670741438865662,-0.16676853597164154,0.02826959639787674,0.007067399099469185,-0.008358128368854523,-0.0020895320922136307,-0.22696179151535034,-0.056740447878837585,-0.5938062071800232,-0.1484515517950058,0.14685936272144318,0.1367148458957672,0.5141534209251404,0.2285383641719818,-0.17853039503097534,-0.044632598757743835,-0.25311538577079773,-0.2632788419723511,-0.320212185382843,-0.08005304634571075,-0.4369456171989441,-0.10923640429973602,-0.44785287976264954,-0.11196321994066238,-0.2741387188434601,-0.16853468120098114,0.32834261655807495,-0.01791434735059738,-0.6959073543548584,-0.1739768385887146,-0.1573707014322281,0.16065733134746552,-0.7884729504585266,-0.19711823761463165,-0.3251551389694214,-0.08128878474235535
-0.5815621614456177,-0.24539053440093994,0.25837016105651855,0.06459254026412964,0.08732941001653671,0.021832352504134178,2.200941562652588,0.8502354025840759,-0.3574526607990265,-0.28936317563056946,-0.5713533163070679,-0.14283832907676697,-1.4619454145431519,-0.4654863476753235,-0.3238830268383026,-0.08097075670957565,0.05260835587978363,0.013152088969945908,2.3143625259399414,0.8785906434059143,0.7229915261268616,-0.019252121448516846,-0.6670741438865662,-0.16676853597164154,0.02826959639787674,0.007067399099469185,-0.008358128368854523,-0.0020895320922136307,-0.22696179151535034,-0.056740447878837585,-0.5938062071800232,-0.1484515517950058,0.14685936272144318,0.1367148458957672,0.5141534209251404,0.2285383641719818,-0.17853039503097534,-0.044632598757743835,-0.25311538577079773,-0.2632788419723511,-0.320212185382843,-0.08005304634571075,-0.4369456171989441,-0.10923640429973602,-0.44785287976264954,-0.11196321994066238,-0.2741387188434601,-0.16853468120098114,0.32834261655807495,-0.01791434735059738,-0.6959073543548584,-0.1739768385887146,-0.1573707014322281,0.16065733134746552,-0.7884729504585266,-0.19711823761463165,-0.3251551389694214,-0.08128878474235535
-0.5815621614456177,-0.24539053440093994,0.25837016105651855,0.06459254026412964,0.08732941001653671,0.021832352504134178,2.200941562652588,0.8502354025840759,-0.3574526607990265,-0.28936317563056946,-0.5713533163070679,-0.14283832907676697,-1.4619454145431519,-0.4654863476753235,-0.3238830268383026,-0.08097075670957565,0.05260835587978363,0.013152088969945908,2.3143625259399414,0.8785906434059143,0.7229915261268616,-0.019252121448516846,-0.6670741438865662,-0.16676853597164154,0.02826959639787674,0.007067399099469185,-0.008358128368854523,-0.0020895320922136307,-0.22696179151535034,-0.056740447878837585,-0.5938062071800232,-0.1484515517950058,0.14685936272144318,0.1367148458957672,0.5141534209251404,0.2285383641719818,-0.17853039503097534,-0.044632598757743835,-0.25311538577079773,-0.2632788419723511,-0.320212185382843,-0.08005304634571075,-0.4369456171989441,-0.10923640429973602,-0.44785287976264954,-0.11196321994066238,-0.2741387188434601,-0.16853468120098114,0.32834261655807495,-0.01791434735059738,-0.6959073543548584,-0.1739768385887146,-0.1573707014322281,0.16065733134746552,-0.7884729504585266,-0.19711823761463165,-0.3251551389694214,-0.08128878474235535
-0.5815621614456177,-0.24539053440093994,0.25837016105651855,0.06459254026412964,0.08732941001653671,0.021832352504134178,2.200941562652588,0.8502354025840759,-0.3574526607990265,-0.28936317563056946,-0.5713533163070679,-0.14283832907676697,-1.4619454145431519,-0.4654863476753235,-0.3238830268383026,-0.08097075670957565,0.05260835587978363,0.013152088969945908,2.3143625259399414,0.8785906434059143,0.7229915261268616,-0.019252121448516846,-0.6670741438865662,-0.16676853597164154,0.02826959639787674,0.007067399099469185,-0.008358128368854523,-0.0020895320922136307,-0.22696179151535034,-0.056740447878837585,-0.5938062071800232,-0.1484515517950058,0.14685936272144318,0.1367148458957672,0.5141534209251404,0.2285383641719818,-0.17853039503097534,-0.044632598757743835,-0.25311538577079773,-0.2632788419723511,-0.320212185382843,-0.08005304634571075,-0.4369456171989441,-0.10923640429973602,-0.44785287976264954,-0.11196321994066238,-0.2741387188434601,-0.16853468120098114,0.32834261655807495,-0.01791434735059738,-0.6959073543548584,-0.1739768385887146,-0.1573707014322281,0.16065733134746552,-0.7884729504585266,-0.19711823761463165,-0.3251551389694214,-0.08128878474235535
-0.5815621614456177,-0.24539053440093994,0.25837016105651855,0.06459254026412964,0.08732941001653671,0.021832352504134178,2.200941562652588,0.8502354025840759,-0.3574526607990265,-0.28936317563056946,-0.5713533163070679,-0.14283832907676697,-1.4619454145431519,-0.4654863476753235,-0.3238830268383026,-0.08097075670957565,0.05260835587978363,0.013152088969945908,2.3143625259399414,0.8785906434059143,0.7229915261268616,-0.019252121448516846,-0.6670741438865662,-0.16676853597164154,0.02826959639787674,0.007067399099469185,-0.008358128368854523,-0.0020895320922136307,-0.22696179151535034,-0.056740447878837585,-0.5938062071800232,-0.1484515517950058,0.14685936272144318,0.1367148458957672,0.5141534209251404,0.2285383641719818,-0.17853039503097534,-0.044632598757743835,-0.25311538577079773,-0.2632788419723511,-0.320212185382843,-0.08005304634571075,-0.4369456171989441,-0.10923640429973602,-0.44785287976264954,-0.11196321994066238,-0.2741387188434601,-0.16853468120098114,0.32834261655807495,-0.01791434735059738,-0.6959073543548584,-0.1739768385887146,-0.1573707014322281,0.16065733134746552,-0.7884729504585266,-0.19711823761463165,-0.3251551389694214,-0.08128878474235535
-0.5815621614456177,-0.24539053440093994,0.25837016105651855,0.06459254026412964,0.08732941001653671,0.021832352504134178,2.200941562652588,0.8502354025840759,-0.3574526607990265,-0.28936317563056946,-0.5713533163070679,-0.14283832907676697,-1.4619454145431519,-0.4654863476753235,-0.3238830268383026,-0.08097075670957565,0.05260835587978363,0.013152088969945908,2.3143625259399414,0.8785906434059143,0.7229915261268616,-0.019252121448516846,-0.6670741438865662,-0.16676853597164154,0.02826959639787674,0.007067399099469185,-0.008358128368854523,-0.0020895320922136307,-0.22696179151535034,-0.056740447878837585,-0.5938062071800232,-0.1484515517950058,0.14685936272144318,0.1367148458957672,0.5141534209251404,0.2285383641719818,-0.17853039503097534,-0.044632598757743835,-0.25311538577079773,-0.2632788419723511,-0.320212185382843,-0.08005304634571075,-0.4369456171989441,-0.10923640429973602,-0.44785287976264954,-0.11196321994066238,-0.2741387188434601,-0.16853468120098114,0.32834261655807495,-0.01791434735059738,-0.6959073543548584,-0.1739768385887146,-0.1573707014322281,0.16065733134746552,-0.7884729504585266,-0.19711823761463165,-0.3251551389694214,-0.08128878474235535
-0.529882550239563,-0.23247063159942627,0.15285129845142365,0.03821282461285591,0.11213351041078568,0.02803337760269642,2.288107395172119,0.8720268607139587,-0.40577492117881775,-0.3014437258243561,-0.31778866052627563,-0.07944716513156891,-1.524709939956665,-0.4811774790287018,-0.2055375576019287,-0.05138438940048218,0.09669914841651917,0.02417478710412979,2.306094169616699,0.8765235543251038,0.8645530343055725,0.01613825559616089,-0.6805281043052673,-0.17013202607631683,-0.08816256374120712,-0.02204064093530178,0.03695792704820633,0.009239481762051582,-0.34575319290161133,-0.08643829822540283,-0.28462183475494385,-0.07115545868873596,0.10757843405008316,0.12689460813999176,-0.4996119737625122,-0.024902991950511932,-0.6107730865478516,-0.1526932716369629,0.2693178951740265,-0.13267052173614502,-0.3918951153755188,-0.0979737788438797,0.377924382686615,0.09448109567165375,-0.5034088492393494,-0.12585221230983734,0.03518616035580635,-0.09120345860719681,-0.45146000385284424,-0.21286499500274658,-0.1263009011745453,-0.03157522529363632,0.10363711416721344,0.2259092777967453,-0.7721734642982483,-0.19304336607456207,0.40638867020606995,0.10159716755151749
-0.529882550239563,-0.23247063159942627,0.15285129845142365,0.03821282461285591,0.11213351041078568,0.02803337760269642,2.288107395172119,0.8720268607139587,-0.40577492117881775,-0.3014437258243561,-0.31778866052627563,-0.07944716513156891,-1.524709939956665,-0.4811774790287018,-0.2055375576019287,-0.05138438940048218,0.09669914841651917,0.02417478710412979,2.306094169616699,0.8765235543251038,0.8645530343055725,0.01613825559616089,-0.6805281043052673,-0.17013202607631683,-0.08816256374120712,-0.02204064093530178,0.03695792704820633,0.009239481762051582,-0.34575319290161133,-0.08643829822540283,-0.28462183475494385,-0.07115545868873596,0.10757843405008316,0.12689460813999176,-0.4996119737625122,-0.024902991950511932,-0.6107730865478516,-0.1526932716369629,0.2693178951740265,-0.13267052173614502,-0.3918951153755188,-0.0979737788438797,0.377924382686615,0.09448109567165375,-0.5034088492393494,-0.12585221230983734,0.03518616035580635,-0.09120345860719681,-0.45146000385284424,-0.21286499500274658,-0.1263009011745453,-0.03157522529363632,0.10363711416721344,0.2259092777967453,-0.7721734642982483,-0.19304336607456207,0.40638867020606995,0.10159716755151749
-0.529882550239563,-0.23247063159942627,0.15285129845142365,0.03821282461285591,0.11213351041078568,0.02803337760269642,2.288107395172119,0.8720268607139587,-0.40577492117881775,-0.3014437258243561,-0.31778866052627563,-0.07944716513156891,-1.524709939956665,-0.4811774790287018,-0.2055375576019287,-0.05138438940048218,0.09669914841651917,0.02417478710412979,2.306094169616699,0.8765235543251038,0.8645530343055725,0.01613825559616089,-0.6805281043052673,-0.17013202607631683,-0.08816256374120712,-0.02204064093530178,0.03695792704820633,0.009239481762051582,-0.34575319290161133,-0.08643829822540283,-0.28462183475494385,-0.07115545868873596,0.10757843405008316,0.12689460813999176,-0.4996119737625122,-0.024902991950511932,-0.6107730865478516,-0.1526932716369629,0.2693178951740265,-0.13267052173614502,-0.3918951153755188,-0.0979737788438797,0.377924382686615,0.09448109567165375,-0.5034088492393494,-0.12585221230983734,0.03518616035580635,-0.09120345860719681,-0.45146000385284424,-0.21286499500274658,-0.1263009011745453,-0.03157522529363632,0.10363711416721344,0.2259092777967453,-0.7721734642982483,-0.19304336607456207,0.40638867020606995,0.10159716755151749
-0.529882550239563,-0.23247063159942627,0.15285129845142365,0.03821282461285591,0.11213351041078568,0.02803337760269642,2.288107395172119,0.8720268607139587,-0.40577492117881775,-0.3014437258243561,-0.31778866052627563,-0.07944716513156891,-1.524709939956665,-0.4811774790287018,-0.2055375576019287,-0.05138438940048218,0.09669914841651917,0.02417478710412979,2.306094169616699,0.8765235543251038,0.8645530343055725,0.01613825559616089,-0.6805281043052673,-0.17013202607631683,-0.08816256374120712,-0.02204064093530178,0.03695792704820633,0.009239481762051582,-0.34575319290161133,-0.08643829822540283,-0.28462183475494385,-0.07115545868873596,0.10757843405008316,0.12689460813999176,-0.4996119737625122,-0.024902991950511932,-0.6107730865478516,-0.1526932716369629,0.2693178951740265,-0.13267052173614502,-0.3918951153755188,-0.0979737788438797,0.377924382686615,0.09448109567165375,-0.5034088492393494,-0.12585221230983734,0.03518616035580635,-0.09120345860719681,-0.45146000385284424,-0.21286499500274658,-0.1263009011745453,-0.03157522529363632,0.10363711416721344,0.2259092777967453,-0.7721734642982483,-0.19304336607456207,0.40638867020606995,0.10159716755151749
-0.529882550239563,-0.23247063159942627,0.15285129845142365,0.03821282461285591,0.11213351041078568,0.02803337760269642,2.288107395172119,0.8720268607139587,-0.40577492117881775,-0.3014437258243561,-0.31778866052627563,-0.07944716513156891,-1.524709939956665,-0.4811774790287018,-0.2055375576019287,-0.05138438940048218,0.09669914841651917,0.02417478710412979,2.306094169616699,0.8765235543251038,0.8645530343055725,0.01613825559616089,-0.6805281043052673,-0.17013202607631683,-0.08816256374120712,-0.02204064093530178,0.03695792704820633,0.009239481762051582,-0.34575319290161133,-0.08643829822540283,-0.28462183475494385,-0.07115545868873596,0.10757843405008316,0.12689460813999176,-0.4996119737625122,-0.024902991950511932,-0.6107730865478516,-0.1526932716369629,0.2693178951740265,-0.13267052173614502,-0.3918951153755188,-0.0979737788438797,0.377924382686615,0.09448109567165375,-0.5034088492393494,-0.12585221230983734,0.03518616035580635,-0.09120345860719681,-0.45146000385284424,-0.21286499500274658,-0.1263009011745453,-0.03157522529363632,0.10363711416721344,0.2259092777967453,-0.7721734642982483,-0.19304336607456207,0.40638867020606995,0.10159716755151749
-0.529882550239563,-0.23247063159942627,0.15285129845142365,0.03821282461285591,0.11213351041078568,0.02803337760269642,2.288107395172119,0.8720268607139587,-0.40577492117881775,-0.3014437258243561,-0.31778866052627563,-0.07944716513156891,-1.524709939956665,-0.4811774790287018,-0.2055375576019287,-0.05138438940048218,0.09669914841651917,0.02417478710412979,2.306094169616699,0.8765235543251038,0.8645530343055725,0.01613825559616089,-0.6805281043052673,-0.17013202607631683,-0.08816256374120712,-0.02204064093530178,0.03695792704820633,0.009239481762051582,-0.34575319290161133,-0.08643829822540283,-0.28462183475494385,-0.07115545868873596,0.10757843405008316,0.12689460813999176,-0.4996119737625122,-0.024902991950511932,-0.6107730865478516,-0.1526932716369629,0.2693178951740265,-0.13267052173614502,-0.3918951153755188,-0.0979737788438797,0.377924382686615,0.09448109567165375,-0.5034088492393494,-0.12585221230983734,0.03518616035580635,-0.09120345860719681,-0.45146000385284424,-0.21286499500274658,-0.1263009011745453,-0.03157522529363632,0.10363711416721344,0.2259092777967453,-0.7721734642982483,-0.19304336607456207,0.40638867020606995,0.10159716755151749
-0.529882550239563,-0.23247063159942627,0.15285129845142365,0.03821282461285591,0.11213351041078568,0.02803337760269642,2.288107395172119,0.8720268607139587,-0.40577492117881775,-0.3014437258243561,-0.31778866052627563,-0.07944716513156891,-1.524709939956665,-0.4811774790287018,-0.2055375576019287,-0.05138438940048218,0.09669914841651917,0.02417478710412979,2.306094169616699,0.8765235543251038,0.8645530343055725,0.01613825559616089,-0.6805281043052673,-0.17013202607631683,-0.08816256374120712,-0.02204064093530178,0.03695792704820633,0.009239481762051582,-0.34575319290161133,-0.08643829822540283,-0.28462183475494385,-0.07115545868873596,0.10757843405008316,0.12689460813999176,-0.4996119737625122,-0.024902991950511932,-0.6107730865478516,-0.1526932716369629,0.2693178951740265,-0.13267052173614502,-0.3918951153755188,-0.0979737788438797,0.377924382686615,0.09448109567165375,-0.5034088492393494,-0.12585221230983734,0.03518616035580635,-0.09120345860719681,-0.45146000385284424,-0.21286499500274658,-0.1263009011745453,-0.03157522529363632,0.10363711416721344,0.2259092777967453,-0.7721734642982483,-0.19304336607456207,0.40638867020606995,0.10159716755151749
-0.529882550239563,-0.23247063159942627,0.15285129845142365,0.03821282461285591,0.11213351041078568,0.02803337760269642,2.288107395172119,0.8720268607139587,-0.40577492117881775,-0.3014437258243561,-0.31778866052627563,-0.07944716513156891,-1.524709939956665,-0.4811774790287018,-0.2055375576019287,-0.05138438940048218,0.09669914841651917,0.02417478710412979,2.306094169616699,0.8765235543251038,0.8645530343055725,0.01613825559616089,-0.6805281043052673,-0.17013202607631683,-0.08816256374120712,-0.02204064093530178,0.03695792704820633,0.009239481762051582,-0.34575319290161133,-0.08643829822540283,-0.28462183475494385,-0.07115545868873596,0.10757843405008316,0.12689460813999176,-0.4996119737625122,-0.024902991950511932,-0.6107730865478516,-0.1526932716369629,0.2693178951740265,-0.13267052173614502,-0.3918951153755188,-0.0979737788438797,0.377924382686615,0.09448109567165375,-0.5034088492393494,-0.12585221230983734,0.03518616035580635,-0.09120345860719681,-0.45146000385284424,-0.21286499500274658,-0.1263009011745453,-0.03157522529363632,0.10363711416721344,0.2259092777967453,-0.7721734642982483,-0.19304336607456207,0.40638867020606995,0.10159716755151749
-0.529882550239563,-0.23247063159942627,0.15285129845142365,0.03821282461285591,0.11213351041078568,0.02803337760269642,2.288107395172119,0.8720268607139587,-0.40577492117881775,-0.3014437258243561,-0.31778866052627563,-0.07944716513156891,-1.524709939956665,-0.4811774790287018,-0.2055375576019287,-0.05138438940048218,0.09669914841651917,0.02417478710412979,2.306094169616699,0.8765235543251038,0.8645530343055725,0.01613825559616089,-0.6805281043052673,-0.17013202607631683,-0.08816256374120712,-0.02204064093530178,0.03695792704820633,0.009239481762051582,-0.34575319290161133,-0.08643829822540283,-0.28462183475494385,-0.07115545868873596,0.10757843405008316,0.12689460813999176,-0.4996119737625122,-0.024902991950511932,-0.6107730865478516,-0.1526932716369629,0.2693178951740265,-0.13267052173614502,-0.3918951153755188,-0.0979737788438797,0.377924382686615,0.09448109567165375,-0.5034088492393494,-0.12585221230983734,0.03518616035580635,-0.09120345860719681,-0.45146000385284424,-0.21286499500274658,-0.1263009011745453,-0.03157522529363632,0.10363711416721344,0.2259092777967453,-0.7721734642982483,-0.19304336607456207,0.40638867020606995,0.10159716755151749
-0.529882550239563,-0.23247063159942627,0.15285129845142365,0.03821282461285591,0.11213351041078568,0.02803337760269642,2.288107395172119,0.8720268607139587,-0.40577492117881775,-0.3014437258243561,-0.31778866052627563,-0.07944716513156891,-1.524709939956665,-0.4811774790287018,-0.2055375576019287,-0.05138438940048218,0.09669914841651917,0.02417478710412979,2.306094169616699,0.8765235543251038,0.8645530343055725,0.01613825559616089,-0.6805281043052673,-0.17013202607631683,-0.08816256374120712,-0.02204064093530178,0.03695792704820633,0.009239481762051582,-0.34575319290161133,-0.08643829822540283,-0.28462183475494385,-0.07115545868873596,0.10757843405008316,0.12689460813999176,-0.4996119737625122,-0.024902991950511932,-0.6107730865478516,-0.1526932716369629,0.2693178951740265,-0.13267052173614502,-0.3918951153755188,-0.0979737788438797,0.377924382686615,0.09448109567165375,-0.5034088492393494,-0.12585221230983734,0.03518616035580635,-0.09120345860719681,-0.45146000385284424,-0.21286499500274658,-0.1263009011745453,-0.03157522529363632,0.10363711416721344,0.2259092777967453,-0.7721734642982483,-0.19304336607456207,0.40638867020606995,0.10159716755151749
-0.529882550239563,-0.23247063159942627,0.15285129845142365,0.03821282461285591,0.11213351041078568,0.02803337760269642,2.288107395172119,0.8720268607139587,-0.40577492117881775,-0.3014437258243561,-0.31778866052627563,-0.07944716513156891,-1.524709939956665,-0.4811774790287018,-0.2055375576019287,-0.05138438940048218,0.09669914841651917,0.02417478710412979,2.306094169616699,0.8765235543251038,0.8645530343055725,0.01613825559616089,-0.6805281043052673,-0.17013202607631683,-0.08816256374120712,-0.02204064093530178,0.03695792704820633,0.009239481762051582,-0.34575319290161133,-0.08643829822540283,-0.28462183475494385,-0.07115545868873596,0.10757843405008316,0.12689460813999176,-0.4996119737625122,-0.024902991950511932,-0.6107730865478516,-0.1526932716369629,0.2693178951740265,-0.13267052173614502,-0.3918951153755188,-0.0979737788438797,0.377924382686615,0.09448109567165375,-0.5034088492393494,-0.12585221230983734,0.03518616035580635,-0.09120345860719681,-0.45146000385284424,-0.21286499500274658,-0.1263009011745453,-0.03157522529363632,0.10363711416721344,0.2259092777967453,-0.7721734642982483,-0.19304336607456207,0.40638867020606995,0.10159716755151749
-0.529882550239563,-0.23247063159942627,0.15285129845142365,0.03821282461285591,0.11213351041078568,0.02803337760269642,2.288107395172119,0.8720268607139587,-0.40577492117881775,-0.3014437258243561,-0.31778866052627563,-0.07944716513156891,-1.524709939956665,-0.4811774790287018,-0.2055375576019287,-0.05138438940048218,0.09669914841651917,0.02417478710412979,2.306094169616699,0.8765235543251038,0.8645530343055725,0.01613825559616089,-0.6805281043052673,-0.17013202607631683,-0.08816256374120712,-0.02204064093530178,0.03695792704820633,0.009239481762051582,-0.34575319290161133,-0.08643829822540283,-0.28462183475494385,-0.07115545868873596,0.10757843405008316,0.12689460813999176,-0.4996119737625122,-0.024902991950511932,-0.6107730865478516,-0.1526932716369629,0.2693178951740265,-0.13267052173614502,-0.3918951153755188,-0.0979737788438797,0.377924382686615,0.09448109567165375,-0.5034088492393494,-0.12585221230983734,0.03518616035580635,-0.09120345860719681,-0.45146000385284424,-0.21286499500274658,-0.1263009011745453,-0.03157522529363632,0.10363711416721344,0.2259092777967453,-0.7721734642982483,-0.19304336607456207,0.40638867020606995,0.10159716755151749
-0.529882550239563,-0.23247063159942627,0.15285129845142365,0.03821282461285591,0.11213351041078568,0.02803337760269642,2.288107395172119,0.8720268607139587,-0.40577492117881775,-0.3014437258243561,-0.31778866052627563,-0.07944716513156891,-1.524709939956665,-0.4811774790287018,-0.2055375576019287,-0.05138438940048218,0.09669914841651917,0.02417478710412979,2.306094169616699,0.8765235543251038,0.8645530343055725,0.01613825559616089,-0.6805281043052673,-0.17013202607631683,-0.08816256374120712,-0.02204064093530178,0.03695792704820633,0.009239481762051582,-0.34575319290161133,-0.08643829822540283,-0.28462183475494385,-0.07115545868873596,0.10757843405008316,0.12689460813999176,-0.4996119737625122,-0.024902991950511932,-0.6107730865478516,-0.1526932716369629,0.2693178951740265,-0.13267052173614502,-0.3918951153755188,-0.0979737788438797,0.377924382686615,0.09448109567165375,-0.5034088492393494,-0.12585221230983734,0.03518616035580635,-0.09120345860719681,-0.45146000385284424,-0.21286499500274658,-0.1263009011745453,-0.03157522529363632,0.10363711416721344,0.2259092777967453,-0.7721734642982483,-0.19304336607456207,0.40638867020606995,0.10159716755151749
-0.529882550239563,-0.23247063159942627,0.15285129845142365,0.03821282461285591,0.11213351041078568,0.02803337760269642,2.288107395172119,0.8720268607139587,-0.40577492117881775,-0.3014437258243561,-0.31778866052627563,-0.07944716513156891,-1.524709939956665,-0.4811774790287018,-0.2055375576019287,-0.05138438940048218,0.09669914841651917,0.02417478710412979,2.306094169616699,0.8765235543251038,0.8645530343055725,0.01613825559616089,-0.6805281043052673,-0.17013202607631683,-0.08816256374120712,-0.02204064093530178,0.03695792704820633,0.009239481762051582,-0.34575319290161133,-0.08643829822540283,-0.28462183475494385,-0.07115545868873596,0.10757843405008316,0.12689460813999176,-0.4996119737625122,-0.024902991950511932,-0.6107730865478516,-0.1526932716369629,0.2693178951740265,-0.13267052173614502,-0.3918951153755188,-0.0979737788438797,0.377924382686615,0.09448109567165375,-0.5034088492393494,-0.12585221230983734,0.03518616035580635,-0.09120345860719681,-0.45146000385284424,-0.21286499500274658,-0.1263009011745453,-0.03157522529363632,0.10363711416721344,0.2259092777967453,-0.7721734642982483,-0.19304336607456207,0.40638867020606995,0.10159716755151749
-0.529882550239563,-0.23247063159942627,0.15285129845142365,0.03821282461285591,0.11213351041078568,0.02803337760269642,2.288107395172119,0.8720268607139587,-0.40577492117881775,-0.3014437258243561,-0.31778866052627563,-0.07944716513156891,-1.524709939956665,-0.4811774790287018,-0.2055375576019287,-0.05138438940048218,0.09669914841651917,0.02417478710412979,2.306094169616699,0.8765235543251038,0.8645530343055725,0.01613825559616089,-0.6805281043052673,-0.17013202607631683,-0.08816256374120712,-0.02204064093530178,0.03695792704820633,0.009239481762051582,-0.34575319290161133,-0.08643829822540283,-0.28462183475494385,-0.07115545868873596,0.10757843405008316,0.12689460813999176,-0.4996119737625122,-0.024902991950511932,-0.6107730865478516,-0.1526932716369629,0.2693178951740265,-0.13267052173614502,-0.3918951153755188,-0.0979737788438797,0.377924382686615,0.09448109567165375,-0.5034088492393494,-0.12585221230983734,0.03518616035580635,-0.09120345860719681,-0.45146000385284424,-0.21286499500274658,-0.1263009011745453,-0.03157522529363632,0.10363711416721344,0.2259092777967453,-0.7721734642982483,-0.19304336607456207,0.40638867020606995,0.10159716755151749
-0.529882550239563,-0.23247063159942627,0.15285129845142365,0.03821282461285591,0.11213351041078568,0.02803337760269642,2.288107395172119,0.8720268607139587,-0.40577492117881775,-0.3014437258243561,-0.31778866052627563,-0.07944716513156891,-1.524709939956665,-0.4811774790287018,-0.2055375576019287,-0.05138438940048218,0.09669914841651917,0.02417478710412979,2.306094169616699,0.8765235543251038,0.8645530343055725,0.01613825559616089,-0.6805281043052673,-0.17013202607631683,-0.08816256374120712,-0.02204064093530178,0.03695792704820633,0.009239481762051582,-0.34575319290161133,-0.08643829822540283,-0.28462183475494385,-0.07115545868873596,0.10757843405008316,0.12689460813999176,-0.4996119737625122,-0.024902991950511932,-0.6107730865478516,-0.1526932716369629,0.2693178951740265,-0.13267052173614502,-0.3918951153755188,-0.0979737788438797,0.377924382686615,0.09448109567165375,-0.5034088492393494,-0.12585221230983734,0.03518616035580635,-0.09120345860719681,-0.45146000385284424,-0.21286499500274658,-0.1263009011745453,-0.03157522529363632,0.10363711416721344,0.2259092777967453,-0.7721734642982483,-0.19304336607456207,0.40638867020606995,0.10159716755151749
-0.529882550239563,-0.23247063159942627,0.15285129845142365,0.03821282461285591,0.11213351041078568,0.02803337760269642,2.288107395172119,0.8720268607139587,-0.40577492117881775,-0.3014437258243561,-0.31778866052627563,-0.07944716513156891,-1.524709939956665,-0.4811774790287018,-0.2055375576019287,-0.05138438940048218,0.09669914841651917,0.02417478710412979,2.306094169616699,0.8765235543251038,0.8645530343055725,0.01613825559616089,-0.6805281043052673,-0.17013202607631683,-0.08816256374120712,-0.02204064093530178,0.03695792704820633,0.009239481762051582,-0.34575319290161133,-0.08643829822540283,-0.28462183475494385,-0.07115545868873596,0.10757843405008316,0.12689460813999176,-0.4996119737625122,-0.024902991950511932,-0.6107730865478516,-0.1526932716369629,0.2693178951740265,-0.13267052173614502,-0.3918951153755188,-0.0979737788438797,0.377924382686615,0.09448109567165375,-0.5034088492393494,-0.12585221230983734,0.03518616035580635,-0.09120345860719681,-0.45146000385284424,-0.21286499500274658,-0.1263009011745453,-0.03157522529363632,0.10363711416721344,0.2259092777967453,-0.7721734642982483,-0.19304336607456207,0.40638867020606995,0.10159716755151749
-0.5917810201644897,-0.24794524908065796,0.25248047709465027,0.06312011927366257,0.12030377238988876,0.03007594309747219,2.2165274620056152,0.8541318774223328,-0.3101677894592285,-0.2775419354438782,-0.6650962829589844,-0.1662740707397461,-1.3661165237426758,-0.44152912497520447,-0.3571796119213104,-0.0892949029803276,0.05826267600059509,0.014565669000148773,2.2687411308288574,0.8671852946281433,0.9912326335906982,0.04780815541744232,-0.6976862549781799,-0.17442156374454498,0.04533576965332031,0.011333942413330078,-0.01974824070930481,-0.004937060177326202,-0.19633495807647705,-0.04908373951911926,-0.5225395560264587,-0.13063488900661469,0.1655886322259903,0.141397163271904,0.5724400281906128,0.24311000108718872,-0.10900478810071945,-0.027251197025179863,-0.2931284010410309,-0.27328211069107056,-0.2075585275888443,-0.051889631897211075,-0.39229539036750793,-0.09807384759187698,-0.3992452323436737,-0.09981130808591843,-0.28312477469444275,-0.1707811951637268,0.3659133315086365,-0.008521668612957,-0.6573676466941833,-0.16434191167354584,-0.12941962480545044,0.16764509677886963,-0.7702966928482056,-0.1925741732120514,-0.3122323155403137,-0.07805807888507843
-0.5917810201644897,-0.24794524908065796,0.25248047709465027,0.06312011927366257,0.12030377238988876,0.03007594309747219,2.2165274620056152,0.8541318774223328,-0.3101677894592285,-0.2775419354438782,-0.6650962829589844,-0.1662740707397461,-1.3661165237426758,-0.44152912497520447,-0.3571796119213104,-0.0892949029803276,0.05826267600059509,0.014565669000148773,2.2687411308288574,0.8671852946281433,0.9912326335906982,0.04780815541744232,-0.6976862549781799,-0.17442156374454498,0.04533576965332031,0.011333942413330078,-0.01974824070930481,-0.004937060177326202,-0.19633495807647705,-0.04908373951911926,-0.5225395560264587,-0.13063488900661469,0.1655886322259903,0.141397163271904,0.5724400281906128,0.24311000108718872,-0.10900478810071945,-0.027251197025179863,-0.2931284010410309,-0.27328211069107056,-0.2075585275888443,-0.051889631897211075,-0.39229539036750793,-0.09807384759187698,-0.3992452323436737,-0.09981130808591843,-0.28312477469444275,-0.1707811951637268,0.3659133315086365,-0.008521668612957,-0.6573676466941833,-0.16434191167354584,-0.12941962480545044,0.16764509677886963,-0.7702966928482056,-0.1925741732120514,-0.3122323155403137,-0.07805807888507843
-0.5917810201644897,-0.24794524908065796,0.25248047709465027,0.06312011927366257,0.12030377238988876,0.03007594309747219,2.2165274620056152,0.8541318774223328,-0.3101677894592285,-0.2775419354438782,-0.6650962829589844,-0.1662740707397461,-1.3661165237426758,-0.44152912497520447,-0.3571796119213104,-0.0892949029803276,0.05826267600059509,0.014565669000148773,2.2687411308288574,0.8671852946281433,0.9912326335906982,0.04780815541744232,-0.6976862549781799,-0.17442156374454498,0.04533576965332031,0.011333942413330078,-0.01974824070930481,-0.004937060177326202,-0.19633495807647705,-0.04908373951911926,-0.5225395560264587,-0.13063488900661469,0.1655886322259903,0.141397163271904,0.5724400281906128,0.24311000108718872,-0.10900478810071945,-0.027251197025179863,-0.2931284010410309,-0.27328211069107056,-0.2075585275888443,-0.051889631897211075,-0.39229539036750793,-0.09807384759187698,-0.3992452323436737,-0.09981130808591843,-0.28312477469444275,-0.1707811951637268,0.3659133315086365,-0.008521668612957,-0.6573676466941833,-0.16434191167354584,-0.12941962480545044,0.16764509677886963,-0.7702966928482056,-0.1925741732120514,-0.3122323155403137,-0.07805807888507843
-0.5917810201644897,-0.24794524908065796,0.25248047709465027,0.06312011927366257,0.12030377238988876,0.03007594309747219,2.2165274620056152,0.8541318774223328,-0.3101677894592285,-0.2775419354438782,-0.6650962829589844,-0.1662740707397461,-1.3661165237426758,-0.44152912497520447,-0.3571796119213104,-0.0892949029803276,0.05826267600059509,0.014565669000148773,2.2687411308288574,0.8671852946281433,0.9912326335906982,0.04780815541744232,-0.6976862549781799,-0.17442156374454498,0.04533576965332031,0.011333942413330078,-0.01974824070930481,-0.004937060177326202,-0.19633495807647705,-0.04908373951911926,-0.5225395560264587,-0.13063488900661469,0.1655886322259903,0.141397163271904,0.5724400281906128,0.24311000108718872,-0.10900478810071945,-0.027251197025179863,-0.2931284010410309,-0.27328211069107056,-0.2075585275888443,-0.051889631897211075,-0.39229539036750793,-0.09807384759187698,-0.3992452323436737,-0.09981130808591843,-0.28312477469444275,-0.1707811951637268,0.3659133315086365,-0.008521668612957,-0.6573676466941833,-0.16434191167354584,-0.12941962480545044,0.16764509677886963,-0.7702966928482056,-0.1925741732120514,-0.3122323155403137,-0.07805807888507843
-0.5917810201644897,-0.24794524908065796,0.25248047709465027,0.06312011927366257,0.12030377238988876,0.03007594309747219,2.2165274620056152,0.8541318774223328,-0.3101677894592285,-0.2775419354438782,-0.6650962829589844,-0.1662740707397461,-1.3661165237426758,-0.44152912497520447,-0.3571796119213104,-0.0892949029803276,0.05826267600059509,0.014565669000148773,2.2687411308288574,0.8671852946281433,0.9912326335906982,0.04780815541744232,-0.6976862549781799,-0.17442156374454498,0.04533576965332031,0.011333942413330078,-0.01974824070930481,-0.004937060177326202,-0.19633495807647705,-0.04908373951911926,-0.5225395560264587,-0.13063488900661469,0.1655886322259903,0.141397163271904,0.5724400281906128,0.24311000108718872,-0.10900478810071945,-0.027251197025179863,-0.2931284010410309,-0.27328211069107056,-0.2075585275888443,-0.051889631897211075,-0.39229539036750793,-0.09807384759187698,-0.3992452323436737,-0.09981130808591843,-0.28312477469444275,-0.1707811951637268,0.3659133315086365,-0.008521668612957,-0.6573676466941833,-0.16434191167354584,-0.12941962480545044,0.16764509677886963,-0.7702966928482056,-0.1925741732120514,-0.3122323155403137,-0.07805807888507843
-0.5917810201644897,-0.24794524908065796,0.25248047709465027,0.06312011927366257,0.12030377238988876,0.03007594309747219,2.2165274620056152,0.8541318774223328,-0.3101677894592285,-0.2775419354438782,-0.6650962829589844,-0.1662740707397461,-1.3661165237426758,-0.44152912497520447,-0.3571796119213104,-0.0892949029803276,0.05826267600059509,0.014565669000148773,2.2687411308288574,0.8671852946281433,0.9912326335906982,0.04780815541744232,-0.6976862549781799,-0.17442156374454498,0.04533576965332031,0.011333942413330078,-0.01974824070930481,-0.004937060177326202,-0.19633495807647705,-0.04908373951911926,-0.5225395560264587,-0.13063488900661469,0.1655886322259903,0.141397163271904,0.5724400281906128,0.24311000108718872,-0.10900478810071945,-0.027251197025179863,-0.2931284010410309,-0.27328211069107056,-0.2075585275888443,-0.051889631897211075,-0.39229539036750793,-0.09807384759187698,-0.3992452323436737,-0.09981130808591843,-0.28312477469444275,-0.1707811951637268,0.3659133315086365,-0.008521668612957,-0.6573676466941833,-0.16434191167354584,-0.12941962480545044,0.16764509677886963,-0.7702966928482056,-0.1925741732120514,-0.3122323155403137,-0.07805807888507843
-0.5917810201644897,-0.24794524908065796,0.25248047709465027,0.06312011927366257,0.12030377238988876,0.03007594309747219,2.2165274620056152,0.8541318774223328,-0.3101677894592285,-0.2775419354438782,-0.6650962829589844,-0.1662740707397461,-1.3661165237426758,-0.44152912497520447,-0.3571796119213104,-0.0892949029803276,0.05826267600059509,0.014565669000148773,2.2687411308288574,0.8671852946281433,0.9912326335906982,0.04780815541744232,-0.6976862549781799,-0.17442156374454498,0.04533576965332031,0.011333942413330078,-0.01974824070930481,-0.004937060177326202,-0.19633495807647705,-0.04908373951911926,-0.5225395560264587,-0.13063488900661469,0.1655886322259903,0.141397163271904,0.5724400281906128,0.24311000108718872,-0.10900478810071945,-0.027251197025179863,-0.2931284010410309,-0.27328211069107056,-0.2075585275888443,-0.051889631897211075,-0.39229539036750793,-0.09807384759187698,-0.3992452323436737,-0.09981130808591843,-0.28312477469444275,-0.1707811951637268,0.3659133315086365,-0.008521668612957,-0.6573676466941833,-0.16434191167354584,-0.12941962480545044,0.16764509677886963,-0.7702966928482056,-0.1925741732120514,-0.3122323155403137,-0.07805807888507843
-0.5917810201644897,-0.24794524908065796,0.25248047709465027,0.06312011927366257,0.12030377238988876,0.03007594309747219,2.2165274620056152,0.8541318774223328,-0.3101677894592285,-0.2775419354438782,-0.6650962829589844,-0.1662740707397461,-1.3661165237426758,-0.44152912497520447,-0.3571796119213104,-0.0892949029803276,0.05826267600059509,0.014565669000148773,2.2687411308288574,0.8671852946281433,0.9912326335906982,0.04780815541744232,-0.6976862549781799,-0.17442156374454498,0.04533576965332031,0.011333942413330078,-0.01974824070930481,-0.004937060177326202,-0.19633495807647705,-0.04908373951911926,-0.5225395560264587,-0.13063488900661469,0.1655886322259903,0.141397163271904,0.5724400281906128,0.24311000108718872,-0.10900478810071945,-0.027251197025179863,-0.2931284010410309,-0.27328211069107056,-0.2075585275888443,-0.051889631897211075,-0.39229539036750793,-0.09807384759187698,-0.3992452323436737,-0.09981130808591843,-0.28312477469444275,-0.1707811951637268,0.3659133315086365,-0.008521668612957,-0.6573676466941833,-0.16434191167354584,-0.12941962480545044,0.16764509677886963,-0.7702966928482056,-0.1925741732120514,-0.3122323155403137,-0.07805807888507843
-0.5917810201644897,-0.24794524908065796,0.25248047709465027,0.06312011927366257,0.12030377238988876,0.03007594309747219,2.2165274620056152,0.8541318774223328,-0.3101677894592285,-0.2775419354438782,-0.6650962829589844,-0.1662740707397461,-1.3661165237426758,-0.44152912497520447,-0.3571796119213104,-0.0892949029803276,0.05826267600059509,0.014565669000148773,2.2687411308288574,0.8671852946281433,0.9912326335906982,0.04780815541744232,-0.6976862549781799,-0.17442156374454498,0.04533576965332031,0.011333942413330078,-0.01974824070930481,-0.004937060177326202,-0.19633495807647705,-0.04908373951911926,-0.5225395560264587,-0.13063488900661469,0.1655886322259903,0.141397163271904,0.5724400281906128,0.24311000108718872,-0.10900478810071945,-0.027251197025179863,-0.2931284010410309,-0.27328211069107056,-0.2075585275888443,-0.051889631897211075,-0.39229539036750793,-0.09807384759187698,-0.3992452323436737,-0.09981130808591843,-0.28312477469444275,-0.1707811951637268,0.3659133315086365,-0.008521668612957,-0.6573676466941833,-0.16434191167354584,-0.12941962480545044,0.16764509677886963,-0.7702966928482056,-0.1925741732120514,-0.3122323155403137,-0.07805807888507843
-0.5917810201644897,-0.24794524908065796,0.25248047709465027,0.06312011927366257,0.12030377238988876,0.03007594309747219,2.2165274620056152,0.8541318774223328,-0.3101677894592285,-0.2775419354438782,-0.6650962829589844,-0.1662740707397461,-1.3661165237426758,-0.44152912497520447,-0.3571796119213104,-0.0892949029803276,0.05826267600059509,0.014565669000148773,2.2687411308288574,0.8671852946281433,0.9912326335906982,0.04780815541744232,-0.6976862549781799,-0.17442156374454498,0.04533576965332031,0.011333942413330078,-0.01974824070930481,-0.004937060177326202,-0.19633495807647705,-0.04908373951911926,-0.5225395560264587,-0.13063488900661469,0.1655886322259903,0.141397163271904,0.5724400281906128,0.24311000108718872,-0.10900478810071945,-0.027251197025179863,-0.2931284010410309,-0.27328211069107056,-0.2075585275888443,-0.051889631897211075,-0.39229539036750793,-0.09807384759187698,-0.3992452323436737,-0.09981130808591843,-0.28312477469444275,-0.1707811951637268,0.3659133315086365,-0.008521668612957,-0.6573676466941833,-0.16434191167354584,-0.12941962480545044,0.16764509677886963,-0.7702966928482056,-0.1925741732120514,-0.3122323155403137,-0.07805807888507843
-0.5917810201644897,-0.24794524908065796,0.25248047709465027,0.06312011927366257,0.12030377238988876,0.03007594309747219,2.2165274620056152,0.8541318774223328,-0.3101677894592285,-0.2775419354438782,-0.6650962829589844,-0.1662740707397461,-1.3661165237426758,-0.44152912497520447,-0.3571796119213104,-0.0892949029803276,0.05826267600059509,0.014565669000148773,2.2687411308288574,0.8671852946281433,0.9912326335906982,0.04780815541744232,-0.6976862549781799,-0.17442156374454498,0.04533576965332031,0.011333942413330078,-0.01974824070930481,-0.004937060177326202,-0.19633495807647705,-0.04908373951911926,-0.5225395560264587,-0.13063488900661469,0.1655886322259903,0.141397163271904,0.5724400281906128,0.24311000108718872,-0.10900478810071945,-0.027251197025179863,-0.2931284010410309,-0.27328211069107056,-0.2075585275888443,-0.051889631897211075,-0.39229539036750793,-0.09807384759187698,-0.3992452323436737,-0.09981130808591843,-0.28312477469444275,-0.1707811951637268,0.3659133315086365,-0.008521668612957,-0.6573676466941833,-0.16434191167354584,-0.12941962480545044,0.16764509677886963,-0.7702966928482056,-0.1925741732120514,-0.3122323155403137,-0.07805807888507843
-0.5917810201644897,-0.24794524908065796,0.25248047709465027,0.06312011927366257,0.12030377238988876,0.03007594309747219,2.2165274620056152,0.8541318774223328,-0.3101677894592285,-0.2775419354438782,-0.6650962829589844,-0.1662740707397461,-1.3661165237426758,-0.44152912497520447,-0.3571796119213104,-0.0892949029803276,0.05826267600059509,0.014565669000148773,2.2687411308288574,0.8671852946281433,0.9912326335906982,0.04780815541744232,-0.6976862549781799,-0.17442156374454498,0.04533576965332031,0.011333942413330078,-0.01974824070930481,-0.004937060177326202,-0.19633495807647705,-0.04908373951911926,-0.5225395560264587,-0.13063488900661469,0.1655886322259903,0.141397163271904,0.5724400281906128,0.24311000108718872,-0.10900478810071945,-0.027251197025179863,-0.2931284010410309,-0.27328211069107056,-0.2075585275888443,-0.051889631897211075,-0.39229539036750793,-0.09807384759187698,-0.3992452323436737,-0.09981130808591843,-0.28312477469444275,-0.1707811951637268,0.3659133315086365,-0.008521668612957,-0.6573676466941833,-0.16434191167354584,-0.12941962480545044,0.16764509677886963,-0.7702966928482056,-0.1925741732120514,-0.3122323155403137,-0.07805807888507843
-0.5917810201644897,-0.24794524908065796,0.25248047709465027,0.06312011927366257,0.12030377238988876,0.03007594309747219,2.2165274620056152,0.8541318774223328,-0.3101677894592285,-0.2775419354438782,-0.6650962829589844,-0.1662740707397461,-1.3661165237426758,-0.44152912497520447,-0.3571796119213104,-0.0892949029803276,0.05826267600059509,0.014565669000148773,2.2687411308288574,0.8671852946281433,0.9912326335906982,0.04780815541744232,-0.6976862549781799,-0.17442156374454498,0.04533576965332031,0.011333942413330078,-0.01974824070930481,-0.004937060177326202,-0.19633495807647705,-0.04908373951911926,-0.5225395560264587,-0.13063488900661469,0.1655886322259903,0.141397163271904,0.5724400281906128,0.24311000108718872,-0.10900478810071945,-0.027251197025179863,-0.2931284010410309,-0.27328211069107056,-0.2075585275888443,-0.051889631897211075,-0.39229539036750793,-0.09807384759187698,-0.3992452323436737,-0.09981130808591843,-0.28312477469444275,-0.1707811951637268,0.3659133315086365,-0.008521668612957,-0.6573676466941833,-0.16434191167354584,-0.12941962480545044,0.16764509677886963,-0.7702966928482056,-0.1925741732120514,-0.3122323155403137,-0.07805807888507843
-0.5917810201644897,-0.24794524908065796,0.25248047709465027,0.06312011927366257,0.12030377238988876,0.03007594309747219,2.2165274620056152,0.8541318774223328,-0.3101677894592285,-0.2775419354438782,-0.6650962829589844,-0.1662740707397461,-1.3661165237426758,-0.44152912497520447,-0.3571796119213104,-0.0892949029803276,0.05826267600059509,0.014565669000148773,2.2687411308288574,0.8671852946281433,0.9912326335906982,0.04780815541744232,-0.6976862549781799,-0.17442156374454498,0.04533576965332031,0.011333942413330078,-0.01974824070930481,-0.004937060177326202,-0.19633495807647705,-0.04908373951911926,-0.5225395560264587,-0.13063488900661469,0.1655886322259903,0.141397163271904,0.5724400281906128,0.24311000108718872,-0.10900478810071945,-0.027251197025179863,-0.2931284010410309,-0.27328211069107056,-0.2075585275888443,-0.051889631897211075,-0.39229539036750793,-0.09807384759187698,-0.3992452323436737,-0.09981130808591843,-0.28312477469444275,-0.1707811951637268,0.3659133315086365,-0.008521668612957,-0.6573676466941833,-0.16434191167354584,-0.12941962480545044,0.16764509677886963,-0.7702966928482056,-0.1925741732120514,-0.3122323155403137,-0.07805807888507843
-0.5917810201644897,-0.24794524908065796,0.25248047709465027,0.06312011927366257,0.12030377238988876,0.03007594309747219,2.2165274620056152,0.8541318774223328,-0.3101677894592285,-0.2775419354438782,-0.6650962829589844,-0.1662740707397461,-1.3661165237426758,-0.44152912497520447,-0.3571796119213104,-0.0892949029803276,0.05826267600059509,0.014565669000148773,2.2687411308288574,0.8671852946281433,0.9912326335906982,0.04780815541744232,-0.6976862549781799,-0.17442156374454498,0.04533576965332031,0.011333942413330078,-0.01974824070930481,-0.004937060177326202,-0.19633495807647705,-0.04908373951911926,-0.5225395560264587,-0.13063488900661469,0.1655886322259903,0.141397163271904,0.5724400281906128,0.24311000108718872,-0.10900478810071945,-0.027251197025179863,-0.2931284010410309,-0.27328211069107056,-0.2075585275888443,-0.051889631897211075,-0.39229539036750793,-0.09807384759187698,-0.3992452323436737,-0.09981130808591843,-0.28312477469444275,-0.1707811951637268,0.3659133315086365,-0.008521668612957,-0.6573676466941833,-0.16434191167354584,-0.12941962480545044,0.16764509677886963,-0.7702966928482056,-0.1925741732120514,-0.3122323155403137,-0.07805807888507843
-0.5917810201644897,-0.24794524908065796,0.25248047709465027,0.06312011927366257,0.12030377238988876,0.03007594309747219,2.2165274620056152,0.8541318774223328,-0.3101677894592285,-0.2775419354438782,-0.6650962829589844,-0.1662740707397461,-1.3661165237426758,-0.44152912497520447,-0.3571796119213104,-0.0892949029803276,0.05826267600059509,0.014565669000148773,2.2687411308288574,0.8671852946281433,0.9912326335906982,0.04780815541744232,-0.6976862549781799,-0.17442156374454498,0.04533576965332031,0.011333942413330078,-0.01974824070930481,-0.004937060177326202,-0.19633495807647705,-0.04908373951911926,-0.5225395560264587,-0.13063488900661469,0.1655886322259903,0.141397163271904,0.5724400281906128,0.24311000108718872,-0.10900478810071945,-0.027251197025179863,-0.2931284010410309,-0.27328211069107056,-0.2075585275888443,-0.051889631897211075,-0.39229539036750793,-0.09807384759187698,-0.3992452323436737,-0.09981130808591843,-0.28312477469444275,-0.1707811951637268,0.3659133315086365,-0.008521668612957,-0.6573676466941833,-0.16434191167354584,-0.12941962480545044,0.16764509677886963,-0.7702966928482056,-0.1925741732120514,-0.3122323155403137,-0.07805807888507843
-0.5917810201644897,-0.24794524908065796,0.25248047709465027,0.06312011927366257,0.12030377238988876,0.03007594309747219,2.2165274620056152,0.8541318774223328,-0.3101677894592285,-0.2775419354438782,-0.6650962829589844,-0.1662740707397461,-1.3661165237426758,-0.44152912497520447,-0.3571796119213104,-0.0892949029803276,0.05826267600059509,0.014565669000148773,2.2687411308288574,0.8671852946281433,0.9912326335906982,0.04780815541744232,-0.6976862549781799,-0.17442156374454498,0.04533576965332031,0.011333942413330078,-0.01974824070930481,-0.004937060177326202,-0.19633495807647705,-0.04908373951911926,-0.5225395560264587,-0.13063488900661469,0.1655886322259903,0.141397163271904,0.5724400281906128,0.24311000108718872,-0.10900478810071945,-0.027251197025179863,-0.2931284010410309,-0.27328211069107056,-0.2075585275888443,-0.051889631897211075,-0.39229539036750793,-0.09807384759187698,-0.3992452323436737,-0.09981130808591843,-0.28312477469444275,-0.1707811951637268,0.3659133315086365,-0.008521668612957,-0.6573676466941833,-0.16434191167354584,-0.12941962480545044,0.16764509677886963,-0.7702966928482056,-0.1925741732120514,-0.3122323155403137,-0.07805807888507843
-0.531141996383667,-0.23278549313545227,0.12330691516399384,0.03082672879099846,0.15059159696102142,0.037647899240255356,2.2948336601257324,0.8737084269523621,-0.4727623760700226,-0.3181906044483185,-0.4041268229484558,-0.10103170573711395,-1.4497594833374023,-0.4624398648738861,-0.2349596619606018,-0.05873991549015045,0.1240265965461731,0.031006649136543274,2.303922176361084,0.8759805560112,1.3790518045425415,0.14476294815540314,-0.773849368095398,-0.1934623420238495,-0.07601942121982574,-0.019004855304956436,0.05106818303465843,0.012767045758664608,-0.35990190505981445,-0.08997547626495361,-0.16529373824596405,-0.04132343456149101,0.0848788172006607,0.1212197095155716,-0.5533607602119446,-0.038340188562870026,-0.5438399910926819,-0.13595999777317047,0.3076724112033844,-0.12308190017938614,-0.35743585228919983,-0.08935896307229996,0.4087129831314087,0.10217824578285217,-0.4806365668773651,-0.12015914171934128,0.05881527438759804,-0.08529618382453918,-0.48348844051361084,-0.22087210416793823,-0.07609383016824722,-0.019023457542061806,0.08758910000324249,0.22189727425575256,-0.7735403180122375,-0.1933850795030594,0.4380505681037903,0.10951264202594757
-0.531141996383667,-0.23278549313545227,0.12330691516399384,0.03082672879099846,0.15059159696102142,0.037647899240255356,2.2948336601257324,0.8737084269523621,-0.4727623760700226,-0.3181906044483185,-0.4041268229484558,-0.10103170573711395,-1.4497594833374023,-0.4624398648738861,-0.2349596619606018,-0.05873991549015045,0.1240265965461731,0.031006649136543274,2.303922176361084,0.8759805560112,1.3790518045425415,0.14476294815540314,-0.773849368095398,-0.1934623420238495,-0.07601942121982574,-0.019004855304956436,0.05106818303465843,0.012767045758664608,-0.35990190505981445,-0.08997547626495361,-0.16529373824596405,-0.04132343456149101,0.0848788172006607,0.1212197095155716,-0.5533607602119446,-0.038340188562870026,-0.5438399910926819,-0.13595999777317047,0.3076724112033844,-0.12308190017938614,-0.35743585228919983,-0.08935896307229996,0.4087129831314087,0.10217824578285217,-0.4806365668773651,-0.12015914171934128,0.05881527438759804,-0.08529618382453918,-0.48348844051361084,-0.22087210416793823,-0.07609383016824722,-0.019023457542061806,0.08758910000324249,0.22189727425575256,-0.7735403180122375,-0.1933850795030594,0.4380505681037903,0.10951264202594757
-0.531141996383667,-0.23278549313545227,0.12330691516399384,0.03082672879099846,0.15059159696102142,0.037647899240255356,2.2948336601257324,0.8737084269523621,-0.4727623760700226,-0.3181906044483185,-0.4041268229484558,-0.10103170573711395,-1.4497594833374023,-0.4624398648738861,-0.2349596619606018,-0.05873991549015045,0.1240265965461731,0.031006649136543274,2.303922176361084,0.8759805560112,1.3790518045425415,0.14476294815540314,-0.773849368095398,-0.1934623420238495,-0.07601942121982574,-0.019004855304956436,0.05106818303465843,0.012767045758664608,-0.35990190505981445,-0.08997547626495361,-0.16529373824596405,-0.04132343456149101,0.0848788172006607,0.1212197095155716,-0.5533607602119446,-0.038340188562870026,-0.5438399910926819,-0.13595999777317047,0.3076724112033844,-0.12308190017938614,-0.35743585228919983,-0.08935896307229996,0.4087129831314087,0.10217824578285217,-0.4806365668773651,-0.12015914171934128,0.05881527438759804,-0.08529618382453918,-0.48348844051361084,-0.22087210416793823,-0.07609383016824722,-0.019023457542061806,0.08758910000324249,0.22189727425575256,-0.7735403180122375,-0.1933850795030594,0.4380505681037903,0.10951264202594757
-0.531141996383667,-0.23278549313545227,0.12330691516399384,0.03082672879099846,0.15059159696102142,0.037647899240255356,2.2948336601257324,0.8737084269523621,-0.4727623760700226,-0.3181906044483185,-0.4041268229484558,-0.10103170573711395,-1.4497594833374023,-0.4624398648738861,-0.2349596619606018,-0.05873991549015045,0.1240265965461731,0.031006649136543274,2.303922176361084,0.8759805560112,1.3790518045425415,0.14476294815540314,-0.773849368095398,-0.1934623420238495,-0.07601942121982574,-0.019004855304956436,0.05106818303465843,0.012767045758664608,-0.35990190505981445,-0.08997547626495361,-0.16529373824596405,-0.04132343456149101,0.0848788172006607,0.1212197095155716,-0.5533607602119446,-0.038340188562870026,-0.5438399910926819,-0.13595999777317047,0.3076724112033844,-0.12308190017938614,-0.35743585228919983,-0.08935896307229996,0.4087129831314087,0.10217824578285217,-0.4806365668773651,-0.12015914171934128,0.05881527438759804,-0.08529618382453918,-0.48348844051361084,-0.22087210416793823,-0.07609383016824722,-0.019023457542061806,0.08758910000324249,0.22189727425575256,-0.7735403180122375,-0.1933850795030594,0.4380505681037903,0.10951264202594757
-0.531141996383667,-0.23278549313545227,0.12330691516399384,0.03082672879099846,0.15059159696102142,0.037647899240255356,2.2948336601257324,0.8737084269523621,-0.4727623760700226,-0.3181906044483185,-0.4041268229484558,-0.10103170573711395,-1.4497594833374023,-0.4624398648738861,-0.2349596619606018,-0.05873991549015045,0.1240265965461731,0.031006649136543274,2.303922176361084,0.8759805560112,1.3790518045425415,0.14476294815540314,-0.773849368095398,-0.1934623420238495,-0.07601942121982574,-0.019004855304956436,0.05106818303465843,0.012767045758664608,-0.35990190505981445,-0.08997547626495361,-0.16529373824596405,-0.04132343456149101,0.0848788172006607,0.1212197095155716,-0.5533607602119446,-0.038340188562870026,-0.5438399910926819,-0.13595999777317047,0.3076724112033844,-0.12308190017938614,-0.35743585228919983,-0.08935896307229996,0.4087129831314087,0.10217824578285217,-0.4806365668773651,-0.12015914171934128,0.05881527438759804,-0.08529618382453918,-0.48348844051361084,-0.22087210416793823,-0.07609383016824722,-0.019023457542061806,0.08758910000324249,0.22189727425575256,-0.7735403180122375,-0.1933850795030594,0.4380505681037903,0.10951264202594757
-0.531141996383667,-0.23278549313545227,0.12330691516399384,0.03082672879099846,0.15059159696102142,0.037647899240255356,2.2948336601257324,0.8737084269523621,-0.4727623760700226,-0.3181906044483185,-0.4041268229484558,-0.10103170573711395,-1.4497594833374023,-0.4624398648738861,-0.2349596619606018,-0.05873991549015045,0.1240265965461731,0.031006649136543274,2.303922176361084,0.8759805560112,1.3790518045425415,0.14476294815540314,-0.773849368095398,-0.1934623420238495,-0.07601942121982574,-0.019004855304956436,0.05106818303465843,0.012767045758664608,-0.35990190505981445,-0.08997547626495361,-0.16529373824596405,-0.04132343456149101,0.0848788172006607,0.1212197095155716,-0.5533607602119446,-0.038340188562870026,-0.5438399910926819,-0.13595999777317047,0.3076724112033844,-0.12308190017938614,-0.35743585228919983,-0.08935896307229996,0.4087129831314087,0.10217824578285217,-0.4806365668773651,-0.12015914171934128,0.05881527438759804,-0.08529618382453918,-0.48348844051361084,-0.22087210416793823,-0.07609383016824722,-0.019023457542061806,0.08758910000324249,0.22189727425575256,-0.7735403180122375,-0.1933850795030594,0.4380505681037903,0.10951264202594757
-0.531141996383667,-0.23278549313545227,0.12330691516399384,0.03082672879099846,0.15059159696102142,0.037647899240255356,2.2948336601257324,0.8737084269523621,-0.4727623760700226,-0.3181906044483185,-0.4041268229484558,-0.10103170573711395,-1.4497594833374023,-0.4624398648738861,-0.2349596619606018,-0.05873991549015045,0.1240265965461731,0.031006649136543274,2.303922176361084,0.8759805560112,1.3790518045425415,0.14476294815540314,-0.773849368095398,-0.1934623420238495,-0.07601942121982574,-0.019004855304956436,0.05106818303465843,0.012767045758664608,-0.35990190505981445,-0.08997547626495361,-0.16529373824596405,-0.04132343456149101,0.0848788172006607,0.1212197095155716,-0.5533607602119446,-0.038340188562870026,-0.5438399910926819,-0.13595999777317047,0.3076724112033844,-0.12308190017938614,-0.35743585228919983,-0.08935896307229996,0.4087129831314087,0.10217824578285217,-0.4806365668773651,-0.12015914171934128,0.05881527438759804,-0.08529618382453918,-0.48348844051361084,-0.22087210416793823,-0.07609383016824722,-0.019023457542061806,0.08758910000324249,0.22189727425575256,-0.7735403180122375,-0.1933850795030594,0.4380505681037903,0.10951264202594757
-0.531141996383667,-0.23278549313545227,0.12330691516399384,0.03082672879099846,0.15059159696102142,0.037647899240255356,2.2948336601257324,0.8737084269523621,-0.4727623760700226,-0.3181906044483185,-0.4041268229484558,-0.10103170573711395,-1.4497594833374023,-0.4624398648738861,-0.2349596619606018,-0.05873991549015045,0.1240265965461731,0.031006649136543274,2.303922176361084,0.8759805560112,1.3790518045425415,0.14476294815540314,-0.773849368095398,-0.1934623420238495,-0.07601942121982574,-0.019004855304956436,0.05106818303465843,0.012767045758664608,-0.35990190505981445,-0.08997547626495361,-0.16529373824596405,-0.04132343456149101,0.0848788172006607,0.1212197095155716,-0.5533607602119446,-0.038340188562870026,-0.5438399910926819,-0.13595999777317047,0.3076724112033844,-0.12308190017938614,-0.35743585228919983,-0.08935896307229996,0.4087129831314087,0.10217824578285217,-0.4806365668773651,-0.12015914171934128,0.05881527438759804,-0.08529618382453918,-0.48348844051361084,-0.22087210416793823,-0.07609383016824722,-0.019023457542061806,0.08758910000324249,0.22189727425575256,-0.7735403180122375,-0.1933850795030594,0.4380505681037903,0.10951264202594757
-0.531141996383667,-0.23278549313545227,0.12330691516399384,0.03082672879099846,0.15059159696102142,0.037647899240255356,2.2948336601257324,0.8737084269523621,-0.4727623760700226,-0.3181906044483185,-0.4041268229484558,-0.10103170573711395,-1.4497594833374023,-0.4624398648738861,-0.2349596619606018,-0.05873991549015045,0.1240265965461731,0.031006649136543274,2.303922176361084,0.8759805560112,1.3790518045425415,0.14476294815540314,-0.773849368095398,-0.1934623420238495,-0.07601942121982574,-0.019004855304956436,0.05106818303465843,0.012767045758664608,-0.35990190505981445,-0.08997547626495361,-0.16529373824596405,-0.04132343456149101,0.0848788172006607,0.1212197095155716,-0.5533607602119446,-0.038340188562870026,-0.5438399910926819,-0.13595999777317047,0.3076724112033844,-0.12308190017938614,-0.35743585228919983,-0.08935896307229996,0.4087129831314087,0.10217824578285217,-0.4806365668773651,-0.12015914171934128,0.05881527438759804,-0.08529618382453918,-0.48348844051361084,-0.22087210416793823,-0.07609383016824722,-0.019023457542061806,0.08758910000324249,0.22189727425575256,-0.7735403180122375,-0.1933850795030594,0.4380505681037903,0.10951264202594757
-0.531141996383667,-0.23278549313545227,0.12330691516399384,0.03082672879099846,0.15059159696102142,0.037647899240255356,2.2948336601257324,0.8737084269523621,-0.4727623760700226,-0.3181906044483185,-0.4041268229484558,-0.10103170573711395,-1.4497594833374023,-0.4624398648738861,-0.2349596619606018,-0.05873991549015045,0.1240265965461731,0.031006649136543274,2.303922176361084,0.8759805560112,1.3790518045425415,0.14476294815540314,-0.773849368095398,-0.1934623420238495,-0.07601942121982574,-0.019004855304956436,0.05106818303465843,0.012767045758664608,-0.35990190505981445,-0.08997547626495361,-0.16529373824596405,-0.04132343456149101,0.0848788172006607,0.1212197095155716,-0.5533607602119446,-0.038340188562870026,-0.5438399910926819,-0.13595999777317047,0.3076724112033844,-0.12308190017938614,-0.35743585228919983,-0.08935896307229996,0.4087129831314087,0.10217824578285217,-0.4806365668773651,-0.12015914171934128,0.05881527438759804,-0.08529618382453918,-0.48348844051361084,-0.22087210416793823,-0.07609383016824722,-0.019023457542061806,0.08758910000324249,0.22189727425575256,-0.7735403180122375,-0.1933850795030594,0.4380505681037903,0.10951264202594757
-0.531141996383667,-0.23278549313545227,0.12330691516399384,0.03082672879099846,0.15059159696102142,0.037647899240255356,2.2948336601257324,0.8737084269523621,-0.4727623760700226,-0.3181906044483185,-0.4041268229484558,-0.10103170573711395,-1.4497594833374023,-0.4624398648738861,-0.2349596619606018,-0.05873991549015045,0.1240265965461731,0.031006649136543274,2.303922176361084,0.8759805560112,1.3790518045425415,0.14476294815540314,-0.773849368095398,-0.1934623420238495,-0.07601942121982574,-0.019004855304956436,0.05106818303465843,0.012767045758664608,-0.35990190505981445,-0.08997547626495361,-0.16529373824596405,-0.04132343456149101,0.0848788172006607,0.1212197095155716,-0.5533607602119446,-0.038340188562870026,-0.5438399910926819,-0.13595999777317047,0.3076724112033844,-0.12308190017938614,-0.35743585228919983,-0.08935896307229996,0.4087129831314087,0.10217824578285217,-0.4806365668773651,-0.12015914171934128,0.05881527438759804,-0.08529618382453918,-0.48348844051361084,-0.22087210416793823,-0.07609383016824722,-0.019023457542061806,0.08758910000324249,0.22189727425575256,-0.7735403180122375,-0.1933850795030594,0.4380505681037903,0.10951264202594757
-0.531141996383667,-0.23278549313545227,0.12330691516399384,0.03082672879099846,0.15059159696102142,0.037647899240255356,2.2948336601257324,0.8737084269523621,-0.4727623760700226,-0.3181906044483185,-0.4041268229484558,-0.10103170573711395,-1.4497594833374023,-0.4624398648738861,-0.2349596619606018,-0.05873991549015045,0.1240265965461731,0.031006649136543274,2.303922176361084,0.8759805560112,1.3790518045425415,0.14476294815540314,-0.773849368095398,-0.1934623420238495,-0.07601942121982574,-0.019004855304956436,0.05106818303465843,0.012767045758664608,-0.35990190505981445,-0.08997547626495361,-0.16529373824596405,-0.04132343456149101,0.0848788172006607,0.1212197095155716,-0.5533607602119446,-0.038340188562870026,-0.5438399910926819,-0.13595999777317047,0.3076724112033844,-0.12308190017938614,-0.35743585228919983,-0.08935896307229996,0.4087129831314087,0.10217824578285217,-0.4806365668773651,-0.12015914171934128,0.05881527438759804,-0.08529618382453918,-0.48348844051361084,-0.22087210416793823,-0.07609383016824722,-0.019023457542061806,0.08758910000324249,0.22189727425575256,-0.7735403180122375,-0.1933850795030594,0.4380505681037903,0.10951264202594757
-0.531141996383667,-0.23278549313545227,0.12330691516399384,0.03082672879099846,0.15059159696102142,0.037647899240255356,2.2948336601257324,0.8737084269523621,-0.4727623760700226,-0.3181906044483185,-0.4041268229484558,-0.10103170573711395,-1.4497594833374023,-0.4624398648738861,-0.2349596619606018,-0.05873991549015045,0.1240265965461731,0.031006649136543274,2.303922176361084,0.8759805560112,1.3790518045425415,0.14476294815540314,-0.773849368095398,-0.1934623420238495,-0.07601942121982574,-0.019004855304956436,0.05106818303465843,0.012767045758664608,-0.35990190505981445,-0.08997547626495361,-0.16529373824596405,-0.04132343456149101,0.0848788172006607,0.1212197095155716,-0.5533607602119446,-0.038340188562870026,-0.5438399910926819,-0.13595999777317047,0.3076724112033844,-0.12308190017938614,-0.35743585228919983,-0.08935896307229996,0.4087129831314087,0.10217824578285217,-0.4806365668773651,-0.12015914171934128,0.05881527438759804,-0.08529618382453918,-0.48348844051361084,-0.22087210416793823,-0.07609383016824722,-0.019023457542061806,0.08758910000324249,0.22189727425575256,-0.7735403180122375,-0.1933850795030594,0.4380505681037903,0.10951264202594757
-0.531141996383667,-0.23278549313545227,0.12330691516399384,0.03082672879099846,0.15059159696102142,0.037647899240255356,2.2948336601257324,0.8737084269523621,-0.4727623760700226,-0.3181906044483185,-0.4041268229484558,-0.10103170573711395,-1.4497594833374023,-0.4624398648738861,-0.2349596619606018,-0.05873991549015045,0.1240265965461731,0.031006649136543274,2.303922176361084,0.8759805560112,1.3790518045425415,0.14476294815540314,-0.773849368095398,-0.1934623420238495,-0.07601942121982574,-0.019004855304956436,0.05106818303465843,0.012767045758664608,-0.35990190505981445,-0.08997547626495361,-0.16529373824596405,-0.04132343456149101,0.0848788172006607,0.1212197095155716,-0.5533607602119446,-0.038340188562870026,-0.5438399910926819,-0.13595999777317047,0.3076724112033844,-0.12308190017938614,-0.35743585228919983,-0.08935896307229996,0.4087129831314087,0.10217824578285217,-0.4806365668773651,-0.12015914171934128,0.05881527438759804,-0.08529618382453918,-0.48348844051361084,-0.22087210416793823,-0.07609383016824722,-0.019023457542061806,0.08758910000324249,0.22189727425575256,-0.7735403180122375,-0.1933850795030594,0.4380505681037903,0.10951264202594757
-0.531141996383667,-0.23278549313545227,0.12330691516399384,0.03082672879099846,0.15059159696102142,0.037647899240255356,2.2948336601257324,0.8737084269523621,-0.4727623760700226,-0.3181906044483185,-0.4041268229484558,-0.10103170573711395,-1.4497594833374023,-0.4624398648738861,-0.2349596619606018,-0.05873991549015045,0.1240265965461731,0.031006649136543274,2.303922176361084,0.8759805560112,1.3790518045425415,0.14476294815540314,-0.773849368095398,-0.1934623420238495,-0.07601942121982574,-0.019004855304956436,0.05106818303465843,0.012767045758664608,-0.35990190505981445,-0.08997547626495361,-0.16529373824596405,-0.04132343456149101,0.0848788172006607,0.1212197095155716,-0.5533607602119446,-0.038340188562870026,-0.5438399910926819,-0.13595999777317047,0.3076724112033844,-0.12308190017938614,-0.35743585228919983,-0.08935896307229996,0.4087129831314087,0.10217824578285217,-0.4806365668773651,-0.12015914171934128,0.05881527438759804,-0.08529618382453918,-0.48348844051361084,-0.22087210416793823,-0.07609383016824722,-0.019023457542061806,0.08758910000324249,0.22189727425575256,-0.7735403180122375,-0.1933850795030594,0.4380505681037903,0.10951264202594757
-0.531141996383667,-0.23278549313545227,0.12330691516399384,0.03082672879099846,0.15059159696102142,0.037647899240255356,2.2948336601257324,0.8737084269523621,-0.4727623760700226,-0.3181906044483185,-0.4041268229484558,-0.10103170573711395,-1.4497594833374023,-0.4624398648738861,-0.2349596619606018,-0.05873991549015045,0.1240265965461731,0.031006649136543274,2.303922176361084,0.8759805560112,1.3790518045425415,0.14476294815540314,-0.773849368095398,-0.1934623420238495,-0.07601942121982574,-0.019004855304956436,0.05106818303465843,0.012767045758664608,-0.35990190505981445,-0.08997547626495361,-0.16529373824596405,-0.04132343456149101,0.0848788172006607,0.1212197095155716,-0.5533607602119446,-0.038340188562870026,-0.5438399910926819,-0.13595999777317047,0.3076724112033844,-0.12308190017938614,-0.35743585228919983,-0.08935896307229996,0.4087129831314087,0.10217824578285217,-0.4806365668773651,-0.12015914171934128,0.05881527438759804,-0.08529618382453918,-0.48348844051361084,-0.22087210416793823,-0.07609383016824722,-0.019023457542061806,0.08758910000324249,0.22189727425575256,-0.7735403180122375,-0.1933850795030594,0.4380505681037903,0.10951264202594757
-0.531141996383667,-0.23278549313545227,0.12330691516399384,0.03082672879099846,0.15059159696102142,0.037647899240255356,2.2948336601257324,0.8737084269523621,-0.4727623760700226,-0.3181906044483185,-0.4041268229484558,-0.10103170573711395,-1.4497594833374023,-0.4624398648738861,-0.2349596619606018,-0.05873991549015045,0.1240265965461731,0.031006649136543274,2.303922176361084,0.8759805560112,1.3790518045425415,0.14476294815540314,-0.773849368095398,-0.1934623420238495,-0.07601942121982574,-0.019004855304956436,0.05106818303465843,0.012767045758664608,-0.35990190505981445,-0.08997547626495361,-0.16529373824596405,-0.04132343456149101,0.0848788172006607,0.1212197095155716,-0.5533607602119446,-0.038340188562870026,-0.5438399910926819,-0.13595999777317047,0.3076724112033844,-0.12308190017938614,-0.35743585228919983,-0.08935896307229996,0.4087129831314087,0.10217824578285217,-0.4806365668773651,-0.12015914171934128,0.05881527438759804,-0.08529618382453918,-0.48348844051361084,-0.22087210416793823,-0.07609383016824722,-0.019023457542061806,0.08758910000324249,0.22189727425575256,-0.7735403180122375,-0.1933850795030594,0.4380505681037903,0.10951264202594757
-0.6303494572639465,-0.25758737325668335,0.2548128068447113,0.06370320171117783,0.1444852650165558,0.03612131625413895,2.193559169769287,0.8483898043632507,-0.42843201756477356,-0.3071080148220062,-0.6987464427947998,-0.17468661069869995,-1.2226744890213013,-0.40566861629486084,-0.43490493297576904,-0.10872623324394226,0.11737951636314392,0.02934487909078598,2.3261494636535645,0.8815373778343201,1.6400107145309448,0.21000267565250397,-0.765036940574646,-0.1912592351436615,0.05684404820203781,0.014211012050509453,-0.07425673305988312,-0.01856418326497078,-0.21910512447357178,-0.054776281118392944,-0.4573056697845459,-0.11432641744613647,0.22052018344402313,0.1551300436258316,0.6051495671272278,0.25128740072250366,-0.12431066483259201,-0.031077666208148003,-0.33385005593299866,-0.2834625244140625,-0.13403306901454926,-0.033508267253637314,-0.40008601546287537,-0.10002150386571884,-0.2940814793109894,-0.07352036982774734,-0.23005527257919312,-0.157513827085495,0.41329774260520935,0.0033244341611862183,-0.6411656737327576,-0.1602914184331894,-0.11438620090484619,0.1714034527540207,-0.7656180262565613,-0.19140450656414032,-0.3384634554386139,-0.08461586385965347
-0.6303494572639465,-0.25758737325668335,0.2548128068447113,0.06370320171117783,0.1444852650165558,0.03612131625413895,2.193559169769287,0.8483898043632507,-0.42843201756477356,-0.3071080148220062,-0.6987464427947998,-0.17468661069869995,-1.2226744890213013,-0.40566861629486084,-0.43490493297576904,-0.10872623324394226,0.11737951636314392,0.02934487909078598,2.3261494636535645,0.8815373778343201,1.6400107145309448,0.21000267565250397,-0.765036940574646,-0.1912592351436615,0.05684404820203781,0.014211012050509453,-0.07425673305988312,-0.01856418326497078,-0.21910512447357178,-0.054776281118392944,-0.4573056697845459,-0.11432641744613647,0.22052018344402313,0.1551300436258316,0.6051495671272278,0.25128740072250366,-0.12431066483259201,-0.031077666208148003,-0.33385005593299866,-0.2834625244140625,-0.13403306901454926,-0.033508267253637314,-0.40008601546287537,-0.10002150386571884,-0.2940814793109894,-0.07352036982774734,-0.23005527257919312,-0.157513827085495,0.41329774260520935,0.0033244341611862183,-0.6411656737327576,-0.1602914184331894,-0.11438620090484619,0.1714034527540207,-0.7656180262565613,-0.19140450656414032,-0.3384634554386139,-0.08461586385965347
-0.6303494572639465,-0.25758737325668335,0.2548128068447113,0.06370320171117783,0.1444852650165558,0.03612131625413895,2.193559169769287,0.8483898043632507,-0.42843201756477356,-0.3071080148220062,-0.6987464427947998,-0.17468661069869995,-1.2226744890213013,-0.40566861629486084,-0.43490493297576904,-0.10872623324394226,0.11737951636314392,0.02934487909078598,2.3261494636535645,0.8815373778343201,1.6400107145309448,0.21000267565250397,-0.765036940574646,-0.1912592351436615,0.05684404820203781,0.014211012050509453,-0.07425673305988312,-0.01856418326497078,-0.21910512447357178,-0.054776281118392944,-0.4573056697845459,-0.11432641744613647,0.22052018344402313,0.1551300436258316,0.6051495671272278,0.25128740072250366,-0.12431066483259201,-0.031077666208148003,-0.33385005593299866,-0.2834625244140625,-0.13403306901454926,-0.033508267253637314,-0.40008601546287537,-0.10002150386571884,-0.2940814793109894,-0.07352036982774734,-0.23005527257919312,-0.157513827085495,0.41329774260520935,0.0033244341611862183,-0.6411656737327576,-0.1602914184331894,-0.11438620090484619,0.1714034527540207,-0.7656180262565613,-0.19140450656414032,-0.3384634554386139,-0.08461586385965347
-0.6303494572639465,-0.25758737325668335,0.2548128068447113,0.06370320171117783,0.1444852650165558,0.03612131625413895,2.193559169769287,0.8483898043632507,-0.42843201756477356,-0.3071080148220062,-0.6987464427947998,-0.17468661069869995,-1.2226744890213013,-0.40566861629486084,-0.43490493297576904,-0.10872623324394226,0.11737951636314392,0.02934487909078598,2.3261494636535645,0.8815373778343201,1.6400107145309448,0.21000267565250397,-0.765036940574646,-0.1912592351436615,0.05684404820203781,0.014211012050509453,-0.07425673305988312,-0.01856418326497078,-0.21910512447357178,-0.054776281118392944,-0.4573056697845459,-0.11432641744613647,0.22052018344402313,0.1551300436258316,0.6051495671272278,0.25128740072250366,-0.12431066483259201,-0.031077666208148003,-0.33385005593299866,-0.2834625244140625,-0.13403306901454926,-0.033508267253637314,-0.40008601546287537,-0.10002150386571884,-0.2940814793109894,-0.07352036982774734,-0.23005527257919312,-0.157513827085495,0.41329774260520935,0.0033244341611862183,-0.6411656737327576,-0.1602914184331894,-0.11438620090484619,0.1714034527540207,-0.7656180262565613,-0.19140450656414032,-0.3384634554386139,-0.08461586385965347
-0.6303494572639465,-0.25758737325668335,0.2548128068447113,0.06370320171117783,0.1444852650165558,0.03612131625413895,2.193559169769287,0.8483898043632507,-0.42843201756477356,-0.3071080148220062,-0.6987464427947998,-0.17468661069869995,-1.2226744890213013,-0.40566861629486084,-0.43490493297576904,-0.10872623324394226,0.11737951636314392,0.02934487909078598,2.3261494636535645,0.8815373778343201,1.6400107145309448,0.21000267565250397,-0.765036940574646,-0.1912592351436615,0.05684404820203781,0.014211012050509453,-0.07425673305988312,-0.01856418326497078,-0.21910512447357178,-0.054776281118392944,-0.4573056697845459,-0.11432641744613647,0.22052018344402313,0.1551300436258316,0.6051495671272278,0.25128740072250366,-0.12431066483259201,-0.031077666208148003,-0.33385005593299866,-0.2834625244140625,-0.13403306901454926,-0.033508267253637314,-0.40008601546287537,-0.10002150386571884,-0.2940814793109894,-0.07352036982774734,-0.23005527257919312,-0.157513827085495,0.41329774260520935,0.0033244341611862183,-0.6411656737327576,-0.1602914184331894,-0.11438620090484619,0.1714034527540207,-0.7656180262565613,-0.19140450656414032,-0.3384634554386139,-0.08461586385965347
-0.6303494572639465,-0.25758737325668335,0.2548128068447113,0.06370320171117783,0.1444852650165558,0.03612131625413895,2.193559169769287,0.8483898043632507,-0.42843201756477356,-0.3071080148220062,-0.6987464427947998,-0.17468661069869995,-1.2226744890213013,-0.40566861629486084,-0.43490493297576904,-0.10872623324394226,0.11737951636314392,0.02934487909078598,2.3261494636535645,0.8815373778343201,1.6400107145309448,0.21000267565250397,-0.765036940574646,-0.1912592351436615,0.05684404820203781,0.014211012050509453,-0.07425673305988312,-0.01856418326497078,-0.21910512447357178,-0.054776281118392944,-0.4573056697845459,-0.11432641744613647,0.22052018344402313,0.1551300436258316,0.6051495671272278,0.25128740072250366,-0.12431066483259201,-0.031077666208148003,-0.33385005593299866,-0.2834625244140625,-0.13403306901454926,-0.033508267253637314,-0.40008601546287537,-0.10002150386571884,-0.2940814793109894,-0.07352036982774734,-0.23005527257919312,-0.157513827085495,0.41329774260520935,0.0033244341611862183,-0.6411656737327576,-0.1602914184331894,-0.11438620090484619,0.1714034527540207,-0.7656180262565613,-0.19140450656414032,-0.3384634554386139,-0.08461586385965347
-0.6303494572639465,-0.25758737325668335,0.2548128068447113,0.06370320171117783,0.1444852650165558,0.03612131625413895,2.193559169769287,0.8483898043632507,-0.42843201756477356,-0.3071080148220062,-0.6987464427947998,-0.17468661069869995,-1.2226744890213013,-0.40566861629486084,-0.43490493297576904,-0.10872623324394226,0.11737951636314392,0.02934487909078598,2.3261494636535645,0.8815373778343201,1.6400107145309448,0.21000267565250397,-0.765036940574646,-0.1912592351436615,0.05684404820203781,0.014211012050509453,-0.07425673305988312,-0.01856418326497078,-0.21910512447357178,-0.054776281118392944,-0.4573056697845459,-0.11432641744613647,0.22052018344402313,0.1551300436258316,0.6051495671272278,0.25128740072250366,-0.12431066483259201,-0.031077666208148003,-0.33385005593299866,-0.2834625244140625,-0.13403306901454926,-0.033508267253637314,-0.40008601546287537,-0.10002150386571884,-0.2940814793109894,-0.07352036982774734,-0.23005527257919312,-0.157513827085495,0.41329774260520935,0.0033244341611862183,-0.6411656737327576,-0.1602914184331894,-0.11438620090484619,0.1714034527540207,-0.7656180262565613,-0.19140450656414032,-0.3384634554386139,-0.08461586385965347
-0.6303494572639465,-0.25758737325668335,0.2548128068447113,0.06370320171117783,0.1444852650165558,0.03612131625413895,2.193559169769287,0.8483898043632507,-0.42843201756477356,-0.3071080148220062,-0.6987464427947998,-0.17468661069869995,-1.2226744890213013,-0.40566861629486084,-0.43490493297576904,-0.10872623324394226,0.11737951636314392,0.02934487909078598,2.3261494636535645,0.8815373778343201,1.6400107145309448,0.21000267565250397,-0.765036940574646,-0.1912592351436615,0.05684404820203781,0.014211012050509453,-0.07425673305988312,-0.01856418326497078,-0.21910512447357178,-0.054776281118392944,-0.4573056697845459,-0.11432641744613647,0.22052018344402313,0.1551300436258316,0.6051495671272278,0.25128740072250366,-0.12431066483259201,-0.031077666208148003,-0.33385005593299866,-0.2834625244140625,-0.13403306901454926,-0.033508267253637314,-0.40008601546287537,-0.10002150386571884,-0.2940814793109894,-0.07352036982774734,-0.23005527257919312,-0.157513827085495,0.41329774260520935,0.0033244341611862183,-0.6411656737327576,-0.1602914184331894,-0.11438620090484619,0.1714034527540207,-0.7656180262565613,-0.19140450656414032,-0.3384634554386139,-0.08461586385965347
-0.6303494572639465,-0.25758737325668335,0.2548128068447113,0.06370320171117783,0.1444852650165558,0.03612131625413895,2.193559169769287,0.8483898043632507,-0.42843201756477356,-0.3071080148220062,-0.6987464427947998,-0.17468661069869995,-1.2226744890213013,-0.40566861629486084,-0.43490493297576904,-0.10872623324394226,0.11737951636314392,0.02934487909078598,2.3261494636535645,0.8815373778343201,1.6400107145309448,0.21000267565250397,-0.765036940574646,-0.1912592351436615,0.05684404820203781,0.014211012050509453,-0.07425673305988312,-0.01856418326497078,-0.21910512447357178,-0.054776281118392944,-0.4573056697845459,-0.11432641744613647,0.22052018344402313,0.1551300436258316,0.6051495671272278,0.25128740072250366,-0.12431066483259201,-0.031077666208148003,-0.33385005593299866,-0.2834625244140625,-0.13403306901454926,-0.033508267253637314,-0.40008601546287537,-0.10002150386571884,-0.2940814793109894,-0.07352036982774734,-0.23005527257919312,-0.157513827085495,0.41329774260520935,0.0033244341611862183,-0.6411656737327576,-0.1602914184331894,-0.11438620090484619,0.1714034527540207,-0.7656180262565613,-0.19140450656414032,-0.3384634554386139,-0.08461586385965347
-0.6303494572639465,-0.25758737325668335,0.2548128068447113,0.06370320171117783,0.1444852650165558,0.03612131625413895,2.193559169769287,0.8483898043632507,-0.42843201756477356,-0.3071080148220062,-0.6987464427947998,-0.17468661069869995,-1.2226744890213013,-0.40566861629486084,-0.43490493297576904,-0.10872623324394226,0.11737951636314392,0.02934487909078598,2.3261494636535645,0.8815373778343201,1.6400107145309448,0.21000267565250397,-0.765036940574646,-0.1912592351436615,0.05684404820203781,0.014211012050509453,-0.07425673305988312,-0.01856418326497078,-0.21910512447357178,-0.054776281118392944,-0.4573056697845459,-0.11432641744613647,0.22052018344402313,0.1551300436258316,0.6051495671272278,0.25128740072250366,-0.12431066483259201,-0.031077666208148003,-0.33385005593299866,-0.2834625244140625,-0.13403306901454926,-0.033508267253637314,-0.40008601546287537,-0.10002150386571884,-0.2940814793109894,-0.07352036982774734,-0.23005527257919312,-0.157513827085495,0.41329774260520935,0.0033244341611862183,-0.6411656737327576,-0.1602914184331894,-0.11438620090484619,0.1714034527540207,-0.7656180262565613,-0.19140450656414032,-0.3384634554386139,-0.08461586385965347
-0.6303494572639465,-0.25758737325668335,0.2548128068447113,0.06370320171117783,0.1444852650165558,0.03612131625413895,2.193559169769287,0.8483898043632507,-0.42843201756477356,-0.3071080148220062,-0.6987464427947998,-0.17468661069869995,-1.2226744890213013,-0.40566861629486084,-0.43490493297576904,-0.10872623324394226,0.11737951636314392,0.02934487909078598,2.3261494636535645,0.8815373778343201,1.6400107145309448,0.21000267565250397,-0.765036940574646,-0.1912592351436615,0.05684404820203781,0.014211012050509453,-0.07425673305988312,-0.01856418326497078,-0.21910512447357178,-0.054776281118392944,-0.4573056697845459,-0.11432641744613647,0.22052018344402313,0.1551300436258316,0.6051495671272278,0.25128740072250366,-0.12431066483259201,-0.031077666208148003,-0.33385005593299866,-0.2834625244140625,-0.13403306901454926,-0.033508267253637314,-0.40008601546287537,-0.10002150386571884,-0.2940814793109894,-0.07352036982774734,-0.23005527257919312,-0.157513827085495,0.41329774260520935,0.0033244341611862183,-0.6411656737327576,-0.1602914184331894,-0.11438620090484619,0.1714034527540207,-0.7656180262565613,-0.19140450656414032,-0.3384634554386139,-0.08461586385965347
-0.6303494572639465,-0.25758737325668335,0.2548128068447113,0.06370320171117783,0.1444852650165558,0.03612131625413895,2.193559169769287,0.8483898043632507,-0.42843201756477356,-0.3071080148220062,-0.6987464427947998,-0.17468661069869995,-1.2226744890213013,-0.40566861629486084,-0.43490493297576904,-0.10872623324394226,0.11737951636314392,0.02934487909078598,2.3261494636535645,0.8815373778343201,1.6400107145309448,0.21000267565250397,-0.765036940574646,-0.1912592351436615,0.05684404820203781,0.014211012050509453,-0.07425673305988312,-0.01856418326497078,-0.21910512447357178,-0.054776281118392944,-0.4573056697845459,-0.11432641744613647,0.22052018344402313,0.1551300436258316,0.6051495671272278,0.25128740072250366,-0.12431066483259201,-0.031077666208148003,-0.33385005593299866,-0.2834625244140625,-0.13403306901454926,-0.033508267253637314,-0.40008601546287537,-0.10002150386571884,-0.2940814793109894,-0.07352036982774734,-0.23005527257919312,-0.157513827085495,0.41329774260520935,0.0033244341611862183,-0.6411656737327576,-0.1602914184331894,-0.11438620090484619,0.1714034527540207,-0.7656180262565613,-0.19140450656414032,-0.3384634554386139,-0.08461586385965347
-0.6303494572639465,-0.25758737325668335,0.2548128068447113,0.06370320171117783,0.1444852650165558,0.03612131625413895,2.193559169769287,0.8483898043632507,-0.42843201756477356,-0.3071080148220062,-0.6987464427947998,-0.17468661069869995,-1.2226744890213013,-0.40566861629486084,-0.43490493297576904,-0.10872623324394226,0.11737951636314392,0.02934487909078598,2.3261494636535645,0.8815373778343201,1.6400107145309448,0.21000267565250397,-0.765036940574646,-0.1912592351436615,0.05684404820203781,0.014211012050509453,-0.07425673305988312,-0.01856418326497078,-0.21910512447357178,-0.054776281118392944,-0.4573056697845459,-0.11432641744613647,0.22052018344402313,0.1551300436258316,0.6051495671272278,0.25128740072250366,-0.12431066483259201,-0.031077666208148003,-0.33385005593299866,-0.2834625244140625,-0.13403306901454926,-0.033508267253637314,-0.40008601546287537,-0.10002150386571884,-0.2940814793109894,-0.07352036982774734,-0.23005527257919312,-0.157513827085495,0.41329774260520935,0.0033244341611862183,-0.6411656737327576,-0.1602914184331894,-0.11438620090484619,0.1714034527540207,-0.7656180262565613,-0.19140450656414032,-0.3384634554386139,-0.08461586385965347
-0.6303494572639465,-0.25758737325668335,0.2548128068447113,0.06370320171117783,0.1444852650165558,0.03612131625413895,2.193559169769287,0.8483898043632507,-0.42843201756477356,-0.3071080148220062,-0.6987464427947998,-0.17468661069869995,-1.2226744890213013,-0.40566861629486084,-0.43490493297576904,-0.10872623324394226,0.11737951636314392,0.02934487909078598,2.3261494636535645,0.8815373778343201,1.6400107145309448,0.21000267565250397,-0.765036940574646,-0.1912592351436615,0.05684404820203781,0.014211012050509453,-0.07425673305988312,-0.01856418326497078,-0.21910512447357178,-0.054776281118392944,-0.4573056697845459,-0.11432641744613647,0.22052018344402313,0.1551300436258316,0.6051495671272278,0.25128740072250366,-0.12431066483259201,-0.031077666208148003,-0.33385005593299866,-0.2834625244140625,-0.13403306901454926,-0.033508267253637314,-0.40008601546287537,-0.10002150386571884,-0.2940814793109894,-0.07352036982774734,-0.23005527257919312,-0.157513827085495,0.41329774260520935,0.0033244341611862183,-0.6411656737327576,-0.1602914184331894,-0.11438620090484619,0.1714034527540207,-0.7656180262565613,-0.19140450656414032,-0.3384634554386139,-0.08461586385965347
-0.6303494572639465,-0.25758737325668335,0.2548128068447113,0.06370320171117783,0.1444852650165558,0.03612131625413895,2.193559169769287,0.8483898043632507,-0.42843201756477356,-0.3071080148220062,-0.6987464427947998,-0.17468661069869995,-1.2226744890213013,-0.40566861629486084,-0.43490493297576904,-0.10872623324394226,0.11737951636314392,0.02934487909078598,2.3261494636535645,0.8815373778343201,1.6400107145309448,0.21000267565250397,-0.765036940574646,-0.1912592351436615,0.05684404820203781,0.014211012050509453,-0.07425673305988312,-0.01856418326497078,-0.21910512447357178,-0.054776281118392944,-0.4573056697845459,-0.11432641744613647,0.22052018344402313,0.1551300436258316,0.6051495671272278,0.25128740072250366,-0.12431066483259201,-0.031077666208148003,-0.33385005593299866,-0.2834625244140625,-0.13403306901454926,-0.033508267253637314,-0.40008601546287537,-0.10002150386571884,-0.2940814793109894,-0.07352036982774734,-0.23005527257919312,-0.157513827085495,0.41329774260520935,0.0033244341611862183,-0.6411656737327576,-0.1602914184331894,-0.11438620090484619,0.1714034527540207,-0.7656180262565613,-0.19140450656414032,-0.3384634554386139,-0.08461586385965347
-0.6303494572639465,-0.25758737325668335,0.2548128068447113,0.06370320171117783,0.1444852650165558,0.03612131625413895,2.193559169769287,0.8483898043632507,-0.42843201756477356,-0.3071080148220062,-0.6987464427947998,-0.17468661069869995,-1.2226744890213013,-0.40566861629486084,-0.43490493297576904,-0.10872623324394226,0.11737951636314392,0.02934487909078598,2.3261494636535645,0.8815373778343201,1.6400107145309448,0.21000267565250397,-0.765036940574646,-0.1912592351436615,0.05684404820203781,0.014211012050509453,-0.07425673305988312,-0.01856418326497078,-0.21910512447357178,-0.054776281118392944,-0.4573056697845459,-0.11432641744613647,0.22052018344402313,0.1551300436258316,0.6051495671272278,0.25128740072250366,-0.12431066483259201,-0.031077666208148003,-0.33385005593299866,-0.2834625244140625,-0.13403306901454926,-0.033508267253637314,-0.40008601546287537,-0.10002150386571884,-0.2940814793109894,-0.07352036982774734,-0.23005527257919312,-0.157513827085495,0.41329774260520935,0.0033244341611862183,-0.6411656737327576,-0.1602914184331894,-0.11438620090484619,0.1714034527540207,-0.7656180262565613,-0.19140450656414032,-0.3384634554386139,-0.08461586385965347
-0.6303494572639465,-0.25758737325668335,0.2548128068447113,0.06370320171117783,0.1444852650165558,0.03612131625413895,2.193559169769287,0.8483898043632507,-0.42843201756477356,-0.3071080148220062,-0.6987464427947998,-0.17468661069869995,-1.2226744890213013,-0.40566861629486084,-0.43490493297576904,-0.10872623324394226,0.11737951636314392,0.02934487909078598,2.3261494636535645,0.8815373778343201,1.6400107145309448,0.21000267565250397,-0.765036940574646,-0.1912592351436615,0.05684404820203781,0.014211012050509453,-0.07425673305988312,-0.01856418326497078,-0.21910512447357178,-0.054776281118392944,-0.4573056697845459,-0.11432641744613647,0.22052018344402313,0.1551300436258316,0.6051495671272278,0.25128740072250366,-0.12431066483259201,-0.031077666208148003,-0.33385005593299866,-0.2834625244140625,-0.13403306901454926,-0.033508267253637314,-0.40008601546287537,-0.10002150386571884,-0.2940814793109894,-0.07352036982774734,-0.23005527257919312,-0.157513827085495,0.41329774260520935,0.0033244341611862183,-0.6411656737327576,-0.1602914184331894,-0.11438620090484619,0.1714034527540207,-0.7656180262565613,-0.19140450656414032,-0.3384634554386139,-0.08461586385965347
-0.5648064613342285,-0.24120160937309265,0.08105333149433136,0.02026333287358284,0.19822224974632263,0.04955556243658066,2.2759761810302734,0.8689940571784973,-0.6651005744934082,-0.3662751317024231,-0.38545170426368713,-0.09636292606592178,-1.407353401184082,-0.45183834433555603,-0.27897214889526367,-0.06974303722381592,0.16062040627002716,0.04015510156750679,2.3948638439178467,0.8987159729003906,2.207826614379883,0.35195666551589966,-0.8526089191436768,-0.2131522297859192,-0.06062096357345581,-0.015155240893363953,-0.017111271619796753,-0.004277817904949188,-0.38986343145370483,-0.09746585786342621,-0.06675209105014801,-0.016688022762537003,0.09917546808719635,0.1247938722372055,-0.5601606965065002,-0.04004017263650894,-0.4805675745010376,-0.1201418936252594,0.3123442828655243,-0.12191393226385117,-0.41607967019081116,-0.10401991754770279,0.348122239112854,0.0870305597782135,-0.45911869406700134,-0.11477967351675034,0.022945720702409744,-0.09426356852054596,-0.5168308019638062,-0.22920769453048706,-0.06431638449430466,-0.016079096123576164,0.07284829020500183,0.2182120680809021,-0.7912819981575012,-0.1978204995393753,0.4365123510360718,0.10912808775901794
-0.5648064613342285,-0.24120160937309265,0.08105333149433136,0.02026333287358284,0.19822224974632263,0.04955556243658066,2.2759761810302734,0.8689940571784973,-0.6651005744934082,-0.3662751317024231,-0.38545170426368713,-0.09636292606592178,-1.407353401184082,-0.45183834433555603,-0.27897214889526367,-0.06974303722381592,0.16062040627002716,0.04015510156750679,2.3948638439178467,0.8987159729003906,2.207826614379883,0.35195666551589966,-0.8526089191436768,-0.2131522297859192,-0.06062096357345581,-0.015155240893363953,-0.017111271619796753,-0.004277817904949188,-0.38986343145370483,-0.09746585786342621,-0.06675209105014801,-0.016688022762537003,0.09917546808719635,0.1247938722372055,-0.5601606965065002,-0.04004017263650894,-0.4805675745010376,-0.1201418936252594,0.3123442828655243,-0.12191393226385117,-0.41607967019081116,-0.10401991754770279,0.348122239112854,0.0870305597782135,-0.45911869406700134,-0.11477967351675034,0.022945720702409744,-0.09426356852054596,-0.5168308019638062,-0.22920769453048706,-0.06431638449430466,-0.016079096123576164,0.07284829020500183,0.2182120680809021,-0.7912819981575012,-0.1978204995393753,0.4365123510360718,0.10912808775901794
-0.5648064613342285,-0.24120160937309265,0.08105333149433136,0.02026333287358284,0.19822224974632263,0.04955556243658066,2.2759761810302734,0.8689940571784973,-0.6651005744934082,-0.3662751317024231,-0.38545170426368713,-0.09636292606592178,-1.407353401184082,-0.45183834433555603,-0.27897214889526367,-0.06974303722381592,0.16062040627002716,0.04015510156750679,2.3948638439178467,0.8987159729003906,2.207826614379883,0.35195666551589966,-0.8526089191436768,-0.2131522297859192,-0.06062096357345581,-0.015155240893363953,-0.017111271619796753,-0.004277817904949188,-0.38986343145370483,-0.09746585786342621,-0.06675209105014801,-0.016688022762537003,0.09917546808719635,0.1247938722372055,-0.5601606965065002,-0.04004017263650894,-0.4805675745010376,-0.1201418936252594,0.3123442828655243,-0.12191393226385117,-0.41607967019081116,-0.10401991754770279,0.348122239112854,0.0870305597782135,-0.45911869406700134,-0.11477967351675034,0.022945720702409744,-0.09426356852054596,-0.5168308019638062,-0.22920769453048706,-0.06431638449430466,-0.016079096123576164,0.07284829020500183,0.2182120680809021,-0.7912819981575012,-0.1978204995393753,0.4365123510360718,0.10912808775901794
-0.5648064613342285,-0.24120160937309265,0.08105333149433136,0.02026333287358284,0.19822224974632263,0.04955556243658066,2.2759761810302734,0.8689940571784973,-0.6651005744934082,-0.3662751317024231,-0.38545170426368713,-0.09636292606592178,-1.407353401184082,-0.45183834433555603,-0.27897214889526367,-0.06974303722381592,0.16062040627002716,0.04015510156750679,2.3948638439178467,0.8987159729003906,2.207826614379883,0.35195666551589966,-0.8526089191436768,-0.2131522297859192,-0.06062096357345581,-0.015155240893363953,-0.017111271619796753,-0.004277817904949188,-0.38986343145370483,-0.09746585786342621,-0.06675209105014801,-0.016688022762537003,0.09917546808719635,0.1247938722372055,-0.5601606965065002,-0.04004017263650894,-0.4805675745010376,-0.1201418936252594,0.3123442828655243,-0.12191393226385117,-0.41607967019081116,-0.10401991754770279,0.348122239112854,0.0870305597782135,-0.45911869406700134,-0.11477967351675034,0.022945720702409744,-0.09426356852054596,-0.5168308019638062,-0.22920769453048706,-0.06431638449430466,-0.016079096123576164,0.07284829020500183,0.2182120680809021,-0.7912819981575012,-0.1978204995393753,0.4365123510360718,0.10912808775901794
-0.5648064613342285,-0.24120160937309265,0.08105333149433136,0.02026333287358284,0.19822224974632263,0.04955556243658066,2.2759761810302734,0.8689940571784973,-0.6651005744934082,-0.3662751317024231,-0.38545170426368713,-0.09636292606592178,-1.407353401184082,-0.45183834433555603,-0.27897214889526367,-0.06974303722381592,0.16062040627002716,0.04015510156750679,2.3948638439178467,0.8987159729003906,2.207826614379883,0.35195666551589966,-0.8526089191436768,-0.2131522297859192,-0.06062096357345581,-0.015155240893363953,-0.017111271619796753,-0.004277817904949188,-0.38986343145370483,-0.09746585786342621,-0.06675209105014801,-0.016688022762537003,0.09917546808719635,0.1247938722372055,-0.5601606965065002,-0.04004017263650894,-0.4805675745010376,-0.1201418936252594,0.3123442828655243,-0.12191393226385117,-0.41607967019081116,-0.10401991754770279,0.348122239112854,0.0870305597782135,-0.45911869406700134,-0.11477967351675034,0.022945720702409744,-0.09426356852054596,-0.5168308019638062,-0.22920769453048706,-0.06431638449430466,-0.016079096123576164,0.07284829020500183,0.2182120680809021,-0.7912819981575012,-0.1978204995393753,0.4365123510360718,0.10912808775901794
-0.5648064613342285,-0.24120160937309265,0.08105333149433136,0.02026333287358284,0.19822224974632263,0.04955556243658066,2.2759761810302734,0.8689940571784973,-0.6651005744934082,-0.3662751317024231,-0.38545170426368713,-0.09636292606592178,-1.407353401184082,-0.45183834433555603,-0.27897214889526367,-0.06974303722381592,0.16062040627002716,0.04015510156750679,2.3948638439178467,0.8987159729003906,2.207826614379883,0.35195666551589966,-0.8526089191436768,-0.2131522297859192,-0.06062096357345581,-0.015155240893363953,-0.017111271619796753,-0.004277817904949188,-0.38986343145370483,-0.09746585786342621,-0.06675209105014801,-0.016688022762537003,0.09917546808719635,0.1247938722372055,-0.5601606965065002,-0.04004017263650894,-0.4805675745010376,-0.1201418936252594,0.3123442828655243,-0.12191393226385117,-0.41607967019081116,-0.10401991754770279,0.348122239112854,0.0870305597782135,-0.45911869406700134,-0.11477967351675034,0.022945720702409744,-0.09426356852054596,-0.5168308019638062,-0.22920769453048706,-0.06431638449430466,-0.016079096123576164,0.07284829020500183,0.2182120680809021,-0.7912819981575012,-0.1978204995393753,0.4365123510360718,0.10912808775901794
-0.5648064613342285,-0.24120160937309265,0.08105333149433136,0.02026333287358284,0.19822224974632263,0.04955556243658066,2.2759761810302734,0.8689940571784973,-0.6651005744934082,-0.3662751317024231,-0.38545170426368713,-0.09636292606592178,-1.407353401184082,-0.45183834433555603,-0.27897214889526367,-0.06974303722381592,0.16062040627002716,0.04015510156750679,2.3948638439178467,0.8987159729003906,2.207826614379883,0.35195666551589966,-0.8526089191436768,-0.2131522297859192,-0.06062096357345581,-0.015155240893363953,-0.017111271619796753,-0.004277817904949188,-0.38986343145370483,-0.09746585786342621,-0.06675209105014801,-0.016688022762537003,0.09917546808719635,0.1247938722372055,-0.5601606965065002,-0.04004017263650894,-0.4805675745010376,-0.1201418936252594,0.3123442828655243,-0.12191393226385117,-0.41607967019081116,-0.10401991754770279,0.348122239112854,0.0870305597782135,-0.45911869406700134,-0.11477967351675034,0.022945720702409744,-0.09426356852054596,-0.5168308019638062,-0.22920769453048706,-0.06431638449430466,-0.016079096123576164,0.07284829020500183,0.2182120680809021,-0.7912819981575012,-0.1978204995393753,0.4365123510360718,0.10912808775901794
-0.5648064613342285,-0.24120160937309265,0.08105333149433136,0.02026333287358284,0.19822224974632263,0.04955556243658066,2.2759761810302734,0.8689940571784973,-0.6651005744934082,-0.3662751317024231,-0.38545170426368713,-0.09636292606592178,-1.407353401184082,-0.45183834433555603,-0.27897214889526367,-0.06974303722381592,0.16062040627002716,0.04015510156750679,2.3948638439178467,0.8987159729003906,2.207826614379883,0.35195666551589966,-0.8526089191436768,-0.2131522297859192,-0.06062096357345581,-0.015155240893363953,-0.017111271619796753,-0.004277817904949188,-0.38986343145370483,-0.09746585786342621,-0.06675209105014801,-0.016688022762537003,0.09917546808719635,0.1247938722372055,-0.5601606965065002,-0.04004017263650894,-0.4805675745010376,-0.1201418936252594,0.3123442828655243,-0.12191393226385117,-0.41607967019081116,-0.10401991754770279,0.348122239112854,0.0870305597782135,-0.45911869406700134,-0.11477967351675034,0.022945720702409744,-0.09426356852054596,-0.5168308019638062,-0.22920769453048706,-0.06431638449430466,-0.016079096123576164,0.07284829020500183,0.2182120680809021,-0.7912819981575012,-0.1978204995393753,0.4365123510360718,0.10912808775901794
-0.5648064613342285,-0.24120160937309265,0.08105333149433136,0.02026333287358284,0.19822224974632263,0.04955556243658066,2.2759761810302734,0.8689940571784973,-0.6651005744934082,-0.3662751317024231,-0.38545170426368713,-0.09636292606592178,-1.407353401184082,-0.45183834433555603,-0.27897214889526367,-0.06974303722381592,0.16062040627002716,0.04015510156750679,2.3948638439178467,0.8987159729003906,2.207826614379883,0.35195666551589966,-0.8526089191436768,-0.2131522297859192,-0.06062096357345581,-0.015155240893363953,-0.017111271619796753,-0.004277817904949188,-0.38986343145370483,-0.09746585786342621,-0.06675209105014801,-0.016688022762537003,0.09917546808719635,0.1247938722372055,-0.5601606965065002,-0.04004017263650894,-0.4805675745010376,-0.1201418936252594,0.3123442828655243,-0.12191393226385117,-0.41607967019081116,-0.10401991754770279,0.348122239112854,0.0870305597782135,-0.45911869406700134,-0.11477967351675034,0.022945720702409744,-0.09426356852054596,-0.5168308019638062,-0.22920769453048706,-0.06431638449430466,-0.016079096123576164,0.07284829020500183,0.2182120680809021,-0.7912819981575012,-0.1978204995393753,0.4365123510360718,0.10912808775901794
-0.5648064613342285,-0.24120160937309265,0.08105333149433136,0.02026333287358284,0.19822224974632263,0.04955556243658066,2.2759761810302734,0.8689940571784973,-0.6651005744934082,-0.3662751317024231,-0.38545170426368713,-0.09636292606592178,-1.407353401184082,-0.45183834433555603,-0.27897214889526367,-0.06974303722381592,0.16062040627002716,0.04015510156750679,2.3948638439178467,0.8987159729003906,2.207826614379883,0.35195666551589966,-0.8526089191436768,-0.2131522297859192,-0.06062096357345581,-0.015155240893363953,-0.017111271619796753,-0.004277817904949188,-0.38986343145370483,-0.09746585786342621,-0.06675209105014801,-0.016688022762537003,0.09917546808719635,0.1247938722372055,-0.5601606965065002,-0.04004017263650894,-0.4805675745010376,-0.1201418936252594,0.3123442828655243,-0.12191393226385117,-0.41607967019081116,-0.10401991754770279,0.348122239112854,0.0870305597782135,-0.45911869406700134,-0.11477967351675034,0.022945720702409744,-0.09426356852054596,-0.5168308019638062,-0.22920769453048706,-0.06431638449430466,-0.016079096123576164,0.07284829020500183,0.2182120680809021,-0.7912819981575012,-0.1978204995393753,0.4365123510360718,0.10912808775901794
-0.5648064613342285,-0.24120160937309265,0.08105333149433136,0.02026333287358284,0.19822224974632263,0.04955556243658066,2.2759761810302734,0.8689940571784973,-0.6651005744934082,-0.3662751317024231,-0.38545170426368713,-0.09636292606592178,-1.407353401184082,-0.45183834433555603,-0.27897214889526367,-0.06974303722381592,0.16062040627002716,0.04015510156750679,2.3948638439178467,0.8987159729003906,2.207826614379883,0.35195666551589966,-0.8526089191436768,-0.2131522297859192,-0.06062096357345581,-0.015155240893363953,-0.017111271619796753,-0.004277817904949188,-0.38986343145370483,-0.09746585786342621,-0.06675209105014801,-0.016688022762537003,0.09917546808719635,0.1247938722372055,-0.5601606965065002,-0.04004017263650894,-0.4805675745010376,-0.1201418936252594,0.3123442828655243,-0.12191393226385117,-0.41607967019081116,-0.10401991754770279,0.348122239112854,0.0870305597782135,-0.45911869406700134,-0.11477967351675034,0.022945720702409744,-0.09426356852054596,-0.5168308019638062,-0.22920769453048706,-0.06431638449430466,-0.016079096123576164,0.07284829020500183,0.2182120680809021,-0.7912819981575012,-0.1978204995393753,0.4365123510360718,0.10912808775901794
-0.5648064613342285,-0.24120160937309265,0.08105333149433136,0.02026333287358284,0.19822224974632263,0.04955556243658066,2.2759761810302734,0.8689940571784973,-0.6651005744934082,-0.3662751317024231,-0.38545170426368713,-0.09636292606592178,-1.407353401184082,-0.45183834433555603,-0.27897214889526367,-0.06974303722381592,0.16062040627002716,0.04015510156750679,2.3948638439178467,0.8987159729003906,2.207826614379883,0.35195666551589966,-0.8526089191436768,-0.2131522297859192,-0.06062096357345581,-0.015155240893363953,-0.017111271619796753,-0.004277817904949188,-0.38986343145370483,-0.09746585786342621,-0.06675209105014801,-0.016688022762537003,0.09917546808719635,0.1247938722372055,-0.5601606965065002,-0.04004017263650894,-0.4805675745010376,-0.1201418936252594,0.3123442828655243,-0.12191393226385117,-0.41607967019081116,-0.10401991754770279,0.348122239112854,0.0870305597782135,-0.45911869406700134,-0.11477967351675034,0.022945720702409744,-0.09426356852054596,-0.5168308019638062,-0.22920769453048706,-0.06431638449430466,-0.016079096123576164,0.07284829020500183,0.2182120680809021,-0.7912819981575012,-0.1978204995393753,0.4365123510360718,0.10912808775901794
-0.5648064613342285,-0.24120160937309265,0.08105333149433136,0.02026333287358284,0.19822224974632263,0.04955556243658066,2.2759761810302734,0.8689940571784973,-0.6651005744934082,-0.3662751317024231,-0.38545170426368713,-0.09636292606592178,-1.407353401184082,-0.45183834433555603,-0.27897214889526367,-0.06974303722381592,0.16062040627002716,0.04015510156750679,2.3948638439178467,0.8987159729003906,2.207826614379883,0.35195666551589966,-0.8526089191436768,-0.2131522297859192,-0.06062096357345581,-0.015155240893363953,-0.017111271619796753,-0.004277817904949188,-0.38986343145370483,-0.09746585786342621,-0.06675209105014801,-0.016688022762537003,0.09917546808719635,0.1247938722372055,-0.5601606965065002,-0.04004017263650894,-0.4805675745010376,-0.1201418936252594,0.3123442828655243,-0.12191393226385117,-0.41607967019081116,-0.10401991754770279,0.348122239112854,0.0870305597782135,-0.45911869406700134,-0.11477967351675034,0.022945720702409744,-0.09426356852054596,-0.5168308019638062,-0.22920769453048706,-0.06431638449430466,-0.016079096123576164,0.07284829020500183,0.2182120680809021,-0.7912819981575012,-0.1978204995393753,0.4365123510360718,0.10912808775901794
-0.5648064613342285,-0.24120160937309265,0.08105333149433136,0.02026333287358284,0.19822224974632263,0.04955556243658066,2.2759761810302734,0.8689940571784973,-0.6651005744934082,-0.3662751317024231,-0.38545170426368713,-0.09636292606592178,-1.407353401184082,-0.45183834433555603,-0.27897214889526367,-0.06974303722381592,0.16062040627002716,0.04015510156750679,2.3948638439178467,0.8987159729003906,2.207826614379883,0.35195666551589966,-0.8526089191436768,-0.2131522297859192,-0.06062096357345581,-0.015155240893363953,-0.017111271619796753,-0.004277817904949188,-0.38986343145370483,-0.09746585786342621,-0.06675209105014801,-0.016688022762537003,0.09917546808719635,0.1247938722372055,-0.5601606965065002,-0.04004017263650894,-0.4805675745010376,-0.1201418936252594,0.3123442828655243,-0.12191393226385117,-0.41607967019081116,-0.10401991754770279,0.348122239112854,0.0870305597782135,-0.45911869406700134,-0.11477967351675034,0.022945720702409744,-0.09426356852054596,-0.5168308019638062,-0.22920769453048706,-0.06431638449430466,-0.016079096123576164,0.07284829020500183,0.2182120680809021,-0.7912819981575012,-0.1978204995393753,0.4365123510360718,0.10912808775901794
-0.5648064613342285,-0.24120160937309265,0.08105333149433136,0.02026333287358284,0.19822224974632263,0.04955556243658066,2.2759761810302734,0.8689940571784973,-0.6651005744934082,-0.3662751317024231,-0.38545170426368713,-0.09636292606592178,-1.407353401184082,-0.45183834433555603,-0.27897214889526367,-0.06974303722381592,0.16062040627002716,0.04015510156750679,2.3948638439178467,0.8987159729003906,2.207826614379883,0.35195666551589966,-0.8526089191436768,-0.2131522297859192,-0.06062096357345581,-0.015155240893363953,-0.017111271619796753,-0.004277817904949188,-0.38986343145370483,-0.09746585786342621,-0.06675209105014801,-0.016688022762537003,0.09917546808719635,0.1247938722372055,-0.5601606965065002,-0.04004017263650894,-0.4805675745010376,-0.1201418936252594,0.3123442828655243,-0.12191393226385117,-0.41607967019081116,-0.10401991754770279,0.348122239112854,0.0870305597782135,-0.45911869406700134,-0.11477967351675034,0.022945720702409744,-0.09426356852054596,-0.5168308019638062,-0.22920769453048706,-0.06431638449430466,-0.016079096123576164,0.07284829020500183,0.2182120680809021,-0.7912819981575012,-0.1978204995393753,0.4365123510360718,0.10912808775901794
-0.5648064613342285,-0.24120160937309265,0.08105333149433136,0.02026333287358284,0.19822224974632263,0.04955556243658066,2.2759761810302734,0.8689940571784973,-0.6651005744934082,-0.3662751317024231,-0.38545170426368713,-0.09636292606592178,-1.407353401184082,-0.45183834433555603,-0.27897214889526367,-0.06974303722381592,0.16062040627002716,0.04015510156750679,2.3948638439178467,0.8987159729003906,2.207826614379883,0.35195666551589966,-0.8526089191436768,-0.2131522297859192,-0.06062096357345581,-0.015155240893363953,-0.017111271619796753,-0.004277817904949188,-0.38986343145370483,-0.09746585786342621,-0.06675209105014801,-0.016688022762537003,0.09917546808719635,0.1247938722372055,-0.5601606965065002,-0.04004017263650894,-0.4805675745010376,-0.1201418936252594,0.3123442828655243,-0.12191393226385117,-0.41607967019081116,-0.10401991754770279,0.348122239112854,0.0870305597782135,-0.45911869406700134,-0.11477967351675034,0.022945720702409744,-0.09426356852054596,-0.5168308019638062,-0.22920769453048706,-0.06431638449430466,-0.016079096123576164,0.07284829020500183,0.2182120680809021,-0.7912819981575012,-0.1978204995393753,0.4365123510360718,0.10912808775901794
-0.5648064613342285,-0.24120160937309265,0.08105333149433136,0.02026333287358284,0.19822224974632263,0.04955556243658066,2.2759761810302734,0.8689940571784973,-0.6651005744934082,-0.3662751317024231,-0.38545170426368713,-0.09636292606592178,-1.407353401184082,-0.45183834433555603,-0.27897214889526367,-0.06974303722381592,0.16062040627002716,0.04015510156750679,2.3948638439178467,0.8987159729003906,2.207826614379883,0.35195666551589966,-0.8526089191436768,-0.2131522297859192,-0.06062096357345581,-0.015155240893363953,-0.017111271619796753,-0.004277817904949188,-0.38986343145370483,-0.09746585786342621,-0.06675209105014801,-0.016688022762537003,0.09917546808719635,0.1247938722372055,-0.5601606965065002,-0.04004017263650894,-0.4805675745010376,-0.1201418936252594,0.3123442828655243,-0.12191393226385117,-0.41607967019081116,-0.10401991754770279,0.348122239112854,0.0870305597782135,-0.45911869406700134,-0.11477967351675034,0.022945720702409744,-0.09426356852054596,-0.5168308019638062,-0.22920769453048706,-0.06431638449430466,-0.016079096123576164,0.07284829020500183,0.2182120680809021,-0.7912819981575012,-0.1978204995393753,0.4365123510360718,0.10912808775901794
-0.6172792315483093,-0.25431981682777405,0.2528591454029083,0.06321478635072708,0.1577913761138916,0.0394478440284729,2.1257729530334473,0.8314432501792908,-0.6891461610794067,-0.3722865581512451,-0.6480017304420471,-0.16200043261051178,-1.2894574403762817,-0.42236435413360596,-0.45539334416389465,-0.11384833604097366,0.15172553062438965,0.03793138265609741,2.4861979484558105,0.9215494990348816,2.3283562660217285,0.3820890784263611,-0.7914599776268005,-0.19786499440670013,0.06927431374788284,0.01731857843697071,-0.09184734523296356,-0.02296183630824089,-0.23485451936721802,-0.058713629841804504,-0.44363075494766235,-0.11090768873691559,0.27386707067489624,0.16846677660942078,0.5938142538070679,0.2484535574913025,-0.18893885612487793,-0.04723471403121948,-0.35024493932724,-0.28756123781204224,-0.04458347335457802,-0.011145868338644505,-0.3595910370349884,-0.0898977592587471,-0.3137132525444031,-0.07842831313610077,-0.25913673639297485,-0.16478419303894043,0.39553362131118774,-0.0011165961623191833,-0.6707493662834167,-0.1676873415708542,-0.10892702639102936,0.1727682501077652,-0.7955835461616516,-0.1988958865404129,-0.33551734685897827,-0.08387933671474457
-0.6172792315483093,-0.25431981682777405,0.2528591454029083,0.06321478635072708,0.1577913761138916,0.0394478440284729,2.1257729530334473,0.8314432501792908,-0.6891461610794067,-0.3722865581512451,-0.6480017304420471,-0.16200043261051178,-1.2894574403762817,-0.42236435413360596,-0.45539334416389465,-0.11384833604097366,0.15172553062438965,0.03793138265609741,2.4861979484558105,0.9215494990348816,2.3283562660217285,0.3820890784263611,-0.7914599776268005,-0.19786499440670013,0.06927431374788284,0.01731857843697071,-0.09184734523296356,-0.02296183630824089,-0.23485451936721802,-0.058713629841804504,-0.44363075494766235,-0.11090768873691559,0.27386707067489624,0.16846677660942078,0.5938142538070679,0.2484535574913025,-0.18893885612487793,-0.04723471403121948,-0.35024493932724,-0.28756123781204224,-0.04458347335457802,-0.011145868338644505,-0.3595910370349884,-0.0898977592587471,-0.3137132525444031,-0.07842831313610077,-0.25913673639297485,-0.16478419303894043,0.39553362131118774,-0.0011165961623191833,-0.6707493662834167,-0.1676873415708542,-0.10892702639102936,0.1727682501077652,-0.7955835461616516,-0.1988958865404129,-0.33551734685897827,-0.08387933671474457
-0.6172792315483093,-0.25431981682777405,0.2528591454029083,0.06321478635072708,0.1577913761138916,0.0394478440284729,2.1257729530334473,0.8314432501792908,-0.6891461610794067,-0.3722865581512451,-0.6480017304420471,-0.16200043261051178,-1.2894574403762817,-0.42236435413360596,-0.45539334416389465,-0.11384833604097366,0.15172553062438965,0.03793138265609741,2.4861979484558105,0.9215494990348816,2.3283562660217285,0.3820890784263611,-0.7914599776268005,-0.19786499440670013,0.06927431374788284,0.01731857843697071,-0.09184734523296356,-0.02296183630824089,-0.23485451936721802,-0.058713629841804504,-0.44363075494766235,-0.11090768873691559,0.27386707067489624,0.16846677660942078,0.5938142538070679,0.2484535574913025,-0.18893885612487793,-0.04723471403121948,-0.35024493932724,-0.28756123781204224,-0.04458347335457802,-0.011145868338644505,-0.3595910370349884,-0.0898977592587471,-0.3137132525444031,-0.07842831313610077,-0.25913673639297485,-0.16478419303894043,0.39553362131118774,-0.0011165961623191833,-0.6707493662834167,-0.1676873415708542,-0.10892702639102936,0.1727682501077652,-0.7955835461616516,-0.1988958865404129,-0.33551734685897827,-0.08387933671474457
-0.6172792315483093,-0.25431981682777405,0.2528591454029083,0.06321478635072708,0.1577913761138916,0.0394478440284729,2.1257729530334473,0.8314432501792908,-0.6891461610794067,-0.3722865581512451,-0.6480017304420471,-0.16200043261051178,-1.2894574403762817,-0.42236435413360596,-0.45539334416389465,-0.11384833604097366,0.15172553062438965,0.03793138265609741,2.4861979484558105,0.9215494990348816,2.3283562660217285,0.3820890784263611,-0.7914599776268005,-0.19786499440670013,0.06927431374788284,0.01731857843697071,-0.09184734523296356,-0.02296183630824089,-0.23485451936721802,-0.058713629841804504,-0.44363075494766235,-0.11090768873691559,0.27386707067489624,0.16846677660942078,0.5938142538070679,0.2484535574913025,-0.18893885612487793,-0.04723471403121948,-0.35024493932724,-0.28756123781204224,-0.04458347335457802,-0.011145868338644505,-0.3595910370349884,-0.0898977592587471,-0.3137132525444031,-0.07842831313610077,-0.25913673639297485,-0.16478419303894043,0.39553362131118774,-0.0011165961623191833,-0.6707493662834167,-0.1676873415708542,-0.10892702639102936,0.1727682501077652,-0.7955835461616516,-0.1988958865404129,-0.33551734685897827,-0.08387933671474457
-0.6172792315483093,-0.25431981682777405,0.2528591454029083,0.06321478635072708,0.1577913761138916,0.0394478440284729,2.1257729530334473,0.8314432501792908,-0.6891461610794067,-0.3722865581512451,-0.6480017304420471,-0.16200043261051178,-1.2894574403762817,-0.42236435413360596,-0.45539334416389465,-0.11384833604097366,0.15172553062438965,0.03793138265609741,2.4861979484558105,0.9215494990348816,2.3283562660217285,0.3820890784263611,-0.7914599776268005,-0.19786499440670013,0.06927431374788284,0.01731857843697071,-0.09184734523296356,-0.02296183630824089,-0.23485451936721802,-0.058713629841804504,-0.44363075494766235,-0.11090768873691559,0.27386707067489624,0.16846677660942078,0.5938142538070679,0.2484535574913025,-0.18893885612487793,-0.04723471403121948,-0.35024493932724,-0.28756123781204224,-0.04458347335457802,-0.011145868338644505,-0.3595910370349884,-0.0898977592587471,-0.3137132525444031,-0.07842831313610077,-0.25913673639297485,-0.16478419303894043,0.39553362131118774,-0.0011165961623191833,-0.6707493662834167,-0.1676873415708542,-0.10892702639102936,0.1727682501077652,-0.7955835461616516,-0.1988958865404129,-0.33551734685897827,-0.08387933671474457
-0.6172792315483093,-0.25431981682777405,0.2528591454029083,0.06321478635072708,0.1577913761138916,0.0394478440284729,2.1257729530334473,0.8314432501792908,-0.6891461610794067,-0.3722865581512451,-0.6480017304420471,-0.16200043261051178,-1.2894574403762817,-0.42236435413360596,-0.45539334416389465,-0.11384833604097366,0.15172553062438965,0.03793138265609741,2.4861979484558105,0.9215494990348816,2.3283562660217285,0.3820890784263611,-0.7914599776268005,-0.19786499440670013,0.06927431374788284,0.01731857843697071,-0.09184734523296356,-0.02296183630824089,-0.23485451936721802,-0.058713629841804504,-0.44363075494766235,-0.11090768873691559,0.27386707067489624,0.16846677660942078,0.5938142538070679,0.2484535574913025,-0.18893885612487793,-0.04723471403121948,-0.35024493932724,-0.28756123781204224,-0.04458347335457802,-0.011145868338644505,-0.3595910370349884,-0.0898977592587471,-0.3137132525444031,-0.07842831313610077,-0.25913673639297485,-0.16478419303894043,0.39553362131118774,-0.0011165961623191833,-0.6707493662834167,-0.1676873415708542,-0.10892702639102936,0.1727682501077652,-0.7955835461616516,-0.1988958865404129,-0.33551734685897827,-0.08387933671474457
-0.6172792315483093,-0.25431981682777405,0.2528591454029083,0.06321478635072708,0.1577913761138916,0.0394478440284729,2.1257729530334473,0.8314432501792908,-0.6891461610794067,-0.3722865581512451,-0.6480017304420471,-0.16200043261051178,-1.2894574403762817,-0.42236435413360596,-0.45539334416389465,-0.11384833604097366,0.15172553062438965,0.03793138265609741,2.4861979484558105,0.9215494990348816,2.3283562660217285,0.3820890784263611,-0.7914599776268005,-0.19786499440670013,0.06927431374788284,0.01731857843697071,-0.09184734523296356,-0.02296183630824089,-0.23485451936721802,-0.058713629841804504,-0.44363075494766235,-0.11090768873691559,0.27386707067489624,0.16846677660942078,0.5938142538070679,0.2484535574913025,-0.18893885612487793,-0.04723471403121948,-0.35024493932724,-0.28756123781204224,-0.04458347335457802,-0.011145868338644505,-0.3595910370349884,-0.0898977592587471,-0.3137132525444031,-0.07842831313610077,-0.25913673639297485,-0.16478419303894043,0.39553362131118774,-0.0011165961623191833,-0.6707493662834167,-0.1676873415708542,-0.10892702639102936,0.1727682501077652,-0.7955835461616516,-0.1988958865404129,-0.33551734685897827,-0.08387933671474457
-0.6172792315483093,-0.25431981682777405,0.2528591454029083,0.06321478635072708,0.1577913761138916,0.0394478440284729,2.1257729530334473,0.8314432501792908,-0.6891461610794067,-0.3722865581512451,-0.6480017304420471,-0.16200043261051178,-1.2894574403762817,-0.42236435413360596,-0.45539334416389465,-0.11384833604097366,0.15172553062438965,0.03793138265609741,2.4861979484558105,0.9215494990348816,2.3283562660217285,0.3820890784263611,-0.7914599776268005,-0.19786499440670013,0.06927431374788284,0.01731857843697071,-0.09184734523296356,-0.02296183630824089,-0.23485451936721802,-0.058713629841804504,-0.44363075494766235,-0.11090768873691559,0.27386707067489624,0.16846677660942078,0.5938142538070679,0.2484535574913025,-0.18893885612487793,-0.04723471403121948,-0.35024493932724,-0.28756123781204224,-0.04458347335457802,-0.011145868338644505,-0.3595910370349884,-0.0898977592587471,-0.3137132525444031,-0.07842831313610077,-0.25913673639297485,-0.16478419303894043,0.39553362131118774,-0.0011165961623191833,-0.6707493662834167,-0.1676873415708542,-0.10892702639102936,0.1727682501077652,-0.7955835461616516,-0.1988958865404129,-0.33551734685897827,-0.08387933671474457
-0.6172792315483093,-0.25431981682777405,0.2528591454029083,0.06321478635072708,0.1577913761138916,0.0394478440284729,2.1257729530334473,0.8314432501792908,-0.6891461610794067,-0.3722865581512451,-0.6480017304420471,-0.16200043261051178,-1.2894574403762817,-0.42236435413360596,-0.45539334416389465,-0.11384833604097366,0.15172553062438965,0.03793138265609741,2.4861979484558105,0.9215494990348816,2.3283562660217285,0.3820890784263611,-0.7914599776268005,-0.19786499440670013,0.06927431374788284,0.01731857843697071,-0.09184734523296356,-0.02296183630824089,-0.23485451936721802,-0.058713629841804504,-0.44363075494766235,-0.11090768873691559,0.27386707067489624,0.16846677660942078,0.5938142538070679,0.2484535574913025,-0.18893885612487793,-0.04723471403121948,-0.35024493932724,-0.28756123781204224,-0.04458347335457802,-0.011145868338644505,-0.3595910370349884,-0.0898977592587471,-0.3137132525444031,-0.07842831313610077,-0.25913673639297485,-0.16478419303894043,0.39553362131118774,-0.0011165961623191833,-0.6707493662834167,-0.1676873415708542,-0.10892702639102936,0.1727682501077652,-0.7955835461616516,-0.1988958865404129,-0.33551734685897827,-0.08387933671474457
-0.6172792315483093,-0.25431981682777405,0.2528591454029083,0.06321478635072708,0.1577913761138916,0.0394478440284729,2.1257729530334473,0.8314432501792908,-0.6891461610794067,-0.3722865581512451,-0.6480017304420471,-0.16200043261051178,-1.2894574403762817,-0.42236435413360596,-0.45539334416389465,-0.11384833604097366,0.15172553062438965,0.03793138265609741,2.4861979484558105,0.9215494990348816,2.3283562660217285,0.3820890784263611,-0.7914599776268005,-0.19786499440670013,0.06927431374788284,0.01731857843697071,-0.09184734523296356,-0.02296183630824089,-0.23485451936721802,-0.058713629841804504,-0.44363075494766235,-0.11090768873691559,0.27386707067489624,0.16846677660942078,0.5938142538070679,0.2484535574913025,-0.18893885612487793,-0.04723471403121948,-0.35024493932724,-0.28756123781204224,-0.04458347335457802,-0.011145868338644505,-0.3595910370349884,-0.0898977592587471,-0.3137132525444031,-0.07842831313610077,-0.25913673639297485,-0.16478419303894043,0.39553362131118774,-0.0011165961623191833,-0.6707493662834167,-0.1676873415708542,-0.10892702639102936,0.1727682501077652,-0.7955835461616516,-0.1988958865404129,-0.33551734685897827,-0.08387933671474457
-0.6172792315483093,-0.25431981682777405,0.2528591454029083,0.06321478635072708,0.1577913761138916,0.0394478440284729,2.1257729530334473,0.8314432501792908,-0.6891461610794067,-0.3722865581512451,-0.6480017304420471,-0.16200043261051178,-1.2894574403762817,-0.42236435413360596,-0.45539334416389465,-0.11384833604097366,0.15172553062438965,0.03793138265609741,2.4861979484558105,0.9215494990348816,2.3283562660217285,0.3820890784263611,-0.7914599776268005,-0.19786499440670013,0.06927431374788284,0.01731857843697071,-0.09184734523296356,-0.02296183630824089,-0.23485451936721802,-0.058713629841804504,-0.44363075494766235,-0.11090768873691559,0.27386707067489624,0.16846677660942078,0.5938142538070679,0.2484535574913025,-0.18893885612487793,-0.04723471403121948,-0.35024493932724,-0.28756123781204224,-0.04458347335457802,-0.011145868338644505,-0.3595910370349884,-0.0898977592587471,-0.3137132525444031,-0.07842831313610077,-0.25913673639297485,-0.16478419303894043,0.39553362131118774,-0.0011165961623191833,-0.6707493662834167,-0.1676873415708542,-0.10892702639102936,0.1727682501077652,-0.7955835461616516,-0.1988958865404129,-0.33551734685897827,-0.08387933671474457
-0.6172792315483093,-0.25431981682777405,0.2528591454029083,0.06321478635072708,0.1577913761138916,0.0394478440284729,2.1257729530334473,0.8314432501792908,-0.6891461610794067,-0.3722865581512451,-0.6480017304420471,-0.16200043261051178,-1.2894574403762817,-0.42236435413360596,-0.45539334416389465,-0.11384833604097366,0.15172553062438965,0.03793138265609741,2.4861979484558105,0.9215494990348816,2.3283562660217285,0.3820890784263611,-0.7914599776268005,-0.19786499440670013,0.06927431374788284,0.01731857843697071,-0.09184734523296356,-0.02296183630824089,-0.23485451936721802,-0.058713629841804504,-0.44363075494766235,-0.11090768873691559,0.27386707067489624,0.16846677660942078,0.5938142538070679,0.2484535574913025,-0.18893885612487793,-0.04723471403121948,-0.35024493932724,-0.28756123781204224,-0.04458347335457802,-0.011145868338644505,-0.3595910370349884,-0.0898977592587471,-0.3137132525444031,-0.07842831313610077,-0.25913673639297485,-0.16478419303894043,0.39553362131118774,-0.0011165961623191833,-0.6707493662834167,-0.1676873415708542,-0.10892702639102936,0.1727682501077652,-0.7955835461616516,-0.1988958865404129,-0.33551734685897827,-0.08387933671474457
-0.6172792315483093,-0.25431981682777405,0.2528591454029083,0.06321478635072708,0.1577913761138916,0.0394478440284729,2.1257729530334473,0.8314432501792908,-0.6891461610794067,-0.3722865581512451,-0.6480017304420471,-0.16200043261051178,-1.2894574403762817,-0.42236435413360596,-0.45539334416389465,-0.11384833604097366,0.15172553062438965,0.03793138265609741,2.4861979484558105,0.9215494990348816,2.3283562660217285,0.3820890784263611,-0.7914599776268005,-0.19786499440670013,0.06927431374788284,0.01731857843697071,-0.09184734523296356,-0.02296183630824089,-0.23485451936721802,-0.058713629841804504,-0.44363075494766235,-0.11090768873691559,0.27386707067489624,0.16846677660942078,0.5938142538070679,0.2484535574913025,-0.18893885612487793,-0.04723471403121948,-0.35024493932724,-0.28756123781204224,-0.04458347335457802,-0.011145868338644505,-0.3595910370349884,-0.0898977592587471,-0.3137132525444031,-0.07842831313610077,-0.25913673639297485,-0.16478419303894043,0.39553362131118774,-0.0011165961623191833,-0.6707493662834167,-0.1676873415708542,-0.10892702639102936,0.1727682501077652,-0.7955835461616516,-0.1988958865404129,-0.33551734685897827,-0.08387933671474457
-0.6172792315483093,-0.25431981682777405,0.2528591454029083,0.06321478635072708,0.1577913761138916,0.0394478440284729,2.1257729530334473,0.8314432501792908,-0.6891461610794067,-0.3722865581512451,-0.6480017304420471,-0.16200043261051178,-1.2894574403762817,-0.42236435413360596,-0.45539334416389465,-0.11384833604097366,0.15172553062438965,0.03793138265609741,2.4861979484558105,0.9215494990348816,2.3283562660217285,0.3820890784263611,-0.7914599776268005,-0.19786499440670013,0.06927431374788284,0.01731857843697071,-0.09184734523296356,-0.02296183630824089,-0.23485451936721802,-0.058713629841804504,-0.44363075494766235,-0.11090768873691559,0.27386707067489624,0.16846677660942078,0.5938142538070679,0.2484535574913025,-0.18893885612487793,-0.04723471403121948,-0.35024493932724,-0.28756123781204224,-0.04458347335457802,-0.011145868338644505,-0.3595910370349884,-0.0898977592587471,-0.3137132525444031,-0.07842831313610077,-0.25913673639297485,-0.16478419303894043,0.39553362131118774,-0.0011165961623191833,-0.6707493662834167,-0.1676873415708542,-0.10892702639102936,0.1727682501077652,-0.7955835461616516,-0.1988958865404129,-0.33551734685897827,-0.08387933671474457
-0.6172792315483093,-0.25431981682777405,0.2528591454029083,0.06321478635072708,0.1577913761138916,0.0394478440284729,2.1257729530334473,0.8314432501792908,-0.6891461610794067,-0.3722865581512451,-0.6480017304420471,-0.16200043261051178,-1.2894574403762817,-0.42236435413360596,-0.45539334416389465,-0.11384833604097366,0.15172553062438965,0.03793138265609741,2.4861979484558105,0.9215494990348816,2.3283562660217285,0.3820890784263611,-0.7914599776268005,-0.19786499440670013,0.06927431374788284,0.01731857843697071,-0.09184734523296356,-0.02296183630824089,-0.23485451936721802,-0.058713629841804504,-0.44363075494766235,-0.11090768873691559,0.27386707067489624,0.16846677660942078,0.5938142538070679,0.2484535574913025,-0.18893885612487793,-0.04723471403121948,-0.35024493932724,-0.28756123781204224,-0.04458347335457802,-0.011145868338644505,-0.3595910370349884,-0.0898977592587471,-0.3137132525444031,-0.07842831313610077,-0.25913673639297485,-0.16478419303894043,0.39553362131118774,-0.0011165961623191833,-0.6707493662834167,-0.1676873415708542,-0.10892702639102936,0.1727682501077652,-0.7955835461616516,-0.1988958865404129,-0.33551734685897827,-0.08387933671474457
-0.6172792315483093,-0.25431981682777405,0.2528591454029083,0.06321478635072708,0.1577913761138916,0.0394478440284729,2.1257729530334473,0.8314432501792908,-0.6891461610794067,-0.3722865581512451,-0.6480017304420471,-0.16200043261051178,-1.2894574403762817,-0.42236435413360596,-0.45539334416389465,-0.11384833604097366,0.15172553062438965,0.03793138265609741,2.4861979484558105,0.9215494990348816,2.3283562660217285,0.3820890784263611,-0.7914599776268005,-0.19786499440670013,0.06927431374788284,0.01731857843697071,-0.09184734523296356,-0.02296183630824089,-0.23485451936721802,-0.058713629841804504,-0.44363075494766235,-0.11090768873691559,0.27386707067489624,0.16846677660942078,0.5938142538070679,0.2484535574913025,-0.18893885612487793,-0.04723471403121948,-0.35024493932724,-0.28756123781204224,-0.04458347335457802,-0.011145868338644505,-0.3595910370349884,-0.0898977592587471,-0.3137132525444031,-0.07842831313610077,-0.25913673639297485,-0.16478419303894043,0.39553362131118774,-0.0011165961623191833,-0.6707493662834167,-0.1676873415708542,-0.10892702639102936,0.1727682501077652,-0.7955835461616516,-0.1988958865404129,-0.33551734685897827,-0.08387933671474457
-0.6172792315483093,-0.25431981682777405,0.2528591454029083,0.06321478635072708,0.1577913761138916,0.0394478440284729,2.1257729530334473,0.8314432501792908,-0.6891461610794067,-0.3722865581512451,-0.6480017304420471,-0.16200043261051178,-1.2894574403762817,-0.42236435413360596,-0.45539334416389465,-0.11384833604097366,0.15172553062438965,0.03793138265609741,2.4861979484558105,0.9215494990348816,2.3283562660217285,0.3820890784263611,-0.7914599776268005,-0.19786499440670013,0.06927431374788284,0.01731857843697071,-0.09184734523296356,-0.02296183630824089,-0.23485451936721802,-0.058713629841804504,-0.44363075494766235,-0.11090768873691559,0.27386707067489624,0.16846677660942078,0.5938142538070679,0.2484535574913025,-0.18893885612487793,-0.04723471403121948,-0.35024493932724,-0.28756123781204224,-0.04458347335457802,-0.011145868338644505,-0.3595910370349884,-0.0898977592587471,-0.3137132525444031,-0.07842831313610077,-0.25913673639297485,-0.16478419303894043,0.39553362131118774,-0.0011165961623191833,-0.6707493662834167,-0.1676873415708542,-0.10892702639102936,0.1727682501077652,-0.7955835461616516,-0.1988958865404129,-0.33551734685897827,-0.08387933671474457
-0.5135005712509155,-0.2283751368522644,0.07846784591674805,0.01961696147918701,0.18717581033706665,0.04679395258426666,2.20386004447937,0.8509650230407715,-0.7626270055770874,-0.3906567692756653,-0.34692105650901794,-0.08673026412725449,-1.6000982522964478,-0.5000245571136475,-0.20524446666240692,-0.05131111666560173,0.13866540789604187,0.03466635197401047,2.5094828605651855,0.9273707270622253,2.3905081748962402,0.397627055644989,-0.8356122970581055,-0.20890307426452637,-0.08160649240016937,-0.020401623100042343,0.0003698207437992096,9.24551859498024e-05,-0.39320456981658936,-0.09830114245414734,-0.11708198487758636,-0.02927049621939659,0.11446014046669006,0.12861503660678864,-0.5385721921920776,-0.03464304655790329,-0.4460819363594055,-0.11152048408985138,0.3143518269062042,-0.12141204625368118,-0.4722903370857239,-0.11807258427143097,0.3177180886268616,0.0794295221567154,-0.4315071403980255,-0.10787678509950638,0.08239002525806427,-0.07940249145030975,-0.4766424894332886,-0.21916061639785767,-0.05565648525953293,-0.013914121314883232,0.06266474723815918,0.21566618978977203,-0.8217048645019531,-0.20542621612548828,0.42189404368400574,0.10547351092100143
-0.5135005712509155,-0.2283751368522644,0.07846784591674805,0.01961696147918701,0.18717581033706665,0.04679395258426666,2.20386004447937,0.8509650230407715,-0.7626270055770874,-0.3906567692756653,-0.34692105650901794,-0.08673026412725449,-1.6000982522964478,-0.5000245571136475,-0.20524446666240692,-0.05131111666560173,0.13866540789604187,0.03466635197401047,2.5094828605651855,0.9273707270622253,2.3905081748962402,0.397627055644989,-0.8356122970581055,-0.20890307426452637,-0.08160649240016937,-0.020401623100042343,0.0003698207437992096,9.24551859498024e-05,-0.39320456981658936,-0.09830114245414734,-0.11708198487758636,-0.02927049621939659,0.11446014046669006,0.12861503660678864,-0.5385721921920776,-0.03464304655790329,-0.4460819363594055,-0.11152048408985138,0.3143518269062042,-0.12141204625368118,-0.4722903370857239,-0.11807258427143097,0.3177180886268616,0.0794295221567154,-0.4315071403980255,-0.10787678509950638,0.08239002525806427,-0.07940249145030975,-0.4766424894332886,-0.21916061639785767,-0.05565648525953293,-0.013914121314883232,0.06266474723815918,0.21566618978977203,-0.8217048645019531,-0.20542621612548828,0.42189404368400574,0.10547351092100143
-0.5135005712509155,-0.2283751368522644,0.07846784591674805,0.01961696147918701,0.18717581033706665,0.04679395258426666,2.20386004447937,0.8509650230407715,-0.7626270055770874,-0.3906567692756653,-0.34692105650901794,-0.08673026412725449,-1.6000982522964478,-0.5000245571136475,-0.20524446666240692,-0.05131111666560173,0.13866540789604187,0.03466635197401047,2.5094828605651855,0.9273707270622253,2.3905081748962402,0.397627055644989,-0.8356122970581055,-0.20890307426452637,-0.08160649240016937,-0.020401623100042343,0.0003698207437992096,9.24551859498024e-05,-0.39320456981658936,-0.09830114245414734,-0.11708198487758636,-0.02927049621939659,0.11446014046669006,0.12861503660678864,-0.5385721921920776,-0.03464304655790329,-0.4460819363594055,-0.11152048408985138,0.3143518269062042,-0.12141204625368118,-0.4722903370857239,-0.11807258427143097,0.3177180886268616,0.0794295221567154,-0.4315071403980255,-0.10787678509950638,0.08239002525806427,-0.07940249145030975,-0.4766424894332886,-0.21916061639785767,-0.05565648525953293,-0.013914121314883232,0.06266474723815918,0.21566618978977203,-0.8217048645019531,-0.20542621612548828,0.42189404368400574,0.10547351092100143
-0.5135005712509155,-0.2283751368522644,0.07846784591674805,0.01961696147918701,0.18717581033706665,0.04679395258426666,2.20386004447937,0.8509650230407715,-0.7626270055770874,-0.3906567692756653,-0.34692105650901794,-0.08673026412725449,-1.6000982522964478,-0.5000245571136475,-0.20524446666240692,-0.05131111666560173,0.13866540789604187,0.03466635197401047,2.5094828605651855,0.9273707270622253,2.3905081748962402,0.397627055644989,-0.8356122970581055,-0.20890307426452637,-0.08160649240016937,-0.020401623100042343,0.0003698207437992096,9.24551859498024e-05,-0.39320456981658936,-0.09830114245414734,-0.11708198487758636,-0.02927049621939659,0.11446014046669006,0.12861503660678864,-0.5385721921920776,-0.03464304655790329,-0.4460819363594055,-0.11152048408985138,0.3143518269062042,-0.12141204625368118,-0.4722903370857239,-0.11807258427143097,0.3177180886268616,0.0794295221567154,-0.4315071403980255,-0.10787678509950638,0.08239002525806427,-0.07940249145030975,-0.4766424894332886,-0.21916061639785767,-0.05565648525953293,-0.013914121314883232,0.06266474723815918,0.21566618978977203,-0.8217048645019531,-0.20542621612548828,0.42189404368400574,0.10547351092100143
-0.5135005712509155,-0.2283751368522644,0.07846784591674805,0.01961696147918701,0.18717581033706665,0.04679395258426666,2.20386004447937,0.8509650230407715,-0.7626270055770874,-0.3906567692756653,-0.34692105650901794,-0.08673026412725449,-1.6000982522964478,-0.5000245571136475,-0.20524446666240692,-0.05131111666560173,0.13866540789604187,0.03466635197401047,2.5094828605651855,0.9273707270622253,2.3905081748962402,0.397627055644989,-0.8356122970581055,-0.20890307426452637,-0.08160649240016937,-0.020401623100042343,0.0003698207437992096,9.24551859498024e-05,-0.39320456981658936,-0.09830114245414734,-0.11708198487758636,-0.02927049621939659,0.11446014046669006,0.12861503660678864,-0.5385721921920776,-0.03464304655790329,-0.4460819363594055,-0.11152048408985138,0.3143518269062042,-0.12141204625368118,-0.4722903370857239,-0.11807258427143097,0.3177180886268616,0.0794295221567154,-0.4315071403980255,-0.10787678509950638,0.08239002525806427,-0.07940249145030975,-0.4766424894332886,-0.21916061639785767,-0.05565648525953293,-0.013914121314883232,0.06266474723815918,0.21566618978977203,-0.8217048645019531,-0.20542621612548828,0.42189404368400574,0.10547351092100143
-0.5135005712509155,-0.2283751368522644,0.07846784591674805,0.01961696147918701,0.18717581033706665,0.04679395258426666,2.20386004447937,0.8509650230407715,-0.7626270055770874,-0.3906567692756653,-0.34692105650901794,-0.08673026412725449,-1.6000982522964478,-0.5000245571136475,-0.20524446666240692,-0.05131111666560173,0.13866540789604187,0.03466635197401047,2.5094828605651855,0.9273707270622253,2.3905081748962402,0.397627055644989,-0.8356122970581055,-0.20890307426452637,-0.08160649240016937,-0.020401623100042343,0.0003698207437992096,9.24551859498024e-05,-0.39320456981658936,-0.09830114245414734,-0.11708198487758636,-0.02927049621939659,0.11446014046669006,0.12861503660678864,-0.5385721921920776,-0.03464304655790329,-0.4460819363594055,-0.11152048408985138,0.3143518269062042,-0.12141204625368118,-0.4722903370857239,-0.11807258427143097,0.3177180886268616,0.0794295221567154,-0.4315071403980255,-0.10787678509950638,0.08239002525806427,-0.07940249145030975,-0.4766424894332886,-0.21916061639785767,-0.05565648525953293,-0.013914121314883232,0.06266474723815918,0.21566618978977203,-0.8217048645019531,-0.20542621612548828,0.42189404368400574,0.10547351092100143
-0.5135005712509155,-0.2283751368522644,0.07846784591674805,0.01961696147918701,0.18717581033706665,0.04679395258426666,2.20386004447937,0.8509650230407715,-0.7626270055770874,-0.3906567692756653,-0.34692105650901794,-0.08673026412725449,-1.6000982522964478,-0.5000245571136475,-0.20524446666240692,-0.05131111666560173,0.13866540789604187,0.03466635197401047,2.5094828605651855,0.9273707270622253,2.3905081748962402,0.397627055644989,-0.8356122970581055,-0.20890307426452637,-0.08160649240016937,-0.020401623100042343,0.0003698207437992096,9.24551859498024e-05,-0.39320456981658936,-0.09830114245414734,-0.11708198487758636,-0.02927049621939659,0.11446014046669006,0.12861503660678864,-0.5385721921920776,-0.03464304655790329,-0.4460819363594055,-0.11152048408985138,0.3143518269062042,-0.12141204625368118,-0.4722903370857239,-0.11807258427143097,0.3177180886268616,0.0794295221567154,-0.4315071403980255,-0.10787678509950638,0.08239002525806427,-0.07940249145030975,-0.4766424894332886,-0.21916061639785767,-0.05565648525953293,-0.013914121314883232,0.06266474723815918,0.21566618978977203,-0.8217048645019531,-0.20542621612548828,0.42189404368400574,0.10547351092100143
-0.5135005712509155,-0.2283751368522644,0.07846784591674805,0.01961696147918701,0.18717581033706665,0.04679395258426666,2.20386004447937,0.8509650230407715,-0.7626270055770874,-0.3906567692756653,-0.34692105650901794,-0.08673026412725449,-1.6000982522964478,-0.5000245571136475,-0.20524446666240692,-0.05131111666560173,0.13866540789604187,0.03466635197401047,2.5094828605651855,0.9273707270622253,2.3905081748962402,0.397627055644989,-0.8356122970581055,-0.20890307426452637,-0.08160649240016937,-0.020401623100042343,0.0003698207437992096,9.24551859498024e-05,-0.39320456981658936,-0.09830114245414734,-0.11708198487758636,-0.02927049621939659,0.11446014046669006,0.12861503660678864,-0.5385721921920776,-0.03464304655790329,-0.4460819363594055,-0.11152048408985138,0.3143518269062042,-0.12141204625368118,-0.4722903370857239,-0.11807258427143097,0.3177180886268616,0.0794295221567154,-0.4315071403980255,-0.10787678509950638,0.08239002525806427,-0.07940249145030975,-0.4766424894332886,-0.21916061639785767,-0.05565648525953293,-0.013914121314883232,0.06266474723815918,0.21566618978977203,-0.8217048645019531,-0.20542621612548828,0.42189404368400574,0.10547351092100143
-0.5135005712509155,-0.2283751368522644,0.07846784591674805,0.01961696147918701,0.18717581033706665,0.04679395258426666,2.20386004447937,0.8509650230407715,-0.7626270055770874,-0.3906567692756653,-0.34692105650901794,-0.08673026412725449,-1.6000982522964478,-0.5000245571136475,-0.20524446666240692,-0.05131111666560173,0.13866540789604187,0.03466635197401047,2.5094828605651855,0.9273707270622253,2.3905081748962402,0.397627055644989,-0.8356122970581055,-0.20890307426452637,-0.08160649240016937,-0.020401623100042343,0.0003698207437992096,9.24551859498024e-05,-0.39320456981658936,-0.09830114245414734,-0.11708198487758636,-0.02927049621939659,0.11446014046669006,0.12861503660678864,-0.5385721921920776,-0.03464304655790329,-0.4460819363594055,-0.11152048408985138,0.3143518269062042,-0.12141204625368118,-0.4722903370857239,-0.11807258427143097,0.3177180886268616,0.0794295221567154,-0.4315071403980255,-0.10787678509950638,0.08239002525806427,-0.07940249145030975,-0.4766424894332886,-0.21916061639785767,-0.05565648525953293,-0.013914121314883232,0.06266474723815918,0.21566618978977203,-0.8217048645019531,-0.20542621612548828,0.42189404368400574,0.10547351092100143
-0.5135005712509155,-0.2283751368522644,0.07846784591674805,0.01961696147918701,0.18717581033706665,0.04679395258426666,2.20386004447937,0.8509650230407715,-0.7626270055770874,-0.3906567692756653,-0.34692105650901794,-0.08673026412725449,-1.6000982522964478,-0.5000245571136475,-0.20524446666240692,-0.05131111666560173,0.13866540789604187,0.03466635197401047,2.5094828605651855,0.9273707270622253,2.3905081748962402,0.397627055644989,-0.8356122970581055,-0.20890307426452637,-0.08160649240016937,-0.020401623100042343,0.0003698207437992096,9.24551859498024e-05,-0.39320456981658936,-0.09830114245414734,-0.11708198487758636,-0.02927049621939659,0.11446014046669006,0.12861503660678864,-0.5385721921920776,-0.03464304655790329,-0.4460819363594055,-0.11152048408985138,0.3143518269062042,-0.12141204625368118,-0.4722903370857239,-0.11807258427143097,0.3177180886268616,0.0794295221567154,-0.4315071403980255,-0.10787678509950638,0.08239002525806427,-0.07940249145030975,-0.4766424894332886,-0.21916061639785767,-0.05565648525953293,-0.013914121314883232,0.06266474723815918,0.21566618978977203,-0.8217048645019531,-0.20542621612548828,0.42189404368400574,0.10547351092100143
-0.5135005712509155,-0.2283751368522644,0.07846784591674805,0.01961696147918701,0.18717581033706665,0.04679395258426666,2.20386004447937,0.8509650230407715,-0.7626270055770874,-0.3906567692756653,-0.34692105650901794,-0.08673026412725449,-1.6000982522964478,-0.5000245571136475,-0.20524446666240692,-0.05131111666560173,0.13866540789604187,0.03466635197401047,2.5094828605651855,0.9273707270622253,2.3905081748962402,0.397627055644989,-0.8356122970581055,-0.20890307426452637,-0.08160649240016937,-0.020401623100042343,0.0003698207437992096,9.24551859498024e-05,-0.39320456981658936,-0.09830114245414734,-0.11708198487758636,-0.02927049621939659,0.11446014046669006,0.12861503660678864,-0.5385721921920776,-0.03464304655790329,-0.4460819363594055,-0.11152048408985138,0.3143518269062042,-0.12141204625368118,-0.4722903370857239,-0.11807258427143097,0.3177180886268616,0.0794295221567154,-0.4315071403980255,-0.10787678509950638,0.08239002525806427,-0.07940249145030975,-0.4766424894332886,-0.21916061639785767,-0.05565648525953293,-0.013914121314883232,0.06266474723815918,0.21566618978977203,-0.8217048645019531,-0.20542621612548828,0.42189404368400574,0.10547351092100143
-0.5135005712509155,-0.2283751368522644,0.07846784591674805,0.01961696147918701,0.18717581033706665,0.04679395258426666,2.20386004447937,0.8509650230407715,-0.7626270055770874,-0.3906567692756653,-0.34692105650901794,-0.08673026412725449,-1.6000982522964478,-0.5000245571136475,-0.20524446666240692,-0.05131111666560173,0.13866540789604187,0.03466635197401047,2.5094828605651855,0.9273707270622253,2.3905081748962402,0.397627055644989,-0.8356122970581055,-0.20890307426452637,-0.08160649240016937,-0.020401623100042343,0.0003698207437992096,9.24551859498024e-05,-0.39320456981658936,-0.09830114245414734,-0.11708198487758636,-0.02927049621939659,0.11446014046669006,0.12861503660678864,-0.5385721921920776,-0.03464304655790329,-0.4460819363594055,-0.11152048408985138,0.3143518269062042,-0.12141204625368118,-0.4722903370857239,-0.11807258427143097,0.3177180886268616,0.0794295221567154,-0.4315071403980255,-0.10787678509950638,0.08239002525806427,-0.07940249145030975,-0.4766424894332886,-0.21916061639785767,-0.05565648525953293,-0.013914121314883232,0.06266474723815918,0.21566618978977203,-0.8217048645019531,-0.20542621612548828,0.42189404368400574,0.10547351092100143
-0.5135005712509155,-0.2283751368522644,0.07846784591674805,0.01961696147918701,0.18717581033706665,0.04679395258426666,2.20386004447937,0.8509650230407715,-0.7626270055770874,-0.3906567692756653,-0.34692105650901794,-0.08673026412725449,-1.6000982522964478,-0.5000245571136475,-0.20524446666240692,-0.05131111666560173,0.13866540789604187,0.03466635197401047,2.5094828605651855,0.9273707270622253,2.3905081748962402,0.397627055644989,-0.8356122970581055,-0.20890307426452637,-0.08160649240016937,-0.020401623100042343,0.0003698207437992096,9.24551859498024e-05,-0.39320456981658936,-0.09830114245414734,-0.11708198487758636,-0.02927049621939659,0.11446014046669006,0.12861503660678864,-0.5385721921920776,-0.03464304655790329,-0.4460819363594055,-0.11152048408985138,0.3143518269062042,-0.12141204625368118,-0.4722903370857239,-0.11807258427143097,0.3177180886268616,0.0794295221567154,-0.4315071403980255,-0.10787678509950638,0.08239002525806427,-0.07940249145030975,-0.4766424894332886,-0.21916061639785767,-0.05565648525953293,-0.013914121314883232,0.06266474723815918,0.21566618978977203,-0.8217048645019531,-0.20542621612548828,0.42189404368400574,0.10547351092100143
-0.5135005712509155,-0.2283751368522644,0.07846784591674805,0.01961696147918701,0.18717581033706665,0.04679395258426666,2.20386004447937,0.8509650230407715,-0.7626270055770874,-0.3906567692756653,-0.34692105650901794,-0.08673026412725449,-1.6000982522964478,-0.5000245571136475,-0.20524446666240692,-0.05131111666560173,0.13866540789604187,0.03466635197401047,2.5094828605651855,0.9273707270622253,2.3905081748962402,0.397627055644989,-0.8356122970581055,-0.20890307426452637,-0.08160649240016937,-0.020401623100042343,0.0003698207437992096,9.24551859498024e-05,-0.39320456981658936,-0.09830114245414734,-0.11708198487758636,-0.02927049621939659,0.11446014046669006,0.12861503660678864,-0.5385721921920776,-0.03464304655790329,-0.4460819363594055,-0.11152048408985138,0.3143518269062042,-0.12141204625368118,-0.4722903370857239,-0.11807258427143097,0.3177180886268616,0.0794295221567154,-0.4315071403980255,-0.10787678509950638,0.08239002525806427,-0.07940249145030975,-0.4766424894332886,-0.21916061639785767,-0.05565648525953293,-0.013914121314883232,0.06266474723815918,0.21566618978977203,-0.8217048645019531,-0.20542621612548828,0.42189404368400574,0.10547351092100143
-0.5135005712509155,-0.2283751368522644,0.07846784591674805,0.01961696147918701,0.18717581033706665,0.04679395258426666,2.20386004447937,0.8509650230407715,-0.7626270055770874,-0.3906567692756653,-0.34692105650901794,-0.08673026412725449,-1.6000982522964478,-0.5000245571136475,-0.20524446666240692,-0.05131111666560173,0.13866540789604187,0.03466635197401047,2.5094828605651855,0.9273707270622253,2.3905081748962402,0.397627055644989,-0.8356122970581055,-0.20890307426452637,-0.08160649240016937,-0.020401623100042343,0.0003698207437992096,9.24551859498024e-05,-0.39320456981658936,-0.09830114245414734,-0.11708198487758636,-0.02927049621939659,0.11446014046669006,0.12861503660678864,-0.5385721921920776,-0.03464304655790329,-0.4460819363594055,-0.11152048408985138,0.3143518269062042,-0.12141204625368118,-0.4722903370857239,-0.11807258427143097,0.3177180886268616,0.0794295221567154,-0.4315071403980255,-0.10787678509950638,0.08239002525806427,-0.07940249145030975,-0.4766424894332886,-0.21916061639785767,-0.05565648525953293,-0.013914121314883232,0.06266474723815918,0.21566618978977203,-0.8217048645019531,-0.20542621612548828,0.42189404368400574,0.10547351092100143
-0.5135005712509155,-0.2283751368522644,0.07846784591674805,0.01961696147918701,0.18717581033706665,0.04679395258426666,2.20386004447937,0.8509650230407715,-0.7626270055770874,-0.3906567692756653,-0.34692105650901794,-0.08673026412725449,-1.6000982522964478,-0.5000245571136475,-0.20524446666240692,-0.05131111666560173,0.13866540789604187,0.03466635197401047,2.5094828605651855,0.9273707270622253,2.3905081748962402,0.397627055644989,-0.8356122970581055,-0.20890307426452637,-0.08160649240016937,-0.020401623100042343,0.0003698207437992096,9.24551859498024e-05,-0.39320456981658936,-0.09830114245414734,-0.11708198487758636,-0.02927049621939659,0.11446014046669006,0.12861503660678864,-0.5385721921920776,-0.03464304655790329,-0.4460819363594055,-0.11152048408985138,0.3143518269062042,-0.12141204625368118,-0.4722903370857239,-0.11807258427143097,0.3177180886268616,0.0794295221567154,-0.4315071403980255,-0.10787678509950638,0.08239002525806427,-0.07940249145030975,-0.4766424894332886,-0.21916061639785767,-0.05565648525953293,-0.013914121314883232,0.06266474723815918,0.21566618978977203,-0.8217048645019531,-0.20542621612548828,0.42189404368400574,0.10547351092100143
-0.5135005712509155,-0.2283751368522644,0.07846784591674805,0.01961696147918701,0.18717581033706665,0.04679395258426666,2.20386004447937,0.8509650230407715,-0.7626270055770874,-0.3906567692756653,-0.34692105650901794,-0.08673026412725449,-1.6000982522964478,-0.5000245571136475,-0.20524446666240692,-0.05131111666560173,0.13866540789604187,0.03466635197401047,2.5094828605651855,0.9273707270622253,2.3905081748962402,0.397627055644989,-0.8356122970581055,-0.20890307426452637,-0.08160649240016937,-0.020401623100042343,0.0003698207437992096,9.24551859498024e-05,-0.39320456981658936,-0.09830114245414734,-0.11708198487758636,-0.02927049621939659,0.11446014046669006,0.12861503660678864,-0.5385721921920776,-0.03464304655790329,-0.4460819363594055,-0.11152048408985138,0.3143518269062042,-0.12141204625368118,-0.4722903370857239,-0.11807258427143097,0.3177180886268616,0.0794295221567154,-0.4315071403980255,-0.10787678509950638,0.08239002525806427,-0.07940249145030975,-0.4766424894332886,-0.21916061639785767,-0.05565648525953293,-0.013914121314883232,0.06266474723815918,0.21566618978977203,-0.8217048645019531,-0.20542621612548828,0.42189404368400574,0.10547351092100143
-0.4985032081604004,-0.22462579607963562,0.24225494265556335,0.06056373566389084,0.11602018028497696,0.02900504507124424,2.0656511783599854,0.8164128065109253,-0.46701642870903015,-0.3167541027069092,-0.6872540712356567,-0.17181351780891418,-1.6507136821746826,-0.5126784443855286,-0.3448255658149719,-0.08620639145374298,0.09493854641914368,0.02373463660478592,2.57893705368042,0.9447342753410339,1.7876542806625366,0.24691356718540192,-0.7620096802711487,-0.19050242006778717,0.06526286900043488,0.01631571725010872,-0.026661917567253113,-0.006665479391813278,-0.18003153800964355,-0.04500788450241089,-0.5010289549827576,-0.1252572387456894,0.2780141532421112,0.16950353980064392,0.5796522498130798,0.24491307139396667,-0.2582278847694397,-0.06455697119235992,-0.3576831817626953,-0.2894207835197449,-0.0003842078149318695,-9.605195373296738e-05,-0.35396718978881836,-0.08849179744720459,-0.31776857376098633,-0.07944214344024658,-0.2945953905582428,-0.17364884912967682,0.36276352405548096,-0.00930912047624588,-0.697713315486908,-0.174428328871727,-0.10063587129116058,0.1748410314321518,-0.8048846125602722,-0.20122115314006805,-0.3765273690223694,-0.09413184225559235
-0.4985032081604004,-0.22462579607963562,0.24225494265556335,0.06056373566389084,0.11602018028497696,0.02900504507124424,2.0656511783599854,0.8164128065109253,-0.46701642870903015,-0.3167541027069092,-0.6872540712356567,-0.17181351780891418,-1.6507136821746826,-0.5126784443855286,-0.3448255658149719,-0.08620639145374298,0.09493854641914368,0.02373463660478592,2.57893705368042,0.9447342753410339,1.7876542806625366,0.24691356718540192,-0.7620096802711487,-0.19050242006778717,0.06526286900043488,0.01631571725010872,-0.026661917567253113,-0.006665479391813278,-0.18003153800964355,-0.04500788450241089,-0.5010289549827576,-0.1252572387456894,0.2780141532421112,0.16950353980064392,0.5796522498130798,0.24491307139396667,-0.2582278847694397,-0.06455697119235992,-0.3576831817626953,-0.2894207835197449,-0.0003842078149318695,-9.605195373296738e-05,-0.35396718978881836,-0.08849179744720459,-0.31776857376098633,-0.07944214344024658,-0.2945953905582428,-0.17364884912967682,0.36276352405548096,-0.00930912047624588,-0.697713315486908,-0.174428328871727,-0.10063587129116058,0.1748410314321518,-0.8048846125602722,-0.20122115314006805,-0.3765273690223694,-0.09413184225559235
-0.4985032081604004,-0.22462579607963562,0.24225494265556335,0.06056373566389084,0.11602018028497696,0.02900504507124424,2.0656511783599854,0.8164128065109253,-0.46701642870903015,-0.3167541027069092,-0.6872540712356567,-0.17181351780891418,-1.6507136821746826,-0.5126784443855286,-0.3448255658149719,-0.08620639145374298,0.09493854641914368,0.02373463660478592,2.57893705368042,0.9447342753410339,1.7876542806625366,0.24691356718540192,-0.7620096802711487,-0.19050242006778717,0.06526286900043488,0.01631571725010872,-0.026661917567253113,-0.006665479391813278,-0.18003153800964355,-0.04500788450241089,-0.5010289549827576,-0.1252572387456894,0.2780141532421112,0.16950353980064392,0.5796522498130798,0.24491307139396667,-0.2582278847694397,-0.06455697119235992,-0.3576831817626953,-0.2894207835197449,-0.0003842078149318695,-9.605195373296738e-05,-0.35396718978881836,-0.08849179744720459,-0.31776857376098633,-0.07944214344024658,-0.2945953905582428,-0.17364884912967682,0.36276352405548096,-0.00930912047624588,-0.697713315486908,-0.174428328871727,-0.10063587129116058,0.1748410314321518,-0.8048846125602722,-0.20122115314006805,-0.3765273690223694,-0.09413184225559235
-0.4985032081604004,-0.22462579607963562,0.24225494265556335,0.06056373566389084,0.11602018028497696,0.02900504507124424,2.0656511783599854,0.8164128065109253,-0.46701642870903015,-0.3167541027069092,-0.6872540712356567,-0.17181351780891418,-1.6507136821746826,-0.5126784443855286,-0.3448255658149719,-0.08620639145374298,0.09493854641914368,0.02373463660478592,2.57893705368042,0.9447342753410339,1.7876542806625366,0.24691356718540192,-0.7620096802711487,-0.19050242006778717,0.06526286900043488,0.01631571725010872,-0.026661917567253113,-0.006665479391813278,-0.18003153800964355,-0.04500788450241089,-0.5010289549827576,-0.1252572387456894,0.2780141532421112,0.16950353980064392,0.5796522498130798,0.24491307139396667,-0.2582278847694397,-0.06455697119235992,-0.3576831817626953,-0.2894207835197449,-0.0003842078149318695,-9.605195373296738e-05,-0.35396718978881836,-0.08849179744720459,-0.31776857376098633,-0.07944214344024658,-0.2945953905582428,-0.17364884912967682,0.36276352405548096,-0.00930912047624588,-0.697713315486908,-0.174428328871727,-0.10063587129116058,0.1748410314321518,-0.8048846125602722,-0.20122115314006805,-0.3765273690223694,-0.09413184225559235
-0.4985032081604004,-0.22462579607963562,0.24225494265556335,0.06056373566389084,0.11602018028497696,0.02900504507124424,2.0656511783599854,0.8164128065109253,-0.46701642870903015,-0.3167541027069092,-0.6872540712356567,-0.17181351780891418,-1.6507136821746826,-0.5126784443855286,-0.3448255658149719,-0.08620639145374298,0.09493854641914368,0.02373463660478592,2.57893705368042,0.9447342753410339,1.7876542806625366,0.24691356718540192,-0.7620096802711487,-0.19050242006778717,0.06526286900043488,0.01631571725010872,-0.026661917567253113,-0.006665479391813278,-0.18003153800964355,-0.04500788450241089,-0.5010289549827576,-0.1252572387456894,0.2780141532421112,0.16950353980064392,0.5796522498130798,0.24491307139396667,-0.2582278847694397,-0.06455697119235992,-0.3576831817626953,-0.2894207835197449,-0.0003842078149318695,-9.605195373296738e-05,-0.35396718978881836,-0.08849179744720459,-0.31776857376098633,-0.07944214344024658,-0.2945953905582428,-0.17364884912967682,0.36276352405548096,-0.00930912047624588,-0.697713315486908,-0.174428328871727,-0.10063587129116058,0.1748410314321518,-0.8048846125602722,-0.20122115314006805,-0.3765273690223694,-0.09413184225559235
-0.4985032081604004,-0.22462579607963562,0.24225494265556335,0.06056373566389084,0.11602018028497696,0.02900504507124424,2.0656511783599854,0.8164128065109253,-0.46701642870903015,-0.3167541027069092,-0.6872540712356567,-0.17181351780891418,-1.6507136821746826,-0.5126784443855286,-0.3448255658149719,-0.08620639145374298,0.09493854641914368,0.02373463660478592,2.57893705368042,0.9447342753410339,1.7876542806625366,0.24691356718540192,-0.7620096802711487,-0.19050242006778717,0.06526286900043488,0.01631571725010872,-0.026661917567253113,-0.006665479391813278,-0.18003153800964355,-0.04500788450241089,-0.5010289549827576,-0.1252572387456894,0.2780141532421112,0.16950353980064392,0.5796522498130798,0.24491307139396667,-0.2582278847694397,-0.06455697119235992,-0.3576831817626953,-0.2894207835197449,-0.0003842078149318695,-9.605195373296738e-05,-0.35396718978881836,-0.08849179744720459,-0.31776857376098633,-0.07944214344024658,-0.2945953905582428,-0.17364884912967682,0.36276352405548096,-0.00930912047624588,-0.697713315486908,-0.174428328871727,-0.10063587129116058,0.1748410314321518,-0.8048846125602722,-0.20122115314006805,-0.3765273690223694,-0.09413184225559235
-0.4985032081604004,-0.22462579607963562,0.24225494265556335,0.06056373566389084,0.11602018028497696,0.02900504507124424,2.0656511783599854,0.8164128065109253,-0.46701642870903015,-0.3167541027069092,-0.6872540712356567,-0.17181351780891418,-1.6507136821746826,-0.5126784443855286,-0.3448255658149719,-0.08620639145374298,0.09493854641914368,0.02373463660478592,2.57893705368042,0.9447342753410339,1.7876542806625366,0.24691356718540192,-0.7620096802711487,-0.19050242006778717,0.06526286900043488,0.01631571725010872,-0.026661917567253113,-0.006665479391813278,-0.18003153800964355,-0.04500788450241089,-0.5010289549827576,-0.1252572387456894,0.2780141532421112,0.16950353980064392,0.5796522498130798,0.24491307139396667,-0.2582278847694397,-0.06455697119235992,-0.3576831817626953,-0.2894207835197449,-0.0003842078149318695,-9.605195373296738e-05,-0.35396718978881836,-0.08849179744720459,-0.31776857376098633,-0.07944214344024658,-0.2945953905582428,-0.17364884912967682,0.36276352405548096,-0.00930912047624588,-0.697713315486908,-0.174428328871727,-0.10063587129116058,0.1748410314321518,-0.8048846125602722,-0.20122115314006805,-0.3765273690223694,-0.09413184225559235
-0.4985032081604004,-0.22462579607963562,0.24225494265556335,0.06056373566389084,0.11602018028497696,0.02900504507124424,2.0656511783599854,0.8164128065109253,-0.46701642870903015,-0.3167541027069092,-0.6872540712356567,-0.17181351780891418,-1.6507136821746826,-0.5126784443855286,-0.3448255658149719,-0.08620639145374298,0.09493854641914368,0.02373463660478592,2.57893705368042,0.9447342753410339,1.7876542806625366,0.24691356718540192,-0.7620096802711487,-0.19050242006778717,0.06526286900043488,0.01631571725010872,-0.026661917567253113,-0.006665479391813278,-0.18003153800964355,-0.04500788450241089,-0.5010289549827576,-0.1252572387456894,0.2780141532421112,0.16950353980064392,0.5796522498130798,0.24491307139396667,-0.2582278847694397,-0.06455697119235992,-0.3576831817626953,-0.2894207835197449,-0.0003842078149318695,-9.605195373296738e-05,-0.35396718978881836,-0.08849179744720459,-0.31776857376098633,-0.07944214344024658,-0.2945953905582428,-0.17364884912967682,0.36276352405548096,-0.00930912047624588,-0.697713315486908,-0.174428328871727,-0.10063587129116058,0.1748410314321518,-0.8048846125602722,-0.20122115314006805,-0.3765273690223694,-0.09413184225559235
-0.4985032081604004,-0.22462579607963562,0.24225494265556335,0.06056373566389084,0.11602018028497696,0.02900504507124424,2.0656511783599854,0.8164128065109253,-0.46701642870903015,-0.3167541027069092,-0.6872540712356567,-0.17181351780891418,-1.6507136821746826,-0.5126784443855286,-0.3448255658149719,-0.08620639145374298,0.09493854641914368,0.02373463660478592,2.57893705368042,0.9447342753410339,1.7876542806625366,0.24691356718540192,-0.7620096802711487,-0.19050242006778717,0.06526286900043488,0.01631571725010872,-0.026661917567253113,-0.006665479391813278,-0.18003153800964355,-0.04500788450241089,-0.5010289549827576,-0.1252572387456894,0.2780141532421112,0.16950353980064392,0.5796522498130798,0.24491307139396667,-0.2582278847694397,-0.06455697119235992,-0.3576831817626953,-0.2894207835197449,-0.0003842078149318695,-9.605195373296738e-05,-0.35396718978881836,-0.08849179744720459,-0.31776857376098633,-0.07944214344024658,-0.2945953905582428,-0.17364884912967682,0.36276352405548096,-0.00930912047624588,-0.697713315486908,-0.174428328871727,-0.10063587129116058,0.1748410314321518,-0.8048846125602722,-0.20122115314006805,-0.3765273690223694,-0.09413184225559235
-0.4985032081604004,-0.22462579607963562,0.24225494265556335,0.06056373566389084,0.11602018028497696,0.02900504507124424,2.0656511783599854,0.8164128065109253,-0.46701642870903015,-0.3167541027069092,-0.6872540712356567,-0.17181351780891418,-1.6507136821746826,-0.5126784443855286,-0.3448255658149719,-0.08620639145374298,0.09493854641914368,0.02373463660478592,2.57893705368042,0.9447342753410339,1.7876542806625366,0.24691356718540192,-0.7620096802711487,-0.19050242006778717,0.06526286900043488,0.01631571725010872,-0.026661917567253113,-0.006665479391813278,-0.18003153800964355,-0.04500788450241089,-0.5010289549827576,-0.1252572387456894,0.2780141532421112,0.16950353980064392,0.5796522498130798,0.24491307139396667,-0.2582278847694397,-0.06455697119235992,-0.3576831817626953,-0.2894207835197449,-0.0003842078149318695,-9.605195373296738e-05,-0.35396718978881836,-0.08849179744720459,-0.31776857376098633,-0.07944214344024658,-0.2945953905582428,-0.17364884912967682,0.36276352405548096,-0.00930912047624588,-0.697713315486908,-0.174428328871727,-0.10063587129116058,0.1748410314321518,-0.8048846125602722,-0.20122115314006805,-0.3765273690223694,-0.09413184225559235
-0.4985032081604004,-0.22462579607963562,0.24225494265556335,0.06056373566389084,0.11602018028497696,0.02900504507124424,2.0656511783599854,0.8164128065109253,-0.46701642870903015,-0.3167541027069092,-0.6872540712356567,-0.17181351780891418,-1.6507136821746826,-0.5126784443855286,-0.3448255658149719,-0.08620639145374298,0.09493854641914368,0.02373463660478592,2.57893705368042,0.9447342753410339,1.7876542806625366,0.24691356718540192,-0.7620096802711487,-0.19050242006778717,0.06526286900043488,0.01631571725010872,-0.026661917567253113,-0.006665479391813278,-0.18003153800964355,-0.04500788450241089,-0.5010289549827576,-0.1252572387456894,0.2780141532421112,0.16950353980064392,0.5796522498130798,0.24491307139396667,-0.2582278847694397,-0.06455697119235992,-0.3576831817626953,-0.2894207835197449,-0.0003842078149318695,-9.605195373296738e-05,-0.35396718978881836,-0.08849179744720459,-0.31776857376098633,-0.07944214344024658,-0.2945953905582428,-0.17364884912967682,0.36276352405548096,-0.00930912047624588,-0.697713315486908,-0.174428328871727,-0.10063587129116058,0.1748410314321518,-0.8048846125602722,-0.20122115314006805,-0.3765273690223694,-0.09413184225559235
-0.4985032081604004,-0.22462579607963562,0.24225494265556335,0.06056373566389084,0.11602018028497696,0.02900504507124424,2.0656511783599854,0.8164128065109253,-0.46701642870903015,-0.3167541027069092,-0.6872540712356567,-0.17181351780891418,-1.6507136821746826,-0.5126784443855286,-0.3448255658149719,-0.08620639145374298,0.09493854641914368,0.02373463660478592,2.57893705368042,0.9447342753410339,1.7876542806625366,0.24691356718540192,-0.7620096802711487,-0.19050242006778717,0.06526286900043488,0.01631571725010872,-0.026661917567253113,-0.006665479391813278,-0.18003153800964355,-0.04500788450241089,-0.5010289549827576,-0.1252572387456894,0.2780141532421112,0.16950353980064392,0.5796522498130798,0.24491307139396667,-0.2582278847694397,-0.06455697119235992,-0.3576831817626953,-0.2894207835197449,-0.0003842078149318695,-9.605195373296738e-05,-0.35396718978881836,-0.08849179744720459,-0.31776857376098633,-0.07944214344024658,-0.2945953905582428,-0.17364884912967682,0.36276352405548096,-0.00930912047624588,-0.697713315486908,-0.174428328871727,-0.10063587129116058,0.1748410314321518,-0.8048846125602722,-0.20122115314006805,-0.3765273690223694,-0.09413184225559235
-0.4985032081604004,-0.22462579607963562,0.24225494265556335,0.06056373566389084,0.11602018028497696,0.02900504507124424,2.0656511783599854,0.8164128065109253,-0.46701642870903015,-0.3167541027069092,-0.6872540712356567,-0.17181351780891418,-1.6507136821746826,-0.5126784443855286,-0.3448255658149719,-0.08620639145374298,0.09493854641914368,0.02373463660478592,2.57893705368042,0.9447342753410339,1.7876542806625366,0.24691356718540192,-0.7620096802711487,-0.19050242006778717,0.06526286900043488,0.01631571725010872,-0.026661917567253113,-0.006665479391813278,-0.18003153800964355,-0.04500788450241089,-0.5010289549827576,-0.1252572387456894,0.2780141532421112,0.16950353980064392,0.5796522498130798,0.24491307139396667,-0.2582278847694397,-0.06455697119235992,-0.3576831817626953,-0.2894207835197449,-0.0003842078149318695,-9.605195373296738e-05,-0.35396718978881836,-0.08849179744720459,-0.31776857376098633,-0.07944214344024658,-0.2945953905582428,-0.17364884912967682,0.36276352405548096,-0.00930912047624588,-0.697713315486908,-0.174428328871727,-0.10063587129116058,0.1748410314321518,-0.8048846125602722,-0.20122115314006805,-0.3765273690223694,-0.09413184225559235
-0.4985032081604004,-0.22462579607963562,0.24225494265556335,0.06056373566389084,0.11602018028497696,0.02900504507124424,2.0656511783599854,0.8164128065109253,-0.46701642870903015,-0.3167541027069092,-0.6872540712356567,-0.17181351780891418,-1.6507136821746826,-0.5126784443855286,-0.3448255658149719,-0.08620639145374298,0.09493854641914368,0.02373463660478592,2.57893705368042,0.9447342753410339,1.7876542806625366,0.24691356718540192,-0.7620096802711487,-0.19050242006778717,0.06526286900043488,0.01631571725010872,-0.026661917567253113,-0.006665479391813278,-0.18003153800964355,-0.04500788450241089,-0.5010289549827576,-0.1252572387456894,0.2780141532421112,0.16950353980064392,0.5796522498130798,0.24491307139396667,-0.2582278847694397,-0.06455697119235992,-0.3576831817626953,-0.2894207835197449,-0.0003842078149318695,-9.605195373296738e-05,-0.35396718978881836,-0.08849179744720459,-0.31776857376098633,-0.07944214344024658,-0.2945953905582428,-0.17364884912967682,0.36276352405548096,-0.00930912047624588,-0.697713315486908,-0.174428328871727,-0.10063587129116058,0.1748410314321518,-0.8048846125602722,-0.20122115314006805,-0.3765273690223694,-0.09413184225559235
-0.4985032081604004,-0.22462579607963562,0.24225494265556335,0.06056373566389084,0.11602018028497696,0.02900504507124424,2.0656511783599854,0.8164128065109253,-0.46701642870903015,-0.3167541027069092,-0.6872540712356567,-0.17181351780891418,-1.6507136821746826,-0.5126784443855286,-0.3448255658149719,-0.08620639145374298,0.09493854641914368,0.02373463660478592,2.57893705368042,0.9447342753410339,1.7876542806625366,0.24691356718540192,-0.7620096802711487,-0.19050242006778717,0.06526286900043488,0.01631571725010872,-0.026661917567253113,-0.006665479391813278,-0.18003153800964355,-0.04500788450241089,-0.5010289549827576,-0.1252572387456894,0.2780141532421112,0.16950353980064392,0.5796522498130798,0.24491307139396667,-0.2582278847694397,-0.06455697119235992,-0.3576831817626953,-0.2894207835197449,-0.0003842078149318695,-9.605195373296738e-05,-0.35396718978881836,-0.08849179744720459,-0.31776857376098633,-0.07944214344024658,-0.2945953905582428,-0.17364884912967682,0.36276352405548096,-0.00930912047624588,-0.697713315486908,-0.174428328871727,-0.10063587129116058,0.1748410314321518,-0.8048846125602722,-0.20122115314006805,-0.3765273690223694,-0.09413184225559235
-0.4985032081604004,-0.22462579607963562,0.24225494265556335,0.06056373566389084,0.11602018028497696,0.02900504507124424,2.0656511783599854,0.8164128065109253,-0.46701642870903015,-0.3167541027069092,-0.6872540712356567,-0.17181351780891418,-1.6507136821746826,-0.5126784443855286,-0.3448255658149719,-0.08620639145374298,0.09493854641914368,0.02373463660478592,2.57893705368042,0.9447342753410339,1.7876542806625366,0.24691356718540192,-0.7620096802711487,-0.19050242006778717,0.06526286900043488,0.01631571725010872,-0.026661917567253113,-0.006665479391813278,-0.18003153800964355,-0.04500788450241089,-0.5010289549827576,-0.1252572387456894,0.2780141532421112,0.16950353980064392,0.5796522498130798,0.24491307139396667,-0.2582278847694397,-0.06455697119235992,-0.3576831817626953,-0.2894207835197449,-0.0003842078149318695,-9.605195373296738e-05,-0.35396718978881836,-0.08849179744720459,-0.31776857376098633,-0.07944214344024658,-0.2945953905582428,-0.17364884912967682,0.36276352405548096,-0.00930912047624588,-0.697713315486908,-0.174428328871727,-0.10063587129116058,0.1748410314321518,-0.8048846125602722,-0.20122115314006805,-0.3765273690223694,-0.09413184225559235
-0.4985032081604004,-0.22462579607963562,0.24225494265556335,0.06056373566389084,0.11602018028497696,0.02900504507124424,2.0656511783599854,0.8164128065109253,-0.46701642870903015,-0.3167541027069092,-0.6872540712356567,-0.17181351780891418,-1.6507136821746826,-0.5126784443855286,-0.3448255658149719,-0.08620639145374298,0.09493854641914368,0.02373463660478592,2.57893705368042,0.9447342753410339,1.7876542806625366,0.24691356718540192,-0.7620096802711487,-0.19050242006778717,0.06526286900043488,0.01631571725010872,-0.026661917567253113,-0.006665479391813278,-0.18003153800964355,-0.04500788450241089,-0.5010289549827576,-0.1252572387456894,0.2780141532421112,0.16950353980064392,0.5796522498130798,0.24491307139396667,-0.2582278847694397,-0.06455697119235992,-0.3576831817626953,-0.2894207835197449,-0.0003842078149318695,-9.605195373296738e-05,-0.35396718978881836,-0.08849179744720459,-0.31776857376098633,-0.07944214344024658,-0.2945953905582428,-0.17364884912967682,0.36276352405548096,-0.00930912047624588,-0.697713315486908,-0.174428328871727,-0.10063587129116058,0.1748410314321518,-0.8048846125602722,-0.20122115314006805,-0.3765273690223694,-0.09413184225559235
