action_0,target_dof_pos_0,action_1,target_dof_pos_1,action_2,target_dof_pos_2,action_3,target_dof_pos_3,action_4,target_dof_pos_4,action_5,target_dof_pos_5,action_6,target_dof_pos_6,action_7,target_dof_pos_7,action_8,target_dof_pos_8,action_9,target_dof_pos_9,action_10,target_dof_pos_10,action_11,target_dof_pos_11,action_12,target_dof_pos_12,action_13,target_dof_pos_13,action_14,target_dof_pos_14,action_15,target_dof_pos_15,action_16,target_dof_pos_16,action_17,target_dof_pos_17,action_18,target_dof_pos_18,action_19,target_dof_pos_19,action_20,target_dof_pos_20,action_21,target_dof_pos_21,action_22,target_dof_pos_22,action_23,target_dof_pos_23,action_24,target_dof_pos_24,action_25,target_dof_pos_25,action_26,target_dof_pos_26,action_27,target_dof_pos_27,action_28,target_dof_pos_28
0.4577019214630127,0.11442548036575317,1.1042671203613281,0.27606678009033203,-0.5118701457977295,-0.12796753644943237,1.9521631002426147,0.4880407750606537,0.8213527202606201,0.20533818006515503,0.6806033253669739,0.17015083134174347,-0.48113101720809937,-0.12028275430202484,-0.31030285358428955,-0.07757571339607239,-0.21613767743110657,-0.05403441935777664,2.240684747695923,0.5601711869239807,-2.0313432216644287,-0.5078358054161072,-0.07121933996677399,-0.017804834991693497,0.4237363636493683,0.10593409091234207,0.21518480777740479,0.053796201944351196,-1.3831264972686768,-0.3457816243171692,-1.3976367712020874,-0.34940919280052185,-8.615850448608398,-2.1539626121520996,0.009956613183021545,0.0024891532957553864,-3.5097525119781494,-0.8774381279945374,1.8716728687286377,0.4679182171821594,-6.285078525543213,-1.5712696313858032,-4.970540523529053,-1.2426351308822632,0.9117099642753601,0.22792749106884003,9.464855194091797,2.366213798522949,1.1716047525405884,0.2929011881351471,-2.894883632659912,-0.723720908164978,-1.7759780883789062,-0.44399452209472656,-3.8891854286193848,-0.9722963571548462,5.749394416809082,1.4373486042022705
-0.21654991805553436,-0.05413747951388359,0.9729291796684265,0.24323229491710663,-0.5733232498168945,-0.14333081245422363,1.2568362951278687,0.31420907378196716,0.48405948281288147,0.12101487070322037,0.9970272183418274,0.24925680458545685,-0.9398288130760193,-0.23495720326900482,0.1664106547832489,0.041602663695812225,-0.13069069385528564,-0.03267267346382141,2.8725063800811768,0.7181265950202942,-2.227557420730591,-0.5568893551826477,-0.5552231669425964,-0.1388057917356491,0.3911314308643341,0.09778285771608353,0.2100711464881897,0.052517786622047424,-0.6330316066741943,-0.15825790166854858,-1.296439290046692,-0.324109822511673,-9.117290496826172,-2.279322624206543,-3.952296495437622,-0.9880741238594055,-1.6384938955307007,-0.40962347388267517,-1.2204041481018066,-0.30510103702545166,-8.126731872558594,-2.0316829681396484,-2.2147586345672607,-0.5536896586418152,-2.4790947437286377,-0.6197736859321594,10.259986877441406,2.5649967193603516,3.4056568145751953,0.8514142036437988,-0.3961830735206604,-0.0990457683801651,0.25759363174438477,0.06439840793609619,-5.388262748718262,-1.3470656871795654,4.2547807693481445,1.0636951923370361
0.7190061807632446,0.17975154519081116,1.3230022192001343,0.33075055480003357,-0.8658270239830017,-0.21645675599575043,1.7157435417175293,0.4289358854293823,1.328133225440979,0.33203330636024475,1.7350332736968994,0.43375831842422485,-1.5014621019363403,-0.3753655254840851,0.0524587482213974,0.01311468705534935,-0.18408532440662384,-0.04602133110165596,2.7443246841430664,0.6860811710357666,-2.4265758991241455,-0.6066439747810364,-1.5721044540405273,-0.39302611351013184,0.22708889842033386,0.056772224605083466,-0.30169907212257385,-0.07542476803064346,-1.0656712055206299,-0.26641780138015747,0.13383343815803528,0.03345835953950882,-8.90673542022705,-2.2266838550567627,-0.10683885216712952,-0.02670971304178238,-0.4981038570404053,-0.12452596426010132,1.5164176225662231,0.3791044056415558,-5.694709300994873,-1.4236773252487183,-5.564733505249023,-1.3911833763122559,-0.4460584819316864,-0.1115146204829216,8.79633903503418,2.199084758758545,-0.15928053855895996,-0.03982013463973999,-0.5770133137702942,-0.14425332844257355,-0.4312538504600525,-0.10781346261501312,1.0047162771224976,0.2511790692806244,6.25423526763916,1.56355881690979
-0.6633121967315674,-0.16582804918289185,0.568165123462677,0.14204128086566925,-0.43241173028945923,-0.10810293257236481,1.5546633005142212,0.3886658251285553,1.0606058835983276,0.2651514708995819,1.7403281927108765,0.4350820481777191,-1.9642314910888672,-0.4910578727722168,0.13720890879631042,0.034302227199077606,-0.0685698613524437,-0.017142465338110924,3.0077357292175293,0.7519339323043823,-2.006662368774414,-0.5016655921936035,-0.8752388954162598,-0.21880972385406494,0.01390538364648819,0.0034763459116220474,-0.05213875696063042,-0.013034689240157604,-0.5765072107315063,-0.1441268026828766,-0.765956699848175,-0.19148917496204376,-8.372747421264648,-2.093186855316162,-1.2875996828079224,-0.3218999207019806,-0.3024884760379791,-0.07562211900949478,-1.8868751525878906,-0.47171878814697266,-2.3860580921173096,-0.5965145230293274,-3.75130033493042,-0.937825083732605,-0.6644690036773682,-0.16611725091934204,9.157779693603516,2.289444923400879,0.9862204194068909,0.24655510485172272,-0.9682562947273254,-0.24206407368183136,0.7581384778022766,0.18953461945056915,-4.636104583740234,-1.1590261459350586,4.960130214691162,1.2400325536727905
-0.5162647366523743,-0.12906618416309357,0.6168001890182495,0.15420004725456238,-0.40235060453414917,-0.10058765113353729,1.9397600889205933,0.4849400222301483,0.11895079910755157,0.029737699776887894,0.9666318297386169,0.24165795743465424,-1.7325643301010132,-0.4331410825252533,-0.106844961643219,-0.02671124041080475,-0.1663881093263626,-0.04159702733159065,2.6462583541870117,0.6615645885467529,-2.1825740337371826,-0.5456435084342957,-0.5575597286224365,-0.13938993215560913,0.10229065269231796,0.02557266317307949,-0.21032994985580444,-0.05258248746395111,-0.3515223264694214,-0.08788058161735535,-0.733677327632904,-0.183419331908226,-8.642190933227539,-2.1605477333068848,-2.611731767654419,-0.6529329419136047,0.2220422327518463,0.05551055818796158,0.41120100021362305,0.10280025005340576,-2.8173811435699463,-0.7043452858924866,-4.780807018280029,-1.1952017545700073,-0.9716038107872009,-0.24290095269680023,8.959660530090332,2.239915132522583,1.4808344841003418,0.37020862102508545,0.034743838012218475,0.008685959503054619,0.7867189645767212,0.1966797411441803,-2.6181516647338867,-0.6545379161834717,4.870285987854004,1.217571496963501
0.1263951063156128,0.0315987765789032,0.4714612662792206,0.11786531656980515,-0.37089961767196655,-0.09272490441799164,2.640522003173828,0.660130500793457,1.4824267625808716,0.3706066906452179,0.9081284403800964,0.2270321100950241,-2.2824978828430176,-0.5706244707107544,0.16198629140853882,0.040496572852134705,-0.22086061537265778,-0.055215153843164444,2.7158000469207764,0.6789500117301941,-1.6023614406585693,-0.40059036016464233,-0.5667637586593628,-0.1416909396648407,0.12550172209739685,0.03137543052434921,0.17490500211715698,0.043726250529289246,-0.49986982345581055,-0.12496745586395264,0.35101786255836487,0.08775446563959122,-9.050139427185059,-2.2625348567962646,0.5869030356407166,0.14672575891017914,0.32358333468437195,0.08089583367109299,-0.6219785809516907,-0.15549464523792267,-1.902514100074768,-0.475628525018692,-5.376996040344238,-1.3442490100860596,0.6778955459594727,0.16947388648986816,8.310310363769531,2.077577590942383,-0.9173756837844849,-0.22934392094612122,-0.1816740185022354,-0.04541850462555885,0.395371675491333,0.09884291887283325,0.17078952491283417,0.04269738122820854,6.421468257904053,1.6053670644760132
-1.257904291152954,-0.3144760727882385,0.4939878284931183,0.12349695712327957,-0.03656516969203949,-0.009141292423009872,2.7936758995056152,0.6984189748764038,2.5761804580688477,0.6440451145172119,-0.02864367514848709,-0.007160918787121773,-2.2280707359313965,-0.5570176839828491,-0.06942658126354218,-0.017356645315885544,-0.006032047793269157,-0.0015080119483172894,1.906275749206543,0.47656893730163574,-1.7089813947677612,-0.4272453486919403,0.29307857155799866,0.07326964288949966,0.1931239664554596,0.0482809916138649,0.531802773475647,0.13295069336891174,-0.0019333362579345703,-0.0004833340644836426,0.027315381914377213,0.006828845478594303,-11.4646577835083,-2.866164445877075,-3.340812921524048,-0.835203230381012,2.1092529296875,0.527313232421875,-2.3035571575164795,-0.5758892893791199,-0.48539990186691284,-0.12134997546672821,-0.894107460975647,-0.22352686524391174,-1.6122562885284424,-0.4030640721321106,10.6829195022583,2.670729875564575,3.49940824508667,0.8748520612716675,1.3878135681152344,0.3469533920288086,1.9878791570663452,0.4969697892665863,-3.4264352321624756,-0.8566088080406189,1.4767706394195557,0.3691926598548889
-1.1408089399337769,-0.2852022349834442,-0.14828933775424957,-0.03707233443856239,-0.20424292981624603,-0.05106073245406151,4.0254411697387695,1.0063602924346924,-2.7715871334075928,-0.6928967833518982,-0.2684330344200134,-0.06710825860500336,-1.5747148990631104,-0.3936787247657776,-0.5653399229049683,-0.14133498072624207,0.4957953691482544,0.1239488422870636,0.5228598117828369,0.13071495294570923,-0.7958803772926331,-0.19897009432315826,0.142378568649292,0.035594642162323,-0.15785741806030273,-0.039464354515075684,-1.227596402168274,-0.3068991005420685,-0.5277925729751587,-0.13194814324378967,-0.2863769233226776,-0.0715942308306694,-13.017062187194824,-3.254265546798706,1.4855730533599854,0.37139326333999634,-0.6690571904182434,-0.16726429760456085,1.3753881454467773,0.34384703636169434,-1.1837090253829956,-0.2959272563457489,-5.116668224334717,-1.2791670560836792,1.7013646364212036,0.4253411591053009,10.533332824707031,2.633333206176758,-1.9162898063659668,-0.4790724515914917,-0.5310907959938049,-0.13277269899845123,-0.768210232257843,-0.19205255806446075,0.13190142810344696,0.03297535702586174,6.6448259353637695,1.6612064838409424
-2.546675443649292,-0.636668860912323,0.033408403396606445,0.008352100849151611,0.6671889424324036,0.1667972356081009,3.737581253051758,0.9343953132629395,-1.957959771156311,-0.48948994278907776,-0.5531178116798401,-0.13827945291996002,-1.3997166156768799,-0.34992915391921997,-0.9104553461074829,-0.22761383652687073,0.24206915497779846,0.060517288744449615,1.0918781757354736,0.2729695439338684,-1.5017433166503906,-0.37543582916259766,1.4690523147583008,0.3672630786895752,0.48205554485321045,0.12051388621330261,0.026984043419361115,0.006746010854840279,-0.08695380389690399,-0.021738450974225998,0.09375674277544022,0.023439185693860054,-10.248929023742676,-2.562232255935669,-3.462198495864868,-0.865549623966217,1.0991746187210083,0.2747936546802521,-3.0989551544189453,-0.7747387886047363,-3.1189754009246826,-0.7797438502311707,-1.312363862991333,-0.32809096574783325,-2.64943265914917,-0.6623581647872925,11.303508758544922,2.8258771896362305,3.4860782623291016,0.8715195655822754,1.3995214700698853,0.3498803675174713,2.763777494430542,0.6909443736076355,-3.136691093444824,-0.784172773361206,0.00613744929432869,0.0015343623235821724
-1.2488534450531006,-0.31221336126327515,-0.32230308651924133,-0.08057577162981033,-0.5863581895828247,-0.14658954739570618,3.707390785217285,0.9268476963043213,-2.741150379180908,-0.685287594795227,0.3370974063873291,0.08427435159683228,-2.0474085807800293,-0.5118521451950073,-0.461366206407547,-0.11534155160188675,0.6859557628631592,0.1714889407157898,1.1982096433639526,0.29955241084098816,-0.08385604619979858,-0.020964011549949646,-0.1447811722755432,-0.0361952930688858,-0.36818522214889526,-0.09204630553722382,-0.9149291515350342,-0.22873228788375854,-0.5391231775283813,-0.13478079438209534,-0.2506459951400757,-0.06266149878501892,-10.145085334777832,-2.536271333694458,1.1269382238388062,0.28173455595970154,-0.7039782404899597,-0.17599456012248993,2.0823473930358887,0.5205868482589722,-1.8578602075576782,-0.46446505188941956,-4.550684928894043,-1.1376712322235107,1.3283029794692993,0.33207574486732483,10.16813850402832,2.54203462600708,-1.608504295349121,-0.4021260738372803,-0.8667344450950623,-0.21668361127376556,-1.060454249382019,-0.26511356234550476,0.057675883173942566,0.014418970793485641,6.259959697723389,1.5649899244308472
-2.824181318283081,-0.7060453295707703,-0.046409837901592255,-0.011602459475398064,0.7111214399337769,0.1777803599834442,4.06292724609375,1.0157318115234375,-1.4157849550247192,-0.3539462387561798,-0.34401029348373413,-0.08600257337093353,-1.0880616903305054,-0.27201542258262634,-0.9452207088470459,-0.23630517721176147,-0.06038755923509598,-0.015096889808773994,1.9731929302215576,0.4932982325553894,0.6988892555236816,0.1747223138809204,0.9928704500198364,0.2482176125049591,0.03972843289375305,0.009932108223438263,-0.04653170704841614,-0.011632926762104034,-0.18122394382953644,-0.04530598595738411,-1.6091926097869873,-0.4022981524467468,-8.50252914428711,-2.1256322860717773,-2.0745604038238525,-0.5186401009559631,0.081817626953125,0.02045440673828125,-2.6617956161499023,-0.6654489040374756,-2.0419812202453613,-0.5104953050613403,-4.1879048347473145,-1.0469762086868286,0.01980605348944664,0.00495151337236166,10.452760696411133,2.613190174102783,1.325325608253479,0.33133140206336975,1.7948830127716064,0.4487207531929016,2.156522750854492,0.539130687713623,-2.461577892303467,-0.6153944730758667,3.321951150894165,0.8304877877235413
-2.2121706008911133,-0.5530426502227783,-0.07825056463479996,-0.01956264115869999,-0.3136134743690491,-0.07840336859226227,3.375948429107666,0.8439871072769165,-1.4101555347442627,-0.3525388836860657,0.014485053718090057,0.0036212634295225143,-1.2493170499801636,-0.3123292624950409,-0.6471133232116699,-0.16177833080291748,0.38767209649086,0.096918024122715,1.826626181602478,0.4566565454006195,1.1467418670654297,0.2866854667663574,1.305483341217041,0.32637083530426025,0.12549936771392822,0.031374841928482056,-0.6622794270515442,-0.16556985676288605,-0.2788122892379761,-0.06970307230949402,-0.3843163251876831,-0.09607908129692078,-9.964628219604492,-2.491157054901123,-1.9845912456512451,-0.4961478114128113,1.088518738746643,0.27212968468666077,0.8230579495429993,0.20576448738574982,-1.2872051000595093,-0.3218012750148773,-2.535193681716919,-0.6337984204292297,-1.775998830795288,-0.443999707698822,10.921286582946777,2.7303216457366943,1.930251955986023,0.48256298899650574,-0.5685045719146729,-0.1421261429786682,-0.03141225874423981,-0.007853064686059952,-0.9094613194465637,-0.22736532986164093,2.70741605758667,0.6768540143966675
-2.2323157787323,-0.558078944683075,-0.5410518646240234,-0.13526296615600586,0.11266092956066132,0.02816523239016533,3.105597972869873,0.7763994932174683,-0.7871699929237366,-0.19679249823093414,-0.4188076853752136,-0.1047019213438034,-0.9037790298461914,-0.22594475746154785,-0.8281413316726685,-0.20703533291816711,0.11144720017910004,0.02786180004477501,2.8273544311523438,0.7068386077880859,3.0218842029571533,0.7554710507392883,1.2536704540252686,0.31341761350631714,-0.0217422042042017,-0.005435551051050425,0.34535738825798035,0.08633934706449509,-0.7157063484191895,-0.17892658710479736,-0.6867231726646423,-0.17168079316616058,-9.170034408569336,-2.292508602142334,1.2159844636917114,0.30399611592292786,-1.1565802097320557,-0.2891450524330139,-1.251922845840454,-0.3129807114601135,-1.3637694120407104,-0.3409423530101776,-3.694002628326416,-0.923500657081604,2.075153112411499,0.5187882781028748,10.523563385009766,2.6308908462524414,-0.7542717456817627,-0.18856793642044067,1.303821086883545,0.32595527172088623,0.630493700504303,0.15762342512607574,-1.8470205068588257,-0.4617551267147064,4.384716987609863,1.0961792469024658
-2.2570950984954834,-0.5642737746238708,0.47915464639663696,0.11978866159915924,-0.2091878056526184,-0.0522969514131546,2.2959227561950684,0.5739806890487671,0.28761163353919983,0.07190290838479996,-0.22914361953735352,-0.05728590488433838,-1.1210445165634155,-0.2802611291408539,-0.5381361246109009,-0.13453403115272522,-0.11477238684892654,-0.028693096712231636,3.549710750579834,0.8874276876449585,3.2299463748931885,0.8074865937232971,2.4204065799713135,0.6051016449928284,-0.2720014452934265,-0.06800036132335663,-1.012657880783081,-0.25316447019577026,-0.17406608164310455,-0.04351652041077614,0.32926684617996216,0.08231671154499054,-11.083998680114746,-2.7709996700286865,-2.1446595191955566,-0.5361648797988892,2.5908026695251465,0.6477006673812866,-2.7404532432556152,-0.6851133108139038,-1.7257903814315796,-0.4314475953578949,-2.984494924545288,-0.746123731136322,-1.1134917736053467,-0.27837294340133667,12.034399032592773,3.0085997581481934,1.3311870098114014,0.33279675245285034,-0.9204933047294617,-0.23012332618236542,1.1029224395751953,0.27573060989379883,-2.094468116760254,-0.5236170291900635,3.0847930908203125,0.7711982727050781
-1.9419760704040527,-0.4854940176010132,0.5190416574478149,0.12976041436195374,-0.5279926061630249,-0.13199815154075623,1.1903254985809326,0.29758137464523315,-0.7510546445846558,-0.18776366114616394,-0.18747004866600037,-0.04686751216650009,-1.3375340700149536,-0.3343835175037384,-0.4896700084209442,-0.12241750210523605,0.03148035705089569,0.007870089262723923,4.121312141418457,1.0303280353546143,-2.9841809272766113,-0.7460452318191528,0.4720979630947113,0.11802449077367783,0.7419867515563965,0.18549668788909912,1.726169466972351,0.43154236674308777,-0.6586202383041382,-0.16465505957603455,-0.9233672022819519,-0.23084180057048798,-12.409608840942383,-3.1024022102355957,-1.299737572669983,-0.3249343931674957,-1.5546913146972656,-0.3886728286743164,0.9683706760406494,0.24209266901016235,-1.7571922540664673,-0.4392980635166168,-4.174285888671875,-1.0435714721679688,0.4873930811882019,0.12184827029705048,12.527835845947266,3.1319589614868164,1.3817429542541504,0.3454357385635376,2.279144525527954,0.5697861313819885,1.0133105516433716,0.2533276379108429,-1.385366678237915,-0.34634166955947876,4.651279449462891,1.1628198623657227
-1.3816704750061035,-0.3454176187515259,0.81666499376297,0.2041662484407425,-0.37427783012390137,-0.09356945753097534,1.7984191179275513,0.4496047794818878,-0.19129572808742523,-0.04782393202185631,0.03491617739200592,0.00872904434800148,-2.592288017272949,-0.6480720043182373,0.8997474908828735,0.22493687272071838,-0.40611332654953003,-0.10152833163738251,4.068055629730225,1.0170139074325562,-2.4998390674591064,-0.6249597668647766,-0.695153534412384,-0.173788383603096,-0.25747957825660706,-0.06436989456415176,-1.0618280172348022,-0.26545700430870056,-0.36823195219039917,-0.09205798804759979,1.6817752122879028,0.4204438030719757,-11.786548614501953,-2.9466371536254883,-0.19185881316661835,-0.04796470329165459,2.089773178100586,0.5224432945251465,-0.22210228443145752,-0.05552557110786438,-1.8324388265609741,-0.45810970664024353,-5.555446624755859,-1.3888616561889648,-0.49016115069389343,-0.12254028767347336,10.553913116455078,2.6384782791137695,-0.7887510061264038,-0.19718775153160095,-1.2837599515914917,-0.3209399878978729,1.2750200033187866,0.31875500082969666,-0.4528841972351074,-0.11322104930877686,4.044920444488525,1.0112301111221313
-2.3470425605773926,-0.5867606401443481,0.9347042441368103,0.23367606103420258,-0.6401066184043884,-0.1600266546010971,0.7741878032684326,0.19354695081710815,-1.6608015298843384,-0.4152003824710846,-0.2155018448829651,-0.05387546122074127,-2.0289931297302246,-0.5072482824325562,-0.1735788881778717,-0.043394722044467926,-0.2060827761888504,-0.0515206940472126,4.155359745025635,1.0388399362564087,-2.6030426025390625,-0.6507606506347656,0.4345381259918213,0.10863453149795532,0.48954153060913086,0.12238538265228271,1.917138934135437,0.47928473353385925,-0.21385128796100616,-0.05346282199025154,-1.658549189567566,-0.4146372973918915,-10.840666770935059,-2.7101666927337646,-1.8502434492111206,-0.46256086230278015,-1.549747347831726,-0.3874368369579315,-1.696363925933838,-0.4240909814834595,-1.1506946086883545,-0.2876736521720886,-2.8226728439331055,-0.7056682109832764,0.4689706265926361,0.11724265664815903,11.508310317993164,2.877077579498291,1.8177440166473389,0.4544360041618347,1.7512940168380737,0.43782350420951843,1.1186904907226562,0.27967262268066406,-3.692389488220215,-0.9230973720550537,3.506248712539673,0.8765621781349182
-1.6133700609207153,-0.40334251523017883,1.4632866382598877,0.3658216595649719,-0.8267806768417358,-0.20669516921043396,1.6910065412521362,0.42275163531303406,-0.28846198320388794,-0.07211549580097198,0.35495367646217346,0.08873841911554337,-2.245969772338867,-0.5614924430847168,-0.11490492522716522,-0.028726231306791306,-0.09206346422433853,-0.023015866056084633,4.260318279266357,1.0650795698165894,-2.278665065765381,-0.5696662664413452,-0.45450711250305176,-0.11362677812576294,0.24104398488998413,0.06026099622249603,0.39022016525268555,0.09755504131317139,-0.6413694620132446,-0.16034236550331116,-0.04097362980246544,-0.01024340745061636,-10.436529159545898,-2.6091322898864746,-1.5480648279190063,-0.3870162069797516,1.2307214736938477,0.3076803684234619,0.3385624289512634,0.08464060723781586,-1.9988828897476196,-0.4997207224369049,-4.384336948394775,-1.0960842370986938,-1.2075433731079102,-0.30188584327697754,10.667407035827637,2.666851758956909,0.8100810050964355,0.2025202512741089,-1.1135567426681519,-0.27838918566703796,1.39646577835083,0.3491164445877075,-0.5691419839859009,-0.14228549599647522,4.696075916290283,1.1740189790725708
-1.3830546140670776,-0.3457636535167694,0.84635329246521,0.2115883231163025,-0.34065693616867065,-0.08516423404216766,1.5216642618179321,0.38041606545448303,-1.3159546852111816,-0.3289886713027954,0.0578499510884285,0.014462487772107124,-2.2192399501800537,-0.5548099875450134,-0.08559010922908783,-0.021397527307271957,-0.11474733799695969,-0.02868683449923992,4.155702114105225,1.0389255285263062,-1.3972883224487305,-0.3493220806121826,0.0585193932056427,0.014629848301410675,0.1410655379295349,0.03526638448238373,-0.4596535563468933,-0.11491338908672333,-0.7110579609870911,-0.17776449024677277,-0.5437929034233093,-0.13594822585582733,-9.59981632232666,-2.399954080581665,0.7716948390007019,0.19292370975017548,-2.0627059936523438,-0.5156764984130859,-1.9820160865783691,-0.4955040216445923,-2.7329885959625244,-0.6832471489906311,-4.497262954711914,-1.1243157386779785,0.21355031430721283,0.05338757857680321,9.221027374267578,2.3052568435668945,0.08612975478172302,0.021532438695430756,0.33872658014297485,0.08468164503574371,0.4052470326423645,0.10131175816059113,-1.2550036907196045,-0.3137509226799011,4.854109287261963,1.2135273218154907
-1.5208256244659424,-0.3802064061164856,0.36101454496383667,0.09025363624095917,-0.265921413898468,-0.066480353474617,1.2927498817443848,0.3231874704360962,-1.067394733428955,-0.26684868335723877,-0.29335829615592957,-0.07333957403898239,-2.38374662399292,-0.59593665599823,0.4536938965320587,0.11342347413301468,-0.45208096504211426,-0.11302024126052856,4.164196968078613,1.0410492420196533,-2.0256571769714355,-0.5064142942428589,0.22099320590496063,0.05524830147624016,-0.06653907895088196,-0.01663476973772049,-0.017521820962429047,-0.004380455240607262,-0.47892552614212036,-0.11973138153553009,-0.9982450008392334,-0.24956125020980835,-10.727469444274902,-2.6818673610687256,-2.380035638809204,-0.595008909702301,1.1686851978302002,0.29217129945755005,-0.3780280351638794,-0.09450700879096985,-1.625788688659668,-0.406447172164917,-3.6142706871032715,-0.9035676717758179,-1.3183830976486206,-0.32959577441215515,9.871158599853516,2.467789649963379,1.0249476432800293,0.2562369108200073,-0.84903883934021,-0.2122597098350525,1.8872419595718384,0.4718104898929596,-1.3922040462493896,-0.3480510115623474,3.5269532203674316,0.8817383050918579
-1.4358928203582764,-0.3589732050895691,1.1694543361663818,0.29236358404159546,-0.6084047555923462,-0.15210118889808655,1.5141571760177612,0.3785392940044403,-0.46204397082328796,-0.11551099270582199,-0.7197614312171936,-0.1799403578042984,-1.9343417882919312,-0.4835854470729828,-0.13378432393074036,-0.03344608098268509,-0.08065604418516159,-0.020164011046290398,3.8851208686828613,0.9712802171707153,-1.137351632118225,-0.2843379080295563,0.16671721637248993,0.04167930409312248,0.17360225319862366,0.043400563299655914,0.26650285720825195,0.06662571430206299,-0.5940330028533936,-0.1485082507133484,-0.09517823904752731,-0.02379455976188183,-9.993575096130371,-2.4983937740325928,-0.830426812171936,-0.207606703042984,-0.2220531702041626,-0.05551329255104065,-1.1377882957458496,-0.2844470739364624,-1.0439602136611938,-0.26099005341529846,-4.405245780944824,-1.101311445236206,0.3050309121608734,0.07625772804021835,9.741467475891113,2.4353668689727783,0.914137601852417,0.22853440046310425,0.49268513917922974,0.12317128479480743,0.09266562759876251,0.023166406899690628,-1.4456849098205566,-0.36142122745513916,4.046873092651367,1.0117182731628418
-1.1082099676132202,-0.27705249190330505,0.6775384545326233,0.16938461363315582,-0.34926068782806396,-0.08731517195701599,1.5518817901611328,0.3879704475402832,-0.03685919567942619,-0.009214798919856548,-0.20039117336273193,-0.05009779334068298,-2.3876068592071533,-0.5969017148017883,0.20683705806732178,0.051709264516830444,-0.21340174973011017,-0.05335043743252754,3.7761924266815186,0.9440481066703796,-1.2316018342971802,-0.30790045857429504,0.11626331508159637,0.029065828770399094,0.02240174263715744,0.00560043565928936,-0.309786856174469,-0.07744671404361725,-0.5541464686393738,-0.13853661715984344,0.7712220549583435,0.19280551373958588,-10.54509162902832,-2.63627290725708,-0.6186721324920654,-0.15466803312301636,0.860663652420044,0.215165913105011,-0.5555071830749512,-0.1388767957687378,-1.6841293573379517,-0.4210323393344879,-4.298750400543213,-1.0746876001358032,-0.7969110608100891,-0.19922776520252228,9.681063652038574,2.4202659130096436,-0.3574789762496948,-0.0893697440624237,-0.9548652768135071,-0.23871631920337677,1.7096621990203857,0.42741554975509644,-0.7140745520591736,-0.1785186380147934,3.7497122287750244,0.9374280571937561
-1.3348865509033203,-0.3337216377258301,0.5283355712890625,0.13208389282226562,-0.12239286303520203,-0.030598215758800507,1.026334285736084,0.256583571434021,-0.9661672115325928,-0.2415418028831482,-1.180780053138733,-0.2951950132846832,-2.2707934379577637,-0.5676983594894409,0.1413588523864746,0.03533971309661865,-0.22905047237873077,-0.057262618094682693,3.6318254470825195,0.9079563617706299,-1.3107450008392334,-0.32768625020980835,0.4086952209472656,0.1021738052368164,0.0011588074266910553,0.0002897018566727638,0.33788347244262695,0.08447086811065674,-0.38828039169311523,-0.09707009792327881,-1.0351507663726807,-0.25878769159317017,-10.170713424682617,-2.5426783561706543,-1.4718188047409058,-0.36795470118522644,-0.4471712112426758,-0.11179280281066895,-1.4191166162490845,-0.3547791540622711,-0.6384884119033813,-0.15962210297584534,-4.205239772796631,-1.0513099431991577,0.3223428726196289,0.08058571815490723,9.860570907592773,2.4651427268981934,1.3950135707855225,0.3487533926963806,1.1292519569396973,0.2823129892349243,0.6144724488258362,0.15361811220645905,-2.100071668624878,-0.5250179171562195,3.30490779876709,0.8262269496917725
-1.177689552307129,-0.2944223880767822,0.7379100322723389,0.18447750806808472,-0.35704994201660156,-0.08926248550415039,1.5144702196121216,0.3786175549030304,-0.2430742233991623,-0.06076855584979057,-0.9077880382537842,-0.22694700956344604,-2.2000861167907715,-0.5500215291976929,0.2760826647281647,0.06902066618204117,-0.32003605365753174,-0.08000901341438293,3.2296576499938965,0.8074144124984741,-1.2651351690292358,-0.31628379225730896,0.3401137888431549,0.08502844721078873,0.13138487935066223,0.03284621983766556,0.06873961538076401,0.017184903845191002,-0.4527239203453064,-0.1131809800863266,0.6047805547714233,0.15119513869285583,-10.336430549621582,-2.5841076374053955,-0.6625643372535706,-0.16564108431339264,1.0687754154205322,0.26719385385513306,0.044667333364486694,0.011166833341121674,-1.71570885181427,-0.4289272129535675,-4.170137405395508,-1.042534351348877,-0.9937593340873718,-0.24843983352184296,10.086660385131836,2.521665096282959,0.22631412744522095,0.05657853186130524,-1.1777064800262451,-0.2944266200065613,0.9673720002174377,0.24184300005435944,0.22483058273792267,0.05620764568448067,3.619131088256836,0.904782772064209
-1.120327353477478,-0.2800818383693695,0.8266007900238037,0.20665019750595093,-0.13035616278648376,-0.03258904069662094,2.282684803009033,0.5706712007522583,-0.20102189481258392,-0.05025547370314598,-1.101340413093567,-0.2753351032733917,-2.379427909851074,-0.5948569774627686,-0.47851091623306274,-0.11962772905826569,0.08768389374017715,0.02192097343504429,2.2506093978881836,0.5626523494720459,-0.9215726852416992,-0.2303931713104248,0.4181193709373474,0.10452984273433685,0.10078943520784378,0.025197358801960945,0.3710656762123108,0.0927664190530777,-0.3364146947860718,-0.08410367369651794,0.21245811879634857,0.05311452969908714,-10.24992561340332,-2.56248140335083,-0.9778622388839722,-0.24446555972099304,-0.2978760600090027,-0.07446901500225067,-1.6273000240325928,-0.4068250060081482,-0.40685874223709106,-0.10171468555927277,-4.064064979553223,-1.0160162448883057,1.196799635887146,0.2991999089717865,10.276829719543457,2.5692074298858643,0.7054158449172974,0.17635396122932434,1.7246915102005005,0.4311728775501251,1.0165802240371704,0.2541450560092926,-2.492480516433716,-0.623120129108429,2.947655439376831,0.7369138598442078
-1.3675243854522705,-0.3418810963630676,0.10159279406070709,0.025398198515176773,-0.06571484357118607,-0.016428710892796516,4.2496466636657715,1.0624116659164429,-2.6439199447631836,-0.6609799861907959,-0.48894965648651123,-0.12223741412162781,-1.9668008089065552,-0.4917002022266388,-1.0602470636367798,-0.26506176590919495,0.46851539611816406,0.11712884902954102,0.8931864500045776,0.2232966125011444,-1.4379476308822632,-0.3594869077205658,0.36649471521377563,0.09162367880344391,-0.10842127352952957,-0.027105318382382393,-1.4361670017242432,-0.3590417504310608,-0.69476318359375,-0.1736907958984375,0.20128196477890015,0.05032049119472504,-10.357817649841309,-2.589454412460327,-0.9260987043380737,-0.23152467608451843,0.9838583469390869,0.24596458673477173,-0.01664191484451294,-0.004160478711128235,-2.4628937244415283,-0.6157234311103821,-4.099123954772949,-1.0247809886932373,-1.493027925491333,-0.37325698137283325,10.10710620880127,2.5267765522003174,0.7737383246421814,0.19343458116054535,-1.5478107929229736,-0.3869526982307434,0.8719061017036438,0.21797652542591095,-0.3931809663772583,-0.09829524159431458,3.953947067260742,0.9884867668151855
-1.5063388347625732,-0.3765847086906433,-0.1351361721754074,-0.03378404304385185,0.18076427280902863,0.045191068202257156,3.660348415374756,0.915087103843689,-2.7334322929382324,-0.6833580732345581,-0.473471462726593,-0.11836786568164825,-1.5172176361083984,-0.3793044090270996,-1.084629774093628,-0.271157443523407,0.4926151931285858,0.12315379828214645,1.2345962524414062,0.30864906311035156,-0.5575295686721802,-0.13938239216804504,-0.18390139937400818,-0.045975349843502045,-0.05150779336690903,-0.012876948341727257,0.22372034192085266,0.055930085480213165,-0.7157760858535767,-0.17894402146339417,-0.29400765895843506,-0.07350191473960876,-7.107185363769531,-1.7767963409423828,-1.4201079607009888,-0.3550269901752472,-0.7829906344413757,-0.19574765861034393,-0.8655968904495239,-0.21639922261238098,-1.527400255203247,-0.38185006380081177,-3.0772085189819336,-0.7693021297454834,0.055268194526433945,0.013817048631608486,8.740703582763672,2.185175895690918,0.47086256742477417,0.11771564185619354,1.1585898399353027,0.2896474599838257,0.9555690288543701,0.23889225721359253,-2.15889310836792,-0.53972327709198,2.6924188137054443,0.6731047034263611
-2.225231409072876,-0.556307852268219,-0.0013236869126558304,-0.0003309217281639576,0.0743434876203537,0.018585871905088425,3.9045772552490234,0.9761443138122559,-2.420349359512329,-0.6050873398780823,0.012804202735424042,0.0032010506838560104,-1.6311556100845337,-0.4077889025211334,-0.4027327001094818,-0.10068317502737045,-0.07476922124624252,-0.01869230531156063,1.494034767150879,0.3735086917877197,-0.9073362350463867,-0.22683405876159668,0.30353647470474243,0.07588411867618561,-0.3111870586872101,-0.07779676467180252,-1.0797679424285889,-0.2699419856071472,-0.6064580678939819,-0.15161451697349548,-0.6221635937690735,-0.15554089844226837,-7.99315071105957,-1.9982876777648926,-0.8405553102493286,-0.21013882756233215,0.7005529999732971,0.17513824999332428,0.07063475251197815,0.017658688127994537,-1.4207724332809448,-0.3551931083202362,-3.619058609008789,-0.9047646522521973,-0.6728108525276184,-0.1682027131319046,9.264654159545898,2.3161635398864746,0.060022830963134766,0.015005707740783691,-1.5054388046264648,-0.3763597011566162,0.7852257490158081,0.19630643725395203,-1.8611009120941162,-0.46527522802352905,3.331986427307129,0.8329966068267822
-2.480879545211792,-0.620219886302948,-0.4891144335269928,-0.1222786083817482,0.2855534553527832,0.0713883638381958,4.015942573547363,1.0039856433868408,-1.4420695304870605,-0.36051738262176514,-0.2456643283367157,-0.061416082084178925,-1.1175861358642578,-0.27939653396606445,-1.0247687101364136,-0.2561921775341034,0.07003849744796753,0.017509624361991882,1.9407215118408203,0.4851803779602051,0.47577741742134094,0.11894435435533524,0.7215344309806824,0.1803836077451706,0.385648250579834,0.0964120626449585,0.16246512532234192,0.04061628133058548,-0.4793042540550232,-0.1198260635137558,-1.308442234992981,-0.32711055874824524,-7.646443843841553,-1.9116109609603882,-1.4414914846420288,-0.3603728711605072,-1.090648889541626,-0.2726622223854065,-0.899794340133667,-0.22494858503341675,-1.9654418230056763,-0.49136045575141907,-3.7031359672546387,-0.9257839918136597,-0.4648670256137848,-0.1162167564034462,9.561857223510742,2.3904643058776855,0.9281984567642212,0.2320496141910553,1.3018436431884766,0.32546091079711914,1.0282084941864014,0.25705212354660034,-1.3711228370666504,-0.3427807092666626,2.9378979206085205,0.7344744801521301
-2.3309202194213867,-0.5827300548553467,0.03224833309650421,0.008062083274126053,-0.07224170863628387,-0.01806042715907097,3.604745388031006,0.9011863470077515,-1.3346120119094849,-0.3336530029773712,-0.01295287162065506,-0.003238217905163765,-1.327182650566101,-0.33179566264152527,-0.3746126592159271,-0.09365316480398178,0.29750388860702515,0.07437597215175629,2.162853240966797,0.5407133102416992,2.371453285217285,0.5928633213043213,0.7633634209632874,0.19084085524082184,-0.11081467568874359,-0.027703668922185898,-0.7007201313972473,-0.17518003284931183,-0.3866610527038574,-0.09666526317596436,0.4084182679653168,0.1021045669913292,-8.783931732177734,-2.1959829330444336,-1.0125943422317505,-0.2531485855579376,1.5129363536834717,0.3782340884208679,0.16779756546020508,0.04194939136505127,-1.6643184423446655,-0.4160796105861664,-3.6982295513153076,-0.9245573878288269,-0.5605515241622925,-0.14013788104057312,10.287250518798828,2.571812629699707,0.19164863228797913,0.04791215807199478,-0.9139140248298645,-0.22847850620746613,0.8220515847206116,0.2055128961801529,-1.6440192461013794,-0.41100481152534485,3.5876805782318115,0.8969201445579529
-2.393681049346924,-0.598420262336731,-0.6430156826972961,-0.16075392067432404,0.11812025308609009,0.029530063271522522,2.6294450759887695,0.6573612689971924,-1.1812657117843628,-0.2953164279460907,-0.9168686270713806,-0.22921715676784515,-0.8799600601196289,-0.21999001502990723,-0.5531134605407715,-0.13827836513519287,0.02567860670387745,0.006419651675969362,2.6744577884674072,0.6686144471168518,3.13641619682312,0.78410404920578,1.4888242483139038,0.37220606207847595,0.06398636102676392,0.01599659025669098,0.3858594000339508,0.0964648500084877,-0.3708449602127075,-0.09271124005317688,-1.3819667100906372,-0.3454916775226593,-8.68552017211914,-2.171380043029785,-0.6893149614334106,-0.17232874035835266,-0.9390074014663696,-0.2347518503665924,-1.4372494220733643,-0.35931235551834106,-1.2759889364242554,-0.31899723410606384,-3.4479527473449707,-0.8619881868362427,0.8890858888626099,0.22227147221565247,10.561917304992676,2.640479326248169,0.843651294708252,0.210912823677063,2.159548044204712,0.539887011051178,0.6601011157035828,0.1650252789258957,-1.8319530487060547,-0.45798826217651367,3.472041606903076,0.868010401725769
-2.4237942695617676,-0.6059485673904419,0.2005014568567276,0.0501253642141819,-0.10161793231964111,-0.02540448307991028,2.3297457695007324,0.5824364423751831,-0.4482024610042572,-0.1120506152510643,-0.5614851117134094,-0.14037127792835236,-0.7007057666778564,-0.1751764416694641,-0.28700727224349976,-0.07175181806087494,-0.20945386588573456,-0.05236346647143364,3.6360909938812256,0.9090227484703064,4.5844807624816895,1.1461201906204224,2.5175235271453857,0.6293808817863464,-0.0394163653254509,-0.009854091331362724,-1.1645667552947998,-0.29114168882369995,-0.5945994853973389,-0.14864987134933472,0.42158880829811096,0.10539720207452774,-10.970466613769531,-2.742616653442383,-0.9086897969245911,-0.22717244923114777,2.4545421600341797,0.6136355400085449,-0.33953285217285156,-0.08488321304321289,-1.7639199495315552,-0.4409799873828888,-3.7700512409210205,-0.9425128102302551,-1.026946783065796,-0.256736695766449,11.555553436279297,2.888888359069824,0.5814476013183594,0.14536190032958984,-1.2484241724014282,-0.31210604310035706,1.1539565324783325,0.28848913311958313,-1.3415507078170776,-0.3353876769542694,3.6265268325805664,0.9066317081451416
-2.2273268699645996,-0.5568317174911499,0.2908698618412018,0.07271746546030045,-0.18594761192798615,-0.046486902981996536,1.087028980255127,0.27175724506378174,0.14340586960315704,0.03585146740078926,-0.14508464932441711,-0.03627116233110428,-1.364046335220337,-0.34101158380508423,-0.45851564407348633,-0.11462891101837158,0.08008795231580734,0.020021988078951836,4.2312469482421875,1.0578117370605469,-3.112717628479004,-0.778179407119751,0.4932600259780884,0.1233150064945221,0.5775895118713379,0.14439737796783447,1.7694764137268066,0.44236910343170166,-0.1725083738565445,-0.043127093464136124,-0.9426887631416321,-0.23567219078540802,-11.720529556274414,-2.9301323890686035,-0.6211761832237244,-0.1552940458059311,-1.0863420963287354,-0.27158552408218384,-1.5437471866607666,-0.38593679666519165,-1.223831295967102,-0.3059578239917755,-3.5164456367492676,-0.8791114091873169,1.110573410987854,0.2776433527469635,11.797849655151367,2.949462413787842,1.225145697593689,0.30628642439842224,2.7345361709594727,0.6836340427398682,0.8276801705360413,0.20692004263401031,-2.108928918838501,-0.5272322297096252,3.9016802310943604,0.9754200577735901
-0.6698050498962402,-0.16745126247406006,1.6872023344039917,0.4218005836009979,-0.8502917289733887,-0.21257293224334717,2.3896360397338867,0.5974090099334717,0.9704757928848267,0.24261894822120667,0.19143441319465637,0.04785860329866409,-2.47036075592041,-0.6175901889801025,0.5057780742645264,0.1264445185661316,-0.49192118644714355,-0.12298029661178589,4.254254341125488,1.063563585281372,-2.0992531776428223,-0.5248132944107056,-0.6905562877655029,-0.17263907194137573,0.07035251706838608,0.01758812926709652,-1.0910835266113281,-0.27277088165283203,-0.8216707706451416,-0.2054176926612854,1.9588702917099,0.489717572927475,-11.836502075195312,-2.959125518798828,-0.5173004865646362,-0.12932512164115906,2.160674810409546,0.5401687026023865,0.5569332242012024,0.1392333060503006,-2.7400968074798584,-0.6850242018699646,-4.63524866104126,-1.158812165260315,-1.2621080875396729,-0.3155270218849182,10.892412185668945,2.7231030464172363,0.3917620778083801,0.09794051945209503,-1.854088306427002,-0.4635220766067505,0.984164297580719,0.24604107439517975,-0.9303635358810425,-0.23259088397026062,4.520411014556885,1.1301027536392212
-1.961641550064087,-0.49041038751602173,1.0229898691177368,0.2557474672794342,-0.8121910691261292,-0.2030477672815323,1.824568510055542,0.4561421275138855,0.6043558120727539,0.15108895301818848,0.5849445462226868,0.1462361365556717,-2.1785731315612793,-0.5446432828903198,-0.3359537124633789,-0.08398842811584473,0.17250071465969086,0.043125178664922714,3.981505870819092,0.995376467704773,-2.399160623550415,-0.5997901558876038,-0.3587677478790283,-0.08969193696975708,0.35086509585380554,0.08771627396345139,1.3876367807388306,0.34690919518470764,-0.12153775990009308,-0.03038443997502327,-0.7547447085380554,-0.18868617713451385,-10.165925979614258,-2.5414814949035645,-1.3805465698242188,-0.3451366424560547,-1.1453709602355957,-0.2863427400588989,-2.3859703540802,-0.59649258852005,-1.1643917560577393,-0.2910979390144348,-3.6192989349365234,-0.9048247337341309,0.7724118232727051,0.19310295581817627,10.462907791137695,2.615726947784424,1.0384272336959839,0.25960680842399597,2.3893887996673584,0.5973471999168396,1.096469521522522,0.2741173803806305,-2.9566006660461426,-0.7391501665115356,3.7481231689453125,0.9370307922363281
-1.3308887481689453,-0.33272218704223633,1.1659806966781616,0.2914951741695404,-0.6471875905990601,-0.16179689764976501,2.459988594055176,0.614997148513794,1.10069739818573,0.2751743495464325,1.1999459266662598,0.29998648166656494,-2.220432758331299,-0.5551081895828247,0.03415098786354065,0.008537746965885162,-0.1982191950082779,-0.04955479875206947,4.0913004875183105,1.0228251218795776,-2.3025362491607666,-0.5756340622901917,-0.5400818586349487,-0.13502046465873718,-0.1450870931148529,-0.036271773278713226,-1.210714340209961,-0.30267858505249023,-0.8811281323432922,-0.22028203308582306,-0.25019872188568115,-0.06254968047142029,-11.559358596801758,-2.8898396492004395,-0.4282810091972351,-0.10707025229930878,1.4700322151184082,0.36750805377960205,0.8826166391372681,0.22065415978431702,-2.711134672164917,-0.6777836680412292,-4.546361923217773,-1.1365904808044434,-1.444934368133545,-0.36123359203338623,10.33917236328125,2.5847930908203125,0.5385761857032776,0.1346440464258194,-2.373166561126709,-0.5932916402816772,1.2368756532669067,0.3092189133167267,-0.7050298452377319,-0.17625746130943298,5.086956977844238,1.2717392444610596
-1.3303425312042236,-0.3325856328010559,-0.10581006854772568,-0.02645251713693142,-0.29738694429397583,-0.07434673607349396,1.6491507291793823,0.4122876822948456,-0.5662878155708313,-0.14157195389270782,0.25192099809646606,0.06298024952411652,-2.4113242626190186,-0.6028310656547546,0.023212134838104248,0.005803033709526062,-0.14006857573986053,-0.035017143934965134,4.146827220916748,1.036706805229187,-1.916575312614441,-0.47914382815361023,0.21902072429656982,0.054755181074142456,0.3143623173236847,0.07859057933092117,0.9513530731201172,0.2378382682800293,-0.4691978096961975,-0.11729945242404938,-1.433245301246643,-0.35831132531166077,-9.725874900817871,-2.4314687252044678,-0.9876779913902283,-0.24691949784755707,-1.777374029159546,-0.4443435072898865,-2.609539270401001,-0.6523848176002502,-1.6783205270767212,-0.4195801317691803,-3.1125030517578125,-0.7781257629394531,0.05146921053528786,0.012867302633821964,9.941625595092773,2.4854063987731934,0.6478152275085449,0.16195380687713623,1.649896264076233,0.4124740660190582,0.9216578602790833,0.2304144650697708,-2.60286283493042,-0.650715708732605,3.9297244548797607,0.9824311137199402
-0.7399951815605164,-0.1849987953901291,1.328521966934204,0.332130491733551,-0.6908566355705261,-0.17271415889263153,2.332749366760254,0.5831873416900635,1.1749920845031738,0.29374802112579346,0.13832935690879822,0.034582339227199554,-2.477508306503296,-0.619377076625824,0.1713193655014038,0.04282984137535095,-0.4855222702026367,-0.12138056755065918,4.221130847930908,1.055282711982727,-1.6376597881317139,-0.40941494703292847,-0.10235852003097534,-0.025589630007743835,-0.13377445936203003,-0.03344361484050751,-0.958990216255188,-0.239747554063797,-0.8821282386779785,-0.22053205966949463,-0.0714353546500206,-0.01785883866250515,-11.234354019165039,-2.8085885047912598,-0.4979584217071533,-0.12448960542678833,1.7641783952713013,0.4410445988178253,0.47453773021698,0.118634432554245,-2.633793592453003,-0.6584483981132507,-4.28253173828125,-1.0706329345703125,-0.9681546092033386,-0.24203865230083466,10.228143692016602,2.5570359230041504,0.6844109296798706,0.17110273241996765,-2.1056580543518066,-0.5264145135879517,1.0483306646347046,0.26208266615867615,-0.6542584300041199,-0.16356460750102997,4.989538192749023,1.2473845481872559
-1.123769760131836,-0.280942440032959,0.6123225092887878,0.15308062732219696,-0.5748782157897949,-0.14371955394744873,2.430116653442383,0.6075291633605957,1.3678243160247803,0.34195607900619507,0.5620357990264893,0.14050894975662231,-2.4034690856933594,-0.6008672714233398,-0.15654641389846802,-0.039136603474617004,0.12661078572273254,0.031652696430683136,3.8191561698913574,0.9547890424728394,-1.5094302892684937,-0.3773575723171234,-0.15475638210773468,-0.03868909552693367,0.1666772961616516,0.0416693240404129,0.8458287715911865,0.21145719289779663,-0.5281949043273926,-0.13204872608184814,-0.496519535779953,-0.12412988394498825,-10.364289283752441,-2.5910723209381104,-1.1532536745071411,-0.2883134186267853,-0.9167789220809937,-0.2291947305202484,-2.502194404602051,-0.6255486011505127,-1.1813303232192993,-0.29533258080482483,-3.505687713623047,-0.8764219284057617,0.3691478669643402,0.09228696674108505,10.357590675354004,2.589397668838501,0.6293256282806396,0.1573314070701599,1.5238189697265625,0.3809547424316406,1.1192457675933838,0.27981144189834595,-3.4790210723876953,-0.8697552680969238,3.964412212371826,0.9911030530929565
-0.604759693145752,-0.151189923286438,1.078237533569336,0.269559383392334,-0.4085351228713989,-0.10213378071784973,3.3869266510009766,0.8467316627502441,2.094648838043213,0.5236622095108032,1.0040785074234009,0.2510196268558502,-2.636329174041748,-0.659082293510437,-0.060171693563461304,-0.015042923390865326,-0.27325868606567383,-0.06831467151641846,2.913024663925171,0.7282561659812927,-1.827517032623291,-0.45687925815582275,-0.27110958099365234,-0.06777739524841309,-0.017440341413021088,-0.004360085353255272,-0.8173834681510925,-0.20434586703777313,-0.8155919313430786,-0.20389798283576965,0.6824365258216858,0.17060913145542145,-11.861842155456543,-2.9654605388641357,-0.370445191860199,-0.09261129796504974,2.0572428703308105,0.5143107175827026,0.8609404563903809,0.21523511409759521,-2.887160539627075,-0.7217901349067688,-4.745380401611328,-1.186345100402832,-0.80539470911026,-0.201348677277565,10.622553825378418,2.6556384563446045,0.034966230392456055,0.008741557598114014,-1.8892320394515991,-0.4723080098628998,1.247657060623169,0.31191426515579224,-0.7238106727600098,-0.18095266819000244,5.247546195983887,1.3118865489959717
-1.2476460933685303,-0.31191152334213257,-0.11741486191749573,-0.029353715479373932,0.037769585847854614,0.009442396461963654,3.5637617111206055,0.8909404277801514,1.9663969278335571,0.4915992319583893,-0.586068332195282,-0.1465170830488205,-2.249023675918579,-0.5622559189796448,-0.120199054479599,-0.03004976361989975,0.20084865391254425,0.05021216347813606,2.3094165325164795,0.5773541331291199,-0.4071854054927826,-0.10179635137319565,0.5694516897201538,0.14236292243003845,0.12947210669517517,0.03236802667379379,0.9013538956642151,0.22533847391605377,-0.4804648160934448,-0.1201162040233612,-0.4912773668766022,-0.12281934171915054,-9.898098945617676,-2.474524736404419,-1.947121024131775,-0.4867802560329437,-0.15766870975494385,-0.03941717743873596,-2.5776333808898926,-0.6444083452224731,0.035964950919151306,0.008991237729787827,-3.472139835357666,-0.8680349588394165,0.11894562840461731,0.029736407101154327,10.402713775634766,2.6006784439086914,1.1887531280517578,0.29718828201293945,2.02966046333313,0.5074151158332825,1.009858250617981,0.25246456265449524,-2.9655306339263916,-0.7413826584815979,3.190324068069458,0.7975810170173645
-2.039851188659668,-0.509962797164917,0.06326469033956528,0.01581617258489132,-0.08762159943580627,-0.02190539985895157,3.7877063751220703,0.9469265937805176,-2.9694206714630127,-0.7423551678657532,-0.7352175712585449,-0.18380439281463623,-1.359840750694275,-0.3399601876735687,-0.5270715951919556,-0.1317678987979889,0.1847304105758667,0.046182602643966675,1.447284460067749,0.36182111501693726,0.05513550713658333,0.013783876784145832,0.7313238382339478,0.18283095955848694,-0.20640671253204346,-0.051601678133010864,-1.8900458812713623,-0.4725114703178406,-0.6825799345970154,-0.17064498364925385,0.9661954045295715,0.24154885113239288,-12.126657485961914,-3.0316643714904785,-0.18377511203289032,-0.04594377800822258,2.2362570762634277,0.5590642690658569,0.4437015652656555,0.11092539131641388,-2.2687623500823975,-0.5671905875205994,-4.209405422210693,-1.0523513555526733,-1.0393344163894653,-0.25983360409736633,11.024003982543945,2.7560009956359863,0.2902052104473114,0.07255130261182785,-1.4992460012435913,-0.3748115003108978,0.8771845698356628,0.2192961424589157,-0.6718860864639282,-0.16797152161598206,4.701808929443359,1.1754522323608398
-2.3891184329986572,-0.5972796082496643,-0.754485011100769,-0.18862125277519226,0.32133162021636963,0.08033290505409241,4.207344055175781,1.0518360137939453,-2.1242620944976807,-0.5310655236244202,-0.17731177806854248,-0.04432794451713562,-1.1999274492263794,-0.29998186230659485,-1.0919464826583862,-0.27298662066459656,0.20007656514644623,0.05001914128661156,1.7986189126968384,0.4496547281742096,0.3770712912082672,0.0942678228020668,1.3968555927276611,0.3492138981819153,0.2725798487663269,0.06814496219158173,0.030044935643672943,0.007511233910918236,-0.8037045001983643,-0.20092612504959106,-1.0162593126296997,-0.2540648281574249,-8.675605773925781,-2.1689014434814453,-1.2727948427200317,-0.31819871068000793,-1.251460075378418,-0.3128650188446045,-1.5112982988357544,-0.3778245747089386,-1.0512312650680542,-0.26280781626701355,-3.411553144454956,-0.852888286113739,-0.22941726446151733,-0.057354316115379333,10.20308780670166,2.550771951675415,0.8306865692138672,0.2076716423034668,1.4294626712799072,0.3573656678199768,0.6916474103927612,0.1729118525981903,-2.6695668697357178,-0.6673917174339294,2.8011207580566406,0.7002801895141602
-2.2974555492401123,-0.5743638873100281,0.2449960559606552,0.0612490139901638,-0.04464644193649292,-0.01116161048412323,4.070763111114502,1.0176907777786255,-1.9080320596694946,-0.47700801491737366,0.19231915473937988,0.04807978868484497,-1.5914677381515503,-0.3978669345378876,-0.5245944261550903,-0.13114860653877258,0.18840549886226654,0.047101374715566635,2.1260251998901367,0.5315062999725342,0.8045727014541626,0.20114317536354065,0.4894613027572632,0.1223653256893158,-0.23705971240997314,-0.059264928102493286,-1.399582028388977,-0.34989550709724426,-0.5281986594200134,-0.13204966485500336,0.04038781300187111,0.010096953250467777,-10.115984916687012,-2.528996229171753,-1.1537781953811646,-0.28844454884529114,2.0162410736083984,0.5040602684020996,0.34756726026535034,0.08689181506633759,-1.8290098905563354,-0.45725247263908386,-3.6942250728607178,-0.9235562682151794,-1.0313829183578491,-0.2578457295894623,10.886405944824219,2.7216014862060547,0.4714513421058655,0.11786283552646637,-1.3182377815246582,-0.32955944538116455,0.9284020066261292,0.2321005016565323,-1.0062328577041626,-0.25155821442604065,3.4848129749298096,0.8712032437324524
-2.3194706439971924,-0.5798676609992981,-0.5575057864189148,-0.1393764466047287,0.105001300573349,0.02625032514333725,3.7648987770080566,0.9412246942520142,-1.720691442489624,-0.430172860622406,-0.42067885398864746,-0.10516971349716187,-1.2415930032730103,-0.31039825081825256,-0.8343876600265503,-0.20859691500663757,0.3100252151489258,0.07750630378723145,2.2437379360198975,0.5609344840049744,1.9071024656295776,0.4767756164073944,0.6166314482688904,0.1541578620672226,-0.09836295247077942,-0.024590738117694855,0.0193164199590683,0.004829104989767075,-0.6453005075454712,-0.1613251268863678,-1.3952006101608276,-0.3488001525402069,-8.372323989868164,-2.093080997467041,-0.8930637240409851,-0.22326593101024628,-1.6949303150177002,-0.42373257875442505,-1.3902119398117065,-0.34755298495292664,-1.909531831741333,-0.47738295793533325,-3.7438578605651855,-0.9359644651412964,0.2770709991455078,0.06926774978637695,10.530851364135742,2.6327128410339355,0.7820544242858887,0.19551360607147217,1.800296425819397,0.45007410645484924,0.4192740321159363,0.10481850802898407,-2.616349697113037,-0.6540874242782593,3.2642884254455566,0.8160721063613892
-2.5763285160064697,-0.6440821290016174,0.03399905562400818,0.008499763906002045,0.11646479368209839,0.029116198420524597,3.577387809753418,0.8943469524383545,-1.311578631401062,-0.3278946578502655,-0.3673282861709595,-0.09183207154273987,-1.0993317365646362,-0.27483293414115906,-0.08858945965766907,-0.022147364914417267,-0.24312730133533478,-0.060781825333833694,2.7881884574890137,0.6970471143722534,2.5181283950805664,0.6295320987701416,0.7138798832893372,0.1784699708223343,-0.05340058356523514,-0.013350145891308784,-0.7929664254188538,-0.19824160635471344,-0.6728551387786865,-0.16821378469467163,-0.17916762828826904,-0.04479190707206726,-10.010711669921875,-2.5026779174804688,-0.9350916147232056,-0.2337729036808014,1.752800464630127,0.43820011615753174,0.5807769894599915,0.14519424736499786,-1.58091402053833,-0.3952285051345825,-4.433669090270996,-1.108417272567749,-0.5033296942710876,-0.1258324235677719,11.280166625976562,2.8200416564941406,0.04951798915863037,0.012379497289657593,-0.9073940515518188,-0.2268485128879547,1.311442255973816,0.327860563993454,-1.0535598993301392,-0.2633899748325348,3.91870379447937,0.9796759486198425
-2.2992916107177734,-0.5748229026794434,-0.8182330131530762,-0.20455825328826904,0.1682761162519455,0.042069029062986374,2.743648052215576,0.685912013053894,-0.6075080037117004,-0.1518770009279251,-0.8758363127708435,-0.21895907819271088,-0.9078186750411987,-0.22695466876029968,-0.573769211769104,-0.143442302942276,0.03847847133874893,0.009619617834687233,3.185368776321411,0.7963421940803528,4.338891983032227,1.0847229957580566,1.896296501159668,0.474074125289917,0.13956403732299805,0.03489100933074951,0.1929692029953003,0.04824230074882507,-0.5738575458526611,-0.14346438646316528,-0.5849997401237488,-0.1462499350309372,-9.5145263671875,-2.378631591796875,-0.8987535238265991,-0.22468838095664978,-0.7499125599861145,-0.18747813999652863,-1.8299849033355713,-0.4574962258338928,-1.7984148263931274,-0.44960370659828186,-3.934908866882324,-0.983727216720581,0.5986500382423401,0.14966250956058502,11.512272834777832,2.878068208694458,1.0899522304534912,0.2724880576133728,2.3673925399780273,0.5918481349945068,0.622222900390625,0.15555572509765625,-2.206820011138916,-0.551705002784729,3.708637237548828,0.927159309387207
-2.2037601470947266,-0.5509400367736816,0.3886927664279938,0.09717319160699844,-0.3435223698616028,-0.0858805924654007,1.546155571937561,0.38653889298439026,0.6664150953292847,0.16660377383232117,-0.6483502984046936,-0.1620875746011734,-1.6502723693847656,-0.4125680923461914,-0.06572511792182922,-0.016431279480457306,-0.2625015079975128,-0.0656253769993782,4.070064544677734,1.0175161361694336,2.8322763442993164,0.7080690860748291,2.1343202590942383,0.5335800647735596,-0.2478007972240448,-0.0619501993060112,-0.6571649312973022,-0.16429123282432556,-0.40062302350997925,-0.10015575587749481,-0.07449942082166672,-0.01862485520541668,-12.240377426147461,-3.0600943565368652,-0.6460386514663696,-0.1615096628665924,2.1475672721862793,0.5368918180465698,-0.12711745500564575,-0.03177936375141144,-1.3347069025039673,-0.3336767256259918,-3.577993869781494,-0.8944984674453735,-0.4919681251049042,-0.12299203127622604,12.646626472473145,3.161656618118286,0.16738110780715942,0.041845276951789856,-1.2539043426513672,-0.3134760856628418,1.6311026811599731,0.4077756702899933,-1.8604915142059326,-0.46512287855148315,3.3574891090393066,0.8393722772598267
-2.110327959060669,-0.5275819897651672,0.5560020804405212,0.1390005201101303,-0.45263856649398804,-0.11315964162349701,1.4821945428848267,0.37054863572120667,-0.40725693106651306,-0.10181423276662827,-0.5573320388793945,-0.13933300971984863,-1.5043339729309082,-0.37608349323272705,-0.07815508544445038,-0.019538771361112595,0.05449649319052696,0.01362412329763174,4.398677825927734,1.0996694564819336,-3.4097862243652344,-0.8524465560913086,-0.053841732442379,-0.01346043311059475,0.5771743059158325,0.14429357647895813,1.3151278495788574,0.32878196239471436,-0.386344313621521,-0.09658607840538025,-0.8909189105033875,-0.22272972762584686,-11.934954643249512,-2.983738660812378,-1.1327476501464844,-0.2831869125366211,-1.1947846412658691,-0.2986961603164673,-1.3539130687713623,-0.3384782671928406,-0.5988506078720093,-0.14971265196800232,-3.7248928546905518,-0.9312232136726379,0.6353351473808289,0.15883378684520721,12.06086540222168,3.01521635055542,1.7443227767944336,0.4360806941986084,2.826652765274048,0.706663191318512,0.7111464142799377,0.17778660356998444,-2.152677059173584,-0.538169264793396,3.759411573410034,0.9398528933525085
-0.897846519947052,-0.224461629986763,1.3077592849731445,0.32693982124328613,-0.7282696962356567,-0.18206742405891418,2.246288776397705,0.5615721940994263,0.727634608745575,0.18190865218639374,0.6272513270378113,0.15681283175945282,-2.546513080596924,-0.636628270149231,0.3892163038253784,0.0973040759563446,-0.3935207724571228,-0.0983801931142807,4.290132522583008,1.072533130645752,-2.294450521469116,-0.573612630367279,-0.7355841398239136,-0.1838960349559784,0.16567069292068481,0.041417673230171204,-0.767896831035614,-0.1919742077589035,-0.9297587275505066,-0.23243968188762665,1.439043402671814,0.3597608506679535,-11.876952171325684,-2.969238042831421,-0.4814305305480957,-0.12035763263702393,1.6495120525360107,0.4123780131340027,0.5611761808395386,0.14029404520988464,-3.815502405166626,-0.9538756012916565,-4.800320625305176,-1.200080156326294,-1.6269614696502686,-0.40674036741256714,10.930526733398438,2.7326316833496094,0.18560272455215454,0.046400681138038635,-1.9666104316711426,-0.49165260791778564,1.2238260507583618,0.30595651268959045,0.013831481337547302,0.0034578703343868256,4.694675445556641,1.1736688613891602
-1.5525768995285034,-0.38814422488212585,0.3651064932346344,0.0912766233086586,-0.3691061735153198,-0.09227654337882996,1.7776681184768677,0.4444170296192169,-0.4921337068080902,-0.12303342670202255,0.40101003646850586,0.10025250911712646,-2.347744941711426,-0.5869362354278564,-0.09997200220823288,-0.02499300055205822,-0.05573006719350815,-0.013932516798377037,4.000457286834717,1.0001143217086792,-2.0988898277282715,-0.5247224569320679,-0.07476253807544708,-0.01869063451886177,0.13956409692764282,0.034891024231910706,0.2185792624950409,0.05464481562376022,-0.36020946502685547,-0.09005236625671387,-1.1082874536514282,-0.27707186341285706,-9.833793640136719,-2.4584484100341797,-0.8765065670013428,-0.2191266417503357,-1.0171465873718262,-0.25428664684295654,-2.4474494457244873,-0.6118623614311218,-0.7732576727867126,-0.19331441819667816,-3.6208348274230957,-0.9052087068557739,0.29832524061203003,0.07458131015300751,10.010743141174316,2.502685785293579,0.779189944267273,0.19479748606681824,1.3773998022079468,0.3443499505519867,0.8328176140785217,0.20820440351963043,-3.351177453994751,-0.8377943634986877,3.8575279712677,0.964381992816925
-1.4943351745605469,-0.3735837936401367,0.5330238342285156,0.1332559585571289,-0.6064897179603577,-0.15162242949008942,2.0112435817718506,0.5028108954429626,0.45235925912857056,0.11308981478214264,0.293527215719223,0.07338180392980576,-2.2276206016540527,-0.5569051504135132,0.3086223900318146,0.07715559750795364,-0.3677295446395874,-0.09193238615989685,4.4423370361328125,1.1105842590332031,-2.1342668533325195,-0.5335667133331299,-0.12565955519676208,-0.03141488879919052,0.12164846807718277,0.030412117019295692,-0.428288072347641,-0.10707201808691025,-0.6665464639663696,-0.1666366159915924,-0.6354413032531738,-0.15886032581329346,-10.682172775268555,-2.6705431938171387,-1.0002496242523193,-0.25006240606307983,1.1017310619354248,0.2754327654838562,0.41507792472839355,0.10376948118209839,-2.332693099975586,-0.5831732749938965,-3.995450496673584,-0.998862624168396,-1.1039241552352905,-0.27598103880882263,9.873640060424805,2.468410015106201,0.7147489786148071,0.17868724465370178,-1.0859687328338623,-0.2714921832084656,1.2791235446929932,0.3197808861732483,0.35728955268859863,0.08932238817214966,4.724545955657959,1.1811364889144897
-1.3726673126220703,-0.3431668281555176,0.5977466106414795,0.14943665266036987,-0.4728527069091797,-0.11821317672729492,1.92952299118042,0.482380747795105,0.4547811448574066,0.11369528621435165,0.32772666215896606,0.08193166553974152,-2.283634901046753,-0.5709087252616882,-0.14722824096679688,-0.03680706024169922,-0.03626260161399841,-0.009065650403499603,4.333871841430664,1.083467960357666,-1.4499887228012085,-0.3624971807003021,-0.05159427225589752,-0.01289856806397438,0.14769095182418823,0.03692273795604706,0.321947306394577,0.08048682659864426,-0.6392800211906433,-0.15982000529766083,-0.041390564292669296,-0.010347641073167324,-10.428812980651855,-2.607203245162964,-0.8533506989479065,-0.21333767473697662,-0.30117708444595337,-0.07529427111148834,-2.190211772918701,-0.5475529432296753,-1.1401008367538452,-0.2850252091884613,-3.1594302654266357,-0.7898575663566589,0.06444019079208374,0.016110047698020935,10.288028717041016,2.572007179260254,0.6265175342559814,0.15662938356399536,0.6907296776771545,0.17268241941928864,0.8607810139656067,0.21519525349140167,-3.4608428478240967,-0.8652107119560242,3.8113396167755127,0.9528349041938782
-0.9634416699409485,-0.24086041748523712,0.9562640190124512,0.2390660047531128,-0.6551368832588196,-0.1637842208147049,2.157351016998291,0.5393377542495728,0.80545574426651,0.2013639360666275,0.1020621731877327,0.025515543296933174,-2.571122646331787,-0.6427806615829468,0.027751579880714417,0.006937894970178604,-0.2949874699115753,-0.07374686747789383,4.24133825302124,1.06033456325531,-1.804495096206665,-0.45112377405166626,-0.06159140169620514,-0.015397850424051285,0.11463224142789841,0.028658060356974602,-0.43788883090019226,-0.10947220772504807,-0.5334840416908264,-0.1333710104227066,-0.2413155436515808,-0.0603288859128952,-10.884705543518066,-2.7211763858795166,-0.6632279753684998,-0.16580699384212494,0.9186578392982483,0.22966445982456207,0.19050824642181396,0.04762706160545349,-2.4191739559173584,-0.6047934889793396,-4.19523811340332,-1.04880952835083,-0.4991591274738312,-0.1247897818684578,10.114570617675781,2.5286426544189453,0.1941298097372055,0.048532452434301376,-0.6920661330223083,-0.1730165332555771,1.3767706155776978,0.34419265389442444,0.004927635192871094,0.0012319087982177734,4.8436689376831055,1.2109172344207764
-0.9976287484169006,-0.24940718710422516,0.8080320954322815,0.20200802385807037,-0.5704457759857178,-0.14261144399642944,2.053224563598633,0.5133061408996582,0.9906494617462158,0.24766236543655396,0.22815293073654175,0.05703823268413544,-2.5872256755828857,-0.6468064188957214,-0.14897620677947998,-0.037244051694869995,-0.09381995350122452,-0.02345498837530613,4.16261625289917,1.0406540632247925,-1.4361945390701294,-0.35904863476753235,-0.06045868247747421,-0.015114670619368553,0.10459399968385696,0.02614849992096424,0.25994452834129333,0.06498613208532333,-0.6782058477401733,-0.16955146193504333,-0.25649330019950867,-0.06412332504987717,-10.317389488220215,-2.5793473720550537,-1.1518510580062866,-0.28796276450157166,-0.12845557928085327,-0.03211389482021332,-1.9002134799957275,-0.4750533699989319,-1.3138642311096191,-0.3284660577774048,-3.548146963119507,-0.8870367407798767,-0.33162763714790344,-0.08290690928697586,10.339944839477539,2.5849862098693848,0.8905004262924194,0.22262510657310486,0.7270955443382263,0.18177388608455658,1.0882725715637207,0.2720681428909302,-3.1085915565490723,-0.7771478891372681,3.7118966579437256,0.9279741644859314
-0.7262938022613525,-0.18157345056533813,1.014648675918579,0.2536621689796448,-0.6828437447547913,-0.17071093618869781,2.3181614875793457,0.5795403718948364,1.4130369424819946,0.35325923562049866,0.41030508279800415,0.10257627069950104,-2.694833278656006,-0.6737083196640015,0.10870091617107391,0.02717522904276848,-0.28837069869041443,-0.07209267467260361,3.962956190109253,0.9907390475273132,-1.849568486213684,-0.462392121553421,-0.13784250617027283,-0.03446062654256821,-0.013133905827999115,-0.0032834764569997787,-0.3100219964981079,-0.07750549912452698,-0.5367053747177124,-0.1341763436794281,-0.07730557769536972,-0.01932639442384243,-10.963008880615234,-2.7407522201538086,-0.6611213684082031,-0.16528034210205078,1.0740231275558472,0.2685057818889618,0.06817218661308289,0.01704304665327072,-2.2142269611358643,-0.5535567402839661,-3.9156742095947266,-0.9789185523986816,-0.3909818232059479,-0.09774545580148697,10.18293571472168,2.54573392868042,0.1862577497959137,0.046564437448978424,-0.5702328085899353,-0.14255820214748383,1.305235743522644,0.326308935880661,-0.033617764711380005,-0.008404441177845001,4.602750301361084,1.150687575340271
-0.6668362021446228,-0.1667090505361557,0.9273373484611511,0.23183433711528778,-0.6231200695037842,-0.15578001737594604,2.427809715270996,0.606952428817749,1.9385939836502075,0.4846484959125519,0.3794022798538208,0.0948505699634552,-2.713010311126709,-0.6782525777816772,-0.17037361860275269,-0.04259340465068817,-0.04864024370908737,-0.012160060927271843,3.8002307415008545,0.9500576853752136,-1.398733139038086,-0.3496832847595215,-0.12372243404388428,-0.03093060851097107,0.06698533147573471,0.016746332868933678,0.38675621151924133,0.09668905287981033,-0.6533595323562622,-0.16333988308906555,-0.04537924751639366,-0.011344811879098415,-10.482603073120117,-2.6206507682800293,-1.14137601852417,-0.2853440046310425,0.3742868900299072,0.0935717225074768,-1.598960518836975,-0.3997401297092438,-1.167357325553894,-0.2918393313884735,-3.4206066131591797,-0.8551516532897949,0.06881146132946014,0.017202865332365036,10.621935844421387,2.6554839611053467,0.824785590171814,0.2061963975429535,0.7925113439559937,0.1981278359889984,1.1650084257125854,0.29125210642814636,-3.2205443382263184,-0.8051360845565796,3.6518678665161133,0.9129669666290283
-0.3742944598197937,-0.09357361495494843,0.8908424973487854,0.22271062433719635,-0.5636350512504578,-0.14090876281261444,2.9599504470825195,0.7399876117706299,2.399320125579834,0.5998300313949585,0.5408578515052795,0.13521446287631989,-2.872659206390381,-0.7181648015975952,0.029692664742469788,0.007423166185617447,-0.22706742584705353,-0.05676685646176338,3.1726529598236084,0.7931632399559021,-1.874873161315918,-0.4687182903289795,-0.16083639860153198,-0.040209099650382996,-0.04364923760294914,-0.010912309400737286,-0.2885441482067108,-0.0721360370516777,-0.5292742848396301,-0.13231857120990753,-0.07767557352781296,-0.01941889338195324,-11.038067817687988,-2.759516954421997,-0.5482308268547058,-0.13705770671367645,1.0834555625915527,0.2708638906478882,-0.13809624314308167,-0.034524060785770416,-2.3157007694244385,-0.5789251923561096,-3.766707420349121,-0.9416768550872803,-0.2799164354801178,-0.06997910887002945,10.467535018920898,2.6168837547302246,0.33809104561805725,0.08452276140451431,-0.45622122287750244,-0.11405530571937561,1.1738466024398804,0.2934616506099701,-0.6036701202392578,-0.15091753005981445,4.681221961975098,1.1703054904937744
-0.7038634419441223,-0.17596586048603058,0.49137863516807556,0.12284465879201889,-0.27946728467941284,-0.06986682116985321,3.2825231552124023,0.8206307888031006,3.0308234691619873,0.7577058672904968,-0.05235458165407181,-0.013088645413517952,-2.5778467655181885,-0.6444616913795471,-0.17206045985221863,-0.04301511496305466,0.09621557593345642,0.024053893983364105,2.7831592559814453,0.6957898139953613,-1.1008862257003784,-0.2752215564250946,0.038037240505218506,0.009509310126304626,0.0625900998711586,0.01564752496778965,0.6743234992027283,0.16858087480068207,-0.7099546194076538,-0.17748865485191345,-0.13815173506736755,-0.03453793376684189,-10.151447296142578,-2.5378618240356445,-1.089558482170105,-0.27238962054252625,0.30602243542671204,0.07650560885667801,-1.3960264921188354,-0.34900662302970886,-1.2746379375457764,-0.3186594843864441,-3.429696798324585,-0.8574241995811462,0.2848256230354309,0.07120640575885773,10.848250389099121,2.7120625972747803,0.6574938297271729,0.1643734574317932,0.8229534029960632,0.2057383507490158,1.163478136062622,0.2908695340156555,-2.891735315322876,-0.722933828830719,3.600503444671631,0.9001258611679077
-1.266404390335083,-0.31660109758377075,0.4940672814846039,0.12351682037115097,-0.20300573110580444,-0.05075143277645111,3.8070592880249023,0.9517648220062256,2.1273751258850098,0.5318437814712524,-0.41970106959342957,-0.10492526739835739,-2.0468544960021973,-0.5117136240005493,-0.01550629734992981,-0.0038765743374824524,-0.13936980068683624,-0.03484245017170906,2.1131088733673096,0.5282772183418274,-0.8940593004226685,-0.22351482510566711,0.3731940984725952,0.0932985246181488,0.06588992476463318,0.016472481191158295,-0.3903125524520874,-0.09757813811302185,-0.5302350521087646,-0.13255876302719116,0.6431956887245178,0.16079892218112946,-11.220197677612305,-2.805049419403076,-0.9646116495132446,-0.24115291237831116,1.7680991888046265,0.4420247972011566,-0.3178194463253021,-0.07945486158132553,-1.7823002338409424,-0.4455750584602356,-3.926539897918701,-0.9816349744796753,-0.46902862191200256,-0.11725715547800064,11.416966438293457,2.8542416095733643,0.7987381219863892,0.1996845304965973,-0.3319145441055298,-0.08297863602638245,0.8109443783760071,0.20273609459400177,-0.8274478912353516,-0.2068619728088379,4.498538494110107,1.1246346235275269
-1.9853813648223877,-0.4963453412055969,-0.6249825954437256,-0.1562456488609314,0.144736185669899,0.03618404641747475,3.8376684188842773,0.9594171047210693,-3.2286219596862793,-0.8071554899215698,-1.0199477672576904,-0.2549869418144226,-1.2577804327011108,-0.3144451081752777,-1.0998796224594116,-0.2749699056148529,0.6329337358474731,0.1582334339618683,1.0599377155303955,0.2649844288825989,1.047468662261963,0.2618671655654907,1.11519193649292,0.27879798412323,-0.1739351451396942,-0.04348378628492355,-0.714614987373352,-0.178653746843338,-0.6272748112678528,-0.1568187028169632,-0.38315752148628235,-0.09578938037157059,-9.388636589050293,-2.3471591472625732,-1.2375109195709229,-0.3093777298927307,0.05514928698539734,0.013787321746349335,-0.9746378064155579,-0.24365945160388947,-1.0134512186050415,-0.2533628046512604,-3.778608798980713,-0.9446521997451782,-0.16417303681373596,-0.04104325920343399,10.545173645019531,2.636293411254883,0.6993870735168457,0.17484676837921143,0.9439773559570312,0.2359943389892578,0.731138288974762,0.1827845722436905,-2.256967544555664,-0.564241886138916,3.5175364017486572,0.8793841004371643
-2.6047286987304688,-0.6511821746826172,0.001508062705397606,0.0003770156763494015,0.20361410081386566,0.050903525203466415,4.237159252166748,1.059289813041687,-1.9360674619674683,-0.48401686549186707,-0.03758180886507034,-0.009395452216267586,-0.9447421431541443,-0.23618553578853607,-0.7838579416275024,-0.1959644854068756,-0.09292671829462051,-0.02323167957365513,2.2987372875213623,0.5746843218803406,0.7599258422851562,0.18998146057128906,1.0501480102539062,0.26253700256347656,0.09739480167627335,0.024348700419068336,-0.847488284111023,-0.21187207102775574,-0.9453496336936951,-0.23633740842342377,-0.6310456991195679,-0.15776142477989197,-8.541167259216309,-2.135291814804077,-0.9186785221099854,-0.22966963052749634,0.6056849956512451,0.15142124891281128,-0.10822689533233643,-0.027056723833084106,-2.3685598373413086,-0.5921399593353271,-3.126965045928955,-0.7817412614822388,-1.456453800201416,-0.364113450050354,10.577184677124023,2.644296169281006,0.5990738868713379,0.14976847171783447,-1.2434115409851074,-0.31085288524627686,0.6205875873565674,0.15514689683914185,-1.9143964052200317,-0.47859910130500793,2.7341203689575195,0.6835300922393799
-2.1686840057373047,-0.5421710014343262,-0.3301602900028229,-0.08254007250070572,0.06906788051128387,0.01726697012782097,3.930633544921875,0.9826583862304688,-1.6270885467529297,-0.4067721366882324,-0.3992862105369568,-0.0998215526342392,-1.0822371244430542,-0.27055928111076355,-0.8999569416046143,-0.22498923540115356,0.22983290255069733,0.05745822563767433,2.5293402671813965,0.6323350667953491,1.8602759838104248,0.4650689959526062,0.783155620098114,0.1957889050245285,-0.05927439033985138,-0.014818597584962845,-0.4871770143508911,-0.12179425358772278,-0.8285421133041382,-0.20713552832603455,-0.32735222578048706,-0.08183805644512177,-7.516134262084961,-1.8790335655212402,-1.1344833374023438,-0.28362083435058594,0.07258760929107666,0.018146902322769165,-1.1043369770050049,-0.2760842442512512,-1.4526423215866089,-0.3631605803966522,-3.8692166805267334,-0.9673041701316833,-0.2421666383743286,-0.06054165959358215,9.948966026306152,2.487241506576538,0.6796599626541138,0.16991499066352844,0.33352309465408325,0.08338077366352081,0.5305351614952087,0.13263379037380219,-2.781184434890747,-0.6952961087226868,3.492905378341675,0.8732263445854187
-2.5250465869903564,-0.6312616467475891,-0.03842371702194214,-0.009605929255485535,0.034309014678001404,0.008577253669500351,3.500058650970459,0.8750146627426147,-1.505111575126648,-0.376277893781662,-0.5873696208000183,-0.14684240520000458,-0.6914739608764648,-0.1728684902191162,-0.5729691386222839,-0.14324228465557098,-0.10718470066785812,-0.02679617516696453,3.122375965118408,0.780593991279602,3.1637613773345947,0.7909403443336487,1.2850815057754517,0.3212703764438629,-0.1534879207611084,-0.0383719801902771,-0.4036880433559418,-0.10092201083898544,-0.8782999515533447,-0.21957498788833618,-0.6845662593841553,-0.17114156484603882,-8.307892799377441,-2.0769731998443604,-1.1512850522994995,-0.2878212630748749,0.3400344252586365,0.08500860631465912,-0.2279469072818756,-0.0569867268204689,-1.9154435396194458,-0.47886088490486145,-3.660508871078491,-0.9151272177696228,-0.4623556435108185,-0.11558891087770462,10.64354419708252,2.66088604927063,0.6769880652427673,0.16924701631069183,0.12866604328155518,0.032166510820388794,0.8369505405426025,0.20923763513565063,-1.508789300918579,-0.3771973252296448,3.7683379650115967,0.9420844912528992
-2.456455707550049,-0.6141139268875122,-0.344846248626709,-0.08621156215667725,0.28013741970062256,0.07003435492515564,2.9282851219177246,0.7320712804794312,-0.8649557828903198,-0.21623894572257996,-0.9256632924079895,-0.23141582310199738,-0.6713609099388123,-0.16784022748470306,-0.17220237851142883,-0.04305059462785721,-0.4240937829017639,-0.10602344572544098,3.715071201324463,0.9287678003311157,5.504865646362305,1.3762164115905762,2.1907942295074463,0.5476985573768616,-0.00022701174020767212,-5.675293505191803e-05,-0.31423425674438477,-0.07855856418609619,-0.8254740238189697,-0.20636850595474243,-0.5557194352149963,-0.13892985880374908,-9.084896087646484,-2.271224021911621,-0.9500659704208374,-0.23751649260520935,0.6047393083572388,0.1511848270893097,-0.9780153036117554,-0.24450382590293884,-1.919216513633728,-0.479804128408432,-4.095491886138916,-1.023872971534729,0.11241883039474487,0.028104707598686218,11.316756248474121,2.8291890621185303,0.6445438265800476,0.1611359566450119,0.5984922051429749,0.1496230512857437,0.8385769724845886,0.20964424312114716,-1.994714379310608,-0.498678594827652,3.8248000144958496,0.9562000036239624
-2.2088775634765625,-0.5522193908691406,0.04383415728807449,0.010958539322018623,-0.22438190877437592,-0.05609547719359398,1.2710528373718262,0.31776320934295654,0.23297832906246185,0.05824458226561546,-0.9802353382110596,-0.2450588345527649,-1.3292691707611084,-0.3323172926902771,-0.5442636013031006,-0.13606590032577515,-0.3298906683921814,-0.08247266709804535,4.761847019195557,1.1904617547988892,6.2537078857421875,1.5634269714355469,4.227746963500977,1.0569367408752441,-0.29710865020751953,-0.07427716255187988,-0.41377755999565125,-0.10344438999891281,-0.47808462381362915,-0.11952115595340729,-1.1290074586868286,-0.28225186467170715,-10.814212799072266,-2.7035531997680664,-0.5838040709495544,-0.1459510177373886,0.6207244992256165,0.1551811248064041,-1.5310559272766113,-0.38276398181915283,-1.6946004629135132,-0.4236501157283783,-3.374757766723633,-0.8436894416809082,0.14504893124103546,0.036262232810258865,12.066816329956055,3.0167040824890137,0.6408164501190186,0.16020411252975464,0.7108234167098999,0.17770585417747498,0.9623318314552307,0.24058295786380768,-1.8365949392318726,-0.45914873480796814,3.3320631980895996,0.8330157995223999
-2.403090476989746,-0.6007726192474365,0.7202894687652588,0.1800723671913147,-0.24727141857147217,-0.06181785464286804,1.8015776872634888,0.4503944218158722,1.1428332328796387,0.28570830821990967,-0.09205260872840881,-0.023013152182102203,-1.7104026079177856,-0.4276006519794464,-0.20640888810157776,-0.05160222202539444,0.14438292384147644,0.03609573096036911,4.35391902923584,1.08847975730896,-3.0932235717773438,-0.7733058929443359,0.1828637421131134,0.04571593552827835,0.5652536153793335,0.14131340384483337,0.6632962822914124,0.1658240705728531,-0.3271222710609436,-0.0817805677652359,-0.5265621542930603,-0.13164053857326508,-13.385702133178711,-3.3464255332946777,-0.8660368323326111,-0.21650920808315277,0.43162640929222107,0.10790660232305527,-0.42630577087402344,-0.10657644271850586,-2.100329875946045,-0.5250824689865112,-3.8109443187713623,-0.9527360796928406,-0.020957622677087784,-0.005239405669271946,12.258482933044434,3.0646207332611084,1.1614103317260742,0.29035258293151855,0.9463270902633667,0.23658177256584167,1.246684193611145,0.31167104840278625,-1.9199743270874023,-0.4799935817718506,3.7457172870635986,0.9364293217658997
-1.1920684576034546,-0.29801711440086365,1.8991053104400635,0.47477632761001587,-0.8037200570106506,-0.20093001425266266,2.1593995094299316,0.5398498773574829,0.7430328130722046,0.18575820326805115,0.008276812732219696,0.002069203183054924,-2.4772987365722656,-0.6193246841430664,-0.10024023056030273,-0.025060057640075684,-0.24552790820598602,-0.061381977051496506,4.172600746154785,1.0431501865386963,-2.443136692047119,-0.6107841730117798,-0.4355047643184662,-0.10887619107961655,0.361222505569458,0.0903056263923645,-0.05666983872652054,-0.014167459681630135,-0.615216851234436,-0.153804212808609,1.0760021209716797,0.2690005302429199,-10.977119445800781,-2.7442798614501953,-0.46515953540802,-0.116289883852005,0.6159534454345703,0.15398836135864258,-0.4846738278865814,-0.12116845697164536,-1.9836410284042358,-0.49591025710105896,-4.175002574920654,-1.0437506437301636,-0.7332757711410522,-0.18331894278526306,10.732073783874512,2.683018445968628,0.6045594215393066,0.15113985538482666,-0.2219204157590866,-0.05548010393977165,0.8368485569953918,0.20921213924884796,-1.2002815008163452,-0.3000703752040863,4.234224796295166,1.0585561990737915
-1.7952734231948853,-0.4488183557987213,0.8526487350463867,0.21316218376159668,-0.6224361658096313,-0.15560904145240784,1.765018343925476,0.441254585981369,-0.001105915755033493,-0.00027647893875837326,0.3867833614349365,0.09669584035873413,-2.2094225883483887,-0.5523556470870972,-0.18160638213157654,-0.045401595532894135,0.08656194806098938,0.021640487015247345,4.161775588989258,1.0404438972473145,-2.0563485622406006,-0.5140871405601501,-0.1544053703546524,-0.0386013425886631,0.14437854290008545,0.03609463572502136,0.10167684406042099,0.025419211015105247,-0.36175721883773804,-0.09043930470943451,-0.39569517970085144,-0.09892379492521286,-9.589242935180664,-2.397310733795166,-1.0667556524276733,-0.26668891310691833,-0.061013102531433105,-0.015253275632858276,-1.288567304611206,-0.3221418261528015,-1.8933074474334717,-0.4733268618583679,-3.819775104522705,-0.9549437761306763,-0.1413709819316864,-0.0353427454829216,9.900457382202148,2.475114345550537,0.8444368839263916,0.2111092209815979,0.5389078259468079,0.13472695648670197,1.195278286933899,0.29881957173347473,-1.3100522756576538,-0.32751306891441345,4.437710285186768,1.109427571296692
-1.7634906768798828,-0.4408726692199707,0.5558525323867798,0.13896313309669495,-0.45774751901626587,-0.11443687975406647,1.829280972480774,0.4573202431201935,-0.19786761701107025,-0.04946690425276756,0.25695568323135376,0.06423892080783844,-2.0937905311584473,-0.5234476327896118,0.18482711911201477,0.04620677977800369,-0.30663052201271057,-0.07665763050317764,4.449802875518799,1.1124507188796997,-1.9074591398239136,-0.4768647849559784,-0.1305207908153534,-0.03263019770383835,0.07026198506355286,0.017565496265888214,-0.24061298370361328,-0.06015324592590332,-0.5759832262992859,-0.14399580657482147,-0.21974390745162964,-0.05493597686290741,-9.953985214233398,-2.4884963035583496,-0.6915103793144226,-0.17287759482860565,0.6235981583595276,0.1558995395898819,-0.38402891159057617,-0.09600722789764404,-1.1078437566757202,-0.27696093916893005,-3.653520107269287,-0.9133800268173218,-0.4001784324645996,-0.1000446081161499,9.777316093444824,2.444329023361206,0.37580984830856323,0.09395246207714081,-0.5343273878097534,-0.13358184695243835,0.9999945759773254,0.24999864399433136,-1.180001139640808,-0.295000284910202,4.63179874420166,1.157949686050415
-1.9170548915863037,-0.4792637228965759,0.8187384605407715,0.20468461513519287,-0.5172873735427856,-0.1293218433856964,1.535571813583374,0.3838929533958435,-0.5584709644317627,-0.13961774110794067,0.004459895193576813,0.0011149737983942032,-2.243290424346924,-0.560822606086731,0.02579432725906372,0.00644858181476593,-0.21026870608329773,-0.05256717652082443,4.423159122467041,1.1057897806167603,-1.885179042816162,-0.4712947607040405,0.127037912607193,0.03175947815179825,0.25602105259895325,0.06400526314973831,0.23676425218582153,0.05919106304645538,-0.2772861123085022,-0.06932152807712555,-0.2940768897533417,-0.07351922243833542,-9.860508918762207,-2.4651272296905518,-1.0823878049850464,-0.2705969512462616,-0.015778658911585808,-0.003944664727896452,-1.423047661781311,-0.35576191544532776,-1.4183346033096313,-0.35458365082740784,-3.410414218902588,-0.852603554725647,-0.1196851134300232,-0.0299212783575058,9.88589096069336,2.47147274017334,0.9594447016716003,0.23986117541790009,0.9274041652679443,0.23185104131698608,1.0349758863449097,0.2587439715862274,-1.0774623155593872,-0.2693655788898468,4.0855512619018555,1.0213878154754639
-1.3538563251495361,-0.33846408128738403,0.9532684087753296,0.2383171021938324,-0.49559569358825684,-0.12389892339706421,1.8314881324768066,0.45787203311920166,-0.13906104862689972,-0.03476526215672493,0.26068374514579773,0.06517093628644943,-2.4190731048583984,-0.6047682762145996,0.07855856418609619,0.019639641046524048,-0.2567402422428131,-0.06418506056070328,4.417544364929199,1.1043860912322998,-1.7734429836273193,-0.44336074590682983,-0.08191636204719543,-0.02047909051179886,0.14660915732383728,0.03665228933095932,-0.20098277926445007,-0.05024569481611252,-0.5663910508155823,-0.14159776270389557,-0.06360914558172226,-0.015902286395430565,-10.424680709838867,-2.606170177459717,-0.7469154596328735,-0.18672886490821838,0.5725387930870056,0.1431346982717514,-0.3744509220123291,-0.09361273050308228,-1.9085595607757568,-0.4771398901939392,-3.9994630813598633,-0.9998657703399658,-0.7891568541526794,-0.19728921353816986,9.790733337402344,2.447683334350586,0.4700714647769928,0.1175178661942482,-0.7311648726463318,-0.18279121816158295,0.9871185421943665,0.2467796355485916,-0.8164928555488586,-0.20412321388721466,4.725527763366699,1.1813819408416748
-1.477628231048584,-0.369407057762146,0.7374361157417297,0.18435902893543243,-0.43809449672698975,-0.10952362418174744,1.713032603263855,0.42825815081596375,-0.3581661283969879,-0.08954153209924698,0.208919495344162,0.0522298738360405,-2.467665910720825,-0.6169164776802063,0.009591326117515564,0.002397831529378891,-0.2133520394563675,-0.05333800986409187,4.285304069519043,1.0713260173797607,-1.696951985359192,-0.424237996339798,0.04436536133289337,0.011091340333223343,0.12416506558656693,0.03104126639664173,0.17934736609458923,0.04483684152364731,-0.34729140996932983,-0.08682285249233246,-0.45230355858802795,-0.11307588964700699,-10.190624237060547,-2.5476560592651367,-0.9608560800552368,-0.2402140200138092,-0.22970366477966309,-0.05742591619491577,-1.5433719158172607,-0.3858429789543152,-1.4468616247177124,-0.3617154061794281,-3.6952147483825684,-0.9238036870956421,0.1354619413614273,0.03386548534035683,9.712165832519531,2.428041458129883,0.6139112710952759,0.15347781777381897,0.9035544991493225,0.22588862478733063,1.2011253833770752,0.3002813458442688,-1.8380987644195557,-0.4595246911048889,4.2451887130737305,1.0612971782684326
-1.061884880065918,-0.2654712200164795,0.8703405857086182,0.21758514642715454,-0.5664974451065063,-0.1416243612766266,2.0125346183776855,0.5031336545944214,0.5198352932929993,0.12995882332324982,0.5123098492622375,0.1280774623155594,-2.499796152114868,-0.624949038028717,0.05766072869300842,0.014415182173252106,-0.2444448620080948,-0.0611112155020237,4.2707061767578125,1.0676765441894531,-1.7500643730163574,-0.43751609325408936,-0.13472601771354675,-0.03368150442838669,0.023738689720630646,0.0059346724301576614,-0.2027924656867981,-0.050698116421699524,-0.56675124168396,-0.14168781042099,-0.04684140905737877,-0.011710352264344692,-10.720088005065918,-2.6800220012664795,-0.8005527257919312,-0.2001381814479828,0.8905628323554993,0.22264070808887482,-0.22480377554893494,-0.056200943887233734,-1.9894529581069946,-0.49736323952674866,-3.9429469108581543,-0.9857367277145386,-0.7793359756469727,-0.19483399391174316,9.753499984741211,2.4383749961853027,0.38458648324012756,0.09614662081003189,-0.9048742651939392,-0.2262185662984848,1.1768916845321655,0.2942229211330414,-0.7904663681983948,-0.1976165920495987,4.712856292724609,1.1782140731811523
-1.0585918426513672,-0.2646479606628418,0.697555661201477,0.17438891530036926,-0.448882520198822,-0.1122206300497055,1.8968101739883423,0.47420254349708557,0.3275949954986572,0.0818987488746643,0.43568918108940125,0.10892229527235031,-2.6456282138824463,-0.6614070534706116,-0.08873943984508514,-0.022184859961271286,-0.17715278267860413,-0.04428819566965103,4.101545810699463,1.0253864526748657,-1.6080940961837769,-0.4020235240459442,-0.013537392020225525,-0.0033843480050563812,0.1334410309791565,0.033360257744789124,0.2840441167354584,0.0710110291838646,-0.42299818992614746,-0.10574954748153687,-0.399321585893631,-0.09983039647340775,-10.568800926208496,-2.642200231552124,-1.1121076345443726,-0.27802690863609314,-0.2247070074081421,-0.05617675185203552,-1.5446245670318604,-0.3861561417579651,-1.3874188661575317,-0.34685471653938293,-3.616563081741333,-0.9041407704353333,0.1779891401529312,0.0444972850382328,9.96331787109375,2.4908294677734375,0.5647717118263245,0.14119292795658112,1.1444536447525024,0.2861134111881256,1.3297854661941528,0.3324463665485382,-2.1906025409698486,-0.5476506352424622,4.032385349273682,1.0080963373184204
-0.6014294028282166,-0.15035735070705414,0.9974145889282227,0.24935364723205566,-0.572957456111908,-0.143239364027977,2.2891488075256348,0.5722872018814087,1.1803327798843384,0.2950831949710846,0.6622912287712097,0.16557280719280243,-2.7280097007751465,-0.6820024251937866,0.05914120376110077,0.014785300940275192,-0.2794067859649658,-0.06985169649124146,4.013808727264404,1.003452181816101,-1.7244800329208374,-0.43112000823020935,-0.218368798494339,-0.05459219962358475,-0.005767427384853363,-0.0014418568462133408,-0.1878780722618103,-0.046969518065452576,-0.6303308606147766,-0.15758271515369415,0.13630828261375427,0.03407707065343857,-10.973264694213867,-2.743316173553467,-0.6582282185554504,-0.1645570546388626,1.0034325122833252,0.2508581280708313,-0.11855912208557129,-0.029639780521392822,-2.317406415939331,-0.5793516039848328,-3.870445728302002,-0.9676114320755005,-0.8278715014457703,-0.20696787536144257,10.012372016906738,2.5030930042266846,0.3163643181324005,0.07909107953310013,-0.925152599811554,-0.2312881499528885,1.1243538856506348,0.2810884714126587,-0.5555389523506165,-0.1388847380876541,4.719819068908691,1.1799547672271729
-0.7229017615318298,-0.18072544038295746,0.7305257320404053,0.18263143301010132,-0.48171812295913696,-0.12042953073978424,2.3220672607421875,0.5805168151855469,1.2419430017471313,0.31048575043678284,0.6784337759017944,0.1696084439754486,-2.7775821685791016,-0.6943955421447754,-0.16716861724853516,-0.04179215431213379,-0.09895577281713486,-0.024738943204283714,3.6926138401031494,0.9231534600257874,-1.487031102180481,-0.37175777554512024,-0.12722310423851013,-0.03180577605962753,0.0656794011592865,0.016419850289821625,0.4668654501438141,0.11671636253595352,-0.4551866054534912,-0.1137966513633728,-0.5378190875053406,-0.13445477187633514,-10.751533508300781,-2.6878833770751953,-1.2387343645095825,-0.30968359112739563,-0.21974623203277588,-0.05493655800819397,-1.5911505222320557,-0.3977876305580139,-1.3490592241287231,-0.3372648060321808,-3.5445826053619385,-0.8861456513404846,0.5138483047485352,0.1284620761871338,10.381047248840332,2.595261812210083,0.6603051424026489,0.16507628560066223,1.467382788658142,0.3668456971645355,1.3649215698242188,0.3412303924560547,-2.5559535026550293,-0.6389883756637573,3.8678529262542725,0.9669632315635681
-0.5307986736297607,-0.13269966840744019,0.8191593885421753,0.20478984713554382,-0.43360888957977295,-0.10840222239494324,3.139512062072754,0.7848780155181885,2.1906285285949707,0.5476571321487427,1.2896546125411987,0.3224136531352997,-2.708526611328125,-0.6771316528320312,0.034452006220817566,0.008613001555204391,-0.18570728600025177,-0.04642682150006294,3.094400405883789,0.7736001014709473,-1.8707596063613892,-0.4676899015903473,-0.3245450258255005,-0.08113625645637512,-0.06659626960754395,-0.016649067401885986,-0.26353806257247925,-0.06588451564311981,-0.7154731750488281,-0.17886829376220703,0.33826306462287903,0.08456576615571976,-11.287550926208496,-2.821887731552124,-0.39322227239608765,-0.09830556809902191,1.416146993637085,0.35403674840927124,0.07999885082244873,0.019999712705612183,-2.5131824016571045,-0.6282956004142761,-3.7283694744110107,-0.9320923686027527,-0.5793336033821106,-0.14483340084552765,10.501008033752441,2.6252520084381104,0.0954456627368927,0.023861415684223175,-1.398518443107605,-0.34962961077690125,1.1297563314437866,0.28243908286094666,-1.180280327796936,-0.295070081949234,4.674780368804932,1.168695092201233
-1.0573230981826782,-0.26433077454566956,0.1591031700372696,0.0397757925093174,-0.027880273759365082,-0.0069700684398412704,3.5826163291931152,0.8956540822982788,2.254997968673706,0.5637494921684265,0.13834217190742493,0.03458554297685623,-2.5186655521392822,-0.6296663880348206,-0.22598502039909363,-0.05649625509977341,0.1507984697818756,0.0376996174454689,2.293309211730957,0.5733273029327393,-0.9900808930397034,-0.24752022325992584,0.2624480128288269,0.06561200320720673,0.22954219579696655,0.05738554894924164,0.8040736317634583,0.20101840794086456,-0.337832510471344,-0.084458127617836,-0.07753174751996994,-0.019382936879992485,-10.324905395507812,-2.581226348876953,-1.715009331703186,-0.4287523329257965,0.37885528802871704,0.09471382200717926,-1.9939810037612915,-0.4984952509403229,-0.6412310600280762,-0.16030776500701904,-3.187255620956421,-0.7968139052391052,0.23816534876823425,0.05954133719205856,10.698348999023438,2.6745872497558594,1.1425974369049072,0.2856493592262268,1.9461193084716797,0.4865298271179199,0.9882450699806213,0.24706126749515533,-2.3647360801696777,-0.5911840200424194,3.4574129581451416,0.8643532395362854
-1.8256815671920776,-0.4564203917980194,-0.2629922330379486,-0.06574805825948715,-0.05155868083238602,-0.012889670208096504,4.036255359649658,1.0090638399124146,-2.693596601486206,-0.6733991503715515,-0.8133036494255066,-0.20332591235637665,-1.4065338373184204,-0.3516334593296051,-0.5714290738105774,-0.14285726845264435,0.38392508029937744,0.09598127007484436,1.1999095678329468,0.2999773919582367,0.5846711993217468,0.1461677998304367,0.9629985094070435,0.24074962735176086,-0.10649999231100082,-0.026624998077750206,-1.4547438621520996,-0.3636859655380249,-0.8859800696372986,-0.22149501740932465,0.6282169222831726,0.15705423057079315,-11.136431694030762,-2.7841079235076904,-0.1942816823720932,-0.0485704205930233,1.5973224639892578,0.39933061599731445,0.2354791760444641,0.05886979401111603,-2.3292858600616455,-0.5823214650154114,-3.8118820190429688,-0.9529705047607422,-1.0935909748077393,-0.2733977437019348,10.617984771728516,2.654496192932129,0.27994847297668457,0.06998711824417114,-1.365728735923767,-0.3414321839809418,0.6650672554969788,0.1662668138742447,-0.9894937872886658,-0.24737344682216644,4.661770820617676,1.165442705154419
-2.0900392532348633,-0.5225098133087158,-0.3294326961040497,-0.08235817402601242,0.18957100808620453,0.04739275202155113,3.7359113693237305,0.9339778423309326,-2.0394535064697266,-0.5098633766174316,-0.5196301937103271,-0.1299075484275818,-1.0619544982910156,-0.2654886245727539,-0.9042705297470093,-0.22606763243675232,0.559821367263794,0.1399553418159485,1.4358588457107544,0.3589647114276886,0.45041605830192566,0.11260401457548141,1.6727097034454346,0.41817742586135864,0.18229392170906067,0.04557348042726517,-0.14315113425254822,-0.035787783563137054,-0.6637407541275024,-0.1659351885318756,-0.1916286051273346,-0.04790715128183365,-7.735725402832031,-1.9339313507080078,-1.3532131910324097,-0.3383032977581024,-0.6076953411102295,-0.15192383527755737,-1.6566269397735596,-0.4141567349433899,-1.5998725891113281,-0.39996814727783203,-3.2510831356048584,-0.8127707839012146,-0.3078194856643677,-0.07695487141609192,9.8967924118042,2.47419810295105,0.9844046831130981,0.24610117077827454,1.358514666557312,0.339628666639328,0.6399884223937988,0.1599971055984497,-2.30155086517334,-0.575387716293335,2.930419445037842,0.7326048612594604
-2.5730080604553223,-0.6432520151138306,-0.0694134458899498,-0.01735336147248745,-0.015096500515937805,-0.0037741251289844513,4.019331455230713,1.0048328638076782,-2.330216646194458,-0.5825541615486145,0.059211619198322296,0.014802904799580574,-1.1608630418777466,-0.29021576046943665,-0.5574421882629395,-0.13936054706573486,0.20493130385875702,0.051232825964689255,2.0853068828582764,0.5213267207145691,1.1658544540405273,0.29146361351013184,0.4931808412075043,0.12329521030187607,-0.30821558833122253,-0.07705389708280563,-1.2804977893829346,-0.32012444734573364,-0.7191944718360901,-0.17979861795902252,-0.5661629438400269,-0.1415407359600067,-8.982220649719238,-2.2455551624298096,-1.0046297311782837,-0.2511574327945709,1.4605071544647217,0.3651267886161804,0.33378738164901733,0.08344684541225433,-1.3029072284698486,-0.32572680711746216,-3.37788462638855,-0.8444711565971375,-1.1029787063598633,-0.2757446765899658,10.259886741638184,2.564971685409546,0.3760468363761902,0.09401170909404755,-1.5562537908554077,-0.38906344771385193,0.9512202143669128,0.2378050535917282,-1.755410075187683,-0.4388525187969208,3.5564239025115967,0.8891059756278992
-2.6659348011016846,-0.6664837002754211,-0.533682644367218,-0.1334206610918045,0.3604375123977661,0.09010937809944153,3.7228026390075684,0.9307006597518921,-1.607270359992981,-0.40181758999824524,-0.6948068737983704,-0.1737017184495926,-0.4480694830417633,-0.11201737076044083,-0.9493221044540405,-0.23733052611351013,0.0018259305506944656,0.0004564826376736164,2.7053959369659424,0.6763489842414856,2.152520179748535,0.5381300449371338,0.9659265279769897,0.24148163199424744,0.19884026050567627,0.04971006512641907,0.22348693013191223,0.05587173253297806,-0.9361193180084229,-0.2340298295021057,-1.7203997373580933,-0.4300999343395233,-8.4850435256958,-2.12126088142395,-1.0663975477218628,-0.2665993869304657,-1.4252800941467285,-0.35632002353668213,-1.1769548654556274,-0.29423871636390686,-1.826020359992981,-0.45650508999824524,-3.5004096031188965,-0.8751024007797241,0.1321275383234024,0.0330318845808506,10.315025329589844,2.578756332397461,0.6449837684631348,0.1612459421157837,1.0340076684951782,0.25850191712379456,0.7547374367713928,0.1886843591928482,-3.2919297218322754,-0.8229824304580688,2.9690439701080322,0.7422609925270081
-2.3211686611175537,-0.5802921652793884,0.11743400990962982,0.029358502477407455,0.007719948887825012,0.001929987221956253,3.368716239929199,0.8421790599822998,-1.1665031909942627,-0.2916257977485657,-0.40852394700050354,-0.10213098675012589,-0.9233062267303467,-0.23082655668258667,-0.16713573038578033,-0.041783932596445084,-0.08687123656272888,-0.02171780914068222,3.116952896118164,0.779238224029541,3.957063674926758,0.9892659187316895,1.2862104177474976,0.3215526044368744,-0.04508214443922043,-0.011270536109805107,-1.0354259014129639,-0.25885647535324097,-0.6663936972618103,-0.16659842431545258,0.6942533850669861,0.17356334626674652,-9.699214935302734,-2.4248037338256836,-1.0388180017471313,-0.25970450043678284,1.8598264455795288,0.4649566113948822,0.13675978779792786,0.034189946949481964,-2.4448583126068115,-0.6112145781517029,-4.568548202514648,-1.142137050628662,-0.9203818440437317,-0.23009546101093292,10.86794662475586,2.716986656188965,0.5650420784950256,0.1412605196237564,-0.46222370862960815,-0.11555592715740204,0.9223749041557312,0.2305937260389328,-0.6984580159187317,-0.17461450397968292,4.088665008544922,1.0221662521362305
-2.1221957206726074,-0.5305489301681519,-0.6777381896972656,-0.1694345474243164,-0.0044659823179244995,-0.0011164955794811249,1.7822927236557007,0.44557318091392517,-0.5274815559387207,-0.13187038898468018,-1.0266869068145752,-0.2566717267036438,-0.773506760597229,-0.19337669014930725,-0.4839809238910675,-0.12099523097276688,-0.11931528896093369,-0.02982882224023342,3.9722447395324707,0.9930611848831177,6.330200672149658,1.5825501680374146,2.7883169651031494,0.6970792412757874,-0.028876926749944687,-0.007219231687486172,0.25528404116630554,0.06382101029157639,-0.8848421573638916,-0.2212105393409729,-1.5518991947174072,-0.3879747986793518,-9.238040924072266,-2.3095102310180664,-0.3576042056083679,-0.08940105140209198,-1.0536539554595947,-0.2634134888648987,-1.8797227144241333,-0.4699306786060333,-2.0419604778289795,-0.5104901194572449,-3.731257915496826,-0.9328144788742065,0.6978515982627869,0.17446289956569672,11.545171737670898,2.8862929344177246,0.6079916954040527,0.15199792385101318,1.650803565979004,0.412700891494751,0.7731518745422363,0.19328796863555908,-3.11272931098938,-0.778182327747345,3.8669075965881348,0.9667268991470337
-2.1505918502807617,-0.5376479625701904,1.4103426933288574,0.35258567333221436,-0.23804961144924164,-0.05951240286231041,1.1459592580795288,0.2864898145198822,1.7730580568313599,0.44326451420783997,-0.6488414406776428,-0.1622103601694107,-1.9643871784210205,-0.4910967946052551,-0.49100372195243835,-0.12275093048810959,-0.07314354926347733,-0.01828588731586933,4.3808183670043945,1.0952045917510986,-0.6486064195632935,-0.16215160489082336,1.458503246307373,0.36462581157684326,-0.1255032867193222,-0.03137582167983055,0.1938054859638214,0.04845137149095535,-0.052037835121154785,-0.013009458780288696,0.1493929624557495,0.03734824061393738,-12.330153465270996,-3.082538366317749,-0.9091005325317383,-0.22727513313293457,2.6324238777160645,0.6581059694290161,-0.4586460590362549,-0.11466151475906372,-1.2249702215194702,-0.30624255537986755,-3.880601644515991,-0.9701504111289978,-0.10721442103385925,-0.026803605258464813,12.269111633300781,3.0672779083251953,0.7045704126358032,0.1761426031589508,-0.2542896866798401,-0.06357242166996002,1.8615118265151978,0.46537795662879944,-1.6810669898986816,-0.4202667474746704,3.138792037963867,0.7846980094909668
-1.5906132459640503,-0.3976533114910126,0.48551854491233826,0.12137963622808456,-0.6597241163253784,-0.1649310290813446,2.3455300331115723,0.5863825082778931,0.5786111950874329,0.14465279877185822,-0.5639801621437073,-0.14099504053592682,-1.6649333238601685,-0.4162333309650421,0.08870737254619598,0.022176843136548996,0.11619438976049423,0.029048597440123558,4.031101703643799,1.0077754259109497,-3.2460649013519287,-0.8115162253379822,-0.6796448826789856,-0.1699112206697464,0.6568124294281006,0.16420310735702515,0.42710375785827637,0.10677593946456909,-0.6838977336883545,-0.17097443342208862,-0.0862029418349266,-0.02155073545873165,-10.802290916442871,-2.7005727291107178,-0.5338184237480164,-0.1334546059370041,-1.5115320682525635,-0.37788301706314087,-0.603987991809845,-0.15099699795246124,-1.4618226289749146,-0.36545565724372864,-3.9168448448181152,-0.9792112112045288,-0.35812875628471375,-0.08953218907117844,10.672430992126465,2.668107748031616,1.1894816160202026,0.29737040400505066,1.3388868570327759,0.33472171425819397,0.5178645849227905,0.12946614623069763,-1.5410255193710327,-0.3852563798427582,3.9639108180999756,0.9909777045249939
-0.7489137649536133,-0.18722844123840332,1.6595046520233154,0.41487616300582886,-0.5922471880912781,-0.14806179702281952,2.0670719146728516,0.5167679786682129,1.1401444673538208,0.2850361168384552,0.6417263746261597,0.16043159365653992,-2.9235355854034424,-0.7308838963508606,-0.06349629163742065,-0.015874072909355164,-0.2824472486972809,-0.07061181217432022,4.151841163635254,1.0379602909088135,-2.2044074535369873,-0.5511018633842468,-0.34114933013916016,-0.08528733253479004,0.19257888197898865,0.04814472049474716,-0.2716524600982666,-0.06791311502456665,-0.5808126926422119,-0.14520317316055298,1.2543754577636719,0.31359386444091797,-10.865300178527832,-2.716325044631958,-0.8388696908950806,-0.20971742272377014,2.0824599266052246,0.5206149816513062,-0.3289683163166046,-0.08224207907915115,-3.2035741806030273,-0.8008935451507568,-3.9750819206237793,-0.9937704801559448,-1.1342657804489136,-0.2835664451122284,10.49644660949707,2.6241116523742676,0.41061338782310486,0.10265334695577621,-1.3776743412017822,-0.34441858530044556,1.5263937711715698,0.38159844279289246,-1.340976595878601,-0.33524414896965027,3.983344793319702,0.9958361983299255
-1.7740201950073242,-0.44350504875183105,0.4322837293148041,0.10807093232870102,-0.5456705689430237,-0.13641764223575592,1.932519555091858,0.4831298887729645,0.2620040476322174,0.06550101190805435,-0.006454668939113617,-0.0016136672347784042,-2.0834715366363525,-0.5208678841590881,-0.1190597340464592,-0.0297649335116148,0.004774199798703194,0.0011935499496757984,3.9560232162475586,0.9890058040618896,-1.9708986282348633,-0.4927246570587158,-0.10026654601097107,-0.025066636502742767,0.02063439041376114,0.005158597603440285,0.2539348900318146,0.06348372250795364,-0.43676137924194336,-0.10919034481048584,-1.7489045858383179,-0.43722614645957947,-9.741981506347656,-2.435495376586914,-0.9228880405426025,-0.23072201013565063,-1.5355958938598633,-0.3838989734649658,-1.798970341682434,-0.4497425854206085,-0.6271563768386841,-0.15678909420967102,-3.277122735977173,-0.8192806839942932,0.5179859399795532,0.1294964849948883,9.518866539001465,2.379716634750366,1.1710104942321777,0.29275262355804443,1.6465649604797363,0.4116412401199341,0.3439069390296936,0.0859767347574234,-2.116229772567749,-0.5290574431419373,4.3241448402404785,1.0810362100601196
-1.3253434896469116,-0.3313358724117279,0.7462668418884277,0.18656671047210693,-0.6415897607803345,-0.16039744019508362,2.344686508178711,0.5861716270446777,1.9546018838882446,0.48865047097206116,0.6100808382034302,0.15252020955085754,-2.2531380653381348,-0.5632845163345337,0.2313854992389679,0.057846374809741974,-0.21245037019252777,-0.05311259254813194,4.319262504577637,1.0798156261444092,-2.006427764892578,-0.5016069412231445,-0.2953413128852844,-0.0738353282213211,0.12427910417318344,0.03106977604329586,-0.3363475799560547,-0.08408689498901367,-0.5479743480682373,-0.13699358701705933,0.7402636408805847,0.18506591022014618,-10.908246040344238,-2.7270615100860596,-0.653488278388977,-0.16337206959724426,2.257730484008789,0.5644326210021973,0.2747986912727356,0.0686996728181839,-2.3376352787017822,-0.5844088196754456,-3.5764567852020264,-0.8941141963005066,-0.8643261790275574,-0.21608154475688934,10.036617279052734,2.5091543197631836,0.2744719982147217,0.06861799955368042,-1.469861388206482,-0.3674653470516205,1.7391560077667236,0.4347890019416809,-0.41440361738204956,-0.10360090434551239,4.356558799743652,1.089139699935913
-0.8256722688674927,-0.20641806721687317,0.5385701656341553,0.13464254140853882,-0.45276105403900146,-0.11319026350975037,2.4157495498657227,0.6039373874664307,1.2784308195114136,0.3196077048778534,0.09048905223608017,0.022622263059020042,-2.6897568702697754,-0.6724392175674438,-0.22468352317810059,-0.056170880794525146,-0.1279398649930954,-0.03198496624827385,3.892819404602051,0.9732048511505127,-1.5638461112976074,-0.39096152782440186,-0.04635556787252426,-0.011588891968131065,0.23236438632011414,0.058091096580028534,0.4868415296077728,0.1217103824019432,-0.511799693107605,-0.12794992327690125,-0.7167087197303772,-0.1791771799325943,-10.219457626342773,-2.5548644065856934,-1.1088956594467163,-0.2772239148616791,-1.040827751159668,-0.260206937789917,-2.1175694465637207,-0.5293923616409302,-1.4391443729400635,-0.35978609323501587,-3.353321075439453,-0.8383302688598633,0.32543858885765076,0.08135964721441269,10.136616706848145,2.534154176712036,1.0533647537231445,0.26334118843078613,1.9770039319992065,0.49425098299980164,0.6656770706176758,0.16641926765441895,-2.87349271774292,-0.71837317943573,3.828427791595459,0.9571069478988647
-0.6932693719863892,-0.1733173429965973,0.8885153532028198,0.22212883830070496,-0.5772771835327148,-0.1443192958831787,2.8624625205993652,0.7156156301498413,2.7158029079437256,0.6789507269859314,0.5911720395088196,0.1477930098772049,-2.5451455116271973,-0.6362863779067993,0.29992207884788513,0.07498051971197128,-0.2582876682281494,-0.06457191705703735,3.848867416381836,0.962216854095459,-1.7764828205108643,-0.44412070512771606,-0.32898589968681335,-0.08224647492170334,-0.052327610552310944,-0.013081902638077736,-0.5253192186355591,-0.13132980465888977,-0.7138748168945312,-0.1784687042236328,0.5638408660888672,0.1409602165222168,-11.205815315246582,-2.8014538288116455,-0.36169564723968506,-0.09042391180992126,2.2453269958496094,0.5613317489624023,0.34071868658065796,0.08517967164516449,-2.539015531539917,-0.6347538828849792,-4.091518878936768,-1.022879719734192,-0.9608539938926697,-0.24021349847316742,10.27402114868164,2.56850528717041,0.2376558929681778,0.05941397324204445,-1.8746733665466309,-0.4686683416366577,1.4119148254394531,0.3529787063598633,-0.1895408183336258,-0.04738520458340645,4.993908405303955,1.2484771013259888
-1.0598790645599365,-0.26496976613998413,0.22493083775043488,0.05623270943760872,-0.33455467224121094,-0.08363866806030273,3.1824803352355957,0.7956200838088989,3.02543044090271,0.7563576102256775,0.11030302196741104,0.02757575549185276,-2.469648838043213,-0.6174122095108032,-0.2236601710319519,-0.055915042757987976,0.1363278180360794,0.03408195450901985,3.2580838203430176,0.8145209550857544,-1.0678534507751465,-0.2669633626937866,-0.02055227756500244,-0.00513806939125061,0.16206994652748108,0.04051748663187027,0.8520841002464294,0.21302102506160736,-0.511809766292572,-0.127952441573143,-0.8377477526664734,-0.20943693816661835,-10.454197883605957,-2.6135494709014893,-1.294674277305603,-0.32366856932640076,-0.9346832633018494,-0.23367081582546234,-2.329235315322876,-0.582308828830719,-1.017764687538147,-0.25444117188453674,-3.029752731323242,-0.7574381828308105,0.8528552651405334,0.21321381628513336,10.71883773803711,2.6797094345092773,1.0601218938827515,0.26503047347068787,2.237644910812378,0.5594112277030945,0.8883140087127686,0.22207850217819214,-3.890803813934326,-0.9727009534835815,3.511014223098755,0.8777535557746887
-0.9257624745368958,-0.23144061863422394,0.677893877029419,0.16947346925735474,-0.21636605262756348,-0.05409151315689087,4.154893398284912,1.038723349571228,3.923635244369507,0.9809088110923767,0.0658530667424202,0.01646326668560505,-2.549182415008545,-0.6372956037521362,0.19627270102500916,0.04906817525625229,-0.2869424521923065,-0.07173561304807663,2.4640698432922363,0.6160174608230591,-1.7987759113311768,-0.4496939778327942,-0.2596472501754761,-0.06491181254386902,0.15683722496032715,0.03920930624008179,-0.4152074456214905,-0.10380186140537262,-0.6879992485046387,-0.17199981212615967,0.8429062366485596,0.2107265591621399,-11.826189994812012,-2.956547498703003,-0.17668427526950836,-0.04417106881737709,2.4215023517608643,0.6053755879402161,0.5283693671226501,0.13209234178066254,-2.809380292892456,-0.702345073223114,-4.24614953994751,-1.0615373849868774,-0.9789939522743225,-0.24474848806858063,11.16044807434082,2.790112018585205,0.0028821537271142006,0.0007205384317785501,-1.8275282382965088,-0.4568820595741272,1.2310336828231812,0.3077584207057953,-0.30339354276657104,-0.07584838569164276,5.200287818908691,1.3000719547271729
-2.1734137535095215,-0.5433534383773804,-0.6955026388168335,-0.17387565970420837,0.18213312327861786,0.045533280819654465,4.177586078643799,1.0443965196609497,-1.155167818069458,-0.2887919545173645,-1.0172641277313232,-0.2543160319328308,-1.8500827550888062,-0.46252068877220154,-0.7382497787475586,-0.18456244468688965,0.6148528456687927,0.15371321141719818,1.160868763923645,0.29021719098091125,0.9153000116348267,0.22882500290870667,1.4641350507736206,0.36603376269340515,0.12229018658399582,0.030572546645998955,0.1512538194656372,0.0378134548664093,-0.29332655668258667,-0.07333163917064667,-0.7656724452972412,-0.1914181113243103,-10.118385314941406,-2.5295963287353516,-1.8538556098937988,-0.4634639024734497,-0.46009209752082825,-0.11502302438020706,-2.570870876312256,-0.642717719078064,-0.4292190670967102,-0.10730476677417755,-2.844160556793213,-0.7110401391983032,-0.0889250636100769,-0.022231265902519226,10.40937614440918,2.602344036102295,1.6737433671951294,0.41843584179878235,2.4665143489837646,0.6166285872459412,0.6386984586715698,0.15967461466789246,-2.7986793518066406,-0.6996698379516602,3.1822853088378906,0.7955713272094727
-2.0791540145874023,-0.5197885036468506,0.1036486029624939,0.025912150740623474,-0.07879786938428879,-0.019699467346072197,3.606191635131836,0.901547908782959,-3.404553174972534,-0.8511382937431335,0.07894446700811386,0.019736116752028465,-1.0455001592636108,-0.2613750398159027,-0.5062628984451294,-0.12656572461128235,0.39091426134109497,0.09772856533527374,1.8375743627548218,0.45939359068870544,0.12482593953609467,0.031206484884023666,-0.41920918226242065,-0.10480229556560516,-0.22358787059783936,-0.05589696764945984,-1.0973446369171143,-0.27433615922927856,-0.9083977341651917,-0.2270994335412979,0.5930372476577759,0.14825931191444397,-10.676116943359375,-2.6690292358398438,-0.10355277359485626,-0.025888193398714066,1.7417588233947754,0.43543970584869385,0.751042366027832,0.187760591506958,-2.0721027851104736,-0.5180256962776184,-3.667715549468994,-0.9169288873672485,-1.027430534362793,-0.25685763359069824,10.218245506286621,2.5545613765716553,-0.21703779697418213,-0.05425944924354553,-2.0040605068206787,-0.5010151267051697,0.6606860756874084,0.1651715189218521,-0.45686274766921997,-0.11421568691730499,4.320082187652588,1.080020546913147
-2.584721326828003,-0.6461803317070007,-0.45871445536613464,-0.11467861384153366,0.22719357907772064,0.05679839476943016,4.024216175079346,1.0060540437698364,-1.7484924793243408,-0.4371231198310852,-0.12990304827690125,-0.03247576206922531,-1.1414806842803955,-0.2853701710700989,-1.2405238151550293,-0.3101309537887573,0.340360164642334,0.0850900411605835,1.7277923822402954,0.43194809556007385,1.349367618560791,0.33734190464019775,0.4528176188468933,0.11320440471172333,0.012084290385246277,0.003021072596311569,-0.15426456928253174,-0.038566142320632935,-0.6919316053390503,-0.17298290133476257,-1.7520619630813599,-0.43801549077033997,-8.357117652893066,-2.0892794132232666,-1.6344863176345825,-0.40862157940864563,-1.4263739585876465,-0.3565934896469116,-1.8102686405181885,-0.4525671601295471,-1.459989309310913,-0.36499732732772827,-2.9959473609924316,-0.7489868402481079,0.1741952747106552,0.0435488186776638,10.272087097167969,2.568021774291992,0.9162994623184204,0.2290748655796051,1.361663818359375,0.34041595458984375,0.9472730159759521,0.23681825399398804,-4.100569248199463,-1.0251423120498657,2.479172706604004,0.619793176651001
-2.476860284805298,-0.6192150712013245,0.29239922761917114,0.07309980690479279,-0.06702056527137756,-0.01675514131784439,3.9101853370666504,0.9775463342666626,-1.519548773765564,-0.379887193441391,-0.0014039799571037292,-0.0003509949892759323,-1.1563730239868164,-0.2890932559967041,-0.7266775369644165,-0.18166938424110413,0.03835798054933548,0.00958949513733387,2.5335633754730225,0.6333908438682556,1.2789677381515503,0.3197419345378876,0.44678831100463867,0.11169707775115967,0.007376726716756821,0.0018441816791892052,-0.8093688488006592,-0.2023422122001648,-0.6606088280677795,-0.16515220701694489,-0.5867579579353333,-0.1466894894838333,-9.749034881591797,-2.437258720397949,-0.9916069507598877,-0.24790173768997192,1.1824626922607422,0.29561567306518555,0.7440917491912842,0.18602293729782104,-1.8044995069503784,-0.4511248767375946,-4.292148113250732,-1.073037028312683,-0.9805282950401306,-0.24513207376003265,10.613361358642578,2.6533403396606445,0.7075887322425842,0.17689718306064606,-0.518665611743927,-0.12966640293598175,0.7539762258529663,0.18849405646324158,0.2653077244758606,0.06632693111896515,4.266719341278076,1.066679835319519
-2.1632182598114014,-0.5408045649528503,-0.5305554270744324,-0.1326388567686081,-0.046712957322597504,-0.011678239330649376,3.01223087310791,0.7530577182769775,-0.5804764628410339,-0.14511911571025848,-0.5000681281089783,-0.12501703202724457,-0.9801458120346069,-0.24503645300865173,-0.8941839933395386,-0.22354599833488464,0.3146507740020752,0.0786626935005188,3.0380523204803467,0.7595130801200867,4.205320358276367,1.0513300895690918,1.2366315126419067,0.3091578781604767,-0.004388853907585144,-0.001097213476896286,-0.0486757829785347,-0.012168945744633675,-0.9478497505187988,-0.2369624376296997,-0.30339309573173523,-0.07584827393293381,-8.29195499420166,-2.072988748550415,-0.5471322536468506,-0.13678306341171265,-0.7986664772033691,-0.19966661930084229,-1.7620713710784912,-0.4405178427696228,-2.257711172103882,-0.5644277930259705,-3.6224634647369385,-0.9056158661842346,0.1733311414718628,0.0433327853679657,10.963778495788574,2.7409446239471436,0.4468724727630615,0.11171811819076538,0.5714964270591736,0.1428741067647934,0.8889211416244507,0.22223028540611267,-4.004594326019287,-1.0011485815048218,3.7014458179473877,0.9253614544868469
-2.2017765045166016,-0.5504441261291504,0.46737322211265564,0.11684330552816391,-0.387506902217865,-0.09687672555446625,1.8266726732254028,0.4566681683063507,-0.09853433072566986,-0.024633582681417465,-0.8616335391998291,-0.21540838479995728,-1.346547245979309,-0.33663681149482727,-0.2900030016899109,-0.07250075042247772,-0.29614725708961487,-0.07403681427240372,4.0301432609558105,1.0075358152389526,4.364205360412598,1.0910513401031494,2.3049886226654053,0.5762471556663513,-0.4386141896247864,-0.1096535474061966,-0.6544939279556274,-0.16362348198890686,-0.41916072368621826,-0.10479018092155457,-0.5478028655052185,-0.13695071637630463,-10.15421199798584,-2.53855299949646,-1.1319074630737305,-0.2829768657684326,1.6454005241394043,0.4113501310348511,-0.13192883133888245,-0.03298220783472061,-1.0314348936080933,-0.2578587234020233,-3.939019203186035,-0.9847548007965088,0.1596013307571411,0.03990033268928528,11.805465698242188,2.951366424560547,0.36871060729026794,0.09217765182256699,0.05164369195699692,0.01291092298924923,1.2714027166366577,0.31785067915916443,-1.8784518241882324,-0.4696129560470581,3.6712119579315186,0.9178029894828796
-2.336261510848999,-0.5840653777122498,0.978710412979126,0.2446776032447815,-0.43920308351516724,-0.10980077087879181,1.54873526096344,0.38718381524086,1.583060622215271,0.39576515555381775,-0.11920627951622009,-0.029801569879055023,-1.534642219543457,-0.38366055488586426,-0.3105009198188782,-0.07762522995471954,0.14061293005943298,0.035153232514858246,4.422116279602051,1.1055290699005127,-2.956824779510498,-0.7392061948776245,0.27800193428993225,0.06950048357248306,0.6365668773651123,0.15914171934127808,1.391316294670105,0.34782907366752625,-0.3908396363258362,-0.09770990908145905,-0.36728301644325256,-0.09182075411081314,-11.7312650680542,-2.93281626701355,-1.3691530227661133,-0.3422882556915283,0.020307840779423714,0.005076960194855928,-1.2491176128387451,-0.3122794032096863,-1.5033615827560425,-0.3758403956890106,-3.557620048522949,-0.8894050121307373,-0.08514121174812317,-0.021285302937030792,12.469127655029297,3.117281913757324,1.6142454147338867,0.4035613536834717,1.9124493598937988,0.4781123399734497,1.1367539167404175,0.28418847918510437,-1.8864967823028564,-0.4716241955757141,3.224019765853882,0.8060049414634705
-1.0071442127227783,-0.2517860531806946,1.4142321348190308,0.3535580337047577,-0.7096636891365051,-0.17741592228412628,2.184185028076172,0.546046257019043,0.4541635811328888,0.1135408952832222,-0.06204167753458023,-0.015510419383645058,-2.6398797035217285,-0.6599699258804321,0.12374213337898254,0.030935533344745636,-0.24798254668712616,-0.06199563667178154,4.099566459655762,1.0248916149139404,-2.3912487030029297,-0.5978121757507324,-0.6497091054916382,-0.16242727637290955,0.18319293856620789,0.04579823464155197,-0.5879749059677124,-0.1469937264919281,-0.8313984870910645,-0.2078496217727661,0.9844353795051575,0.24610884487628937,-10.57394027709961,-2.6434850692749023,-0.14819703996181488,-0.03704925999045372,0.5290948748588562,0.13227371871471405,0.07865393161773682,0.019663482904434204,-2.4887239933013916,-0.6221809983253479,-4.6856584548950195,-1.1714146137237549,-0.7615111470222473,-0.19037778675556183,10.730046272277832,2.682511568069458,0.11249783635139465,0.028124459087848663,-1.0237584114074707,-0.2559396028518677,0.94875568151474,0.237188920378685,-1.217205286026001,-0.30430132150650024,4.82342529296875,1.2058563232421875
-1.844996690750122,-0.4612491726875305,0.7538483142852783,0.18846207857131958,-0.46953678131103516,-0.11738419532775879,1.5141512155532837,0.3785378038883209,-0.624496340751648,-0.156124085187912,0.15491563081741333,0.03872890770435333,-2.4850258827209473,-0.6212564706802368,0.04442611336708069,0.011106528341770172,-0.11550166457891464,-0.02887541614472866,4.142101764678955,1.0355254411697388,-2.307281494140625,-0.5768203735351562,0.011474616825580597,0.0028686542063951492,0.12703031301498413,0.03175757825374603,0.7558331489562988,0.1889582872390747,-0.157157763838768,-0.039289440959692,-0.8278780579566956,-0.2069695144891739,-9.427356719970703,-2.356839179992676,-1.3139729499816895,-0.32849323749542236,-0.35125410556793213,-0.08781352639198303,-1.952768325805664,-0.488192081451416,-1.3340922594070435,-0.33352306485176086,-3.7797651290893555,-0.9449412822723389,0.41487357020378113,0.10371839255094528,10.20029067993164,2.55007266998291,1.0751535892486572,0.2687883973121643,1.3260276317596436,0.3315069079399109,1.1353304386138916,0.2838326096534729,-2.4932379722595215,-0.6233094930648804,4.309106349945068,1.077276587486267
-1.429573893547058,-0.3573934733867645,1.0072354078292847,0.25180885195732117,-0.6629997491836548,-0.1657499372959137,1.9830316305160522,0.49575790762901306,-0.03505704924464226,-0.008764262311160564,0.15934383869171143,0.039835959672927856,-2.1942148208618164,-0.5485537052154541,0.0650615245103836,0.0162653811275959,-0.2995297312736511,-0.07488243281841278,4.488500118255615,1.1221250295639038,-2.030200481414795,-0.5075501203536987,-0.20269381999969482,-0.050673454999923706,0.0810486301779747,0.020262157544493675,-0.57172030210495,-0.1429300755262375,-0.8640676736831665,-0.21601691842079163,-0.5604204535484314,-0.14010511338710785,-10.204986572265625,-2.5512466430664062,-0.4198629856109619,-0.10496574640274048,0.30711010098457336,0.07677752524614334,0.1910264492034912,0.0477566123008728,-2.250844717025757,-0.5627111792564392,-4.334879398345947,-1.0837198495864868,-0.8821786642074585,-0.22054466605186462,9.88189697265625,2.4704742431640625,0.5036191940307617,0.12590479850769043,-1.1856504678726196,-0.2964126169681549,0.8668227791786194,0.21670569479465485,-0.3926067352294922,-0.09815168380737305,5.242338180541992,1.310584545135498
-1.8037914037704468,-0.4509478509426117,0.2675330936908722,0.06688327342271805,-0.32018744945526123,-0.08004686236381531,1.5077641010284424,0.3769410252571106,-0.7602574825286865,-0.19006437063217163,-0.010574795305728912,-0.002643698826432228,-2.471719741821289,-0.6179299354553223,0.07409459352493286,0.018523648381233215,-0.12459229677915573,-0.031148074194788933,4.329080104827881,1.0822700262069702,-1.8567674160003662,-0.46419185400009155,0.09849229454994202,0.024623073637485504,0.2465251386165619,0.06163128465414047,0.5820077061653137,0.14550192654132843,-0.16352827847003937,-0.04088206961750984,-0.3705427348613739,-0.09263568371534348,-10.054211616516113,-2.5135529041290283,-1.1888023614883423,-0.29720059037208557,-0.07036697864532471,-0.017591744661331177,-2.1134605407714844,-0.5283651351928711,-1.0168113708496094,-0.25420284271240234,-3.1425182819366455,-0.7856295704841614,0.005547408014535904,0.001386852003633976,9.94986629486084,2.48746657371521,0.8583245277404785,0.21458113193511963,1.5326424837112427,0.38316062092781067,1.307900071144104,0.326975017786026,-1.5589343309402466,-0.38973358273506165,3.805912733078003,0.9514781832695007
-0.9641247391700745,-0.24103118479251862,0.8423339128494263,0.21058347821235657,-0.5464680194854736,-0.1366170048713684,2.096628189086914,0.5241570472717285,0.24707414209842682,0.061768535524606705,-0.23734363913536072,-0.05933590978384018,-2.416250705718994,-0.6040626764297485,0.16276872158050537,0.04069218039512634,-0.383083313703537,-0.09577082842588425,4.4467291831970215,1.1116822957992554,-1.6752629280090332,-0.4188157320022583,0.015055790543556213,0.0037639476358890533,-0.0026690661907196045,-0.0006672665476799011,-0.6129286885261536,-0.1532321721315384,-0.8385442495346069,-0.20963606238365173,-0.6276069283485413,-0.15690173208713531,-11.035261154174805,-2.758815288543701,-0.550194263458252,-0.137548565864563,0.23016822338104248,0.05754205584526062,0.30518925189971924,0.07629731297492981,-2.596745014190674,-0.6491862535476685,-4.120938777923584,-1.030234694480896,-0.4601231515407562,-0.11503078788518906,10.025946617126465,2.506486654281616,0.3246506154537201,0.08116265386343002,-1.1572315692901611,-0.2893078923225403,0.9415324330329895,0.23538310825824738,-0.6769359111785889,-0.16923397779464722,4.764448165893555,1.1911120414733887
-1.5343849658966064,-0.3835962414741516,0.509821355342865,0.12745533883571625,-0.50348961353302,-0.125872403383255,1.6777453422546387,0.41943633556365967,0.4297896921634674,0.10744742304086685,0.02781175822019577,0.0069529395550489426,-2.459599256515503,-0.6148998141288757,0.016315609216690063,0.004078902304172516,-0.06359847635030746,-0.015899619087576866,4.356143474578857,1.0890358686447144,-1.5075290203094482,-0.37688225507736206,0.027288950979709625,0.006822237744927406,0.0863289162516594,0.02158222906291485,0.5924726724624634,0.14811816811561584,-0.2459627389907837,-0.06149068474769592,0.03877309337258339,0.009693273343145847,-10.705401420593262,-2.6763503551483154,-1.1760426759719849,-0.2940106689929962,0.5951166152954102,0.14877915382385254,-2.1202030181884766,-0.5300507545471191,-0.46970272064208984,-0.11742568016052246,-3.2089178562164307,-0.8022294640541077,0.1877497285604477,0.04693743214011192,10.34692096710205,2.5867302417755127,0.6469161510467529,0.16172903776168823,1.2877800464630127,0.3219450116157532,1.3429354429244995,0.3357338607311249,-2.3084559440612793,-0.5771139860153198,3.611401319503784,0.902850329875946
-0.6343416571617126,-0.15858541429042816,0.9909763336181641,0.24774408340454102,-0.6666322946548462,-0.16665807366371155,2.2679061889648438,0.5669765472412109,1.0858765840530396,0.2714691460132599,-0.04920853674411774,-0.012302134186029434,-2.668015241622925,-0.6670038104057312,0.006363213062286377,0.0015908032655715942,-0.27326712012290955,-0.06831678003072739,4.3235931396484375,1.0808982849121094,-1.645869255065918,-0.4114673137664795,-0.024534165859222412,-0.006133541464805603,0.021670766174793243,0.005417691543698311,-0.6099370121955872,-0.1524842530488968,-0.7615424990653992,-0.1903856247663498,-0.2874041497707367,-0.07185103744268417,-11.56270694732666,-2.890676736831665,-0.7399023175239563,-0.18497557938098907,0.35100018978118896,0.08775004744529724,0.31148338317871094,0.07787084579467773,-2.793670892715454,-0.6984177231788635,-4.058808326721191,-1.0147020816802979,-0.7467547655105591,-0.18668869137763977,10.418421745300293,2.6046054363250732,0.2829499840736389,0.07073749601840973,-0.9197892546653748,-0.2299473136663437,1.2467402219772339,0.31168505549430847,-0.8095608353614807,-0.20239020884037018,4.442265033721924,1.110566258430481
-1.1438055038452148,-0.2859513759613037,0.668691873550415,0.16717296838760376,-0.4710390567779541,-0.11775976419448853,1.9070961475372314,0.47677403688430786,0.702816367149353,0.17570409178733826,-0.31587329506874084,-0.07896832376718521,-2.7191431522369385,-0.6797857880592346,-0.03322291374206543,-0.008305728435516357,-0.10201504081487656,-0.02550376020371914,4.185488224029541,1.0463720560073853,-1.4062637090682983,-0.3515659272670746,0.038554027676582336,0.009638506919145584,0.19268089532852173,0.04817022383213043,0.25194063782691956,0.06298515945672989,-0.22668536007404327,-0.05667134001851082,0.10812590271234512,0.02703147567808628,-10.518759727478027,-2.629689931869507,-1.0404963493347168,-0.2601240873336792,0.7998719215393066,0.19996798038482666,-1.8545868396759033,-0.46364670991897583,-0.5757243633270264,-0.1439310908317566,-3.349795341491699,-0.8374488353729248,-0.13657495379447937,-0.03414373844861984,10.228321075439453,2.5570802688598633,0.8403558135032654,0.21008895337581635,1.4855914115905762,0.37139785289764404,1.156696081161499,0.28917402029037476,-1.7214720249176025,-0.43036800622940063,3.607720136642456,0.901930034160614
-0.4013514518737793,-0.10033786296844482,1.1158952713012695,0.2789738178253174,-0.6485267877578735,-0.16213169693946838,2.308143138885498,0.5770357847213745,1.4725065231323242,0.36812663078308105,-0.30339279770851135,-0.07584819942712784,-2.7990241050720215,-0.6997560262680054,-0.048468217253685,-0.01211705431342125,-0.24793322384357452,-0.06198330596089363,4.1881608963012695,1.0470402240753174,-1.5927071571350098,-0.39817678928375244,0.011705324053764343,0.002926331013441086,-0.055152811110019684,-0.013788202777504921,-0.12880854308605194,-0.032202135771512985,-0.796048104763031,-0.19901202619075775,-0.44763559103012085,-0.11190889775753021,-11.289623260498047,-2.8224058151245117,-0.38870924711227417,-0.09717731177806854,0.21173065900802612,0.05293266475200653,0.16032832860946655,0.04008208215236664,-2.2342069149017334,-0.5585517287254333,-3.86088228225708,-0.96522057056427,-0.24864092469215393,-0.06216023117303848,10.367530822753906,2.5918827056884766,0.08176332712173462,0.020440831780433655,-0.8892816305160522,-0.22232040762901306,1.1690618991851807,0.29226547479629517,-1.0829136371612549,-0.2707284092903137,4.575826644897461,1.1439566612243652
-1.1298235654830933,-0.2824558913707733,1.039643406867981,0.25991085171699524,-0.6301718354225159,-0.15754295885562897,1.9192821979522705,0.4798205494880676,1.2944780588150024,0.3236195147037506,-0.294108122587204,-0.073527030646801,-2.6800966262817383,-0.6700241565704346,-0.1606103926897049,-0.040152598172426224,-0.0139386635273695,-0.003484665881842375,4.054766654968262,1.0136916637420654,-1.50091552734375,-0.3752288818359375,0.008201070129871368,0.002050267532467842,0.1142231747508049,0.028555793687701225,0.3664270043373108,0.0916067510843277,-0.18312157690525055,-0.04578039422631264,0.0897974744439125,0.022449368610978127,-10.586010932922363,-2.646502733230591,-1.3546556234359741,-0.33866390585899353,0.8495223522186279,0.21238058805465698,-1.8483636379241943,-0.4620909094810486,-1.062778353691101,-0.26569458842277527,-3.4180941581726074,-0.8545235395431519,0.18261313438415527,0.04565328359603882,10.529352188110352,2.632338047027588,1.0208191871643066,0.25520479679107666,1.5566498041152954,0.38916245102882385,1.348067045211792,0.337016761302948,-2.1713294982910156,-0.5428323745727539,3.6148266792297363,0.9037066698074341
-0.3998587131500244,-0.0999646782875061,1.2264049053192139,0.30660122632980347,-0.7068219780921936,-0.1767054945230484,2.3977556228637695,0.5994389057159424,1.5426239967346191,0.3856559991836548,-0.1881846785545349,-0.04704616963863373,-2.7550642490386963,-0.6887660622596741,-0.19072701036930084,-0.04768175259232521,-0.2049931138753891,-0.051248278468847275,4.0732293128967285,1.0183073282241821,-1.652550458908081,-0.41313761472702026,-0.12218073010444641,-0.030545182526111603,0.017773188650608063,0.004443297162652016,-0.3490297496318817,-0.08725743740797043,-0.8369540572166443,-0.20923851430416107,-0.3458816707134247,-0.08647041767835617,-11.174511909484863,-2.793627977371216,-0.32711994647979736,-0.08177998661994934,0.06565248966217041,0.016413122415542603,0.29698896408081055,0.07424724102020264,-2.5890724658966064,-0.6472681164741516,-3.9735360145568848,-0.9933840036392212,-0.7797389030456543,-0.19493472576141357,10.515416145324707,2.6288540363311768,0.13694442808628082,0.034236107021570206,-1.0327891111373901,-0.25819727778434753,1.0136345624923706,0.25340864062309265,-0.8131604790687561,-0.20329011976718903,4.711581230163574,1.1778953075408936
-1.1610755920410156,-0.2902688980102539,0.8902109861373901,0.22255274653434753,-0.5571274757385254,-0.13928186893463135,1.9375991821289062,0.48439979553222656,1.2261604070663452,0.3065401017665863,-0.23205405473709106,-0.058013513684272766,-2.5507869720458984,-0.6376967430114746,-0.04288680851459503,-0.010721702128648758,-0.025205640122294426,-0.0063014100305736065,3.973158359527588,0.993289589881897,-1.5134291648864746,-0.37835729122161865,0.011227309703826904,0.002806827425956726,0.032493047416210175,0.008123261854052544,0.3734552562236786,0.09336381405591965,-0.25815534591674805,-0.06453883647918701,-0.127151221036911,-0.03178780525922775,-10.481649398803711,-2.6204123497009277,-1.4042384624481201,-0.35105961561203003,0.7371976375579834,0.18429940938949585,-1.858013391494751,-0.46450334787368774,-0.7666034698486328,-0.1916508674621582,-3.2790205478668213,-0.8197551369667053,0.40021276473999023,0.10005319118499756,10.491795539855957,2.6229488849639893,0.8351165652275085,0.20877914130687714,1.5149294137954712,0.3787323534488678,1.421210527420044,0.355302631855011,-2.518585443496704,-0.629646360874176,3.4262468814849854,0.8565617203712463
-0.4454836845397949,-0.11137092113494873,1.1467998027801514,0.28669995069503784,-0.7802395224571228,-0.1950598806142807,2.588686943054199,0.6471717357635498,2.084848165512085,0.5212120413780212,-0.18513455986976624,-0.04628363996744156,-2.5554394721984863,-0.6388598680496216,-0.09905096888542175,-0.024762742221355438,-0.2199094295501709,-0.054977357387542725,3.962165355682373,0.9905413389205933,-1.740587592124939,-0.43514689803123474,-0.18054655194282532,-0.04513663798570633,0.0394803062081337,0.009870076552033424,-0.33223697543144226,-0.08305924385786057,-0.869347870349884,-0.217336967587471,-0.3001307249069214,-0.07503268122673035,-11.079541206359863,-2.769885301589966,-0.48805707693099976,-0.12201426923274994,0.24101081490516663,0.060252703726291656,0.44751930236816406,0.11187982559204102,-2.830101251602173,-0.7075253129005432,-3.9008872509002686,-0.9752218127250671,-0.7027706503868103,-0.17569266259670258,10.669538497924805,2.667384624481201,0.3546372354030609,0.08865930885076523,-1.106286883354187,-0.27657172083854675,0.9371504187583923,0.23428760468959808,-1.049022912979126,-0.2622557282447815,4.58136510848999,1.1453412771224976
-0.7283079624176025,-0.18207699060440063,0.9090890884399414,0.22727227210998535,-0.544133722782135,-0.13603343069553375,2.2858638763427734,0.5714659690856934,1.9661074876785278,0.49152687191963196,-0.24328482151031494,-0.060821205377578735,-2.7037878036499023,-0.6759469509124756,-0.09235425293445587,-0.023088563233613968,-0.045733742415905,-0.01143343560397625,3.776017665863037,0.9440044164657593,-1.396979570388794,-0.3492448925971985,-0.05621466040611267,-0.014053665101528168,0.11945968121290207,0.029864920303225517,0.32117703557014465,0.08029425889253616,-0.3711809515953064,-0.0927952378988266,0.07453963905572891,0.018634909763932228,-10.332484245300293,-2.5831210613250732,-1.3089181184768677,-0.3272295296192169,0.9250432848930359,0.23126082122325897,-1.9093654155731201,-0.47734135389328003,-0.8921908736228943,-0.22304771840572357,-3.273942232131958,-0.8184855580329895,0.07086393237113953,0.01771598309278488,10.609163284301758,2.6522908210754395,0.7831715941429138,0.19579289853572845,1.4130851030349731,0.3532712757587433,1.4803533554077148,0.3700883388519287,-2.314668655395508,-0.578667163848877,3.365103006362915,0.8412757515907288
-0.3932710886001587,-0.09831777215003967,1.0561065673828125,0.2640266418457031,-0.6880401968955994,-0.17201004922389984,2.795767307281494,0.6989418268203735,2.586751699447632,0.646687924861908,-0.2853813171386719,-0.07134532928466797,-2.587068796157837,-0.6467671990394592,-0.00724107027053833,-0.0018102675676345825,-0.1836608499288559,-0.045915212482213974,3.7116620540618896,0.9279155135154724,-1.6736494302749634,-0.41841235756874084,-0.12409380078315735,-0.031023450195789337,-0.08616574108600616,-0.02154143527150154,-0.14714545011520386,-0.036786362528800964,-0.9275828003883362,-0.23189570009708405,-0.5833568572998047,-0.14583921432495117,-10.826791763305664,-2.706697940826416,-0.3591402769088745,-0.08978506922721863,-0.11061364412307739,-0.027653411030769348,0.2588467001914978,0.06471167504787445,-2.7551190853118896,-0.6887797713279724,-3.8103713989257812,-0.9525928497314453,-0.2899083197116852,-0.0724770799279213,10.776681900024414,2.6941704750061035,0.3048113286495209,0.07620283216238022,-0.9042348861694336,-0.2260587215423584,0.836098849773407,0.20902471244335175,-1.5211787223815918,-0.38029468059539795,4.6341400146484375,1.1585350036621094
-1.0184779167175293,-0.2546194791793823,0.8047910928726196,0.2011977732181549,-0.517384946346283,-0.12934623658657074,2.5331978797912598,0.6332994699478149,2.6509454250335693,0.6627363562583923,-0.2751804292201996,-0.0687951073050499,-2.463198184967041,-0.6157995462417603,-0.06354951858520508,-0.01588737964630127,0.009818131104111671,0.002454532776027918,3.492030143737793,0.8730075359344482,-1.3525352478027344,-0.3381338119506836,-0.1174871176481247,-0.029371779412031174,0.13671475648880005,0.03417868912220001,0.34515056014060974,0.08628764003515244,-0.353818416595459,-0.08845460414886475,0.18947038054466248,0.04736759513616562,-10.028203010559082,-2.5070507526397705,-1.435854434967041,-0.35896360874176025,1.3521451950073242,0.33803629875183105,-1.7116353511810303,-0.42790883779525757,-0.9443761110305786,-0.23609402775764465,-3.412282943725586,-0.8530707359313965,-0.11193349957466125,-0.027983374893665314,10.874922752380371,2.7187306880950928,0.934039831161499,0.23350995779037476,1.0575848817825317,0.26439622044563293,1.4620649814605713,0.3655162453651428,-2.2897911071777344,-0.5724477767944336,3.4196321964263916,0.8549080491065979
-0.28036242723464966,-0.07009060680866241,0.7679775953292847,0.19199439883232117,-0.45621955394744873,-0.11405488848686218,3.487337589263916,0.871834397315979,3.185976982116699,0.7964942455291748,-0.4242790639400482,-0.10606976598501205,-2.6401047706604004,-0.6600261926651001,-0.023923322558403015,-0.005980830639600754,-0.21199993789196014,-0.052999984472990036,3.1141574382781982,0.7785393595695496,-1.4704049825668335,-0.3676012456417084,-0.11225110292434692,-0.02806277573108673,0.004377387464046478,0.0010943468660116196,-0.19125346839427948,-0.04781336709856987,-0.9875954985618591,-0.24689887464046478,-0.34101176261901855,-0.08525294065475464,-10.666891098022461,-2.6667227745056152,-0.236022487282753,-0.05900562182068825,-0.08328008651733398,-0.020820021629333496,0.08043190836906433,0.020107977092266083,-2.6301724910736084,-0.6575431227684021,-3.8741626739501953,-0.9685406684875488,-0.3857666552066803,-0.09644166380167007,10.96995735168457,2.7424893379211426,0.21169427037239075,0.05292356759309769,-0.8417816162109375,-0.21044540405273438,0.8226913809776306,0.20567284524440765,-1.8074558973312378,-0.45186397433280945,4.661024570465088,1.165256142616272
-1.0824493169784546,-0.27061232924461365,0.4640549123287201,0.11601372808218002,-0.1835060715675354,-0.04587651789188385,3.7129712104797363,0.9282428026199341,4.179112911224365,1.0447782278060913,-0.977107048034668,-0.244276762008667,-2.3894872665405273,-0.5973718166351318,0.037257663905620575,0.009314415976405144,0.03483463078737259,0.008708657696843147,2.512749433517456,0.628187358379364,-1.165144920349121,-0.2912862300872803,-0.011068806052207947,-0.0027672015130519867,0.2040984034538269,0.051024600863456726,0.5356748700141907,0.13391871750354767,-0.3865352272987366,-0.09663380682468414,0.3557746410369873,0.08894366025924683,-9.454198837280273,-2.3635497093200684,-1.3581939935684204,-0.3395484983921051,1.6283196210861206,0.40707990527153015,-1.8580529689788818,-0.46451324224472046,-1.0374362468719482,-0.25935906171798706,-3.53572154045105,-0.8839303851127625,-0.15562820434570312,-0.03890705108642578,10.90234661102295,2.7255866527557373,1.052671194076538,0.2631677985191345,0.9981578588485718,0.24953946471214294,1.3752392530441284,0.3438098132610321,-1.8658901453018188,-0.4664725363254547,3.3296782970428467,0.8324195742607117
-1.739876627922058,-0.4349691569805145,0.10748519003391266,0.026871297508478165,-0.16026009619235992,-0.04006502404808998,4.397377967834473,1.0993444919586182,1.2109366655349731,0.3027341663837433,-0.6792390942573547,-0.16980977356433868,-1.6268607378005981,-0.40671518445014954,-0.32925647497177124,-0.08231411874294281,0.2015490084886551,0.05038725212216377,1.7550015449523926,0.43875038623809814,-0.008921172469854355,-0.0022302931174635887,0.6763893365859985,0.16909733414649963,0.06123853474855423,0.015309633687138557,-0.47128480672836304,-0.11782120168209076,-0.8953702449798584,-0.2238425612449646,-0.32203975319862366,-0.08050993829965591,-10.968066215515137,-2.742016553878784,-0.5362389087677002,-0.13405972719192505,0.08922761678695679,0.022306904196739197,0.1554935723543167,0.03887339308857918,-2.2592036724090576,-0.5648009181022644,-3.9068942070007324,-0.9767235517501831,-0.11800545454025269,-0.02950136363506317,11.60421371459961,2.9010534286499023,0.5321783423423767,0.13304458558559418,-0.42342835664749146,-0.10585708916187286,0.39442646503448486,0.09860661625862122,-2.220059871673584,-0.555014967918396,4.511758327484131,1.1279395818710327
-2.188581705093384,-0.547145426273346,-0.486684650182724,-0.121671162545681,0.17640022933483124,0.04410005733370781,3.4817848205566406,0.8704462051391602,-3.495912790298462,-0.8739781975746155,-0.46393585205078125,-0.11598396301269531,-1.0585606098175049,-0.2646401524543762,-0.9227080345153809,-0.23067700862884521,0.3764342963695526,0.09410857409238815,1.2732490301132202,0.31831225752830505,0.17041677236557007,0.04260419309139252,0.3686714172363281,0.09216785430908203,-0.07503709942102432,-0.01875927485525608,-0.5115982294082642,-0.12789955735206604,-0.5320531725883484,-0.1330132931470871,-0.06159856542944908,-0.01539964135736227,-8.683594703674316,-2.170898675918579,-1.1882129907608032,-0.2970532476902008,1.0914545059204102,0.27286362648010254,-1.374344825744629,-0.3435862064361572,-0.53023761510849,-0.1325594037771225,-3.5510551929473877,-0.8877637982368469,-0.8631976842880249,-0.21579942107200623,10.17499828338623,2.5437495708465576,0.8732845187187195,0.21832112967967987,0.7326011061668396,0.1831502765417099,0.9729214310646057,0.24323035776615143,-1.1956243515014648,-0.2989060878753662,3.043311357498169,0.7608278393745422
-2.4336440563201904,-0.6084110140800476,-0.209348663687706,-0.0523371659219265,0.1409100592136383,0.035227514803409576,4.214217662811279,1.0535544157028198,-2.1423707008361816,-0.5355926752090454,0.031945399940013885,0.007986349985003471,-1.222934603691101,-0.30573365092277527,-0.9899828433990479,-0.24749571084976196,-0.05032777041196823,-0.012581942602992058,1.8656264543533325,0.46640661358833313,-0.05511872097849846,-0.013779680244624615,0.6053389310836792,0.1513347327709198,0.11589760333299637,0.028974400833249092,-0.5043286681175232,-0.1260821670293808,-1.1133652925491333,-0.2783413231372833,-1.6892715692520142,-0.42231789231300354,-8.188431739807129,-2.0471079349517822,-0.9602605700492859,-0.24006514251232147,-1.2517907619476318,-0.31294769048690796,0.30426138639450073,0.07606534659862518,-2.413975238800049,-0.6034938097000122,-3.3263025283813477,-0.8315756320953369,-0.9626081585884094,-0.24065203964710236,10.508816719055176,2.627204179763794,0.4811887741088867,0.12029719352722168,-0.8109269142150879,-0.20273172855377197,0.5657064318656921,0.14142660796642303,-2.1473605632781982,-0.5368401408195496,2.8189585208892822,0.7047396302223206
-2.178528070449829,-0.5446320176124573,-0.08012675493955612,-0.02003168873488903,0.11195187270641327,0.027987968176603317,3.9453330039978027,0.9863332509994507,-1.3254520893096924,-0.3313630223274231,-0.07246745377779007,-0.018116863444447517,-1.3815971612930298,-0.34539929032325745,-0.912682294845581,-0.22817057371139526,0.07097824662923813,0.017744561657309532,2.198390245437622,0.5495975613594055,0.6705795526504517,0.16764488816261292,0.4828557074069977,0.12071392685174942,-0.02141278237104416,-0.00535319559276104,-0.511405348777771,-0.12785133719444275,-0.5345374345779419,-0.13363435864448547,-0.08121409267187119,-0.020303523167967796,-7.732017993927002,-1.9330044984817505,-0.8337955474853516,-0.2084488868713379,0.9913251399993896,0.2478312849998474,-0.9831932187080383,-0.24579830467700958,-1.2078274488449097,-0.3019568622112274,-4.2748308181762695,-1.0687077045440674,-0.16095386445522308,-0.04023846611380577,9.977327346801758,2.4943318367004395,0.3623869717121124,0.0905967429280281,0.148041769862175,0.03701044246554375,1.0156934261322021,0.25392335653305054,-1.4011577367782593,-0.3502894341945648,3.396441698074341,0.8491104245185852
-2.156308650970459,-0.5390771627426147,-0.18301387131214142,-0.045753467828035355,-0.1782790720462799,-0.04456976801156998,3.576338768005371,0.8940846920013428,-0.9457725286483765,-0.23644313216209412,-0.3236151933670044,-0.0809037983417511,-1.1754230260849,-0.293855756521225,-0.8239327669143677,-0.20598319172859192,0.11990465968847275,0.029976164922118187,2.677363395690918,0.6693408489227295,1.9155755043029785,0.47889387607574463,1.0554382801055908,0.2638595700263977,-0.057799145579338074,-0.014449786394834518,-0.26159536838531494,-0.06539884209632874,-0.7875450253486633,-0.19688625633716583,-0.8956215977668762,-0.22390539944171906,-8.074018478393555,-2.0185046195983887,-1.1574223041534424,-0.2893555760383606,-1.0155069828033447,-0.2538767457008362,-0.3815027177333832,-0.0953756794333458,-2.541051149368286,-0.6352627873420715,-3.587057590484619,-0.8967643976211548,-0.07976028323173523,-0.019940070807933807,10.797990798950195,2.699497699737549,0.8931084871292114,0.22327712178230286,0.5626099705696106,0.14065249264240265,0.46969103813171387,0.11742275953292847,-1.8981420993804932,-0.4745355248451233,3.6044089794158936,0.9011022448539734
-2.298604726791382,-0.5746511816978455,-0.07192237675189972,-0.01798059418797493,-0.11814305186271667,-0.02953576296567917,2.3285622596740723,0.5821405649185181,-0.0715930312871933,-0.017898257821798325,-0.7697967290878296,-0.1924491822719574,-1.0632007122039795,-0.2658001780509949,-0.13804614543914795,-0.03451153635978699,-0.4370429515838623,-0.10926073789596558,3.6527810096740723,0.9131952524185181,3.516329526901245,0.8790823817253113,1.7476489543914795,0.4369122385978699,-0.27674973011016846,-0.06918743252754211,-0.21619883179664612,-0.05404970794916153,-0.4758625030517578,-0.11896562576293945,-0.4798371493816376,-0.1199592873454094,-9.659744262695312,-2.414936065673828,-0.9581714868545532,-0.2395428717136383,1.6547974348068237,0.41369935870170593,-0.9845655560493469,-0.24614138901233673,-0.46073979139328003,-0.11518494784832001,-3.589536428451538,-0.8973841071128845,0.6854762434959412,0.1713690608739853,11.389325141906738,2.8473312854766846,0.21602946519851685,0.05400736629962921,0.40436840057373047,0.10109210014343262,1.1404492855072021,0.28511232137680054,-1.3064137697219849,-0.3266034424304962,3.4902148246765137,0.8725537061691284
-2.5470082759857178,-0.6367520689964294,0.820624589920044,0.205156147480011,-0.4888508915901184,-0.1222127228975296,0.6842858791351318,0.17107146978378296,0.4640183448791504,0.1160045862197876,-0.5722011923789978,-0.14305029809474945,-1.5885286331176758,-0.39713215827941895,-0.017793796956539154,-0.0044484492391347885,-0.014154339209198952,-0.003538584802299738,4.237369537353516,1.059342384338379,-2.3320562839508057,-0.5830140709877014,1.2152279615402222,0.30380699038505554,0.19612303376197815,0.04903075844049454,1.248643159866333,0.31216078996658325,-0.22727055847644806,-0.056817639619112015,-0.648673415184021,-0.16216835379600525,-11.141056060791016,-2.785264015197754,-1.112758994102478,-0.2781897485256195,-0.4329301118850708,-0.1082325279712677,-0.8498231172561646,-0.21245577931404114,-1.6497215032577515,-0.41243037581443787,-3.3847670555114746,-0.8461917638778687,0.5143771767616272,0.1285942941904068,11.909059524536133,2.977264881134033,1.3254187107086182,0.33135467767715454,1.1471962928771973,0.2867990732192993,0.8536766171455383,0.21341915428638458,-2.0443572998046875,-0.5110893249511719,3.4866325855255127,0.8716581463813782
-2.029808521270752,-0.507452130317688,0.4039335250854492,0.1009833812713623,-0.5882240533828735,-0.14705601334571838,1.6307657957077026,0.40769144892692566,-1.2943509817123413,-0.3235877454280853,-0.4299158453941345,-0.10747896134853363,-1.8811951875686646,-0.47029879689216614,0.42155715823173523,0.10538928955793381,-0.23296956717967987,-0.05824239179491997,3.8853719234466553,0.9713429808616638,-2.581692695617676,-0.645423173904419,-0.4846154451370239,-0.12115386128425598,0.4678521156311035,0.11696302890777588,-0.32984328269958496,-0.08246082067489624,-0.4573945999145508,-0.1143486499786377,0.6190135478973389,0.15475338697433472,-11.19780158996582,-2.799450397491455,-0.6025356650352478,-0.15063391625881195,1.0445680618286133,0.2611420154571533,-0.1532878279685974,-0.03832195699214935,-1.697762370109558,-0.4244405925273895,-4.085329055786133,-1.0213322639465332,-0.7249554991722107,-0.18123887479305267,10.346334457397461,2.5865836143493652,0.2833409905433655,0.07083524763584137,-0.9157368540763855,-0.22893421351909637,1.3522354364395142,0.33805885910987854,-0.5856201648712158,-0.14640504121780396,3.729400634765625,0.9323501586914062
-2.291865348815918,-0.5729663372039795,0.6200731992721558,0.15501829981803894,-0.36029404401779175,-0.09007351100444794,0.3545037508010864,0.0886259377002716,-2.406911849975586,-0.6017279624938965,-0.2603248953819275,-0.06508122384548187,-2.2277846336364746,-0.5569461584091187,0.35263291001319885,0.08815822750329971,-0.30259841680526733,-0.07564960420131683,3.958073377609253,0.9895183444023132,-2.5470998287200928,-0.6367749571800232,0.5251455307006836,0.1312863826751709,0.13269400596618652,0.03317350149154663,1.220872402191162,0.3052181005477905,0.034684427082538605,0.008671106770634651,-1.0581923723220825,-0.26454809308052063,-10.4459867477417,-2.611496686935425,-1.2668986320495605,-0.31672465801239014,-1.1555311679840088,-0.2888827919960022,-1.8017864227294922,-0.45044660568237305,-1.5282626152038574,-0.38206565380096436,-2.9147465229034424,-0.7286866307258606,0.6081191301345825,0.15202978253364563,10.154151916503906,2.5385379791259766,0.9085652828216553,0.22714132070541382,1.533597707748413,0.38339942693710327,0.7820311188697815,0.19550777971744537,-1.2311902046203613,-0.30779755115509033,3.036041259765625,0.7590103149414062
-2.1649587154388428,-0.5412396788597107,0.8133285045623779,0.20333212614059448,-0.5736870169639587,-0.14342175424098969,1.038665771484375,0.25966644287109375,-1.4946070909500122,-0.37365177273750305,-0.2857211232185364,-0.0714302808046341,-1.715276837348938,-0.4288192093372345,0.27563461661338806,0.06890865415334702,-0.3323062062263489,-0.08307655155658722,4.079261302947998,1.0198153257369995,-1.905757188796997,-0.47643929719924927,0.002544030547142029,0.0006360076367855072,0.21641820669174194,0.054104551672935486,-0.09703365713357925,-0.024258414283394814,-0.49008387327194214,-0.12252096831798553,-0.13548913598060608,-0.03387228399515152,-11.341225624084473,-2.835306406021118,-0.6824566721916199,-0.17061416804790497,1.409786581993103,0.35244664549827576,0.1260642409324646,0.03151606023311615,-1.0015270709991455,-0.2503817677497864,-3.8308441638946533,-0.9577110409736633,-0.840938150882721,-0.21023453772068024,10.449036598205566,2.6122591495513916,0.833645224571228,0.208411306142807,-1.5060901641845703,-0.3765225410461426,0.9620539546012878,0.24051348865032196,-0.11767227947711945,-0.02941806986927986,3.635730504989624,0.908932626247406
-1.980783462524414,-0.4951958656311035,0.42253896594047546,0.10563474148511887,-0.37478548288345337,-0.09369637072086334,0.7654774188995361,0.19136935472488403,-1.753043293952942,-0.4382608234882355,-0.5682862401008606,-0.14207156002521515,-1.9857875108718872,-0.4964468777179718,0.12899155914783478,0.032247889786958694,-0.09518732875585556,-0.02379683218896389,4.016441822052002,1.0041104555130005,-1.8293004035949707,-0.4573251008987427,0.37263792753219604,0.09315948188304901,0.2502342760562897,0.06255856901407242,0.6200165748596191,0.15500414371490479,-0.1055356115102768,-0.0263839028775692,-0.5457832217216492,-0.1364458054304123,-11.223594665527344,-2.805898666381836,-0.8862336277961731,-0.22155840694904327,-0.7767674922943115,-0.19419187307357788,-2.125152587890625,-0.5312881469726562,-0.6754133701324463,-0.16885334253311157,-2.9417097568511963,-0.7354274392127991,0.5709249973297119,0.14273124933242798,10.141983032226562,2.5354957580566406,0.9257279634475708,0.2314319908618927,1.2843419313430786,0.32108548283576965,0.8916319608688354,0.22290799021720886,-1.6685593128204346,-0.41713982820510864,3.32344126701355,0.8308603167533875
-1.2780250310897827,-0.3195062577724457,0.6284550428390503,0.15711376070976257,-0.42084836959838867,-0.10521209239959717,1.5683815479278564,0.3920953869819641,-0.7113915085792542,-0.17784787714481354,-0.6795626282691956,-0.1698906570672989,-2.020880699157715,-0.5052201747894287,0.2560917139053345,0.06402292847633362,-0.4540317952632904,-0.1135079488158226,3.930846929550171,0.9827117323875427,-1.4336990118026733,-0.35842475295066833,0.26464754343032837,0.06616188585758209,0.12199389189481735,0.030498472973704338,-0.659014105796814,-0.1647535264492035,-0.6709510087966919,-0.16773775219917297,-0.0016318517737090588,-0.0004079629434272647,-11.805642127990723,-2.9514105319976807,-0.31481075286865234,-0.07870268821716309,0.867252767086029,0.21681319177150726,0.32932114601135254,0.08233028650283813,-2.5063884258270264,-0.6265971064567566,-4.199968338012695,-1.0499920845031738,-1.310542345046997,-0.32763558626174927,10.285168647766113,2.5712921619415283,0.44432681798934937,0.11108170449733734,-2.0112457275390625,-0.5028114318847656,0.8064915537834167,0.2016228884458542,0.18456502258777618,0.046141255646944046,3.946648120880127,0.9866620302200317
-1.470028281211853,-0.36750707030296326,0.35143932700157166,0.08785983175039291,-0.4010218381881714,-0.10025545954704285,1.050977349281311,0.26274433732032776,-0.7040542364120483,-0.17601355910301208,-0.6545327305793762,-0.16363318264484406,-2.1046037673950195,-0.5261509418487549,0.08958950638771057,0.022397376596927643,-0.05062635987997055,-0.012656589969992638,3.7916617393493652,0.9479154348373413,-1.3630454540252686,-0.34076136350631714,0.25309473276138306,0.06327368319034576,0.16175752878189087,0.04043938219547272,0.6612345576286316,0.1653086394071579,-0.15296483039855957,-0.03824120759963989,-0.720075786113739,-0.18001894652843475,-11.622163772583008,-2.905540943145752,-1.304398775100708,-0.326099693775177,-0.2504993677139282,-0.06262484192848206,-2.4561691284179688,-0.6140422821044922,-0.4068530797958374,-0.10171326994895935,-3.0779731273651123,-0.7694932818412781,0.7578872442245483,0.18947181105613708,10.781044960021973,2.695261240005493,1.023371696472168,0.255842924118042,1.5736066102981567,0.3934016525745392,1.1278055906295776,0.2819513976573944,-3.039848566055298,-0.7599621415138245,2.855701208114624,0.713925302028656
-0.9052583575248718,-0.22631458938121796,0.6226560473442078,0.15566401183605194,-0.5593567490577698,-0.13983918726444244,2.1164114475250244,0.5291028618812561,0.3686795234680176,0.0921698808670044,-0.5082208514213562,-0.12705521285533905,-1.8720122575759888,-0.4680030643939972,0.1739385724067688,0.0434846431016922,-0.32300204038619995,-0.08075051009654999,3.4185690879821777,0.8546422719955444,-1.4745571613311768,-0.3686392903327942,0.19472172856330872,0.04868043214082718,-0.04766657203435898,-0.011916643008589745,-1.0342473983764648,-0.2585618495941162,-0.7771247625350952,-0.1942811906337738,0.18837961554527283,0.04709490388631821,-12.607513427734375,-3.1518783569335938,-0.03400610387325287,-0.008501525968313217,0.8141785860061646,0.20354464650154114,0.7984659671783447,0.19961649179458618,-2.8076395988464355,-0.7019098997116089,-4.210834503173828,-1.052708625793457,-0.9518365263938904,-0.2379591315984726,10.644774436950684,2.661193609237671,0.08375704288482666,0.020939260721206665,-2.149603843688965,-0.5374009609222412,0.708328902721405,0.17708222568035126,0.572340190410614,0.1430850476026535,4.208475589752197,1.0521188974380493
-1.3372282981872559,-0.33430707454681396,-0.17026874423027039,-0.042567186057567596,-0.1577819287776947,-0.039445482194423676,0.7118124961853027,0.17795312404632568,-0.26490721106529236,-0.06622680276632309,-0.7347815036773682,-0.18369537591934204,-1.9279335737228394,-0.48198339343070984,0.24241003394126892,0.06060250848531723,0.029540659859776497,0.007385164964944124,3.3663909435272217,0.8415977358818054,-1.1324341297149658,-0.28310853242874146,0.19306129217147827,0.04826532304286957,0.06912822276353836,0.01728205569088459,1.227990984916687,0.30699774622917175,-0.27774864435195923,-0.06943716108798981,-0.7479254603385925,-0.18698136508464813,-12.02060604095459,-3.0051515102386475,-1.9464534521102905,-0.48661336302757263,0.15716105699539185,0.03929026424884796,-2.6252472400665283,-0.6563118100166321,0.5025342106819153,0.12563355267047882,-2.574568748474121,-0.6436421871185303,0.5812531113624573,0.14531327784061432,11.449877738952637,2.862469434738159,1.1201757192611694,0.28004392981529236,1.6686043739318848,0.4171510934829712,1.3585933446884155,0.3396483361721039,-3.758988857269287,-0.9397472143173218,2.1146249771118164,0.5286562442779541
-0.8521054983139038,-0.21302637457847595,0.7082709074020386,0.17706772685050964,-0.49702465534210205,-0.12425616383552551,2.3497824668884277,0.5874456167221069,0.5434810519218445,0.13587026298046112,-1.5764120817184448,-0.3941030204296112,-1.9642788171768188,-0.4910697042942047,-0.042879343032836914,-0.010719835758209229,-0.31637412309646606,-0.07909353077411652,2.729139804840088,0.682284951210022,-1.2170100212097168,-0.3042525053024292,0.40871790051460266,0.10217947512865067,0.02042878419160843,0.005107196047902107,-1.0734705924987793,-0.2683676481246948,-0.6259840726852417,-0.15649601817131042,0.5916608572006226,0.14791521430015564,-13.332968711853027,-3.333242177963257,0.19474388659000397,0.04868597164750099,0.7587039470672607,0.18967598676681519,0.9276844263076782,0.23192110657691956,-2.4798877239227295,-0.6199719309806824,-4.185623645782471,-1.0464059114456177,-0.7667663097381592,-0.1916915774345398,11.45374870300293,2.8634371757507324,-0.04890510439872742,-0.012226276099681854,-1.9331637620925903,-0.4832909405231476,0.45336776971817017,0.11334194242954254,1.078522801399231,0.26963070034980774,4.1558518409729,1.038962960243225
-0.9287534356117249,-0.2321883589029312,0.008334336802363396,0.002083584200590849,-0.0020604953169822693,-0.0005151238292455673,1.1139709949493408,0.2784927487373352,-0.1156444400548935,-0.028911110013723373,-1.0326056480407715,-0.25815141201019287,-2.0262839794158936,-0.5065709948539734,0.16434679925441742,0.041086699813604355,-0.019254056736826897,-0.004813514184206724,2.377880573272705,0.5944701433181763,-0.919367790222168,-0.229841947555542,0.7254626750946045,0.18136566877365112,0.1384129524230957,0.034603238105773926,1.8655551671981812,0.4663887917995453,-0.3209264278411865,-0.08023160696029663,-0.415374755859375,-0.10384368896484375,-12.163236618041992,-3.040809154510498,-1.9891026020050049,-0.4972756505012512,0.19959861040115356,0.04989965260028839,-2.670344352722168,-0.667586088180542,0.14578823745250702,0.036447059363126755,-2.3123016357421875,-0.5780754089355469,0.7728279829025269,0.1932069957256317,12.10228157043457,3.0255703926086426,1.0009198188781738,0.25022995471954346,1.5035518407821655,0.3758879601955414,1.5023448467254639,0.37558621168136597,-3.837340831756592,-0.959335207939148,1.8404226303100586,0.46010565757751465
-1.1887359619140625,-0.2971839904785156,1.241031527519226,0.3102578818798065,-0.5417951941490173,-0.13544879853725433,4.114872455596924,1.028718113899231,-1.795345664024353,-0.44883641600608826,-0.13532710075378418,-0.033831775188446045,-1.7931691408157349,-0.4482922852039337,-0.9175858497619629,-0.22939646244049072,-0.13214756548404694,-0.033036891371011734,1.3104138374328613,0.32760345935821533,-1.615659236907959,-0.40391480922698975,-0.26280707120895386,-0.06570176780223846,-0.018571488559246063,-0.004642872139811516,-2.142045736312866,-0.5355114340782166,-0.6926553845405579,-0.17316384613513947,1.262596607208252,0.315649151802063,-13.572519302368164,-3.393129825592041,0.4250798225402832,0.1062699556350708,1.0107223987579346,0.25268059968948364,0.9021284580230713,0.22553211450576782,-2.5499660968780518,-0.6374915242195129,-4.120203018188477,-1.0300507545471191,-0.5499451160430908,-0.1374862790107727,12.014741897583008,3.003685474395752,0.5271791815757751,0.1317947953939438,-1.1091800928115845,-0.2772950232028961,0.4137895703315735,0.10344739258289337,0.31952863931655884,0.07988215982913971,4.517151832580566,1.1292879581451416
-1.6125777959823608,-0.4031444489955902,-0.5305076241493225,-0.13262690603733063,0.27869081497192383,0.06967270374298096,3.372127056121826,0.8430317640304565,-2.648167610168457,-0.6620419025421143,-0.6698487997055054,-0.16746219992637634,-0.8204777240753174,-0.20511943101882935,-0.9808992147445679,-0.24522480368614197,0.2917828857898712,0.0729457214474678,1.295584797859192,0.323896199464798,0.7468843460083008,0.1867210865020752,0.27712151408195496,0.06928037852048874,-0.025677241384983063,-0.006419310346245766,0.4748922288417816,0.1187230572104454,-0.8901476263999939,-0.22253690659999847,-0.8468976616859436,-0.2117244154214859,-8.875802993774414,-2.2189507484436035,-1.8885865211486816,-0.4721466302871704,-0.5207846164703369,-0.13019615411758423,-1.9812110662460327,-0.4953027665615082,-1.1910333633422852,-0.2977583408355713,-2.1450772285461426,-0.5362693071365356,-0.5120124220848083,-0.1280031055212021,9.779109954833984,2.444777488708496,0.7320483326911926,0.18301208317279816,0.7783183455467224,0.1945795863866806,1.3921641111373901,0.34804102778434753,-3.129668712615967,-0.7824171781539917,2.4344303607940674,0.6086075901985168
-2.515535831451416,-0.628883957862854,-0.1948319673538208,-0.0487079918384552,0.09585700929164886,0.023964252322912216,3.4325132369995117,0.8581283092498779,-2.1445252895355225,-0.5361313223838806,-0.2878042757511139,-0.07195106893777847,-0.4799887537956238,-0.11999718844890594,-0.24924947321414948,-0.06231236830353737,-0.1988811045885086,-0.04972027614712715,2.251666307449341,0.5629165768623352,1.2059694528579712,0.3014923632144928,1.0749075412750244,0.2687268853187561,-0.11729839444160461,-0.029324598610401154,-1.3758784532546997,-0.3439696133136749,-0.49131709337234497,-0.12282927334308624,-0.9947559237480164,-0.2486889809370041,-9.493721961975098,-2.3734304904937744,-0.5357805490493774,-0.13394513726234436,0.4161754250526428,0.1040438562631607,0.6555521488189697,0.16388803720474243,-2.4797627925872803,-0.6199406981468201,-3.170621871948242,-0.7926554679870605,-0.23365914821624756,-0.05841478705406189,10.018533706665039,2.5046334266662598,0.41056016087532043,0.10264004021883011,-0.7294526696205139,-0.18236316740512848,0.49591732025146484,0.12397933006286621,-0.9142946600914001,-0.22857366502285004,3.595111846923828,0.898777961730957
-2.5515027046203613,-0.6378756761550903,-0.5529674887657166,-0.13824187219142914,0.36587953567504883,0.09146988391876221,3.085418701171875,0.7713546752929688,-1.0443183183670044,-0.2610795795917511,-0.674353301525116,-0.168588325381279,0.009706579148769379,0.0024266447871923447,-1.2682212591171265,-0.3170553147792816,-0.014565078541636467,-0.0036412696354091167,3.3008546829223633,0.8252136707305908,3.8460121154785156,0.9615030288696289,1.9153292179107666,0.47883230447769165,0.07323341816663742,0.018308354541659355,0.408565491437912,0.102141372859478,-0.8604959845542908,-0.2151239961385727,-1.579589605331421,-0.3948974013328552,-9.35591983795166,-2.338979959487915,-1.2887550592422485,-0.32218876481056213,-0.16851148009300232,-0.04212787002325058,-1.7204352617263794,-0.43010881543159485,-1.1819218397140503,-0.2954804599285126,-2.9735984802246094,-0.7433996200561523,0.15336553752422333,0.03834138438105583,10.878774642944336,2.719693660736084,0.7443274259567261,0.18608185648918152,1.0488914251327515,0.26222285628318787,0.9718767404556274,0.24296918511390686,-2.5461230278015137,-0.6365307569503784,2.853330373764038,0.7133325934410095
-2.0604844093322754,-0.5151211023330688,0.048653848469257355,0.012163462117314339,-0.02184508740901947,-0.0054612718522548676,1.9799449443817139,0.49498623609542847,-0.8293479084968567,-0.20733697712421417,-0.6924769878387451,-0.17311924695968628,-0.9471955895423889,-0.23679889738559723,-0.18786931037902832,-0.04696732759475708,-0.3966718018054962,-0.09916795045137405,4.090511322021484,1.022627830505371,6.294814109802246,1.5737035274505615,2.7703938484191895,0.6925984621047974,-0.17543691396713257,-0.04385922849178314,-0.7973637580871582,-0.19934093952178955,-0.4211696982383728,-0.1052924245595932,-0.39933428168296814,-0.09983357042074203,-11.32235336303711,-2.8305883407592773,-0.5717065930366516,-0.1429266482591629,1.2644767761230469,0.3161191940307617,-0.1479671597480774,-0.03699178993701935,-3.0282511711120605,-0.7570627927780151,-3.390092372894287,-0.8475230932235718,-0.35099488496780396,-0.08774872124195099,11.96817684173584,2.99204421043396,0.3131921589374542,0.07829803973436356,-0.1917715221643448,-0.0479428805410862,1.3032242059707642,0.32580605149269104,-1.3797553777694702,-0.34493884444236755,3.4592013359069824,0.8648003339767456
-1.455836296081543,-0.36395907402038574,0.7551150918006897,0.18877877295017242,-0.2766162157058716,-0.0691540539264679,1.1365466117858887,0.28413665294647217,0.9305171966552734,0.23262929916381836,-0.47097259759902954,-0.11774314939975739,-2.0782012939453125,-0.5195503234863281,-0.38153624534606934,-0.09538406133651733,-0.11796457320451736,-0.02949114330112934,4.64183235168457,1.1604580879211426,-1.8249667882919312,-0.4562416970729828,0.6791663765907288,0.1697915941476822,0.30963096022605896,0.07740774005651474,1.5303198099136353,0.3825799524784088,-0.3531099557876587,-0.08827748894691467,-0.7470934987068176,-0.1867733746767044,-13.507604598999023,-3.376901149749756,-0.5286217927932739,-0.13215544819831848,0.2961846590042114,0.07404616475105286,-1.959987759590149,-0.48999693989753723,-1.8263918161392212,-0.4565979540348053,-3.6219289302825928,-0.9054822325706482,0.3753887414932251,0.09384718537330627,13.592758178710938,3.3981895446777344,0.8367311954498291,0.20918279886245728,2.0267112255096436,0.5066778063774109,1.2928358316421509,0.3232089579105377,-2.506314277648926,-0.6265785694122314,3.3078463077545166,0.8269615769386292
-0.5335416197776794,-0.13338540494441986,1.1768442392349243,0.2942110598087311,-0.5252341628074646,-0.13130854070186615,2.435337543487549,0.6088343858718872,0.8572901487350464,0.2143225371837616,-0.8048641681671143,-0.20121604204177856,-2.2963922023773193,-0.5740980505943298,0.23906877636909485,0.05976719409227371,-0.15871946513652802,-0.039679866284132004,3.804638147354126,0.9511595368385315,-2.6540465354919434,-0.6635116338729858,-0.6786681413650513,-0.16966703534126282,0.4349934458732605,0.10874836146831512,-0.8818904161453247,-0.22047260403633118,-0.7442896962165833,-0.1860724240541458,0.41148093342781067,0.10287023335695267,-12.95434284210205,-3.2385857105255127,-0.24783562123775482,-0.061958905309438705,0.5393855571746826,0.13484638929367065,0.6316918134689331,0.15792295336723328,-2.9779579639434814,-0.7444894909858704,-4.463903427124023,-1.1159758567810059,-1.42100191116333,-0.3552504777908325,11.73286247253418,2.933215618133545,0.7721753120422363,0.19304382801055908,-1.5345120429992676,-0.3836280107498169,0.8945255875587463,0.22363139688968658,-1.657424807548523,-0.41435620188713074,4.68714714050293,1.1717867851257324
-0.6459557414054871,-0.16148893535137177,1.199645757675171,0.2999114394187927,-0.5402268171310425,-0.13505670428276062,2.3097381591796875,0.5774345397949219,1.4113619327545166,0.35284048318862915,0.187948077917099,0.04698701947927475,-2.663156747817993,-0.6657891869544983,-0.26374876499176025,-0.06593719124794006,-0.12119662016630173,-0.030299155041575432,3.912796974182129,0.9781992435455322,-2.0350587368011475,-0.5087646842002869,-0.13961097598075867,-0.03490274399518967,0.3565351366996765,0.08913378417491913,1.1985200643539429,0.2996300160884857,-0.5145395398139954,-0.12863488495349884,-0.10684122890233994,-0.026710307225584984,-11.393712997436523,-2.848428249359131,-1.040083408355713,-0.2600208520889282,0.011774303391575813,0.0029435758478939533,-2.545733690261841,-0.6364334225654602,-1.7646702527999878,-0.44116756319999695,-3.759333372116089,-0.9398333430290222,0.39066776633262634,0.09766694158315659,11.045196533203125,2.7612991333007812,0.543649435043335,0.13591235876083374,1.7193371057510376,0.4298342764377594,1.340988039970398,0.3352470099925995,-2.353090524673462,-0.5882726311683655,4.017300605773926,1.0043251514434814
-0.8458322882652283,-0.21145807206630707,0.855017900466919,0.21375447511672974,-0.4992343783378601,-0.12480859458446503,3.3786587715148926,0.8446646928787231,2.60356068611145,0.6508901715278625,0.10492854565382004,0.02623213641345501,-2.0066275596618652,-0.5016568899154663,-0.196943998336792,-0.049235999584198,-0.044974468648433685,-0.011243617162108421,3.6851367950439453,0.9212841987609863,-1.7782824039459229,-0.4445706009864807,-0.4824709892272949,-0.12061774730682373,-0.1042524054646492,-0.0260631013661623,-1.0338345766067505,-0.2584586441516876,-1.0935672521591187,-0.27339181303977966,-0.5441045165061951,-0.13602612912654877,-12.23167610168457,-3.0579190254211426,-0.2678902745246887,-0.06697256863117218,0.5187054872512817,0.12967637181282043,0.15813836455345154,0.039534591138362885,-3.0277416706085205,-0.7569354176521301,-4.288869857788086,-1.0722174644470215,-1.351129174232483,-0.3377822935581207,11.157851219177246,2.7894628047943115,0.9003263711929321,0.22508159279823303,-1.5565612316131592,-0.3891403079032898,1.2713333368301392,0.3178333342075348,-1.3374862670898438,-0.33437156677246094,4.789666175842285,1.1974165439605713
-1.1689947843551636,-0.2922486960887909,-0.821979820728302,-0.2054949551820755,0.13986755907535553,0.03496688976883888,3.1632375717163086,0.7908093929290771,2.240285873413086,0.5600714683532715,-0.557250440120697,-0.13931261003017426,-1.9948240518569946,-0.49870601296424866,0.4541948139667511,0.11354870349168777,-0.14930826425552368,-0.03732706606388092,3.1540184020996094,0.7885046005249023,-1.0532488822937012,-0.2633122205734253,0.40037357807159424,0.10009339451789856,0.2287270724773407,0.057181768119335175,0.5117469429969788,0.1279367357492447,-0.4656568765640259,-0.11641421914100647,-0.9152930378913879,-0.22882325947284698,-10.660796165466309,-2.665199041366577,-1.3623346090316772,-0.3405836522579193,0.07837247848510742,0.019593119621276855,-2.1945950984954834,-0.5486487746238708,-1.046875238418579,-0.2617188096046448,-3.072766065597534,-0.7681915163993835,0.16930332779884338,0.042325831949710846,10.70687484741211,2.6767187118530273,0.3824734091758728,0.0956183522939682,1.2418116331100464,0.3104529082775116,1.1631706953048706,0.29079267382621765,-2.1211609840393066,-0.5302902460098267,3.6734402179718018,0.9183600544929504
-1.142577886581421,-0.2856444716453552,0.2412949651479721,0.06032374128699303,-0.00877031683921814,-0.002192579209804535,4.3779802322387695,1.0944950580596924,3.712169647216797,0.9280424118041992,-2.0446786880493164,-0.5111696720123291,-2.1334383487701416,-0.5333595871925354,0.3318406641483307,0.08296016603708267,-0.3589252233505249,-0.08973130583763123,2.2461063861846924,0.5615265965461731,-0.5563518404960632,-0.1390879601240158,0.2871941924095154,0.07179854810237885,0.3693602681159973,0.09234006702899933,0.2283816933631897,0.057095423340797424,-0.821182131767273,-0.20529553294181824,0.7629324793815613,0.19073311984539032,-12.373693466186523,-3.093423366546631,-0.1339150369167328,-0.0334787592291832,0.9583596587181091,0.23958991467952728,-0.2574494183063507,-0.06436235457658768,-2.3937199115753174,-0.5984299778938293,-3.7970213890075684,-0.9492553472518921,-0.6810315251350403,-0.17025788128376007,12.292837142944336,3.073209285736084,0.7301422953605652,0.1825355738401413,-0.8423346877098083,-0.2105836719274521,0.5446299314498901,0.13615748286247253,-1.2684303522109985,-0.31710758805274963,3.897465944290161,0.9743664860725403
-2.7093358039855957,-0.6773339509963989,-1.3402565717697144,-0.3350641429424286,0.34092527627944946,0.08523131906986237,4.027485370635986,1.0068713426589966,-3.815577507019043,-0.9538943767547607,-1.3365768194198608,-0.3341442048549652,-1.0407477617263794,-0.26018694043159485,-0.7346227169036865,-0.18365567922592163,0.7868639230728149,0.19671598076820374,0.4177842140197754,0.10444605350494385,0.9512256383895874,0.23780640959739685,1.4786227941513062,0.36965569853782654,0.002055831253528595,0.0005139578133821487,-0.6624621152877808,-0.1656155288219452,-0.1307421624660492,-0.0326855406165123,-0.826482892036438,-0.2066207230091095,-11.374770164489746,-2.8436925411224365,-1.5200611352920532,-0.3800152838230133,0.4425313472747803,0.11063283681869507,-1.8555185794830322,-0.46387964487075806,-0.6781830787658691,-0.16954576969146729,-3.6643285751342773,-0.9160821437835693,-0.35001063346862793,-0.08750265836715698,11.321455001831055,2.8303637504577637,1.0404447317123413,0.2601111829280853,1.6490806341171265,0.4122701585292816,1.130376935005188,0.282594233751297,-1.9869834184646606,-0.49674585461616516,3.399824380874634,0.8499560952186584
-2.7307889461517334,-0.6826972365379333,0.8019793033599854,0.20049482583999634,-0.31036967039108276,-0.07759241759777069,3.9060287475585938,0.9765071868896484,-2.7831921577453613,-0.6957980394363403,0.3091478645801544,0.0772869661450386,-0.7730456590652466,-0.19326141476631165,-1.1498267650604248,-0.2874566912651062,0.13001151382923126,0.032502878457307816,1.87555992603302,0.468889981508255,-0.1065533459186554,-0.02663833647966385,-0.6892225742340088,-0.1723056435585022,0.11749952286481857,0.029374880716204643,-0.3489547073841095,-0.08723867684602737,-0.5226202011108398,-0.13065505027770996,-0.9088938236236572,-0.2272234559059143,-11.351624488830566,-2.8379061222076416,-0.08483628928661346,-0.021209072321653366,-0.39538294076919556,-0.09884573519229889,0.671890377998352,0.167972594499588,-1.916853904724121,-0.4792134761810303,-2.8306210041046143,-0.7076552510261536,-0.7874114513397217,-0.19685286283493042,11.755560874938965,2.938890218734741,0.02725335955619812,0.00681333988904953,-0.30959051847457886,-0.07739762961864471,0.938284695148468,0.234571173787117,0.6762567162513733,0.16906417906284332,3.2562167644500732,0.8140541911125183
-1.7063320875167847,-0.42658302187919617,-0.4985755980014801,-0.12464389950037003,0.19185136258602142,0.047962840646505356,3.6517038345336914,0.9129259586334229,-1.6440496444702148,-0.4110124111175537,0.06947564333677292,0.01736891083419323,-1.3919552564620972,-0.3479888141155243,0.13486313819885254,0.033715784549713135,-0.32602164149284363,-0.08150541037321091,1.2654001712799072,0.3163500428199768,-0.05278564617037773,-0.013196411542594433,0.1776701807975769,0.044417545199394226,-0.1220940425992012,-0.0305235106498003,-0.734990656375885,-0.18374766409397125,-0.7914922833442688,-0.1978730708360672,-0.13117529451847076,-0.03279382362961769,-8.894543647766113,-2.2236359119415283,-1.6136928796768188,-0.4034232199192047,0.7899734973907471,0.19749337434768677,-1.5676662921905518,-0.39191657304763794,-1.3742188215255737,-0.34355470538139343,-3.225832939147949,-0.8064582347869873,-0.4415603578090668,-0.1103900894522667,9.922830581665039,2.4807076454162598,1.0454219579696655,0.2613554894924164,-0.31861335039138794,-0.07965333759784698,1.2856861352920532,0.3214215338230133,-4.174123764038086,-1.0435309410095215,1.8970186710357666,0.47425466775894165
-1.9969940185546875,-0.4992485046386719,-0.3226955235004425,-0.08067388087511063,0.016338005661964417,0.004084501415491104,3.3443617820739746,0.8360904455184937,-0.878126859664917,-0.21953171491622925,-0.19138506054878235,-0.04784626513719559,-1.2694051265716553,-0.3173512816429138,-0.36724016070365906,-0.09181004017591476,0.015288541093468666,0.0038221352733671665,1.7936522960662842,0.44841307401657104,-0.2669289708137512,-0.0667322427034378,0.5850806832313538,0.14627017080783844,-0.03729334846138954,-0.009323337115347385,-0.26111501455307007,-0.06527875363826752,-0.3558468222618103,-0.08896170556545258,-0.8506923317909241,-0.21267308294773102,-9.197185516357422,-2.2992963790893555,-0.40527963638305664,-0.10131990909576416,-0.43350720405578613,-0.10837680101394653,-0.049509912729263306,-0.012377478182315826,-1.0949101448059082,-0.27372753620147705,-3.859527587890625,-0.9648818969726562,0.5976828932762146,0.14942072331905365,10.635783195495605,2.6589457988739014,0.781883716583252,0.195470929145813,0.47697335481643677,0.11924333870410919,-0.22568435966968536,-0.05642108991742134,-2.0156242847442627,-0.5039060711860657,4.616551399230957,1.1541378498077393
-1.782562494277954,-0.4456406235694885,0.1212175041437149,0.030304376035928726,-0.42971014976501465,-0.10742753744125366,3.0303845405578613,0.7575961351394653,0.004126448184251785,0.0010316120460629463,0.36139798164367676,0.09034949541091919,-1.4785865545272827,-0.3696466386318207,-0.43694037199020386,-0.10923509299755096,-0.0624050498008728,-0.0156012624502182,2.6428565979003906,0.6607141494750977,0.8910174369812012,0.2227543592453003,0.8716470003128052,0.2179117500782013,-0.3170136511325836,-0.0792534127831459,-0.707362711429596,-0.176840677857399,-0.49784308671951294,-0.12446077167987823,-0.19218215346336365,-0.04804553836584091,-9.8218355178833,-2.455458879470825,-1.1226749420166016,-0.2806687355041504,0.9355652332305908,0.2338913083076477,-1.1689716577529907,-0.2922429144382477,-0.8040661215782166,-0.20101653039455414,-3.3114352226257324,-0.8278588056564331,-0.27518168091773987,-0.06879542022943497,11.336888313293457,2.8342220783233643,0.5451593399047852,0.1362898349761963,0.0204269140958786,0.00510672852396965,1.3907231092453003,0.3476807773113251,-1.0062052011489868,-0.2515513002872467,3.504852533340454,0.8762131333351135
-1.8935108184814453,-0.47337770462036133,0.43224775791168213,0.10806193947792053,-0.4475143551826477,-0.11187858879566193,0.5469154715538025,0.13672886788845062,-1.222763180732727,-0.30569079518318176,-0.8584248423576355,-0.21460621058940887,-1.6232420206069946,-0.40581050515174866,0.675652265548706,0.1689130663871765,-0.48704296350479126,-0.12176074087619781,3.8045055866241455,0.9511263966560364,-2.539426326751709,-0.6348565816879272,1.0972886085510254,0.27432215213775635,0.07614577561616898,0.019036443904042244,1.1657556295394897,0.29143890738487244,-0.4147377610206604,-0.1036844402551651,-0.8095014095306396,-0.2023753523826599,-11.213257789611816,-2.803314447402954,-0.9552698135375977,-0.23881745338439941,-0.6564391851425171,-0.16410979628562927,-0.09053528308868408,-0.02263382077217102,-1.4118304252624512,-0.3529576063156128,-3.112222194671631,-0.7780555486679077,0.8798959851264954,0.21997399628162384,11.936810493469238,2.9842026233673096,0.6478265523910522,0.16195663809776306,0.7747949957847595,0.19369874894618988,0.444200336933136,0.111050084233284,-1.8383971452713013,-0.4595992863178253,3.641139030456543,0.9102847576141357
-2.190607786178589,-0.5476519465446472,0.37038466334342957,0.09259616583585739,-0.37706321477890015,-0.09426580369472504,0.6736382246017456,0.1684095561504364,-2.918400526046753,-0.7296001315116882,-0.6568652987480164,-0.1642163246870041,-2.058797836303711,-0.5146994590759277,0.981708288192749,0.24542707204818726,-0.3522549867630005,-0.08806374669075012,3.7019171714782715,0.9254792928695679,-2.5547001361846924,-0.6386750340461731,0.06925225257873535,0.017313063144683838,0.04046770930290222,0.010116927325725555,0.03639022260904312,0.00909755565226078,0.06203702837228775,0.015509257093071938,0.6291578412055969,0.15728946030139923,-11.612485885620117,-2.9031214714050293,-1.1394319534301758,-0.28485798835754395,1.9168014526367188,0.4792003631591797,-0.8886220455169678,-0.22215551137924194,-1.0228813886642456,-0.2557203471660614,-2.7021400928497314,-0.6755350232124329,-0.667043149471283,-0.16676078736782074,10.666345596313477,2.666586399078369,0.7396225929260254,0.18490564823150635,-0.7474797368049622,-0.18686993420124054,1.2605773210525513,0.3151443302631378,-1.3208645582199097,-0.3302161395549774,2.8236520290374756,0.7059130072593689
-2.568584680557251,-0.6421461701393127,0.8834271430969238,0.22085678577423096,-0.48615533113479614,-0.12153883278369904,-0.14942151308059692,-0.03735537827014923,-3.3212459087371826,-0.8303114771842957,-1.155570149421692,-0.288892537355423,-1.7861989736557007,-0.44654974341392517,0.48074010014533997,0.12018502503633499,-0.38832664489746094,-0.09708166122436523,3.892277956008911,0.9730694890022278,-2.7478702068328857,-0.6869675517082214,0.695050060749054,0.1737625151872635,0.13698670268058777,0.03424667567014694,1.5044108629226685,0.3761027157306671,-0.010974898934364319,-0.0027437247335910797,-1.1766111850738525,-0.29415279626846313,-10.978508949279785,-2.7446272373199463,-1.077604055404663,-0.26940101385116577,-1.0334131717681885,-0.2583532929420471,-0.5633366107940674,-0.14083415269851685,-0.5441499352455139,-0.13603748381137848,-2.870312213897705,-0.7175780534744263,0.461818128824234,0.1154545322060585,10.664484977722168,2.666121244430542,0.7777032852172852,0.1944258213043213,0.8074801564216614,0.20187003910541534,0.4341486692428589,0.10853716731071472,-1.0749404430389404,-0.2687351107597351,2.7275469303131104,0.6818867325782776
-2.053720235824585,-0.5134300589561462,1.17642343044281,0.2941058576107025,-0.616744339466095,-0.15418608486652374,0.9776757955551147,0.2444189488887787,-1.5315862894058228,-0.3828965723514557,-0.7866780757904053,-0.19666951894760132,-1.9582529067993164,-0.4895632266998291,0.08980812132358551,0.022452030330896378,-0.1168217882514,-0.02920544706285,3.9731273651123047,0.9932818412780762,-1.9094750881195068,-0.4773687720298767,0.11060947179794312,0.02765236794948578,0.39691317081451416,0.09922829270362854,0.23003223538398743,0.05750805884599686,-0.21978048980236053,-0.054945122450590134,-0.17843738198280334,-0.044609345495700836,-11.553177833557129,-2.8882944583892822,-0.9163382053375244,-0.2290845513343811,0.6270291805267334,0.15675729513168335,-0.4090306758880615,-0.10225766897201538,-2.575481653213501,-0.6438704133033752,-3.8849921226501465,-0.9712480306625366,-0.6200925707817078,-0.15502314269542694,11.387819290161133,2.846954822540283,1.034498929977417,0.25862473249435425,-0.7428330183029175,-0.18570825457572937,1.0609114170074463,0.2652278542518616,-0.16146565973758698,-0.040366414934396744,3.8076395988464355,0.9519098997116089
-1.143234372138977,-0.28580859303474426,0.44369006156921387,0.11092251539230347,-0.20329612493515015,-0.05082403123378754,1.181638479232788,0.295409619808197,-1.6304479837417603,-0.40761199593544006,-0.7285975217819214,-0.18214938044548035,-2.0458929538726807,-0.5114732384681702,-0.004660084843635559,-0.0011650212109088898,-0.10716643184423447,-0.026791607961058617,3.6826772689819336,0.9206693172454834,-1.773679256439209,-0.44341981410980225,0.2621380090713501,0.06553450226783752,0.30512115359306335,0.07628028839826584,0.026938356459140778,0.006734589114785194,-0.4427647590637207,-0.11069118976593018,-0.7761003375053406,-0.19402508437633514,-11.219502449035645,-2.804875612258911,-0.021367058157920837,-0.005341764539480209,-0.5220402479171753,-0.13051006197929382,-1.5719494819641113,-0.39298737049102783,-1.730366587638855,-0.43259164690971375,-3.805868625640869,-0.9514671564102173,-1.365850567817688,-0.341462641954422,10.29198169708252,2.57299542427063,1.1523298025131226,0.28808245062828064,-0.6423484683036804,-0.1605871170759201,0.14877988398075104,0.03719497099518776,0.6417971253395081,0.16044928133487701,4.782852649688721,1.1957131624221802
-0.8765078783035278,-0.21912696957588196,0.48570001125335693,0.12142500281333923,-0.18184880912303925,-0.04546220228075981,1.3388539552688599,0.33471348881721497,-0.5528672933578491,-0.13821682333946228,-1.4638086557388306,-0.36595216393470764,-2.2166600227355957,-0.5541650056838989,0.13845694065093994,0.034614235162734985,-0.35106560587882996,-0.08776640146970749,3.485518455505371,0.8713796138763428,-1.391943335533142,-0.3479858338832855,0.6064022183418274,0.15160055458545685,0.379515141248703,0.09487878531217575,-0.08430084586143494,-0.021075211465358734,-0.48461055755615234,-0.12115263938903809,-0.5048195719718933,-0.12620489299297333,-11.724251747131348,-2.931062936782837,-0.7378972768783569,-0.18447431921958923,0.5893869400024414,0.14734673500061035,-1.7069809436798096,-0.4267452359199524,-2.0024967193603516,-0.5006241798400879,-2.5492618083953857,-0.6373154520988464,-2.4315710067749023,-0.6078927516937256,10.574633598327637,2.643658399581909,2.1880075931549072,0.5470018982887268,-1.3132126331329346,-0.32830315828323364,0.3291352391242981,0.08228380978107452,-0.1086139976978302,-0.02715349942445755,4.043817043304443,1.0109542608261108
-0.6539825797080994,-0.16349564492702484,0.6681038737297058,0.16702596843242645,-0.34569236636161804,-0.08642309159040451,2.0304107666015625,0.5076026916503906,0.21670393645763397,0.05417598411440849,-1.9751355648040771,-0.4937838912010193,-1.7661296129226685,-0.4415324032306671,-0.2336007058620453,-0.05840017646551132,-0.04689013212919235,-0.011722533032298088,2.9199068546295166,0.7299767136573792,-0.8023219108581543,-0.20058047771453857,0.45297771692276,0.11324442923069,0.5197886824607849,0.12994717061519623,-0.09280446171760559,-0.023201115429401398,-0.6756677627563477,-0.16891694068908691,0.030041757971048355,0.007510439492762089,-11.10794448852539,-2.7769861221313477,0.6388692855834961,0.15971732139587402,0.2520560622215271,0.06301401555538177,-1.5033440589904785,-0.37583601474761963,-1.6016302108764648,-0.4004075527191162,-3.404369592666626,-0.8510923981666565,-2.3406147956848145,-0.5851536989212036,10.25786304473877,2.5644657611846924,1.8337604999542236,0.4584401249885559,-1.790832281112671,-0.4477080702781677,-0.3347684144973755,-0.08369210362434387,-0.3984362483024597,-0.09960906207561493,4.727944374084473,1.1819860935211182
-0.6277022957801819,-0.15692557394504547,0.41247639060020447,0.10311909765005112,-0.19530627131462097,-0.04882656782865524,2.2768330574035645,0.5692082643508911,1.5334333181381226,0.38335832953453064,-2.140754222869873,-0.5351885557174683,-1.7185111045837402,-0.42962777614593506,-0.2256028950214386,-0.05640072375535965,0.07947143912315369,0.01986785978078842,2.3428027629852295,0.5857006907463074,-1.2756125926971436,-0.3189031481742859,0.49426645040512085,0.12356661260128021,0.5109444856643677,0.12773612141609192,-0.21218469738960266,-0.053046174347400665,-0.6868095397949219,-0.17170238494873047,0.8010937571525574,0.20027343928813934,-11.502158164978027,-2.875539541244507,-0.24439354240894318,-0.061098385602235794,1.2076611518859863,0.3019152879714966,-4.176187992095947,-1.0440469980239868,-1.3211638927459717,-0.3302909731864929,-2.191443920135498,-0.5478609800338745,-3.3835103511810303,-0.8458775877952576,10.325492858886719,2.5813732147216797,2.4629039764404297,0.6157259941101074,-2.6476118564605713,-0.6619029641151428,-0.2561193108558655,-0.06402982771396637,-1.9958336353302002,-0.49895840883255005,3.5570273399353027,0.8892568349838257
-1.0285460948944092,-0.2571365237236023,0.15819811820983887,0.03954952955245972,-0.2791728675365448,-0.0697932168841362,2.85471773147583,0.7136794328689575,1.3425843715667725,0.3356460928916931,-2.429232597351074,-0.6073081493377686,-1.0587050914764404,-0.2646762728691101,-0.12850666046142578,-0.032126665115356445,0.13630473613739014,0.034076184034347534,1.6945652961730957,0.4236413240432739,-0.4227375090122223,-0.10568437725305557,0.4323914051055908,0.1080978512763977,0.2373274564743042,0.05933186411857605,-0.34352871775627136,-0.08588217943906784,-0.9135945439338684,-0.2283986359834671,0.14732646942138672,0.03683161735534668,-10.748811721801758,-2.6872029304504395,-0.9165685772895813,-0.22914214432239532,0.22247670590877533,0.05561917647719383,-0.8610062599182129,-0.21525156497955322,-1.4844589233398438,-0.37111473083496094,-3.5281057357788086,-0.8820264339447021,-3.4173314571380615,-0.8543328642845154,10.342430114746094,2.5856075286865234,2.436278820037842,0.6090697050094604,-3.033900260925293,-0.7584750652313232,-0.5222871899604797,-0.13057179749011993,-2.5218617916107178,-0.6304654479026794,4.317293643951416,1.079323410987854
-1.6418399810791016,-0.4104599952697754,0.7450438737869263,0.18626096844673157,-0.12887412309646606,-0.032218530774116516,3.1766443252563477,0.7941610813140869,-2.9506547451019287,-0.7376636862754822,-0.05157770961523056,-0.01289442740380764,-0.5907999277114868,-0.1476999819278717,-1.2192187309265137,-0.3048046827316284,0.07787307351827621,0.019468268379569054,1.1291065216064453,0.28227663040161133,-1.8148868083953857,-0.45372170209884644,0.17110565304756165,0.04277641326189041,0.40480461716651917,0.10120115429162979,-0.8664413690567017,-0.21661034226417542,-0.815936267375946,-0.2039840668439865,0.149350106716156,0.037337526679039,-10.47760009765625,-2.6194000244140625,-1.1376327276229858,-0.28440818190574646,0.28544649481773376,0.07136162370443344,-1.5922753810882568,-0.3980688452720642,-2.3927974700927734,-0.5981993675231934,-3.017345428466797,-0.7543363571166992,-3.822500705718994,-0.9556251764297485,10.658119201660156,2.664529800415039,2.7924890518188477,0.6981222629547119,-2.9089853763580322,-0.7272463440895081,-0.4848315715789795,-0.12120789289474487,-3.8272573947906494,-0.9568143486976624,4.328073978424072,1.082018494606018
-1.3399407863616943,-0.3349851965904236,0.20955590903759003,0.05238897725939751,-0.09290280938148499,-0.023225702345371246,3.0898728370666504,0.7724682092666626,-2.7058756351470947,-0.6764689087867737,-0.769756019115448,-0.192439004778862,-0.616075336933136,-0.154018834233284,-0.5130358934402466,-0.12825897336006165,0.14212442934513092,0.03553110733628273,1.4724379777908325,0.36810949444770813,-1.3433618545532227,-0.33584046363830566,-0.5235399007797241,-0.13088497519493103,0.1469210684299469,0.036730267107486725,-0.8187063336372375,-0.2046765834093094,-1.1029716730117798,-0.27574291825294495,0.3883056938648224,0.0970764234662056,-8.39478874206543,-2.0986971855163574,-1.4936329126358032,-0.3734082281589508,0.049644678831100464,0.012411169707775116,-1.3577635288238525,-0.33944088220596313,-2.9506726264953613,-0.7376681566238403,-3.4556055068969727,-0.8639013767242432,-4.795802593231201,-1.1989506483078003,9.47723388671875,2.3693084716796875,2.357006788253784,0.589251697063446,-3.473517417907715,-0.8683793544769287,-0.3316742777824402,-0.08291856944561005,-4.0455851554870605,-1.0113962888717651,4.795212745666504,1.198803186416626
-1.9809319972991943,-0.4952329993247986,-0.10467331111431122,-0.026168327778577805,0.05353949964046478,0.013384874910116196,3.4436168670654297,0.8609042167663574,-2.0043277740478516,-0.5010819435119629,-0.24076029658317566,-0.060190074145793915,-0.2295617163181305,-0.05739042907953262,-1.2484338283538818,-0.31210845708847046,0.022256964817643166,0.005564241204410791,1.971229910850525,0.4928074777126312,-0.5913018584251404,-0.1478254646062851,0.6476883888244629,0.16192209720611572,0.23367148637771606,0.058417871594429016,-0.40608862042427063,-0.10152215510606766,-1.2020212411880493,-0.30050531029701233,-1.4747527837753296,-0.3686881959438324,-8.846919059753418,-2.2117297649383545,-1.5658644437789917,-0.3914661109447479,-1.1651606559753418,-0.29129016399383545,-1.356226921081543,-0.33905673027038574,-3.5201985836029053,-0.8800496459007263,-3.6543612480163574,-0.9135903120040894,-4.110795974731445,-1.0276989936828613,11.00954532623291,2.7523863315582275,2.2989182472229004,0.5747295618057251,-3.9043920040130615,-0.9760980010032654,-0.4125564694404602,-0.10313911736011505,-5.9252028465271,-1.481300711631775,5.176025390625,1.29400634765625
-2.0078375339508057,-0.5019593834877014,-0.0724082887172699,-0.018102072179317474,0.17246298491954803,0.04311574622988701,3.325657844543457,0.8314144611358643,-1.8249410390853882,-0.45623525977134705,-0.5207005739212036,-0.1301751434803009,-0.6053608655929565,-0.15134021639823914,-0.6116108894348145,-0.1529027223587036,-0.1269817352294922,-0.03174543380737305,2.268828868865967,0.5672072172164917,-0.1073535680770874,-0.02683839201927185,1.0891010761260986,0.27227526903152466,0.33853963017463684,0.08463490754365921,-0.8566020131111145,-0.21415050327777863,-0.9426009654998779,-0.23565024137496948,-1.3299094438552856,-0.3324773609638214,-9.655628204345703,-2.413907051086426,-1.6653484106063843,-0.41633710265159607,-0.7677859663963318,-0.19194649159908295,-1.3028205633163452,-0.3257051408290863,-3.920588731765747,-0.9801471829414368,-3.8804500102996826,-0.9701125025749207,-4.573819637298584,-1.143454909324646,11.332086563110352,2.833021640777588,2.2823805809020996,0.5705951452255249,-4.409704685211182,-1.1024261713027954,-0.15735645592212677,-0.03933911398053169,-6.414620399475098,-1.6036550998687744,5.00219202041626,1.250548005104065
-1.6921273469924927,-0.42303183674812317,-0.4714423418045044,-0.1178605854511261,-0.06069821119308472,-0.01517455279827118,2.650575637817383,0.6626439094543457,-0.8922936916351318,-0.22307342290878296,-0.7646434903144836,-0.1911608725786209,-0.8506792783737183,-0.21266981959342957,-0.22905780375003815,-0.05726445093750954,-0.19028279185295105,-0.04757069796323776,3.14551043510437,0.7863776087760925,0.9471423625946045,0.23678559064865112,1.2603037357330322,0.31507593393325806,0.13856357336044312,0.03464089334011078,-0.3857561945915222,-0.09643904864788055,-1.0447795391082764,-0.2611948847770691,-1.5496314764022827,-0.3874078691005707,-11.09488296508789,-2.7737207412719727,-0.9252282977104187,-0.23130707442760468,-1.189309000968933,-0.2973272502422333,-4.193619251251221,-1.0484048128128052,-4.597998142242432,-1.149499535560608,-3.0977463722229004,-0.7744365930557251,-3.854012966156006,-0.9635032415390015,11.515186309814453,2.8787965774536133,1.8539750576019287,0.4634937644004822,-4.300140857696533,-1.0750352144241333,-0.46874135732650757,-0.11718533933162689,-7.0209527015686035,-1.7552381753921509,4.712799549102783,1.1781998872756958
-1.5216479301452637,-0.3804119825363159,1.0261820554733276,0.2565455138683319,-0.44643211364746094,-0.11160802841186523,0.9433520436286926,0.23583801090717316,-0.7001456618309021,-0.17503641545772552,-1.0382161140441895,-0.25955402851104736,-1.6465636491775513,-0.4116409122943878,0.4939554035663605,0.12348885089159012,-0.4048471748828888,-0.1012117937207222,4.074138641357422,1.0185346603393555,-2.517124652862549,-0.6292811632156372,1.0084056854248047,0.25210142135620117,0.051668085157871246,0.012917021289467812,0.2834959328174591,0.07087398320436478,-0.8263328075408936,-0.2065832018852234,-2.5854732990264893,-0.6463683247566223,-12.778419494628906,-3.1946048736572266,-1.7451790571212769,-0.4362947642803192,-1.3986833095550537,-0.3496708273887634,-1.1027013063430786,-0.27567532658576965,-4.905468463897705,-1.2263671159744263,-3.7070469856262207,-0.9267617464065552,-3.962461233139038,-0.9906153082847595,12.329973220825195,3.082493305206299,1.5652068853378296,0.3913017213344574,-5.1179046630859375,-1.2794761657714844,0.38079530000686646,0.09519882500171661,-7.364234924316406,-1.8410587310791016,5.026552677154541,1.2566381692886353
-1.318623423576355,-0.32965585589408875,1.5870112180709839,0.39675280451774597,-0.9161479473114014,-0.22903698682785034,1.763715386390686,0.4409288465976715,-0.970798134803772,-0.242699533700943,-0.7200964093208313,-0.18002410233020782,-1.7389252185821533,-0.43473130464553833,-0.10044640302658081,-0.025111600756645203,-0.13541191816329956,-0.03385297954082489,3.8804237842559814,0.9701059460639954,-2.6675620079040527,-0.6668905019760132,0.32956233620643616,0.08239058405160904,0.4041368067264557,0.10103420168161392,-0.1957041472196579,-0.048926036804914474,-0.9742913246154785,-0.24357283115386963,-3.1743061542510986,-0.7935765385627747,-12.651283264160156,-3.162820816040039,-1.7853232622146606,-0.44633081555366516,-2.3087525367736816,-0.5771881341934204,-1.0404621362686157,-0.26011553406715393,-5.634483337402344,-1.408620834350586,-4.2611470222473145,-1.0652867555618286,-4.070493698120117,-1.0176234245300293,12.607625961303711,3.1519064903259277,1.8714572191238403,0.4678643047809601,-5.534140110015869,-1.3835350275039673,-0.19517983496189117,-0.048794958740472794,-7.516834259033203,-1.8792085647583008,5.89884090423584,1.47471022605896
-1.4967617988586426,-0.37419044971466064,1.4952753782272339,0.37381884455680847,-0.7651994824409485,-0.19129987061023712,1.9271986484527588,0.4817996621131897,-1.0335408449172974,-0.25838521122932434,-0.08645088225603104,-0.02161272056400776,-1.9457110166549683,-0.48642775416374207,-0.4113217890262604,-0.1028304472565651,0.04281596839427948,0.01070399209856987,3.777695655822754,0.9444239139556885,-2.397756814956665,-0.5994392037391663,0.26848331093788147,0.06712082773447037,0.32092809677124023,0.08023202419281006,0.03455429524183273,0.008638573810458183,-0.9252888560295105,-0.23132221400737762,-3.181877613067627,-0.7954694032669067,-12.772558212280273,-3.1931395530700684,-1.8201005458831787,-0.4550251364707947,-2.6869139671325684,-0.6717284917831421,-1.5066378116607666,-0.37665945291519165,-6.594290256500244,-1.648572564125061,-4.048009395599365,-1.0120023488998413,-4.173999786376953,-1.0434999465942383,12.570284843444824,3.142571210861206,1.5017340183258057,0.3754335045814514,-5.671326637268066,-1.4178316593170166,0.33013075590133667,0.08253268897533417,-7.743508338928223,-1.9358770847320557,5.80948543548584,1.45237135887146
-1.68411123752594,-0.421027809381485,1.0954375267028809,0.2738593816757202,-0.5744632482528687,-0.14361581206321716,2.081284523010254,0.5203211307525635,-1.2332191467285156,-0.3083047866821289,-0.4278348684310913,-0.10695871710777283,-1.77095627784729,-0.4427390694618225,-0.3899702727794647,-0.09749256819486618,0.0784575343132019,0.019614383578300476,3.7748095989227295,0.9437023997306824,-2.3394124507904053,-0.5848531126976013,0.5174973011016846,0.12937432527542114,0.2969653606414795,0.07424134016036987,-0.3677111268043518,-0.09192778170108795,-0.9165777564048767,-0.22914443910121918,-3.2108330726623535,-0.8027082681655884,-13.170364379882812,-3.292591094970703,-1.771541714668274,-0.4428854286670685,-2.8469433784484863,-0.7117358446121216,-1.3280878067016602,-0.33202195167541504,-6.964028835296631,-1.7410072088241577,-4.18677282333374,-1.046693205833435,-4.482828140258789,-1.1207070350646973,12.512568473815918,3.1281421184539795,1.4760098457336426,0.36900246143341064,-5.8601579666137695,-1.4650394916534424,0.07785572111606598,0.019463930279016495,-7.480661869049072,-1.870165467262268,5.9417948722839355,1.4854487180709839
-1.5101714134216309,-0.3775428533554077,0.741736888885498,0.1854342222213745,-0.47509628534317017,-0.11877407133579254,2.338006019592285,0.5845015048980713,-0.4693128764629364,-0.1173282191157341,-0.7451961636543274,-0.18629904091358185,-1.7827256917953491,-0.4456814229488373,-0.2579469084739685,-0.06448672711849213,-0.07979714870452881,-0.019949287176132202,3.7637596130371094,0.9409399032592773,-2.034414291381836,-0.508603572845459,0.6270296573638916,0.1567574143409729,0.3233516216278076,0.0808379054069519,-0.15742367506027222,-0.039355918765068054,-0.9380406141281128,-0.2345101535320282,-3.4658539295196533,-0.8664634823799133,-13.456988334655762,-3.3642470836639404,-1.8235622644424438,-0.45589056611061096,-3.1018054485321045,-0.7754513621330261,-1.3286032676696777,-0.33215081691741943,-7.268901348114014,-1.8172253370285034,-4.0903191566467285,-1.0225797891616821,-4.667881965637207,-1.1669704914093018,12.68791675567627,3.1719791889190674,1.3337433338165283,0.3334358334541321,-5.896934986114502,-1.4742337465286255,0.13287927210330963,0.03321981802582741,-7.347020149230957,-1.8367550373077393,5.682413101196289,1.4206032752990723
-1.4501057863235474,-0.36252644658088684,0.7044055461883545,0.17610138654708862,-0.3867184519767761,-0.09667961299419403,2.7071847915649414,0.6767961978912354,0.7214429378509521,0.18036073446273804,-1.1041719913482666,-0.27604299783706665,-1.864618182182312,-0.466154545545578,-0.16773787140846252,-0.04193446785211563,-0.1485729217529297,-0.03714323043823242,3.593959331512451,0.8984898328781128,-1.7693713903427124,-0.4423428475856781,0.7688742876052856,0.1922185719013214,0.3982830345630646,0.09957075864076614,-0.18170884251594543,-0.04542721062898636,-1.1467602252960205,-0.2866900563240051,-2.7247016429901123,-0.6811754107475281,-13.772602081298828,-3.443150520324707,-1.1788252592086792,-0.2947063148021698,-2.843874216079712,-0.710968554019928,-3.3171675205230713,-0.8292918801307678,-7.505575180053711,-1.8763937950134277,-3.675581693649292,-0.918895423412323,-4.529858589172363,-1.1324646472930908,12.704229354858398,3.1760573387145996,1.0902832746505737,0.27257081866264343,-6.378704071044922,-1.5946760177612305,-0.3276723623275757,-0.08191809058189392,-7.964593410491943,-1.9911483526229858,5.334678649902344,1.333669662475586
-1.427880883216858,-0.3569702208042145,0.5902513265609741,0.14756283164024353,-0.2102663666009903,-0.052566591650247574,3.3790674209594727,0.8447668552398682,1.674582600593567,0.4186456501483917,-1.617278814315796,-0.404319703578949,-1.7446237802505493,-0.43615594506263733,-0.12200386822223663,-0.03050096705555916,-0.10064353793859482,-0.025160884484648705,3.3573246002197266,0.8393311500549316,-1.3469260931015015,-0.33673152327537537,0.6854493618011475,0.17136234045028687,0.34612077474594116,0.08653019368648529,0.026113487780094147,0.006528371945023537,-1.2789932489395142,-0.31974831223487854,-3.2469980716705322,-0.8117495179176331,-13.959541320800781,-3.4898853302001953,-1.7381116151809692,-0.4345279037952423,-3.078867197036743,-0.7697167992591858,-1.2438981533050537,-0.3109745383262634,-7.544408321380615,-1.8861020803451538,-4.405937671661377,-1.1014844179153442,-4.808839797973633,-1.2022099494934082,12.931708335876465,3.232927083969116,1.0908795595169067,0.2727198898792267,-6.3605427742004395,-1.5901356935501099,-0.14478956162929535,-0.03619739040732384,-8.210590362548828,-2.052647590637207,5.466638088226318,1.3666595220565796
-1.4629181623458862,-0.36572954058647156,0.45613399147987366,0.11403349786996841,-0.04843715950846672,-0.01210928987711668,4.272164821624756,1.068041205406189,3.1241700649261475,0.7810425162315369,-1.8673840761184692,-0.4668460190296173,-1.747390627861023,-0.43684765696525574,-0.10523183643817902,-0.026307959109544754,-0.15527451038360596,-0.03881862759590149,2.80088472366333,0.7002211809158325,-1.1663185358047485,-0.29157963395118713,0.6095247268676758,0.15238118171691895,0.4656527638435364,0.1164131909608841,0.019865937530994415,0.004966484382748604,-1.287052869796753,-0.32176321744918823,-2.8676605224609375,-0.7169151306152344,-14.299846649169922,-3.5749616622924805,-1.4521232843399048,-0.3630308210849762,-2.953852415084839,-0.7384631037712097,-1.7799261808395386,-0.44498154520988464,-7.840029239654541,-1.9600073099136353,-4.273897647857666,-1.0684744119644165,-4.536168575286865,-1.1340421438217163,12.98459529876709,3.2461488246917725,1.1348904371261597,0.2837226092815399,-6.2853617668151855,-1.5713404417037964,-0.5295394062995911,-0.13238485157489777,-8.982834815979004,-2.245708703994751,5.209904193878174,1.3024760484695435
-2.1903622150421143,-0.5475905537605286,0.2291945368051529,0.05729863420128822,0.015155971050262451,0.003788992762565613,4.558103084564209,1.1395257711410522,2.279141664505005,0.5697854161262512,-1.712519645690918,-0.4281299114227295,-1.7323633432388306,-0.43309083580970764,-0.06820395588874817,-0.017050988972187042,-0.1513468474149704,-0.0378367118537426,1.9706926345825195,0.4926731586456299,-1.1365294456481934,-0.28413236141204834,1.0147660970687866,0.25369152426719666,0.42585083842277527,0.10646270960569382,-0.1270233690738678,-0.03175584226846695,-1.0163127183914185,-0.2540781795978546,-2.2297701835632324,-0.5574425458908081,-14.976882934570312,-3.744220733642578,-0.8927737474441528,-0.2231934368610382,-2.7179129123687744,-0.6794782280921936,-3.5185506343841553,-0.8796376585960388,-7.589954853057861,-1.8974887132644653,-3.449098825454712,-0.862274706363678,-4.006766319274902,-1.0016915798187256,13.179125785827637,3.294781446456909,1.2701139450073242,0.31752848625183105,-6.032375812530518,-1.5080939531326294,-1.0994269847869873,-0.2748567461967468,-9.301495552062988,-2.325373888015747,4.704140663146973,1.1760351657867432
-2.322450876235962,-0.5806127190589905,-0.6303317546844482,-0.15758293867111206,0.18855588138103485,0.04713897034525871,4.118813991546631,1.0297034978866577,-3.3108062744140625,-0.8277015686035156,-1.4945071935653687,-0.37362679839134216,-1.424056887626648,-0.356014221906662,-0.3808298707008362,-0.09520746767520905,0.16505730152130127,0.04126432538032532,1.2315319776535034,0.30788299441337585,-0.9558514356613159,-0.23896285891532898,1.0951712131500244,0.2737928032875061,0.1762760579586029,0.044069014489650726,-0.6196022033691406,-0.15490055084228516,-1.3091397285461426,-0.32728493213653564,-3.31050443649292,-0.82762610912323,-16.0837459564209,-4.020936489105225,-1.5948055982589722,-0.39870139956474304,-3.488607406616211,-0.8721518516540527,-1.063467025756836,-0.265866756439209,-7.519235610961914,-1.8798089027404785,-4.911651134490967,-1.2279127836227417,-4.782710075378418,-1.1956775188446045,14.268638610839844,3.567159652709961,1.5985000133514404,0.3996250033378601,-5.900341033935547,-1.4750852584838867,-0.6132652163505554,-0.15331630408763885,-8.323877334594727,-2.0809693336486816,5.217224597930908,1.304306149482727
-2.4517173767089844,-0.6129293441772461,-0.018700245767831802,-0.004675061441957951,0.03830881416797638,0.009577203541994095,4.174256324768066,1.0435640811920166,-2.388878107070923,-0.5972195267677307,-0.6965911984443665,-0.1741477996110916,-1.3239070177078247,-0.3309767544269562,-1.016107201576233,-0.2540268003940582,0.09285572171211243,0.023213930428028107,2.250793933868408,0.562698483467102,-0.451800674200058,-0.1129501685500145,1.0990471839904785,0.27476179599761963,0.3819173276424408,0.0954793319106102,-0.23026075959205627,-0.05756518989801407,-1.4747062921524048,-0.3686765730381012,-4.086783409118652,-1.021695852279663,-16.254735946655273,-4.063683986663818,-1.8401705026626587,-0.4600426256656647,-4.552518367767334,-1.1381295919418335,-1.3984885215759277,-0.34962213039398193,-8.715617179870605,-2.1789042949676514,-4.8410820960998535,-1.2102705240249634,-5.584823131561279,-1.3962057828903198,16.194538116455078,4.0486345291137695,2.1572611331939697,0.5393152832984924,-6.002228260040283,-1.5005570650100708,0.05636925995349884,0.01409231498837471,-8.185256004333496,-2.046314001083374,4.7062249183654785,1.1765562295913696
-2.1043927669525146,-0.5260981917381287,-0.10014838725328445,-0.025037096813321114,-0.10829663276672363,-0.027074158191680908,4.054286003112793,1.0135715007781982,-2.01938796043396,-0.50484699010849,-0.781186044216156,-0.195296511054039,-1.3291131258010864,-0.3322782814502716,-0.32431989908218384,-0.08107997477054596,-0.17494650185108185,-0.04373662546277046,2.8770556449890137,0.7192639112472534,1.2314609289169312,0.3078652322292328,1.0466341972351074,0.26165854930877686,-0.0389004684984684,-0.0097251171246171,-0.556633710861206,-0.1391584277153015,-1.7244693040847778,-0.43111732602119446,-4.592660427093506,-1.1481651067733765,-15.680902481079102,-3.9202256202697754,-1.658795952796936,-0.414698988199234,-4.765033721923828,-1.191258430480957,-1.0946996212005615,-0.2736749053001404,-8.706001281738281,-2.1765003204345703,-4.9205427169799805,-1.2301356792449951,-4.467347145080566,-1.1168367862701416,15.705171585083008,3.926292896270752,1.7967097759246826,0.44917744398117065,-5.593063831329346,-1.3982659578323364,0.0019622892141342163,0.0004905723035335541,-8.042092323303223,-2.0105230808258057,4.989978790283203,1.2474946975708008
-2.00726318359375,-0.5018157958984375,0.09793844074010849,0.024484610185027122,-0.24288904666900635,-0.06072226166725159,3.0567312240600586,0.7641828060150146,-1.5594066381454468,-0.3898516595363617,-1.335245966911316,-0.333811491727829,-1.497403860092163,-0.37435096502304077,-0.08684787154197693,-0.021711967885494232,-0.4624665379524231,-0.11561663448810577,3.7750258445739746,0.9437564611434937,1.1215040683746338,0.28037601709365845,1.4059407711029053,0.3514851927757263,0.03175360709428787,0.007938401773571968,-0.4038083255290985,-0.10095208138227463,-1.5242009162902832,-0.3810502290725708,-5.096283912658691,-1.2740709781646729,-16.5271053314209,-4.131776332855225,-1.5796074867248535,-0.3949018716812134,-5.065008163452148,-1.266252040863037,-1.096179723739624,-0.274044930934906,-9.169804573059082,-2.2924511432647705,-5.05065393447876,-1.26266348361969,-4.07596492767334,-1.018991231918335,16.106456756591797,4.026614189147949,1.5402519702911377,0.3850629925727844,-5.535058975219727,-1.3837647438049316,-0.00613875687122345,-0.0015346892178058624,-8.223258972167969,-2.055814743041992,5.073694705963135,1.2684236764907837
-1.6314713954925537,-0.4078678488731384,0.8660468459129333,0.21651171147823334,-0.5467933416366577,-0.13669833540916443,2.019012451171875,0.5047531127929688,-0.1380232721567154,-0.03450581803917885,-1.326573371887207,-0.33164334297180176,-2.2254581451416016,-0.5563645362854004,0.49418309330940247,0.12354577332735062,-0.47614842653274536,-0.11903710663318634,4.423501968383789,1.1058754920959473,-2.4544928073883057,-0.6136232018470764,1.1096076965332031,0.2774019241333008,0.13905364274978638,0.034763410687446594,0.26983240246772766,0.06745810061693192,-1.5288419723510742,-0.38221049308776855,-5.358977317810059,-1.3397443294525146,-16.745525360107422,-4.1863813400268555,-1.561995267868042,-0.3904988169670105,-5.699810981750488,-1.424952745437622,-1.2391667366027832,-0.3097916841506958,-9.855243682861328,-2.463810920715332,-5.3137946128845215,-1.3284486532211304,-3.871203899383545,-0.9678009748458862,16.633413314819336,4.158353328704834,1.4552119970321655,0.3638029992580414,-5.996355056762695,-1.4990887641906738,-0.08367754518985748,-0.02091938629746437,-8.430779457092285,-2.1076948642730713,5.408997058868408,1.352249264717102
-1.6090404987335205,-0.4022601246833801,1.2603052854537964,0.3150763213634491,-0.8243216276168823,-0.20608040690422058,2.2958645820617676,0.5739661455154419,-0.6722598671913147,-0.16806496679782867,-0.6492675542831421,-0.16231688857078552,-2.2956600189208984,-0.5739150047302246,0.2960033118724823,0.07400082796812057,-0.34757161140441895,-0.08689290285110474,4.083169937133789,1.0207924842834473,-2.4576845169067383,-0.6144211292266846,0.4732026755809784,0.1183006688952446,0.2127741277217865,0.053193531930446625,0.23017537593841553,0.05754384398460388,-1.636599063873291,-0.40914976596832275,-5.896982192993164,-1.474245548248291,-16.074222564697266,-4.018555641174316,-1.4894636869430542,-0.37236592173576355,-6.171063423156738,-1.5427658557891846,-1.0613818168640137,-0.2653454542160034,-9.877629280090332,-2.469407320022583,-5.317715167999268,-1.329428791999817,-3.8149242401123047,-0.9537310600280762,16.5563907623291,4.139097690582275,1.470866084098816,0.367716521024704,-6.254395961761475,-1.5635989904403687,-0.4152311682701111,-0.10380779206752777,-8.636129379272461,-2.1590323448181152,5.89601469039917,1.4740036725997925
-1.8417514562606812,-0.4604378640651703,1.5184154510498047,0.37960386276245117,-0.7706870436668396,-0.1926717609167099,2.5977702140808105,0.6494425535202026,-0.05308939144015312,-0.01327234786003828,-0.8235500454902649,-0.20588751137256622,-2.492112636566162,-0.6230281591415405,-0.28801974654197693,-0.07200493663549423,0.01611454226076603,0.004028635565191507,4.0993218421936035,1.0248304605484009,-2.2012596130371094,-0.5503149032592773,0.2947089374065399,0.07367723435163498,0.2694634199142456,0.0673658549785614,0.051446639001369476,0.012861659750342369,-1.3480864763259888,-0.3370216190814972,-5.543313503265381,-1.3858283758163452,-15.479958534240723,-3.8699896335601807,-1.6175978183746338,-0.40439945459365845,-6.2542009353637695,-1.5635502338409424,-0.6776893138885498,-0.16942232847213745,-9.743826866149902,-2.4359567165374756,-5.969029903411865,-1.4922574758529663,-3.94458270072937,-0.9861456751823425,15.982447624206543,3.9956119060516357,1.2923635244369507,0.32309088110923767,-5.925611972808838,-1.4814029932022095,-0.06199084222316742,-0.015497710555791855,-8.905471801757812,-2.226367950439453,6.158668041229248,1.539667010307312
-1.9586455821990967,-0.48966139554977417,0.890386700630188,0.222596675157547,-0.5844139456748962,-0.14610348641872406,2.6169185638427734,0.6542296409606934,-0.13206027448177338,-0.033015068620443344,-0.9258686900138855,-0.23146717250347137,-2.4583687782287598,-0.6145921945571899,-0.14675918221473694,-0.036689795553684235,-0.08024142682552338,-0.020060356706380844,3.933501720428467,0.9833754301071167,-2.244612693786621,-0.5611531734466553,0.7611550092697144,0.1902887523174286,0.28405776619911194,0.07101444154977798,-0.29375576972961426,-0.07343894243240356,-1.198144793510437,-0.29953619837760925,-5.091285705566406,-1.2728214263916016,-14.989280700683594,-3.7473201751708984,-1.0314679145812988,-0.2578669786453247,-6.278078079223633,-1.5695195198059082,-2.709479570388794,-0.6773698925971985,-10.259788513183594,-2.5649471282958984,-5.094542503356934,-1.2736356258392334,-3.6207611560821533,-0.9051902890205383,14.859691619873047,3.7149229049682617,1.2614954710006714,0.31537386775016785,-5.852177143096924,-1.463044285774231,-0.468908429145813,-0.11722710728645325,-8.5700044631958,-2.14250111579895,5.927214622497559,1.4818036556243896
-1.9773705005645752,-0.4943426251411438,0.9075186848640442,0.22687967121601105,-0.575003981590271,-0.14375099539756775,2.7413620948791504,0.6853405237197876,0.2717617154121399,0.06794042885303497,-1.3216322660446167,-0.3304080665111542,-2.3868114948272705,-0.5967028737068176,-0.08611294627189636,-0.02152823656797409,-0.11272408813238144,-0.02818102203309536,4.029609203338623,1.0074023008346558,-1.947992205619812,-0.486998051404953,0.6168466806411743,0.15421167016029358,0.1765986680984497,0.04414966702461243,0.09235016256570816,0.02308754064142704,-1.2919400930404663,-0.3229850232601166,-5.982469081878662,-1.4956172704696655,-14.870512008666992,-3.717628002166748,-1.6479469537734985,-0.41198673844337463,-6.550718307495117,-1.6376795768737793,-0.42659851908683777,-0.10664962977170944,-9.986469268798828,-2.496617317199707,-5.680765628814697,-1.4201914072036743,-3.907309055328369,-0.9768272638320923,14.947922706604004,3.736980676651001,1.1822303533554077,0.29555758833885193,-5.575459003448486,-1.3938647508621216,-0.014007434248924255,-0.003501858562231064,-8.10187816619873,-2.0254695415496826,5.827572822570801,1.4568932056427002
-1.8674769401550293,-0.4668692350387573,1.1282192468643188,0.2820548117160797,-0.5933398604393005,-0.14833496510982513,2.987407684326172,0.746851921081543,0.9180697202682495,0.22951743006706238,-1.4657156467437744,-0.3664289116859436,-2.344001293182373,-0.5860003232955933,-0.21887457370758057,-0.05471864342689514,-0.04232756793498993,-0.010581891983747482,3.7468905448913574,0.9367226362228394,-1.5322057008743286,-0.38305142521858215,0.5890707969665527,0.14726769924163818,0.2701464295387268,0.0675366073846817,0.04808153957128525,0.012020384892821312,-1.2773945331573486,-0.31934863328933716,-5.805155277252197,-1.4512888193130493,-15.22559928894043,-3.8063998222351074,-1.624887466430664,-0.406221866607666,-6.311333656311035,-1.5778334140777588,-0.736453652381897,-0.18411341309547424,-10.107561111450195,-2.526890277862549,-5.515228748321533,-1.3788071870803833,-3.692600965499878,-0.9231502413749695,15.226119041442871,3.8065297603607178,1.2643216848373413,0.3160804212093353,-5.581967830657959,-1.3954919576644897,-0.137328639626503,-0.03433215990662575,-8.421317100524902,-2.1053292751312256,5.860713481903076,1.465178370475769
-1.8317846059799194,-0.45794615149497986,0.8242785334587097,0.20606963336467743,-0.41951942443847656,-0.10487985610961914,3.3588075637817383,0.8397018909454346,1.3527616262435913,0.3381904065608978,-1.8784289360046387,-0.46960723400115967,-2.2521286010742188,-0.5630321502685547,-0.10611391067504883,-0.026528477668762207,-0.0509113147854805,-0.012727828696370125,3.4853742122650146,0.8713435530662537,-1.2686593532562256,-0.3171648383140564,0.7120760083198547,0.17801900207996368,0.2681751251220703,0.06704378128051758,0.009814344346523285,0.0024535860866308212,-1.3756663799285889,-0.3439165949821472,-5.5967864990234375,-1.3991966247558594,-15.136406898498535,-3.784101724624634,-1.5565253496170044,-0.3891313374042511,-6.3167829513549805,-1.5791957378387451,-0.739937424659729,-0.18498435616493225,-10.153461456298828,-2.538365364074707,-5.524392127990723,-1.3810980319976807,-3.8959224224090576,-0.9739806056022644,14.871450424194336,3.717862606048584,1.2044326066970825,0.30110815167427063,-5.579737663269043,-1.3949344158172607,-0.3545164465904236,-0.0886291116476059,-8.445517539978027,-2.111379384994507,5.681711673736572,1.420427918434143
-1.8087345361709595,-0.45218363404273987,0.6422044634819031,0.16055111587047577,-0.3127252459526062,-0.07818131148815155,3.790950298309326,0.9477375745773315,2.2345049381256104,0.5586262345314026,-2.3910343647003174,-0.5977585911750793,-2.1349987983703613,-0.5337496995925903,0.0646606981754303,0.016165174543857574,-0.15438897907733917,-0.03859724476933479,3.1272215843200684,0.7818053960800171,-0.9158251285552979,-0.22895628213882446,0.7381129264831543,0.18452823162078857,0.2945444583892822,0.07363611459732056,0.11940281838178635,0.029850704595446587,-1.4182170629501343,-0.35455426573753357,-5.4463396072387695,-1.3615849018096924,-14.974902153015137,-3.743725538253784,-1.4695779085159302,-0.36739447712898254,-6.21681022644043,-1.5542025566101074,-0.8350454568862915,-0.20876136422157288,-10.116785049438477,-2.529196262359619,-5.332535743713379,-1.3331339359283447,-3.874415397644043,-0.9686038494110107,14.505256652832031,3.626314163208008,1.2006667852401733,0.30016669631004333,-5.483295440673828,-1.370823860168457,-0.5792655944824219,-0.14481639862060547,-8.555506706237793,-2.1388766765594482,5.336155414581299,1.3340388536453247
-1.9395778179168701,-0.48489445447921753,0.4631994068622589,0.11579985171556473,-0.23425862193107605,-0.05856465548276901,4.389980792999268,1.097495198249817,2.563714027404785,0.6409285068511963,-2.690408945083618,-0.6726022362709045,-2.056157112121582,-0.5140392780303955,0.11904437839984894,0.029761094599962234,-0.1680298000574112,-0.0420074500143528,2.2598495483398438,0.5649623870849609,-0.5629968643188477,-0.14074921607971191,0.9120676517486572,0.2280169129371643,0.302833616733551,0.07570840418338776,0.05994386225938797,0.014985965564846992,-1.3629734516143799,-0.34074336290359497,-5.268908500671387,-1.3172271251678467,-15.028504371643066,-3.7571260929107666,-1.3299139738082886,-0.33247849345207214,-5.961728572845459,-1.4904321432113647,-0.8158144950866699,-0.20395362377166748,-9.733988761901855,-2.433497190475464,-5.0393147468566895,-1.2598286867141724,-3.6498019695281982,-0.9124504923820496,14.141467094421387,3.5353667736053467,1.1985487937927246,0.29963719844818115,-5.328799247741699,-1.3321998119354248,-0.8864513039588928,-0.2216128259897232,-8.804577827453613,-2.2011444568634033,5.086877346038818,1.2717193365097046
-2.3773231506347656,-0.5943307876586914,0.1054452508687973,0.026361312717199326,-0.18156683444976807,-0.04539170861244202,4.592064380645752,1.148016095161438,-1.519790530204773,-0.37994763255119324,-1.2456096410751343,-0.31140241026878357,-2.0399632453918457,-0.5099908113479614,-0.280843049287796,-0.070210762321949,-0.049696184694767,-0.01242404617369175,1.4080040454864502,0.35200101137161255,0.6514538526535034,0.16286346316337585,0.8107423782348633,0.20268559455871582,0.07435890287160873,0.018589725717902184,-0.12454108148813248,-0.03113527037203312,-1.337791085243225,-0.3344477713108063,-5.577634811401367,-1.3944087028503418,-16.19752311706543,-4.049380779266357,-1.256097674369812,-0.314024418592453,-6.131526470184326,-1.5328816175460815,-0.45470571517944336,-0.11367642879486084,-9.609139442443848,-2.402284860610962,-4.878624439239502,-1.2196561098098755,-3.25459361076355,-0.8136484026908875,14.446418762207031,3.611604690551758,1.321884036064148,0.330471009016037,-4.9364166259765625,-1.2341041564941406,-0.7007270455360413,-0.17518176138401031,-8.558223724365234,-2.1395559310913086,5.218565940856934,1.3046414852142334
-2.3019838333129883,-0.5754959583282471,0.1854248344898224,0.0463562086224556,-0.18538418412208557,-0.04634604603052139,4.414372444152832,1.103593111038208,-3.1858513355255127,-0.7964628338813782,-0.9116501808166504,-0.2279125452041626,-1.6588398218154907,-0.4147099554538727,-0.5967719554901123,-0.14919298887252808,-0.16605280339717865,-0.04151320084929466,2.442751407623291,0.6106878519058228,1.3219757080078125,0.3304939270019531,0.28354930877685547,0.07088732719421387,0.017618559300899506,0.004404639825224876,0.13963302969932556,0.03490825742483139,-1.822228193283081,-0.45555704832077026,-5.779675483703613,-1.4449188709259033,-16.04539680480957,-4.011349201202393,-2.0250933170318604,-0.5062733292579651,-6.634222984313965,-1.6585557460784912,0.008845806121826172,0.002211451530456543,-9.6770658493042,-2.41926646232605,-5.730802059173584,-1.432700514793396,-4.0194525718688965,-1.0048631429672241,15.589816093444824,3.897454023361206,1.5625027418136597,0.3906256854534149,-5.230923652648926,-1.3077309131622314,-0.03669576346874237,-0.009173940867185593,-8.16793441772461,-2.0419836044311523,5.190121173858643,1.2975302934646606
-2.2575275897979736,-0.5643818974494934,0.4283751845359802,0.10709379613399506,-0.4459080696105957,-0.11147701740264893,3.8203210830688477,0.9550802707672119,-2.003065347671509,-0.5007663369178772,-0.9516828060150146,-0.23792070150375366,-1.6433974504470825,-0.41084936261177063,-0.32225245237350464,-0.08056311309337616,-0.25865882635116577,-0.06466470658779144,2.773533344268799,0.6933833360671997,1.5136338472366333,0.3784084618091583,0.8741853833198547,0.21854634582996368,0.03301422297954559,0.008253555744886398,-0.27951812744140625,-0.06987953186035156,-1.675999641418457,-0.41899991035461426,-5.953606605529785,-1.4884016513824463,-16.569942474365234,-4.142485618591309,-1.9829075336456299,-0.49572688341140747,-6.548562526702881,-1.6371406316757202,-0.42136624455451965,-0.10534156113862991,-9.73930835723877,-2.4348270893096924,-5.671404838562012,-1.417851209640503,-3.6738245487213135,-0.9184561371803284,16.50095558166504,4.12523889541626,1.752883791923523,0.43822094798088074,-5.25391960144043,-1.3134799003601074,0.12392149865627289,0.030980374664068222,-8.395628929138184,-2.098907232284546,5.445955276489258,1.3614888191223145
-2.1936399936676025,-0.5484099984169006,0.16958139836788177,0.042395349591970444,-0.47494763135910034,-0.11873690783977509,3.073680877685547,0.7684202194213867,-1.4350651502609253,-0.3587662875652313,-1.6689273118972778,-0.41723182797431946,-1.832546591758728,-0.458136647939682,0.33158788084983826,0.08289697021245956,-0.44052478671073914,-0.11013119667768478,3.5647482872009277,0.8911870718002319,-0.6376043558120728,-0.1594010889530182,1.0801818370819092,0.2700454592704773,-0.03291933983564377,-0.008229834958910942,-0.21024799346923828,-0.05256199836730957,-1.688383936882019,-0.42209598422050476,-6.2483320236206055,-1.5620830059051514,-16.694440841674805,-4.173610210418701,-1.6998276710510254,-0.42495691776275635,-6.9457502365112305,-1.7364375591278076,-0.2557971179485321,-0.06394927948713303,-9.91881275177002,-2.479703187942505,-6.051662921905518,-1.5129157304763794,-3.406836986541748,-0.851709246635437,15.934453010559082,3.9836132526397705,1.5047367811203003,0.3761841952800751,-4.92840576171875,-1.2321014404296875,0.29130852222442627,0.07282713055610657,-8.274752616882324,-2.068688154220581,5.367808818817139,1.3419522047042847
-2.0520458221435547,-0.5130114555358887,0.5797113180160522,0.14492782950401306,-0.5941860675811768,-0.1485465168952942,2.4814438819885254,0.6203609704971313,0.5582139492034912,0.1395534873008728,-1.6692767143249512,-0.4173191785812378,-2.1925995349884033,-0.5481498837471008,0.8838409185409546,0.22096022963523865,-0.5239861607551575,-0.13099654018878937,4.283210754394531,1.0708026885986328,-2.8737952709198,-0.71844881772995,0.9621349573135376,0.2405337393283844,0.3192128539085388,0.0798032134771347,0.5145368576049805,0.12863421440124512,-1.648215651512146,-0.4120539128780365,-6.025676727294922,-1.5064191818237305,-16.102937698364258,-4.0257344245910645,-1.8980932235717773,-0.47452330589294434,-7.550050258636475,-1.8875125646591187,-0.4945827126502991,-0.12364567816257477,-10.868998527526855,-2.717249631881714,-6.187401294708252,-1.546850323677063,-3.6985771656036377,-0.9246442914009094,16.64130973815918,4.160327434539795,1.1938427686691284,0.2984606921672821,-5.6344828605651855,-1.4086207151412964,-0.27936238050460815,-0.06984059512615204,-8.446590423583984,-2.111647605895996,5.541600227355957,1.3854000568389893
-1.936002254486084,-0.484000563621521,1.5585182905197144,0.3896295726299286,-0.8525496125221252,-0.2131374031305313,2.7173914909362793,0.6793478727340698,-0.18668769299983978,-0.046671923249959946,-0.46623343229293823,-0.11655835807323456,-2.534684658050537,-0.6336711645126343,0.20204487442970276,0.05051121860742569,-0.36626002192497253,-0.09156500548124313,3.902708053588867,0.9756770133972168,-2.0643320083618164,-0.5160830020904541,0.47640836238861084,0.11910209059715271,0.2089395821094513,0.052234895527362823,0.18013238906860352,0.04503309726715088,-1.5927187204360962,-0.39817968010902405,-5.92283296585083,-1.4807082414627075,-16.189035415649414,-4.0472588539123535,-1.0605251789093018,-0.26513129472732544,-7.400557518005371,-1.8501393795013428,-2.3140716552734375,-0.5785179138183594,-11.097869873046875,-2.7744674682617188,-5.788286209106445,-1.4470715522766113,-2.583468198776245,-0.6458670496940613,16.932849884033203,4.233212471008301,1.0880004167556763,0.27200010418891907,-5.554837226867676,-1.388709306716919,-0.7482880353927612,-0.1870720088481903,-9.133208274841309,-2.283302068710327,5.81588077545166,1.453970193862915
-2.2214205265045166,-0.5553551316261292,1.3765325546264648,0.3441331386566162,-0.7638716697692871,-0.19096791744232178,2.938209056854248,0.734552264213562,-0.2153732031583786,-0.05384330078959465,-0.48605480790138245,-0.12151370197534561,-2.5519728660583496,-0.6379932165145874,-0.1948905885219574,-0.04872264713048935,-0.08133918792009354,-0.020334796980023384,4.176366329193115,1.0440915822982788,-2.135969400405884,-0.533992350101471,0.3967920243740082,0.09919800609350204,0.15370693802833557,0.03842673450708389,0.31421634554862976,0.07855408638715744,-1.517728328704834,-0.3794320821762085,-6.637474536895752,-1.659368634223938,-16.8472843170166,-4.21182107925415,-1.475673794746399,-0.36891844868659973,-7.918074131011963,-1.9795185327529907,-0.2804555296897888,-0.0701138824224472,-11.284290313720703,-2.821072578430176,-6.5716471672058105,-1.6429117918014526,-3.0314207077026367,-0.7578551769256592,17.392902374267578,4.3482255935668945,1.1101664304733276,0.2775416076183319,-5.2186808586120605,-1.3046702146530151,0.04321317374706268,0.01080329343676567,-8.810461044311523,-2.202615261077881,6.127369403839111,1.5318423509597778
-2.012829542160034,-0.5032073855400085,1.0652867555618286,0.26632168889045715,-0.6555010676383972,-0.1638752669095993,2.9476819038391113,0.7369204759597778,-0.3256576955318451,-0.08141442388296127,-0.8241254687309265,-0.20603136718273163,-2.587193250656128,-0.646798312664032,-0.14420181512832642,-0.036050453782081604,-0.09788703173398972,-0.02447175793349743,3.9636106491088867,0.9909026622772217,-2.0310025215148926,-0.5077506303787231,0.7078143954277039,0.17695359885692596,0.1698628067970276,0.0424657016992569,0.049739770591259,0.01243494264781475,-1.3983930349349976,-0.3495982587337494,-6.805843353271484,-1.701460838317871,-16.9353084564209,-4.233827114105225,-1.4622706174850464,-0.3655676543712616,-8.154083251953125,-2.0385208129882812,-0.4820273220539093,-0.12050683051347733,-11.709097862243652,-2.927274465560913,-6.31794548034668,-1.57948637008667,-2.928985357284546,-0.7322463393211365,17.104413986206055,4.276103496551514,1.2572789192199707,0.3143197298049927,-4.928422927856445,-1.2321057319641113,-0.21507342159748077,-0.053768355399370193,-8.502372741699219,-2.1255931854248047,5.900078296661377,1.4750195741653442
-1.9928843975067139,-0.49822109937667847,1.0649144649505615,0.2662286162376404,-0.6240330934524536,-0.1560082733631134,2.914712905883789,0.7286782264709473,0.2996424734592438,0.07491061836481094,-1.0716831684112549,-0.2679207921028137,-2.705784320831299,-0.6764460802078247,-0.1674545705318451,-0.04186364263296127,-0.16356270015239716,-0.04089067503809929,3.862745761871338,0.9656864404678345,-1.7981257438659668,-0.4495314359664917,0.7704901695251465,0.19262254238128662,0.24511516094207764,0.06127879023551941,0.16914507746696472,0.04228626936674118,-1.4472002983093262,-0.36180007457733154,-6.279658794403076,-1.569914698600769,-16.582942962646484,-4.145735740661621,-0.933566689491272,-0.233391672372818,-8.141640663146973,-2.035410165786743,-2.368593215942383,-0.5921483039855957,-12.009252548217773,-3.0023131370544434,-5.568408966064453,-1.3921022415161133,-2.769240617752075,-0.6923101544380188,16.601526260375977,4.150381565093994,1.1528290510177612,0.2882072627544403,-5.287655830383301,-1.3219139575958252,-0.5015290379524231,-0.12538225948810577,-8.654544830322266,-2.1636362075805664,5.627857685089111,1.4069644212722778
-1.9248297214508057,-0.4812074303627014,1.2742422819137573,0.31856057047843933,-0.634486973285675,-0.15862174332141876,3.1305627822875977,0.7826406955718994,0.31145307421684265,0.07786326855421066,-1.0971472263336182,-0.27428680658340454,-2.6809706687927246,-0.6702426671981812,-0.3112275302410126,-0.07780688256025314,-0.08804158866405487,-0.022010397166013718,3.7200160026550293,0.9300040006637573,-1.4950889348983765,-0.3737722337245941,0.7102055549621582,0.17755138874053955,0.09343457967042923,0.023358644917607307,0.3242919147014618,0.08107297867536545,-1.458707332611084,-0.364676833152771,-6.962225914001465,-1.7405564785003662,-17.268875122070312,-4.317218780517578,-1.338941216468811,-0.33473530411720276,-8.17547607421875,-2.0438690185546875,-0.2130856215953827,-0.05327140539884567,-11.552428245544434,-2.8881070613861084,-6.190708160400391,-1.5476770401000977,-2.7568395137786865,-0.6892098784446716,16.969112396240234,4.242278099060059,1.1407537460327148,0.2851884365081787,-4.971734523773193,-1.2429336309432983,-0.11700071394443512,-0.02925017848610878,-8.598570823669434,-2.1496427059173584,5.951653957366943,1.4879134893417358
-1.9703655242919922,-0.49259138107299805,1.2358293533325195,0.3089573383331299,-0.6061769127845764,-0.1515442281961441,3.3041739463806152,0.8260434865951538,0.6060558557510376,0.1515139639377594,-0.9599717259407043,-0.2399929314851761,-2.6426050662994385,-0.6606512665748596,-0.3036252558231354,-0.07590631395578384,-0.10173303633928299,-0.025433259084820747,3.6395058631896973,0.9098764657974243,-1.4002749919891357,-0.35006874799728394,0.7247908711433411,0.18119771778583527,0.16836082935333252,0.04209020733833313,0.29624292254447937,0.07406073063611984,-1.4590966701507568,-0.3647741675376892,-6.966771602630615,-1.7416929006576538,-17.723587036132812,-4.430896759033203,-1.3298074007034302,-0.33245185017585754,-8.141822814941406,-2.0354557037353516,-0.4350361227989197,-0.10875903069972992,-11.704896926879883,-2.9262242317199707,-6.05845832824707,-1.5146145820617676,-2.66672682762146,-0.666681706905365,17.262754440307617,4.315688610076904,1.2727439403533936,0.3181859850883484,-4.965638637542725,-1.2414096593856812,-0.2585411071777344,-0.0646352767944336,-8.785137176513672,-2.196284294128418,5.914106369018555,1.4785265922546387
-1.9230363368988037,-0.4807590842247009,1.1137431859970093,0.2784357964992523,-0.549816906452179,-0.13745422661304474,3.4213318824768066,0.8553329706192017,0.5170589685440063,0.1292647421360016,-0.9999017119407654,-0.24997542798519135,-2.6296234130859375,-0.6574058532714844,-0.2582111656665802,-0.06455279141664505,-0.11815571039915085,-0.029538927599787712,3.4860999584198,0.87152498960495,-1.2074936628341675,-0.30187341570854187,0.7880219221115112,0.1970054805278778,0.13482573628425598,0.033706434071063995,0.27587100863456726,0.06896775215864182,-1.5319721698760986,-0.38299304246902466,-6.891740322113037,-1.7229350805282593,-17.72369384765625,-4.4309234619140625,-1.321096658706665,-0.33027416467666626,-8.168607711791992,-2.042151927947998,-0.3892349600791931,-0.09730874001979828,-11.569356918334961,-2.8923392295837402,-6.0187578201293945,-1.5046894550323486,-2.7375714778900146,-0.6843928694725037,17.112300872802734,4.278075218200684,1.2827986478805542,0.32069966197013855,-5.011226177215576,-1.252806544303894,-0.3950013518333435,-0.09875033795833588,-8.88651180267334,-2.221627950668335,5.775489807128906,1.4438724517822266
-1.9617178440093994,-0.49042946100234985,0.9670370221138,0.24175925552845,-0.5069623589515686,-0.12674058973789215,3.5942201614379883,0.8985550403594971,0.5151551961898804,0.1287887990474701,-0.9679790139198303,-0.24199475347995758,-2.5787222385406494,-0.6446805596351624,-0.1789003312587738,-0.04472508281469345,-0.17086197435855865,-0.042715493589639664,3.3732972145080566,0.8433243036270142,-1.1283026933670044,-0.2820756733417511,0.7830679416656494,0.19576698541641235,0.1360657513141632,0.0340164378285408,0.29914557933807373,0.07478639483451843,-1.5617327690124512,-0.3904331922531128,-6.8606486320495605,-1.7151621580123901,-17.643566131591797,-4.410891532897949,-1.2934160232543945,-0.32335400581359863,-8.20154094696045,-2.0503852367401123,-0.3623138964176178,-0.09057847410440445,-11.582767486572266,-2.8956918716430664,-6.019107818603516,-1.504776954650879,-2.612828016281128,-0.653207004070282,17.06068229675293,4.265170574188232,1.2925790548324585,0.3231447637081146,-4.917901992797852,-1.229475498199463,-0.4591391682624817,-0.11478479206562042,-8.83438777923584,-2.20859694480896,5.713075160980225,1.4282687902450562
-2.016235113143921,-0.5040587782859802,0.7997575998306274,0.19993939995765686,-0.4498831629753113,-0.11247079074382782,3.8583860397338867,0.9645965099334717,0.3220402002334595,0.08051005005836487,-0.8668966293334961,-0.21672415733337402,-2.576789617538452,-0.644197404384613,-0.1535259187221527,-0.03838147968053818,-0.1885071098804474,-0.04712677747011185,3.100586414337158,0.7751466035842896,-1.0110647678375244,-0.2527661919593811,0.7542083263397217,0.18855208158493042,0.12183455377817154,0.030458638444542885,0.24979862570762634,0.062449656426906586,-1.5841199159622192,-0.3960299789905548,-6.84243631362915,-1.7106090784072876,-17.66990089416504,-4.41747522354126,-1.2184537649154663,-0.3046134412288666,-8.181121826171875,-2.0452804565429688,-0.2764558792114258,-0.06911396980285645,-11.474427223205566,-2.8686068058013916,-5.988255023956299,-1.4970637559890747,-2.5168471336364746,-0.6292117834091187,17.020065307617188,4.255016326904297,1.2864763736724854,0.32161909341812134,-4.850874900817871,-1.2127187252044678,-0.5113087296485901,-0.12782718241214752,-8.827371597290039,-2.2068428993225098,5.669828414916992,1.417457103729248
-2.203378915786743,-0.5508447289466858,0.2002483755350113,0.05006209388375282,-0.2937687635421753,-0.07344219088554382,4.228581428527832,1.057145357131958,-1.3043757677078247,-0.3260939419269562,-0.961283266544342,-0.2403208166360855,-2.394705295562744,-0.598676323890686,-0.22034567594528198,-0.055086418986320496,-0.13540610671043396,-0.03385152667760849,2.477033853530884,0.619258463382721,-0.16627299785614014,-0.041568249464035034,0.5950950980186462,0.14877377450466156,0.10474943369626999,0.026187358424067497,0.022798530757427216,0.005699632689356804,-1.7056565284729004,-0.4264141321182251,-6.420376777648926,-1.6050941944122314,-17.46437644958496,-4.36609411239624,-0.7009682655334473,-0.17524206638336182,-7.974580764770508,-1.993645191192627,-1.9250638484954834,-0.48126596212387085,-11.667713165283203,-2.916928291320801,-5.422163963317871,-1.3555409908294678,-2.5419771671295166,-0.6354942917823792,16.7269287109375,4.181732177734375,1.3317538499832153,0.33293846249580383,-4.928927898406982,-1.2322319746017456,-0.6525195837020874,-0.16312989592552185,-8.651002883911133,-2.162750720977783,5.43928861618042,1.359822154045105
-2.337284564971924,-0.584321141242981,-0.0352419838309288,-0.0088104959577322,-0.16720855236053467,-0.04180213809013367,4.965506553649902,1.2413766384124756,-2.68005633354187,-0.6700140833854675,-1.0570894479751587,-0.2642723619937897,-2.3382749557495117,-0.5845687389373779,-0.624046802520752,-0.156011700630188,-0.150393545627594,-0.0375983864068985,2.1982057094573975,0.5495514273643494,0.9990702867507935,0.24976757168769836,0.5310382843017578,0.13275957107543945,-0.017151642590761185,-0.004287910647690296,-0.0857812836766243,-0.021445320919156075,-1.7963204383850098,-0.44908010959625244,-7.25035285949707,-1.8125882148742676,-18.1197509765625,-4.529937744140625,-1.4494649171829224,-0.3623662292957306,-8.345691680908203,-2.086422920227051,0.4946715235710144,0.1236678808927536,-11.520989418029785,-2.8802473545074463,-6.414450168609619,-1.6036125421524048,-3.069836378097534,-0.7674590945243835,17.438440322875977,4.359610080718994,1.2538511753082275,0.3134627938270569,-4.4614996910095215,-1.1153749227523804,0.1800534576177597,0.045013364404439926,-8.351064682006836,-2.087766170501709,5.48897647857666,1.372244119644165
-2.437211751937866,-0.6093029379844666,0.12105368077754974,0.030263420194387436,-0.22154933214187622,-0.055387333035469055,4.241212844848633,1.0603032112121582,-2.4012506008148193,-0.6003126502037048,-0.8955399990081787,-0.22388499975204468,-1.936092734336853,-0.48402318358421326,-0.48334801197052,-0.12083700299263,-0.33399897813796997,-0.08349974453449249,3.039672613143921,0.7599181532859802,1.7154380083084106,0.42885950207710266,1.2730611562728882,0.31826528906822205,-0.11851544678211212,-0.02962886169552803,-0.05134452134370804,-0.01283613033592701,-1.9252941608428955,-0.4813235402107239,-7.59962272644043,-1.8999056816101074,-18.67973518371582,-4.669933795928955,-1.8856565952301025,-0.47141414880752563,-8.381431579589844,-2.095357894897461,0.21429869532585144,0.05357467383146286,-11.57724666595459,-2.8943116664886475,-6.182172775268555,-1.5455431938171387,-2.9213857650756836,-0.7303464412689209,17.734975814819336,4.433743953704834,1.6461011171340942,0.41152527928352356,-4.641683578491211,-1.1604208946228027,0.39219796657562256,0.09804949164390564,-8.593140602111816,-2.148285150527954,5.3175506591796875,1.3293876647949219
-2.513551950454712,-0.628387987613678,0.2971358895301819,0.07428397238254547,-0.46242862939834595,-0.11560715734958649,3.595950126647949,0.8989875316619873,-1.7116764783859253,-0.4279191195964813,-1.6912046670913696,-0.4228011667728424,-2.0315332412719727,-0.5078833103179932,-0.1777452826499939,-0.044436320662498474,-0.3535521924495697,-0.08838804811239243,3.702500820159912,0.925625205039978,0.4714854657649994,0.11787136644124985,1.0685389041900635,0.26713472604751587,-0.014217592775821686,-0.0035543981939554214,-0.06738648563623428,-0.01684662140905857,-1.7486175298690796,-0.4371543824672699,-7.533748626708984,-1.883437156677246,-18.71240997314453,-4.678102493286133,-1.5723837614059448,-0.3930959403514862,-8.776322364807129,-2.1940805912017822,0.17363357543945312,0.04340839385986328,-11.817383766174316,-2.954345941543579,-6.4920244216918945,-1.6230061054229736,-2.7731425762176514,-0.6932856440544128,17.43442726135254,4.358606815338135,1.3674089908599854,0.34185224771499634,-4.139336109161377,-1.0348340272903442,0.518939197063446,0.1297347992658615,-8.561657905578613,-2.1404144763946533,5.209436893463135,1.3023592233657837
-2.2449631690979004,-0.5612407922744751,0.6238319873809814,0.15595799684524536,-0.6337984204292297,-0.15844960510730743,3.0866899490356445,0.7716724872589111,0.5199564099311829,0.12998910248279572,-1.5303490161895752,-0.3825872540473938,-2.4715206623077393,-0.6178801655769348,0.3946118652820587,0.09865296632051468,-0.49254292249679565,-0.12313573062419891,4.25545597076416,1.06386399269104,-1.8983060121536255,-0.47457650303840637,0.9318679571151733,0.23296698927879333,0.33302783966064453,0.08325695991516113,0.5496671199798584,0.1374167799949646,-1.7865657806396484,-0.4466414451599121,-6.600473880767822,-1.6501184701919556,-18.109270095825195,-4.527317523956299,-1.2451921701431274,-0.31129804253578186,-9.118619918823242,-2.2796549797058105,-2.0599231719970703,-0.5149807929992676,-12.792901992797852,-3.198225498199463,-5.907776355743408,-1.476944088935852,-2.5307209491729736,-0.6326802372932434,17.538204193115234,4.384551048278809,1.2164661884307861,0.30411654710769653,-4.838369846343994,-1.2095924615859985,-0.0731966644525528,-0.0182991661131382,-8.781936645507812,-2.195484161376953,5.00775146484375,1.2519378662109375
-1.921823263168335,-0.48045581579208374,1.1818134784698486,0.29545336961746216,-0.6760698556900024,-0.1690174639225006,3.2834649085998535,0.8208662271499634,-0.06424637138843536,-0.01606159284710884,-0.485105961561203,-0.12127649039030075,-2.702939987182617,-0.6757349967956543,0.2806800901889801,0.07017002254724503,-0.4209022521972656,-0.1052255630493164,3.959131956100464,0.989782989025116,-2.0433592796325684,-0.5108398199081421,0.6203787326812744,0.1550946831703186,0.04124601185321808,0.01031150296330452,0.43794652819633484,0.10948663204908371,-1.8447272777557373,-0.4611818194389343,-7.636865615844727,-1.9092164039611816,-18.159305572509766,-4.539826393127441,-1.4140762090682983,-0.3535190522670746,-9.282639503479004,-2.320659875869751,0.11484897136688232,0.02871224284172058,-12.152213096618652,-3.038053274154663,-6.879350185394287,-1.7198375463485718,-2.1746954917907715,-0.5436738729476929,17.692909240722656,4.423227310180664,0.9403789639472961,0.23509474098682404,-4.679951190948486,-1.1699877977371216,-0.04178832471370697,-0.010447081178426743,-8.933932304382324,-2.233483076095581,5.652380466461182,1.4130951166152954
-2.256150722503662,-0.5640376806259155,1.0511225461959839,0.26278063654899597,-0.6275094747543335,-0.15687736868858337,3.376948833465576,0.844237208366394,0.1526898294687271,0.03817245736718178,-0.4268755316734314,-0.10671888291835785,-2.7048964500427246,-0.6762241125106812,-0.035752058029174805,-0.008938014507293701,-0.26800376176834106,-0.06700094044208527,4.130845546722412,1.032711386680603,-1.9647605419158936,-0.4911901354789734,0.6249974966049194,0.15624937415122986,0.22019228339195251,0.05504807084798813,0.4453822076320648,0.1113455519080162,-1.7481355667114258,-0.43703389167785645,-7.667799472808838,-1.9169498682022095,-18.564857482910156,-4.641214370727539,-1.3567534685134888,-0.3391883671283722,-9.44474983215332,-2.36118745803833,-0.2951515316963196,-0.0737878829240799,-12.736620903015137,-3.184155225753784,-6.835722923278809,-1.7089307308197021,-2.292876958847046,-0.5732192397117615,18.245655059814453,4.561413764953613,1.059415340423584,0.264853835105896,-4.577509880065918,-1.1443774700164795,0.09793852269649506,0.024484630674123764,-8.975051879882812,-2.243762969970703,5.759657382965088,1.439914345741272
-2.1810641288757324,-0.5452660322189331,0.7030606865882874,0.17576517164707184,-0.5123470425605774,-0.12808676064014435,3.348557949066162,0.8371394872665405,-0.35084524750709534,-0.08771131187677383,-0.6189537048339844,-0.1547384262084961,-2.73640775680542,-0.684101939201355,0.03910309076309204,0.00977577269077301,-0.20876918733119965,-0.05219229683279991,3.961195468902588,0.990298867225647,-2.0259928703308105,-0.5064982175827026,0.7653974294662476,0.1913493573665619,0.13319289684295654,0.033298224210739136,0.2560954988002777,0.06402387470006943,-1.6766388416290283,-0.4191597104072571,-7.7439866065979,-1.935996651649475,-18.38317108154297,-4.595792770385742,-1.3561326265335083,-0.3390331566333771,-9.664411544799805,-2.416102886199951,-0.19922730326652527,-0.04980682581663132,-12.710807800292969,-3.177701950073242,-6.956284046173096,-1.739071011543274,-2.3459346294403076,-0.5864836573600769,17.927885055541992,4.481971263885498,1.0559227466583252,0.2639806866645813,-4.296241760253906,-1.0740604400634766,-0.14131824672222137,-0.035329561680555344,-8.592020988464355,-2.148005247116089,5.676822662353516,1.419205665588379
-2.1397545337677,-0.534938633441925,0.7840254306793213,0.19600635766983032,-0.5000418424606323,-0.12501046061515808,3.425173282623291,0.8562933206558228,0.004506099969148636,0.001126524992287159,-0.5500783920288086,-0.13751959800720215,-2.823188066482544,-0.705797016620636,0.0053820013999938965,0.0013455003499984741,-0.3351891040802002,-0.08379727602005005,3.938689947128296,0.984672486782074,-1.8155841827392578,-0.45389604568481445,0.6496925354003906,0.16242313385009766,0.1338544487953186,0.03346361219882965,0.4727760851383209,0.11819402128458023,-1.664023995399475,-0.4160059988498688,-7.967392921447754,-1.9918482303619385,-18.600419998168945,-4.650104999542236,-1.2974766492843628,-0.3243691623210907,-9.834235191345215,-2.4585587978363037,-0.2103319764137268,-0.0525829941034317,-13.011902809143066,-3.2529757022857666,-6.7392988204956055,-1.6848247051239014,-2.2255983352661133,-0.5563995838165283,18.077651977539062,4.519412994384766,1.1106233596801758,0.27765583992004395,-4.159633159637451,-1.0399082899093628,-0.05031140148639679,-0.012577850371599197,-8.506295204162598,-2.1265738010406494,5.688809394836426,1.4222023487091064
-2.1811039447784424,-0.5452759861946106,0.8385863304138184,0.2096465826034546,-0.5092437863349915,-0.12731094658374786,3.394423007965088,0.848605751991272,0.13239333033561707,0.033098332583904266,-0.399852454662323,-0.09996311366558075,-2.8453407287597656,-0.7113351821899414,-0.03941181302070618,-0.009852953255176544,-0.29228055477142334,-0.07307013869285583,3.7473084926605225,0.9368271231651306,-1.580925464630127,-0.39523136615753174,0.7696685791015625,0.19241714477539062,0.19053912162780762,0.047634780406951904,0.3843206465244293,0.09608016163110733,-1.6227197647094727,-0.40567994117736816,-7.331148624420166,-1.8327871561050415,-18.220888137817383,-4.555222034454346,-0.8915776014328003,-0.22289440035820007,-9.443300247192383,-2.3608250617980957,-1.990394115447998,-0.4975985288619995,-13.037036895751953,-3.2592592239379883,-6.012588024139404,-1.503147006034851,-1.8877885341644287,-0.4719471335411072,17.80292510986328,4.45073127746582,1.0538712739944458,0.26346781849861145,-4.5742292404174805,-1.1435573101043701,-0.35345953702926636,-0.08836488425731659,-8.724018096923828,-2.181004524230957,5.4924187660217285,1.3731046915054321
-2.114422559738159,-0.5286056399345398,0.7843196392059326,0.19607990980148315,-0.46109360456466675,-0.11527340114116669,3.562260150909424,0.890565037727356,-0.13220812380313873,-0.03305203095078468,-0.4753659963607788,-0.1188414990901947,-2.78057599067688,-0.69514399766922,-0.09113678336143494,-0.022784195840358734,-0.2835399806499481,-0.07088499516248703,3.6795191764831543,0.9198797941207886,-1.5069645643234253,-0.3767411410808563,0.684418797492981,0.17110469937324524,0.0535481795668602,0.01338704489171505,0.4415936768054962,0.11039841920137405,-1.7042663097381592,-0.4260665774345398,-7.879666328430176,-1.969916582107544,-18.6932315826416,-4.6733078956604,-1.2543472051620483,-0.3135868012905121,-9.555383682250977,-2.388845920562744,0.10770630836486816,0.02692657709121704,-12.600061416625977,-3.150015354156494,-6.77593469619751,-1.6939836740493774,-2.0661582946777344,-0.5165395736694336,18.02306365966797,4.505765914916992,1.0449550151824951,0.2612387537956238,-4.279946327209473,-1.0699865818023682,-0.09169064462184906,-0.022922661155462265,-8.55119800567627,-2.1377995014190674,5.789113998413086,1.4472784996032715
-2.1974008083343506,-0.5493502020835876,0.7347386479377747,0.18368466198444366,-0.4519120454788208,-0.1129780113697052,3.7091636657714844,0.9272909164428711,-0.17634300887584686,-0.044085752218961716,-0.3262627422809601,-0.08156568557024002,-2.7245442867279053,-0.6811360716819763,-0.13268506526947021,-0.033171266317367554,-0.3121981620788574,-0.07804954051971436,3.555898904800415,0.8889747262001038,-1.3010454177856445,-0.32526135444641113,0.6051087975502014,0.15127719938755035,0.1319180428981781,0.032979510724544525,0.46883437037467957,0.11720859259366989,-1.6934479475021362,-0.42336198687553406,-7.878412246704102,-1.9696030616760254,-19.13164520263672,-4.78291130065918,-1.2646564245224,-0.3161641061306,-9.43188190460205,-2.3579704761505127,-0.10631567239761353,-0.02657891809940338,-12.7935209274292,-3.1983802318573,-6.498357772827148,-1.624589443206787,-2.0276949405670166,-0.5069237351417542,18.511999130249023,4.627999782562256,1.224109172821045,0.30602729320526123,-4.303308963775635,-1.0758272409439087,-0.1694563776254654,-0.04236409440636635,-8.618776321411133,-2.154694080352783,5.754913330078125,1.4387283325195312
-2.1510231494903564,-0.5377557873725891,0.4148758351802826,0.10371895879507065,-0.34011414647102356,-0.08502853661775589,4.114429950714111,1.0286074876785278,-0.8105906844139099,-0.20264767110347748,-0.4492303133010864,-0.1123075783252716,-2.6588828563690186,-0.6647207140922546,-0.16896864771842957,-0.04224216192960739,-0.25221389532089233,-0.06305347383022308,3.0491385459899902,0.7622846364974976,-0.8503779172897339,-0.21259447932243347,0.5006649494171143,0.12516623735427856,0.047690361738204956,0.011922590434551239,0.32508543133735657,0.08127135783433914,-1.7815263271331787,-0.4453815817832947,-7.885048866271973,-1.9712622165679932,-19.2631778717041,-4.815794467926025,-1.1248455047607422,-0.28121137619018555,-9.279011726379395,-2.3197529315948486,0.04233032464981079,0.010582581162452698,-12.600192070007324,-3.150048017501831,-6.460244178771973,-1.6150610446929932,-2.0350711345672607,-0.5087677836418152,18.44053840637207,4.610134601593018,1.2714040279388428,0.3178510069847107,-4.238621711730957,-1.0596554279327393,-0.16528774797916412,-0.04132193699479103,-8.538971900939941,-2.1347429752349854,5.744051456451416,1.436012864112854
-2.515285015106201,-0.6288212537765503,-0.3603780269622803,-0.09009450674057007,-0.06976400315761566,-0.017441000789403915,4.959692001342773,1.2399230003356934,-2.7558963298797607,-0.6889740824699402,-0.8947130441665649,-0.22367826104164124,-2.4676403999328613,-0.6169100999832153,-0.43877527117729187,-0.10969381779432297,-0.22400407493114471,-0.05600101873278618,2.170909881591797,0.5427274703979492,0.6812412142753601,0.17031030356884003,0.5124936103820801,0.12812340259552002,0.035986416041851044,0.008996604010462761,-0.004678584635257721,-0.0011696461588144302,-1.819548487663269,-0.45488712191581726,-8.1199369430542,-2.02998423576355,-19.607112884521484,-4.901778221130371,-1.0753819942474365,-0.26884549856185913,-9.19515609741211,-2.2987890243530273,0.2516489624977112,0.0629122406244278,-12.745085716247559,-3.1862714290618896,-6.452160358428955,-1.6130400896072388,-2.325256586074829,-0.5813141465187073,18.5618896484375,4.640472412109375,1.3125629425048828,0.3281407356262207,-3.9889142513275146,-0.9972285628318787,0.07508693635463715,0.018771734088659286,-8.252650260925293,-2.0631625652313232,5.682412624359131,1.4206031560897827
-2.277534246444702,-0.5693835616111755,-0.050089865922927856,-0.012522466480731964,-0.17833060026168823,-0.04458265006542206,4.737992763519287,1.1844981908798218,-2.6121866703033447,-0.6530466675758362,-0.8157029747962952,-0.2039257436990738,-2.3300178050994873,-0.5825044512748718,-0.5021389722824097,-0.12553474307060242,-0.3009788990020752,-0.0752447247505188,2.5562541484832764,0.6390635371208191,0.7423113584518433,0.18557783961296082,1.3624317646026611,0.3406079411506653,-0.05662531778216362,-0.014156329445540905,0.11553206294775009,0.028883015736937523,-2.0504846572875977,-0.5126211643218994,-8.05363941192627,-2.0134098529815674,-19.56886100769043,-4.892215251922607,-1.9791964292526245,-0.49479910731315613,-9.315333366394043,-2.3288333415985107,0.48913347721099854,0.12228336930274963,-12.579318046569824,-3.144829511642456,-6.492761135101318,-1.6231902837753296,-2.6202971935272217,-0.6550742983818054,18.636030197143555,4.659007549285889,1.6835594177246094,0.42088985443115234,-4.452886581420898,-1.1132216453552246,0.4907912611961365,0.12269781529903412,-8.409621238708496,-2.102405309677124,5.378012657165527,1.3445031642913818
-2.522688150405884,-0.630672037601471,-0.10860124230384827,-0.027150310575962067,-0.18653079867362976,-0.04663269966840744,4.298159122467041,1.0745397806167603,-2.4912359714508057,-0.6228089928627014,-1.0754927396774292,-0.2688731849193573,-1.9753001928329468,-0.4938250482082367,-0.2892496585845947,-0.07231241464614868,-0.55486661195755,-0.1387166529893875,3.3088834285736084,0.8272208571434021,2.128232002258301,0.5320580005645752,1.4451839923858643,0.36129599809646606,-0.18631917238235474,-0.046579793095588684,-0.07102514058351517,-0.017756285145878792,-2.0435118675231934,-0.5108779668807983,-8.502708435058594,-2.1256771087646484,-19.59920310974121,-4.899800777435303,-1.7460740804672241,-0.43651852011680603,-9.402262687683105,-2.3505656719207764,0.29147815704345703,0.07286953926086426,-12.507148742675781,-3.1267871856689453,-6.31854772567749,-1.5796369314193726,-2.2994539737701416,-0.5748634934425354,18.220108032226562,4.555027008056641,1.4374403953552246,0.35936009883880615,-4.059535503387451,-1.0148838758468628,0.4834944009780884,0.1208736002445221,-8.49764347076416,-2.12441086769104,5.287752628326416,1.321938157081604
-2.710451364517212,-0.677612841129303,0.23453103005886078,0.058632757514715195,-0.32235684990882874,-0.08058921247720718,3.6540098190307617,0.9135024547576904,-1.6208571195602417,-0.4052142798900604,-1.838772177696228,-0.459693044424057,-1.9968479871749878,-0.49921199679374695,-0.16952508687973022,-0.042381271719932556,-0.498404860496521,-0.12460121512413025,3.9901065826416016,0.9975266456604004,0.795465350151062,0.1988663375377655,1.3812509775161743,0.3453127443790436,0.02019689977169037,0.005049224942922592,0.16424450278282166,0.041061125695705414,-1.8956146240234375,-0.4739036560058594,-8.351635932922363,-2.087908983230591,-20.0865478515625,-5.021636962890625,-1.6168056726455688,-0.4042014181613922,-9.573478698730469,-2.393369674682617,0.17341428995132446,0.043353572487831116,-12.727068901062012,-3.181767225265503,-6.616378307342529,-1.6540945768356323,-2.2533087730407715,-0.5633271932601929,18.281696319580078,4.5704240798950195,1.2226375341415405,0.30565938353538513,-3.8524794578552246,-0.9631198644638062,0.8148160576820374,0.20370401442050934,-8.982172012329102,-2.2455430030822754,5.18882942199707,1.2972073554992676
-2.3739120960235596,-0.5934780240058899,0.624330461025238,0.1560826152563095,-0.5745264887809753,-0.14363162219524384,3.2302355766296387,0.8075588941574097,0.11846305429935455,0.02961576357483864,-1.3219804763793945,-0.33049511909484863,-2.5693819522857666,-0.6423454880714417,0.29971548914909363,0.07492887228727341,-0.4844769835472107,-0.12111924588680267,4.363004684448242,1.0907511711120605,-2.002237319946289,-0.5005593299865723,1.0729844570159912,0.2682461142539978,0.19301900267601013,0.04825475066900253,0.5900804400444031,0.14752011001110077,-1.8305100202560425,-0.4576275050640106,-7.9312052726745605,-1.9828013181686401,-19.71174430847168,-4.92793607711792,-1.7135149240493774,-0.42837873101234436,-9.978800773620605,-2.4947001934051514,-0.09335982799530029,-0.023339956998825073,-13.162848472595215,-3.2907121181488037,-6.816891193389893,-1.7042227983474731,-2.079163074493408,-0.519790768623352,18.416215896606445,4.604053974151611,1.1208518743515015,0.28021296858787537,-4.011568546295166,-1.0028921365737915,0.5487288236618042,0.13718220591545105,-8.86557388305664,-2.21639347076416,5.177829742431641,1.2944574356079102
-2.2013299465179443,-0.5503324866294861,0.9304288625717163,0.23260721564292908,-0.6218920350074768,-0.1554730087518692,3.3580727577209473,0.8395181894302368,0.07251971960067749,0.018129929900169373,-0.2789393663406372,-0.0697348415851593,-2.7706429958343506,-0.6926607489585876,0.23892119526863098,0.059730298817157745,-0.42630308866500854,-0.10657577216625214,4.174570083618164,1.043642520904541,-2.0970818996429443,-0.5242704749107361,0.6703839302062988,0.1675959825515747,0.14393645524978638,0.035984113812446594,0.6068673133850098,0.15171682834625244,-1.8742077350616455,-0.4685519337654114,-8.258854866027832,-2.064713716506958,-19.40657615661621,-4.851644039154053,-1.4248014688491821,-0.35620036721229553,-10.201629638671875,-2.5504074096679688,-0.13324865698814392,-0.03331216424703598,-13.261075019836426,-3.3152687549591064,-6.866798400878906,-1.7166996002197266,-1.8785823583602905,-0.46964558959007263,18.478321075439453,4.619580268859863,0.968691349029541,0.24217283725738525,-4.271183967590332,-1.067795991897583,0.17835594713687897,0.04458898678421974,-9.093079566955566,-2.2732698917388916,5.645308017730713,1.4113270044326782
-2.3855879306793213,-0.5963969826698303,0.814845085144043,0.20371127128601074,-0.5240637063980103,-0.13101592659950256,3.5331668853759766,0.8832917213439941,-0.04641703888773918,-0.011604259721934795,-0.25340959429740906,-0.06335239857435226,-2.7906339168548584,-0.6976584792137146,0.0018283873796463013,0.0004570968449115753,-0.3225390315055847,-0.08063475787639618,4.122313976287842,1.0305784940719604,-2.0335402488708496,-0.5083850622177124,0.6665167212486267,0.16662918031215668,0.16993054747581482,0.042482636868953705,0.46459510922431946,0.11614877730607986,-1.8276689052581787,-0.4569172263145447,-8.252012252807617,-2.0630030632019043,-19.45539665222168,-4.86384916305542,-1.3103834390640259,-0.32759585976600647,-10.24326229095459,-2.5608155727386475,-0.11751753091812134,-0.029379382729530334,-13.338048934936523,-3.334512233734131,-7.048829555511475,-1.7622073888778687,-1.9466872215270996,-0.4866718053817749,18.72968101501465,4.682420253753662,0.9367901086807251,0.23419752717018127,-4.1484375,-1.037109375,0.17591999471187592,0.04397999867796898,-8.921686172485352,-2.230421543121338,5.698491096496582,1.4246227741241455
-2.4210760593414307,-0.6052690148353577,0.5989600419998169,0.14974001049995422,-0.4204004406929016,-0.1051001101732254,3.559591770172119,0.8898979425430298,-0.2217869609594345,-0.05544674023985863,-0.3210584223270416,-0.0802646055817604,-2.77301287651062,-0.693253219127655,-0.009590059518814087,-0.0023975148797035217,-0.30043184757232666,-0.07510796189308167,4.059309959411621,1.0148274898529053,-1.9673837423324585,-0.4918459355831146,0.6797202825546265,0.16993007063865662,0.16133353114128113,0.04033338278532028,0.4376436769962311,0.10941091924905777,-1.7407886981964111,-0.4351971745491028,-8.242558479309082,-2.0606396198272705,-19.3798828125,-4.844970703125,-1.3206524848937988,-0.3301631212234497,-10.332260131835938,-2.5830650329589844,-0.10316446423530579,-0.025791116058826447,-13.492711067199707,-3.3731777667999268,-7.06007194519043,-1.7650179862976074,-2.0159363746643066,-0.5039840936660767,18.739160537719727,4.684790134429932,0.9870772957801819,0.24676932394504547,-3.8917815685272217,-0.9729453921318054,0.06263451278209686,0.015658628195524216,-8.587631225585938,-2.1469078063964844,5.684808254241943,1.4212020635604858
-2.278489112854004,-0.569622278213501,0.6100910305976868,0.1525227576494217,-0.39115095138549805,-0.09778773784637451,3.7032337188720703,0.9258084297180176,-0.03603009507060051,-0.009007523767650127,-0.16597720980644226,-0.041494302451610565,-2.8173165321350098,-0.7043291330337524,0.009912699460983276,0.002478174865245819,-0.3683267831802368,-0.0920816957950592,3.8855364322662354,0.9713841080665588,-1.7489343881607056,-0.4372335970401764,0.5790972709655762,0.14477431774139404,0.16333520412445068,0.04083380103111267,0.5080573558807373,0.12701433897018433,-1.7484923601150513,-0.4371230900287628,-8.23930549621582,-2.059826374053955,-19.42837905883789,-4.857094764709473,-1.3362749814987183,-0.33406874537467957,-10.19722843170166,-2.549307107925415,-0.05998307466506958,-0.014995768666267395,-13.5309419631958,-3.38273549079895,-6.859798908233643,-1.7149497270584106,-1.984529733657837,-0.49613243341445923,18.845294952392578,4.7113237380981445,1.0865575075149536,0.2716393768787384,-3.8407058715820312,-0.9601764678955078,-0.03278745710849762,-0.008196864277124405,-8.455185890197754,-2.1137964725494385,5.659444808959961,1.4148612022399902
-2.2033214569091797,-0.5508303642272949,0.5442155599594116,0.1360538899898529,-0.3303072452545166,-0.08257681131362915,3.8890700340270996,0.9722675085067749,-0.08698661625385284,-0.02174665406346321,-0.05200278013944626,-0.013000695034861565,-2.8476734161376953,-0.7119183540344238,-0.04173010587692261,-0.010432526469230652,-0.3354957699775696,-0.0838739424943924,3.6060590744018555,0.9015147686004639,-1.4737482070922852,-0.3684370517730713,0.5861768126487732,0.1465442031621933,0.13407012820243835,0.03351753205060959,0.523167610168457,0.13079190254211426,-1.7861943244934082,-0.44654858112335205,-8.184534072875977,-2.046133518218994,-19.587905883789062,-4.896976470947266,-1.2600667476654053,-0.3150166869163513,-10.011466979980469,-2.502866744995117,-0.05592292547225952,-0.01398073136806488,-13.299469947814941,-3.3248674869537354,-6.764578342437744,-1.691144585609436,-1.8963329792022705,-0.4740832448005676,18.81123924255371,4.702809810638428,1.1536154747009277,0.28840386867523193,-3.920891284942627,-0.9802228212356567,-0.2290404886007309,-0.057260122150182724,-8.550600051879883,-2.1376500129699707,5.676428318023682,1.4191070795059204
-2.2645840644836426,-0.5661460161209106,0.23537296056747437,0.05884324014186859,-0.22832760214805603,-0.05708190053701401,4.195467472076416,1.048866868019104,-0.5719323754310608,-0.1429830938577652,-0.20433291792869568,-0.05108322948217392,-2.7772181034088135,-0.6943045258522034,-0.06309938430786133,-0.015774846076965332,-0.3090095520019531,-0.07725238800048828,3.184886932373047,0.7962217330932617,-1.157165288925171,-0.2892913222312927,0.4821324050426483,0.12053310126066208,0.12044969946146011,0.03011242486536503,0.46213844418525696,0.11553461104631424,-1.8001103401184082,-0.45002758502960205,-8.123947143554688,-2.030986785888672,-19.68122673034668,-4.92030668258667,-1.1912871599197388,-0.2978217899799347,-9.809213638305664,-2.452303409576416,0.04387354850769043,0.010968387126922607,-13.186707496643066,-3.2966768741607666,-6.682548999786377,-1.6706372499465942,-1.9437370300292969,-0.4859342575073242,18.812294006347656,4.703073501586914,1.2332428693771362,0.30831071734428406,-3.845261573791504,-0.961315393447876,-0.2521495819091797,-0.06303739547729492,-8.404470443725586,-2.1011176109313965,5.681815147399902,1.4204537868499756
-2.570204496383667,-0.6425511240959167,-0.5963424444198608,-0.1490856111049652,0.006845146417617798,0.0017112866044044495,5.084146976470947,1.2710367441177368,-2.6137616634368896,-0.6534404158592224,-0.80880206823349,-0.2022005170583725,-2.506289005279541,-0.6265722513198853,-0.2669315040111542,-0.06673287600278854,-0.2550038993358612,-0.0637509748339653,2.132570266723633,0.5331425666809082,0.6032856702804565,0.15082141757011414,0.456525057554245,0.11413126438856125,0.03446594625711441,0.008616486564278603,0.033317916095256805,0.008329479023814201,-1.8458820581436157,-0.46147051453590393,-8.395030975341797,-2.098757743835449,-19.977436065673828,-4.994359016418457,-1.07737398147583,-0.2693434953689575,-9.560803413391113,-2.3902008533477783,0.29126739501953125,0.07281684875488281,-13.137081146240234,-3.2842702865600586,-6.505283832550049,-1.6263209581375122,-2.1787023544311523,-0.5446755886077881,18.829214096069336,4.707303524017334,1.3100725412368774,0.32751813530921936,-3.677384376525879,-0.9193460941314697,-0.03901691734790802,-0.009754229336977005,-8.181397438049316,-2.045349359512329,5.655744552612305,1.4139361381530762
-2.5019781589508057,-0.6254945397377014,-0.21106785535812378,-0.052766963839530945,-0.1013064831495285,-0.025326620787382126,4.786650657653809,1.1966626644134521,-2.7565126419067383,-0.6891281604766846,-0.8798081874847412,-0.2199520468711853,-2.2699034214019775,-0.5674758553504944,-0.44616568088531494,-0.11154142022132874,-0.30953657627105713,-0.07738414406776428,2.5572335720062256,0.6393083930015564,0.9495500922203064,0.2373875230550766,1.2952442169189453,0.32381105422973633,0.02183983474969864,0.00545995868742466,0.2120702862739563,0.053017571568489075,-2.0469894409179688,-0.5117473602294922,-8.356390953063965,-2.089097738265991,-20.086088180541992,-5.021522045135498,-1.9082633256912231,-0.4770658314228058,-9.639458656311035,-2.409864664077759,0.4586970806121826,0.11467427015304565,-13.084771156311035,-3.271192789077759,-6.463632106781006,-1.6159080266952515,-2.599031686782837,-0.6497579216957092,19.084917068481445,4.771229267120361,1.6804163455963135,0.42010408639907837,-4.234623908996582,-1.0586559772491455,0.4697810411453247,0.11744526028633118,-8.416999816894531,-2.104249954223633,5.367010116577148,1.341752529144287
-2.6496782302856445,-0.6624195575714111,-0.2733296751976013,-0.06833241879940033,-0.11182370781898499,-0.027955926954746246,4.434347629547119,1.1085869073867798,-2.6823041439056396,-0.6705760359764099,-1.1107598543167114,-0.27768996357917786,-1.916945219039917,-0.47923630475997925,-0.3246561288833618,-0.08116403222084045,-0.5303196907043457,-0.13257992267608643,3.26375412940979,0.8159385323524475,2.364084482192993,0.5910211205482483,1.3758198022842407,0.3439549505710602,-0.21517321467399597,-0.05379330366849899,-0.0483236238360405,-0.012080905959010124,-2.1071829795837402,-0.5267957448959351,-8.660029411315918,-2.1650073528289795,-19.76008415222168,-4.94002103805542,-1.7559517621994019,-0.43898794054985046,-9.716239929199219,-2.4290599822998047,0.35376471281051636,0.08844117820262909,-12.875875473022461,-3.2189688682556152,-6.304463863372803,-1.5761159658432007,-2.15830659866333,-0.5395766496658325,18.378559112548828,4.594639778137207,1.4172240495681763,0.35430601239204407,-3.8503663539886475,-0.9625915884971619,0.4983668327331543,0.12459170818328857,-8.61474609375,-2.1536865234375,5.311721324920654,1.3279303312301636
-2.765061616897583,-0.6912654042243958,0.1435566544532776,0.0358891636133194,-0.26658689975738525,-0.06664672493934631,3.7653160095214844,0.9413290023803711,-1.9525784254074097,-0.4881446063518524,-1.8146766424179077,-0.45366916060447693,-1.9404641389846802,-0.48511603474617004,-0.29875996708869934,-0.07468999177217484,-0.4874933362007141,-0.12187333405017853,3.9651553630828857,0.9912888407707214,1.5691207647323608,0.3922801911830902,1.4252121448516846,0.35630303621292114,0.009484320878982544,0.002371080219745636,0.06359582394361496,0.01589895598590374,-1.943939447402954,-0.4859848618507385,-8.519696235656738,-2.1299240589141846,-20.440929412841797,-5.110232353210449,-1.6149483919143677,-0.4037370979785919,-9.762022018432617,-2.4405055046081543,0.24660587310791016,0.06165146827697754,-12.904927253723145,-3.226231813430786,-6.619847297668457,-1.6549618244171143,-2.23176646232605,-0.5579416155815125,18.601564407348633,4.650391101837158,1.2450945377349854,0.31127363443374634,-3.7350151538848877,-0.9337537884712219,0.7708962559700012,0.1927240639925003,-9.139810562133789,-2.2849526405334473,5.150572299957275,1.2876430749893188
-2.4548449516296387,-0.6137112379074097,0.6157708168029785,0.15394270420074463,-0.4740000367164612,-0.1185000091791153,3.2622265815734863,0.8155566453933716,0.42861682176589966,0.10715420544147491,-1.5152108669281006,-0.37880271673202515,-2.6108651161193848,-0.6527162790298462,0.33645007014274597,0.08411251753568649,-0.44860750436782837,-0.11215187609195709,4.494701862335205,1.1236754655838013,-2.18900203704834,-0.547250509262085,1.110114574432373,0.27752864360809326,0.24600493907928467,0.06150123476982117,0.680334746837616,0.170083686709404,-1.7932705879211426,-0.44831764698028564,-7.847363471984863,-1.9618408679962158,-19.772409439086914,-4.9431023597717285,-1.6328301429748535,-0.4082075357437134,-10.26482105255127,-2.5662052631378174,-0.13207125663757324,-0.03301781415939331,-13.559831619262695,-3.389957904815674,-6.889784812927246,-1.7224462032318115,-2.1855452060699463,-0.5463863015174866,18.541908264160156,4.635477066040039,1.0782822370529175,0.26957055926322937,-3.782585382461548,-0.945646345615387,0.5595090985298157,0.13987727463245392,-9.03825855255127,-2.2595646381378174,5.206246852874756,1.301561713218689
-2.1273036003112793,-0.5318259000778198,0.9815385341644287,0.24538463354110718,-0.6639823913574219,-0.16599559783935547,3.307847023010254,0.8269617557525635,0.3890400826931,0.097260020673275,-0.33777934312820435,-0.08444483578205109,-2.813331365585327,-0.7033328413963318,0.21582290530204773,0.05395572632551193,-0.40224024653434753,-0.10056006163358688,4.1410980224609375,1.0352745056152344,-1.9937105178833008,-0.4984276294708252,0.6741518974304199,0.16853797435760498,0.2385486662387848,0.0596371665596962,0.5747206211090088,0.1436801552772522,-1.9356452226638794,-0.48391130566596985,-7.616641044616699,-1.9041602611541748,-18.855693817138672,-4.713923454284668,-0.875268280506134,-0.2188170701265335,-10.223709106445312,-2.555927276611328,-2.0426952838897705,-0.5106738209724426,-13.656927108764648,-3.414231777191162,-6.121768474578857,-1.5304421186447144,-1.7377358675003052,-0.4344339668750763,18.14706802368164,4.53676700592041,0.9315224885940552,0.2328806221485138,-4.607903957366943,-1.1519759893417358,-0.2520245909690857,-0.06300614774227142,-9.356058120727539,-2.3390145301818848,5.422213554382324,1.355553388595581
-2.4233758449554443,-0.6058439612388611,0.8231179714202881,0.20577949285507202,-0.5282971858978271,-0.1320742964744568,3.6638741493225098,0.9159685373306274,0.21165157854557037,0.05291289463639259,-0.33538785576820374,-0.08384696394205093,-2.8273282051086426,-0.7068320512771606,-0.028169915080070496,-0.007042478770017624,-0.30680471658706665,-0.07670117914676666,4.152786731719971,1.0381966829299927,-2.0008604526519775,-0.5002151131629944,0.6671797037124634,0.16679492592811584,0.12774568796157837,0.03193642199039459,0.5384494066238403,0.13461235165596008,-1.8661435842514038,-0.46653589606285095,-8.235308647155762,-2.0588271617889404,-19.31385040283203,-4.828462600708008,-1.282975673675537,-0.3207439184188843,-10.39830493927002,-2.599576234817505,0.03287100791931152,0.00821775197982788,-13.407500267028809,-3.351875066757202,-7.08372163772583,-1.7709304094314575,-1.9866623878479004,-0.4966655969619751,18.659809112548828,4.664952278137207,0.8022549748420715,0.20056374371051788,-4.172427654266357,-1.0431069135665894,0.25161832571029663,0.06290458142757416,-9.074358940124512,-2.268589735031128,5.657094478607178,1.4142736196517944
-2.432948112487793,-0.6082370281219482,0.6682623624801636,0.1670655906200409,-0.4042694568634033,-0.10106736421585083,3.7231497764587402,0.9307874441146851,0.051365140825510025,0.012841285206377506,-0.19984778761863708,-0.04996194690465927,-2.849581718444824,-0.712395429611206,-0.08440747857093811,-0.021101869642734528,-0.29541248083114624,-0.07385312020778656,3.96298885345459,0.9907472133636475,-1.8454132080078125,-0.4613533020019531,0.6522401571273804,0.1630600392818451,0.18679285049438477,0.04669821262359619,0.49200108647346497,0.12300027161836624,-1.7190628051757812,-0.4297657012939453,-8.229195594787598,-2.0572988986968994,-19.6259708404541,-4.906492710113525,-1.2375200986862183,-0.30938002467155457,-10.370992660522461,-2.5927481651306152,-0.14926260709762573,-0.03731565177440643,-13.65996265411377,-3.4149906635284424,-6.949803829193115,-1.7374509572982788,-1.9226961135864258,-0.48067402839660645,18.911663055419922,4.7279157638549805,0.9706360697746277,0.24265901744365692,-3.896695137023926,-0.9741737842559814,-0.016945555806159973,-0.004236388951539993,-8.825542449951172,-2.206385612487793,5.713164329528809,1.4282910823822021
-2.251940965652466,-0.5629852414131165,0.5481083393096924,0.1370270848274231,-0.3673800826072693,-0.09184502065181732,3.8625597953796387,0.9656399488449097,0.12423595786094666,0.031058989465236664,-0.17587488889694214,-0.043968722224235535,-2.891232490539551,-0.7228081226348877,0.003989517688751221,0.0009973794221878052,-0.34235680103302,-0.085589200258255,3.774043083190918,0.9435107707977295,-1.6948866844177246,-0.42372167110443115,0.6335964202880859,0.15839910507202148,0.17772731184959412,0.04443182796239853,0.493584007024765,0.12339600175619125,-1.7577255964279175,-0.43943139910697937,-8.170639991760254,-2.0426599979400635,-19.51470375061035,-4.878675937652588,-1.2294771671295166,-0.30736929178237915,-10.284032821655273,-2.5710082054138184,-0.09167411923408508,-0.02291852980852127,-13.583581924438477,-3.395895481109619,-6.832201957702637,-1.7080504894256592,-1.9877123832702637,-0.4969280958175659,18.797290802001953,4.699322700500488,1.0558091402053833,0.2639522850513458,-3.8750953674316406,-0.9687738418579102,-0.22675104439258575,-0.05668776109814644,-8.681711196899414,-2.1704277992248535,5.60141134262085,1.4003528356552124
-2.2771570682525635,-0.5692892670631409,0.46192800998687744,0.11548200249671936,-0.30482935905456543,-0.07620733976364136,4.048422813415527,1.0121057033538818,0.04745512083172798,0.011863780207931995,-0.12782439589500427,-0.03195609897375107,-2.8812339305877686,-0.7203084826469421,-0.014310002326965332,-0.003577500581741333,-0.34194880723953247,-0.08548720180988312,3.554666519165039,0.8886666297912598,-1.4145973920822144,-0.3536493480205536,0.5942448377609253,0.14856120944023132,0.15841549634933472,0.03960387408733368,0.5420448780059814,0.13551121950149536,-1.7630187273025513,-0.4407546818256378,-8.134071350097656,-2.033517837524414,-19.523242950439453,-4.880810737609863,-1.1856454610824585,-0.2964113652706146,-10.155656814575195,-2.538914203643799,-0.06279042363166809,-0.015697605907917023,-13.454336166381836,-3.363584041595459,-6.750083923339844,-1.687520980834961,-1.9533984661102295,-0.4883496165275574,18.747468948364258,4.6868672370910645,1.1340575218200684,0.2835143804550171,-3.8211755752563477,-0.9552938938140869,-0.3552263379096985,-0.08880658447742462,-8.64452075958252,-2.16113018989563,5.6346025466918945,1.4086506366729736
-2.38090181350708,-0.59522545337677,0.0645504891872406,0.01613762229681015,-0.1885415017604828,-0.0471353754401207,4.476151943206787,1.1190379858016968,-0.7281327843666077,-0.18203319609165192,-0.33216360211372375,-0.08304090052843094,-2.7356204986572266,-0.6839051246643066,-0.05341270565986633,-0.013353176414966583,-0.2998885214328766,-0.07497213035821915,2.982160806655884,0.745540201663971,-0.8264604210853577,-0.20661510527133942,0.45463842153549194,0.11365960538387299,0.14263659715652466,0.035659149289131165,0.42686620354652405,0.10671655088663101,-1.7889375686645508,-0.4472343921661377,-8.08545970916748,-2.02136492729187,-19.65250587463379,-4.913126468658447,-1.0908818244934082,-0.27272045612335205,-9.818717956542969,-2.454679489135742,0.06421950459480286,0.016054876148700714,-13.30069351196289,-3.3251733779907227,-6.5986328125,-1.649658203125,-1.998462200164795,-0.49961555004119873,18.768367767333984,4.692091941833496,1.2198691368103027,0.3049672842025757,-3.7909765243530273,-0.9477441310882568,-0.3425566554069519,-0.08563916385173798,-8.523075103759766,-2.1307687759399414,5.650704383850098,1.4126760959625244
-2.7197976112365723,-0.6799494028091431,-0.7226687073707581,-0.18066717684268951,0.0296066552400589,0.007401663810014725,5.302968978881836,1.325742244720459,-2.971189498901367,-0.7427973747253418,-0.9609020948410034,-0.24022552371025085,-2.4735615253448486,-0.6183903813362122,-0.3738364279270172,-0.0934591069817543,-0.21421198546886444,-0.05355299636721611,1.9849916696548462,0.49624791741371155,1.2783337831497192,0.3195834457874298,0.6113362312316895,0.15283405780792236,0.029168300330638885,0.007292075082659721,-0.05605762451887131,-0.014014406129717827,-1.8250950574874878,-0.45627376437187195,-8.361961364746094,-2.0904903411865234,-20.0197696685791,-5.004942417144775,-1.102163314819336,-0.275540828704834,-9.722031593322754,-2.4305078983306885,0.2809082865715027,0.07022707164287567,-13.345406532287598,-3.3363516330718994,-6.469454288482666,-1.6173635721206665,-2.229651927947998,-0.5574129819869995,18.82168197631836,4.70542049407959,1.3246490955352783,0.3311622738838196,-3.6274471282958984,-0.9068617820739746,-0.08805082738399506,-0.022012706845998764,-8.37127685546875,-2.0928192138671875,5.649881362915039,1.4124703407287598
-2.544499158859253,-0.6361247897148132,-0.26481130719184875,-0.06620282679796219,-0.06158814579248428,-0.01539703644812107,4.800440788269043,1.2001101970672607,-2.8735437393188477,-0.7183859348297119,-0.8783994317054749,-0.2195998579263687,-2.2029600143432617,-0.5507400035858154,-0.39563804864883423,-0.09890951216220856,-0.3477296531200409,-0.08693241328001022,2.602790594100952,0.650697648525238,1.1891579627990723,0.29728949069976807,1.3946149349212646,0.34865373373031616,-0.04397902637720108,-0.01099475659430027,0.1785339117050171,0.04463347792625427,-2.143115282058716,-0.535778820514679,-8.316039085388184,-2.079009771347046,-20.16657066345215,-5.041642665863037,-2.10927414894104,-0.52731853723526,-9.62783145904541,-2.4069578647613525,0.5453528165817261,0.13633820414543152,-12.943598747253418,-3.2358996868133545,-6.493269920349121,-1.6233174800872803,-2.7614991664886475,-0.6903747916221619,19.10547637939453,4.776369094848633,1.767699956893921,0.4419249892234802,-4.236053466796875,-1.0590133666992188,0.400962233543396,0.100240558385849,-8.714665412902832,-2.178666353225708,5.216473579406738,1.3041183948516846
-2.7297701835632324,-0.6824425458908081,-0.17415310442447662,-0.043538276106119156,-0.165349081158638,-0.0413372702896595,4.285556793212891,1.0713891983032227,-2.6551122665405273,-0.6637780666351318,-1.3451104164123535,-0.3362776041030884,-1.808562159538269,-0.45214053988456726,-0.41015371680259705,-0.10253842920064926,-0.472706139087677,-0.11817653477191925,3.41900897026062,0.854752242565155,2.4882583618164062,0.6220645904541016,1.2913215160369873,0.3228303790092468,-0.16903045773506165,-0.04225761443376541,-0.0642283484339714,-0.01605708710849285,-2.1002392768859863,-0.5250598192214966,-8.571486473083496,-2.142871618270874,-19.76961326599121,-4.942403316497803,-1.6790415048599243,-0.4197603762149811,-9.771114349365234,-2.4427785873413086,0.27858206629753113,0.06964551657438278,-12.848090171813965,-3.212022542953491,-6.365860939025879,-1.5914652347564697,-2.217604637145996,-0.554401159286499,18.452943801879883,4.613235950469971,1.4075342416763306,0.35188356041908264,-3.8050007820129395,-0.9512501955032349,0.4668022394180298,0.11670055985450745,-8.823498725891113,-2.2058746814727783,5.409497261047363,1.3523743152618408
-2.705805778503418,-0.6764514446258545,0.16649098694324493,0.041622746735811234,-0.33255454897880554,-0.08313863724470139,3.746039390563965,0.9365098476409912,-1.6494739055633545,-0.4123684763908386,-2.010390043258667,-0.5025975108146667,-2.073317766189575,-0.5183294415473938,-0.15219351649284363,-0.03804837912321091,-0.4905551075935364,-0.1226387768983841,4.046901702880859,1.0117254257202148,1.0552966594696045,0.2638241648674011,1.2212119102478027,0.3053029775619507,0.031120777130126953,0.007780194282531738,0.12385093420743942,0.030962733551859856,-1.9869073629379272,-0.4967268407344818,-8.330842971801758,-2.0827107429504395,-20.291685104370117,-5.072921276092529,-1.5197125673294067,-0.3799281418323517,-9.960918426513672,-2.490229606628418,0.2651748061180115,0.06629370152950287,-13.012821197509766,-3.2532052993774414,-6.766598701477051,-1.6916496753692627,-2.2783079147338867,-0.5695769786834717,18.60506248474121,4.651265621185303,1.2691823244094849,0.3172955811023712,-3.649310827255249,-0.9123277068138123,0.7906675338745117,0.19766688346862793,-9.257194519042969,-2.314298629760742,5.172414302825928,1.293103575706482
-2.4579172134399414,-0.6144793033599854,0.6812926530838013,0.17032316327095032,-0.5147038698196411,-0.12867596745491028,3.1410069465637207,0.7852517366409302,0.7033929824829102,0.17584824562072754,-1.3509565591812134,-0.33773913979530334,-2.6785833835601807,-0.6696458458900452,0.4095252454280853,0.10238131135702133,-0.4583103060722351,-0.11457757651805878,4.514312267303467,1.1285780668258667,-2.3527579307556152,-0.5881894826889038,1.0386961698532104,0.2596740424633026,0.3970460295677185,0.09926150739192963,0.6565490365028381,0.16413725912570953,-1.8123944997787476,-0.4530986249446869,-7.0644097328186035,-1.7661024332046509,-19.14869499206543,-4.787173748016357,-1.122190237045288,-0.280547559261322,-10.167369842529297,-2.541842460632324,-2.1916043758392334,-0.5479010939598083,-13.923477172851562,-3.4808692932128906,-6.335944175720215,-1.5839860439300537,-2.1335086822509766,-0.5333771705627441,18.263586044311523,4.565896511077881,1.01773202419281,0.2544330060482025,-4.3281474113464355,-1.0820368528366089,0.12985913455486298,0.032464783638715744,-9.23058032989502,-2.307645082473755,5.096639156341553,1.2741597890853882
-2.1442925930023193,-0.5360731482505798,0.927348792552948,0.231837198138237,-0.6588650345802307,-0.16471625864505768,3.4783287048339844,0.8695821762084961,0.09468941390514374,0.023672353476285934,-0.5438876748085022,-0.13597191870212555,-2.7997682094573975,-0.6999420523643494,0.259430855512619,0.06485771387815475,-0.4175300598144531,-0.10438251495361328,4.15555477142334,1.038888692855835,-2.0495543479919434,-0.5123885869979858,0.6391770839691162,0.15979427099227905,0.06175374984741211,0.015438437461853027,0.5787544846534729,0.14468862116336823,-1.9802143573760986,-0.49505358934402466,-8.131465911865234,-2.0328664779663086,-18.878263473510742,-4.7195658683776855,-1.2838428020477295,-0.3209607005119324,-10.484535217285156,-2.621133804321289,0.14233535528182983,0.03558383882045746,-13.222482681274414,-3.3056206703186035,-7.11112117767334,-1.777780294418335,-1.9883952140808105,-0.49709880352020264,18.223255157470703,4.555813789367676,0.8038967847824097,0.20097419619560242,-4.330224990844727,-1.0825562477111816,0.007390066981315613,0.0018475167453289032,-9.235480308532715,-2.3088700771331787,5.631786823272705,1.4079467058181763
-2.6170246601104736,-0.6542561650276184,0.8138624429702759,0.20346561074256897,-0.5614947080612183,-0.14037367701530457,3.4960780143737793,0.8740195035934448,0.5207929015159607,0.13019822537899017,-0.42488446831703186,-0.10622111707925797,-2.7881929874420166,-0.6970482468605042,0.03745298087596893,0.009363245218992233,-0.3133913278579712,-0.0783478319644928,4.270443439483643,1.0676108598709106,-2.1111114025115967,-0.5277778506278992,0.7401124238967896,0.1850281059741974,0.3735045790672302,0.09337614476680756,0.5223574638366699,0.13058936595916748,-1.7679725885391235,-0.4419931471347809,-7.510753631591797,-1.8776884078979492,-18.787628173828125,-4.696907043457031,-0.9181510210037231,-0.2295377552509308,-10.220565795898438,-2.5551414489746094,-2.181197166442871,-0.5452992916107178,-13.946205139160156,-3.486551284790039,-6.350191593170166,-1.5875478982925415,-1.921391487121582,-0.4803478717803955,18.495590209960938,4.623897552490234,0.8937116861343384,0.2234279215335846,-4.5091753005981445,-1.1272938251495361,-0.07331253588199615,-0.01832813397049904,-9.345113754272461,-2.3362784385681152,5.467452049255371,1.3668630123138428
-2.44797682762146,-0.611994206905365,0.5774913430213928,0.1443728357553482,-0.47652196884155273,-0.11913049221038818,3.636953830718994,0.9092384576797485,-0.24371455609798431,-0.06092863902449608,-0.5702630877494812,-0.1425657719373703,-2.811275005340576,-0.702818751335144,0.03393252193927765,0.008483130484819412,-0.25664323568344116,-0.06416080892086029,4.022792339324951,1.0056980848312378,-1.9685629606246948,-0.4921407401561737,0.7425533533096313,0.18563833832740784,0.13914713263511658,0.034786783158779144,0.34509024024009705,0.08627256006002426,-1.7439392805099487,-0.4359848201274872,-8.097745895385742,-2.0244364738464355,-19.04641342163086,-4.761603355407715,-1.2762268781661987,-0.3190567195415497,-10.44979476928711,-2.6124486923217773,0.14989513158798218,0.037473782896995544,-13.442361831665039,-3.3605904579162598,-7.275506973266602,-1.8188767433166504,-2.1964170932769775,-0.5491042733192444,18.579666137695312,4.644916534423828,0.7873915433883667,0.19684788584709167,-4.036759376525879,-1.0091898441314697,-0.10027612745761871,-0.02506903186440468,-8.747832298278809,-2.186958074569702,5.600609302520752,1.400152325630188
-2.3546195030212402,-0.5886548757553101,0.5795550346374512,0.1448887586593628,-0.44223302602767944,-0.11055825650691986,3.610466957092285,0.9026167392730713,0.47935935854911804,0.11983983963727951,-0.4305713474750519,-0.10764283686876297,-2.8495161533355713,-0.7123790383338928,0.08082553744316101,0.020206384360790253,-0.3673799932003021,-0.09184499830007553,4.042605876922607,1.0106514692306519,-1.8692967891693115,-0.4673241972923279,0.6247149109840393,0.15617872774600983,0.3399977684020996,0.0849994421005249,0.6116387844085693,0.15290969610214233,-1.7203296422958374,-0.43008241057395935,-7.575005054473877,-1.8937512636184692,-18.709434509277344,-4.677358627319336,-0.9459702968597412,-0.2364925742149353,-10.399042129516602,-2.5997605323791504,-2.1027321815490723,-0.5256830453872681,-14.208374977111816,-3.552093744277954,-6.209867477416992,-1.552466869354248,-2.0300309658050537,-0.5075077414512634,18.471738815307617,4.617934703826904,1.0599933862686157,0.26499834656715393,-4.1236348152160645,-1.0309087038040161,-0.2733049988746643,-0.06832624971866608,-8.736688613891602,-2.1841721534729004,5.310384750366211,1.3275961875915527
-2.1750500202178955,-0.5437625050544739,0.6752232909202576,0.1688058227300644,-0.4316590428352356,-0.1079147607088089,3.904879093170166,0.9762197732925415,0.41139277815818787,0.10284819453954697,-0.3900238275527954,-0.09750595688819885,-2.937372922897339,-0.7343432307243347,0.020987674593925476,0.005246918648481369,-0.33158954977989197,-0.08289738744497299,3.7253828048706055,0.9313457012176514,-1.5617733001708984,-0.3904433250427246,0.6418145895004272,0.1604536473751068,0.11511566489934921,0.028778916224837303,0.4517466127872467,0.11293665319681168,-1.7470284700393677,-0.4367571175098419,-8.1225004196167,-2.030625104904175,-19.144851684570312,-4.786212921142578,-1.1576381921768188,-0.2894095480442047,-10.185980796813965,-2.546495199203491,0.13014870882034302,0.032537177205085754,-13.305502891540527,-3.326375722885132,-6.937641143798828,-1.734410285949707,-2.102501153945923,-0.5256252884864807,18.478832244873047,4.619708061218262,0.9515751004219055,0.23789377510547638,-4.074336051940918,-1.0185840129852295,-0.3049272298812866,-0.07623180747032166,-8.765462875366211,-2.1913657188415527,5.620947360992432,1.405236840248108
-2.2391772270202637,-0.5597943067550659,0.5285963416099548,0.1321490854024887,-0.35442018508911133,-0.08860504627227783,4.108000755310059,1.0270001888275146,0.22556759417057037,0.05639189854264259,-0.2204415202140808,-0.0551103800535202,-2.890904664993286,-0.7227261662483215,-0.03638830780982971,-0.009097076952457428,-0.3322376012802124,-0.0830594003200531,3.4143900871276855,0.8535975217819214,-1.3008452653884888,-0.3252113163471222,0.6237239837646484,0.1559309959411621,0.1766963005065918,0.04417407512664795,0.5153084993362427,0.12882712483406067,-1.6800081729888916,-0.4200020432472229,-8.051887512207031,-2.012971878051758,-19.438278198242188,-4.859569549560547,-1.1302675008773804,-0.2825668752193451,-9.998442649841309,-2.499610662460327,-0.16093173623085022,-0.040232934057712555,-13.389606475830078,-3.3474016189575195,-6.607162952423096,-1.651790738105774,-1.9763672351837158,-0.49409180879592896,18.60964012145996,4.65241003036499,1.197731852531433,0.2994329631328583,-3.9251017570495605,-0.9812754392623901,-0.5104988813400269,-0.1276247203350067,-8.730083465576172,-2.182520866394043,5.669896125793457,1.4174740314483643
-2.3238987922668457,-0.5809746980667114,0.13691556453704834,0.034228891134262085,-0.2720503807067871,-0.06801259517669678,4.356095314025879,1.0890238285064697,-0.5162132978439331,-0.12905332446098328,-0.4648832678794861,-0.11622081696987152,-2.7034683227539062,-0.6758670806884766,-0.010056614875793457,-0.0025141537189483643,-0.2848498225212097,-0.07121245563030243,2.985191822052002,0.7462979555130005,-0.7351443767547607,-0.18378609418869019,0.5564936399459839,0.13912340998649597,0.21336007118225098,0.053340017795562744,0.366359680891037,0.09158992022275925,-1.770087718963623,-0.44252192974090576,-7.39860200881958,-1.849650502204895,-18.81351089477539,-4.703377723693848,-0.7097207903862,-0.17743019759655,-9.610150337219238,-2.4025375843048096,-1.7259687185287476,-0.4314921796321869,-13.387510299682617,-3.3468775749206543,-5.967254638671875,-1.4918136596679688,-2.0029947757720947,-0.5007486939430237,18.137840270996094,4.534460067749023,1.246705412864685,0.31167635321617126,-4.197877407073975,-1.0494693517684937,-0.7639134526252747,-0.19097836315631866,-8.688434600830078,-2.1721086502075195,5.327879905700684,1.331969976425171
-2.589877128601074,-0.6474692821502686,-0.5295601487159729,-0.13239003717899323,-0.05887215584516525,-0.014718038961291313,5.016232967376709,1.2540582418441772,-2.7421929836273193,-0.6855482459068298,-1.083164095878601,-0.27079102396965027,-2.3927416801452637,-0.5981854200363159,-0.3177178204059601,-0.07942945510149002,-0.22967852652072906,-0.057419631630182266,2.1271305084228516,0.5317826271057129,1.0925209522247314,0.27313023805618286,0.5471646189689636,0.1367911547422409,0.053304098546504974,0.013326024636626244,-0.040801770985126495,-0.010200442746281624,-1.8694179058074951,-0.4673544764518738,-7.5951642990112305,-1.8987910747528076,-18.966384887695312,-4.741596221923828,-0.6300375461578369,-0.15750938653945923,-9.45518970489502,-2.363797426223755,-1.3214585781097412,-0.3303646445274353,-13.236523628234863,-3.309130907058716,-5.990150451660156,-1.497537612915039,-2.2580554485321045,-0.5645138621330261,18.15792465209961,4.539481163024902,1.1899667978286743,0.2974916994571686,-4.135339260101318,-1.0338348150253296,-0.41816532611846924,-0.10454133152961731,-8.465666770935059,-2.1164166927337646,5.342503547668457,1.3356258869171143
-2.5336270332336426,-0.6334067583084106,-0.03832366317510605,-0.009580915793776512,-0.14048269391059875,-0.03512067347764969,4.722551345825195,1.1806378364562988,-2.7310421466827393,-0.6827605366706848,-0.9389851093292236,-0.2347462773323059,-2.1739485263824463,-0.5434871315956116,-0.4115060567855835,-0.10287651419639587,-0.3890388309955597,-0.09725970774888992,2.7439630031585693,0.6859907507896423,1.2464478015899658,0.31161195039749146,1.4134995937347412,0.3533748984336853,-0.05435056611895561,-0.013587641529738903,0.170318603515625,0.04257965087890625,-2.077820062637329,-0.5194550156593323,-8.239505767822266,-2.0598764419555664,-20.07973861694336,-5.01993465423584,-2.0124919414520264,-0.5031229853630066,-9.530149459838867,-2.382537364959717,0.689410388469696,0.172352597117424,-12.9429292678833,-3.235732316970825,-6.61231803894043,-1.6530795097351074,-2.716116189956665,-0.6790290474891663,19.132923126220703,4.783230781555176,1.6267683506011963,0.4066920876502991,-4.4613356590271,-1.115333914756775,0.44759035110473633,0.11189758777618408,-8.783467292785645,-2.195866823196411,5.292020797729492,1.323005199432373
-2.703213691711426,-0.6758034229278564,-0.07932154089212418,-0.019830385223031044,-0.23641476035118103,-0.05910369008779526,4.166774272918701,1.0416935682296753,-2.64017653465271,-0.6600441336631775,-1.3483004570007324,-0.3370751142501831,-1.8714462518692017,-0.4678615629673004,-0.4099908769130707,-0.10249771922826767,-0.4266953468322754,-0.10667383670806885,3.465639591217041,0.8664098978042603,2.3633975982666016,0.5908493995666504,1.2479313611984253,0.3119828402996063,-0.10294576734304428,-0.02573644183576107,-0.16395264863967896,-0.04098816215991974,-2.012702465057373,-0.5031756162643433,-8.341948509216309,-2.085487127304077,-19.957918167114258,-4.9894795417785645,-1.595240592956543,-0.39881014823913574,-9.60172176361084,-2.40043044090271,0.2264878749847412,0.0566219687461853,-12.881020545959473,-3.220255136489868,-6.507810115814209,-1.6269525289535522,-2.455326557159424,-0.613831639289856,18.653152465820312,4.663288116455078,1.4530439376831055,0.36326098442077637,-3.920081377029419,-0.9800203442573547,0.3895225524902344,0.0973806381225586,-8.871757507324219,-2.2179393768310547,5.31049108505249,1.3276227712631226
-2.5833144187927246,-0.6458286046981812,0.23036709427833557,0.05759177356958389,-0.4102768898010254,-0.10256922245025635,3.417356491088867,0.8543391227722168,-0.7579736113548279,-0.18949340283870697,-1.9809272289276123,-0.4952318072319031,-2.2784245014190674,-0.5696061253547668,0.13906943798065186,0.034767359495162964,-0.45809704065322876,-0.11452426016330719,4.147425174713135,1.0368562936782837,-0.4626447260379791,-0.11566118150949478,1.0762534141540527,0.2690633535385132,0.2264488935470581,0.056612223386764526,0.26084017753601074,0.06521004438400269,-1.8788793087005615,-0.4697198271751404,-7.348404407501221,-1.8371011018753052,-19.493558883666992,-4.873389720916748,-1.0718539953231812,-0.2679634988307953,-9.792167663574219,-2.4480419158935547,-1.754093885421753,-0.43852347135543823,-13.490415573120117,-3.3726038932800293,-6.236568927764893,-1.5591422319412231,-2.4537923336029053,-0.6134480834007263,18.110973358154297,4.527743339538574,1.3082185983657837,0.3270546495914459,-4.018258094787598,-1.0045645236968994,0.2550748586654663,0.06376871466636658,-8.98145866394043,-2.2453646659851074,4.762570858001709,1.1906427145004272
-2.1213269233703613,-0.5303317308425903,0.7947586178779602,0.19868965446949005,-0.6306697726249695,-0.15766744315624237,3.184264659881592,0.796066164970398,0.6229163408279419,0.15572908520698547,-1.3125629425048828,-0.3281407356262207,-2.8016462326049805,-0.7004115581512451,0.4882919490337372,0.1220729872584343,-0.4770892858505249,-0.11927232146263123,4.304898738861084,1.076224684715271,-2.1673507690429688,-0.5418376922607422,0.8655376434326172,0.2163844108581543,0.3110164403915405,0.07775411009788513,0.7586671710014343,0.18966679275035858,-1.8844168186187744,-0.4711042046546936,-7.119612216949463,-1.7799030542373657,-18.669713973999023,-4.667428493499756,-1.1416715383529663,-0.2854178845882416,-10.302899360656738,-2.5757248401641846,-1.8688936233520508,-0.4672234058380127,-13.760285377502441,-3.4400713443756104,-6.441702365875244,-1.610425591468811,-2.252246618270874,-0.5630616545677185,18.136812210083008,4.534203052520752,0.8944925665855408,0.2236231416463852,-4.655580997467041,-1.1638952493667603,-0.1503332406282425,-0.03758331015706062,-9.069543838500977,-2.267385959625244,5.086846351623535,1.2717115879058838
-2.108901262283325,-0.5272253155708313,1.1061985492706299,0.27654963731765747,-0.6962671875953674,-0.17406679689884186,3.5367751121520996,0.8841937780380249,0.45164912939071655,0.11291228234767914,-0.3367334008216858,-0.08418335020542145,-2.8534910678863525,-0.7133727669715881,0.12989936769008636,0.03247484192252159,-0.4386783242225647,-0.10966958105564117,4.069011688232422,1.0172529220581055,-1.8507089614868164,-0.4626772403717041,0.7084351778030396,0.1771087944507599,0.07484101504087448,0.01871025376021862,0.5067877769470215,0.12669694423675537,-1.9354854822158813,-0.48387137055397034,-8.140028953552246,-2.0350072383880615,-19.183780670166016,-4.795945167541504,-1.1982697248458862,-0.29956743121147156,-10.13330078125,-2.5333251953125,0.1055138111114502,0.02637845277786255,-13.092370986938477,-3.273092746734619,-6.950748920440674,-1.7376872301101685,-1.874190330505371,-0.4685475826263428,18.48228645324707,4.620571613311768,0.8708468675613403,0.21771171689033508,-4.558830738067627,-1.1397076845169067,0.010675802826881409,0.002668950706720352,-9.37980842590332,-2.34495210647583,5.688264846801758,1.4220662117004395
-2.459686756134033,-0.6149216890335083,0.7286337018013,0.182158425450325,-0.5513964891433716,-0.1378491222858429,3.475414752960205,0.8688536882400513,0.4271232783794403,0.10678081959486008,-0.5652930736541748,-0.1413232684135437,-2.7997679710388184,-0.6999419927597046,0.06696167588233948,0.01674041897058487,-0.27578333020210266,-0.06894583255052567,4.105791091918945,1.0264477729797363,-2.0745086669921875,-0.5186271667480469,0.856942355632782,0.2142355889081955,0.36263760924339294,0.09065940231084824,0.38233959674835205,0.09558489918708801,-1.7315360307693481,-0.43288400769233704,-7.429336071014404,-1.857334017753601,-18.81134796142578,-4.702836990356445,-0.8634269833564758,-0.21585674583911896,-10.058138847351074,-2.5145347118377686,-2.102926254272461,-0.5257315635681152,-13.671728134155273,-3.4179320335388184,-6.434406280517578,-1.6086015701293945,-2.024139165878296,-0.506034791469574,18.38567352294922,4.596418380737305,0.9428890943527222,0.23572227358818054,-4.690185070037842,-1.1725462675094604,-0.3496013283729553,-0.08740033209323883,-9.28238296508789,-2.3205957412719727,5.48104190826416,1.37026047706604
-2.197753667831421,-0.5494384169578552,0.626319408416748,0.156579852104187,-0.48307859897613525,-0.12076964974403381,3.605295181274414,0.9013237953186035,0.008521873503923416,0.002130468375980854,-0.6782763600349426,-0.16956909000873566,-2.8718461990356445,-0.7179615497589111,0.04886682331562042,0.012216705828905106,-0.29981729388237,-0.0749543234705925,3.953716993331909,0.9884292483329773,-1.8999942541122437,-0.4749985635280609,0.7822597026824951,0.19556492567062378,0.12514975666999817,0.03128743916749954,0.46870842576026917,0.11717710644006729,-1.8118163347244263,-0.45295408368110657,-8.09607219696045,-2.0240180492401123,-19.0866756439209,-4.771668910980225,-1.2158693075180054,-0.30396732687950134,-10.46701717376709,-2.6167542934417725,0.0604405403137207,0.015110135078430176,-13.370060920715332,-3.342515230178833,-7.130769729614258,-1.7826924324035645,-2.2237865924835205,-0.5559466481208801,18.387178421020508,4.596794605255127,0.940035879611969,0.23500896990299225,-4.200322151184082,-1.0500805377960205,-0.1980583816766739,-0.04951459541916847,-8.937223434448242,-2.2343058586120605,5.63527774810791,1.4088194370269775
-2.250225305557251,-0.5625563263893127,0.8086920976638794,0.20217302441596985,-0.5015056133270264,-0.1253764033317566,3.784000873565674,0.9460002183914185,0.6413834095001221,0.16034585237503052,-0.5041090250015259,-0.12602725625038147,-2.9209914207458496,-0.7302478551864624,-0.0176561176776886,-0.00441402941942215,-0.3655790388584137,-0.09139475971460342,3.8271870613098145,0.9567967653274536,-1.5592788457870483,-0.3898197114467621,0.7132874131202698,0.17832185328006744,0.16789960861206055,0.04197490215301514,0.4621528685092926,0.11553821712732315,-1.60770845413208,-0.40192711353302,-8.18429183959961,-2.0460729598999023,-19.495624542236328,-4.873906135559082,-1.1341753005981445,-0.28354382514953613,-10.105116844177246,-2.5262792110443115,-0.17316794395446777,-0.04329198598861694,-13.453717231750488,-3.363429307937622,-6.697206974029541,-1.6743017435073853,-2.0501372814178467,-0.5125343203544617,18.658151626586914,4.6645379066467285,1.1103492975234985,0.27758732438087463,-4.176039218902588,-1.044009804725647,-0.2407299131155014,-0.06018247827887535,-8.960771560668945,-2.2401928901672363,5.621372699737549,1.4053431749343872
-2.139932632446289,-0.5349831581115723,0.7342623472213745,0.18356558680534363,-0.46841585636138916,-0.11710396409034729,3.885861873626709,0.9714654684066772,0.511709988117218,0.1279274970293045,-0.4949182868003845,-0.12372957170009613,-2.8851120471954346,-0.7212780117988586,-0.04128947854042053,-0.010322369635105133,-0.2996672987937927,-0.07491682469844818,3.6316025257110596,0.9079006314277649,-1.475676417350769,-0.36891910433769226,0.7645986080169678,0.19114965200424194,0.16006895899772644,0.04001723974943161,0.4601050317287445,0.11502625793218613,-1.7106436491012573,-0.42766091227531433,-8.106600761413574,-2.0266501903533936,-19.585262298583984,-4.896315574645996,-1.1317033767700195,-0.2829258441925049,-10.04571533203125,-2.5114288330078125,-0.0808911919593811,-0.020222797989845276,-13.265620231628418,-3.3164050579071045,-6.744126319885254,-1.6860315799713135,-2.0760414600372314,-0.5190103650093079,18.60283660888672,4.65070915222168,1.1806143522262573,0.29515358805656433,-4.214095592498779,-1.0535238981246948,-0.44218307733535767,-0.11054576933383942,-8.962674140930176,-2.240668535232544,5.705285549163818,1.4263213872909546
-2.2080628871917725,-0.5520157217979431,0.6577519178390503,0.16443797945976257,-0.4443677067756653,-0.11109192669391632,3.8747029304504395,0.9686757326126099,0.4648563861846924,0.1162140965461731,-0.4719611406326294,-0.11799028515815735,-2.841358184814453,-0.7103395462036133,-0.04470303654670715,-0.011175759136676788,-0.327439546585083,-0.08185988664627075,3.550917625427246,0.8877294063568115,-1.2765121459960938,-0.31912803649902344,0.7735967636108398,0.19339919090270996,0.21507227420806885,0.05376806855201721,0.5029128789901733,0.12572821974754333,-1.7393147945404053,-0.4348286986351013,-7.4768171310424805,-1.8692042827606201,-19.011598587036133,-4.752899646759033,-0.7532626390457153,-0.18831565976142883,-9.838835716247559,-2.4597089290618896,-1.874128818511963,-0.4685322046279907,-13.464422225952148,-3.366105556488037,-5.942805767059326,-1.4857014417648315,-1.9137617349624634,-0.47844043374061584,18.25230598449707,4.563076496124268,1.2125024795532227,0.30312561988830566,-4.540985584259033,-1.1352463960647583,-0.7621912360191345,-0.19054780900478363,-9.061022758483887,-2.2652556896209717,5.422813892364502,1.3557034730911255
-2.1925337314605713,-0.5481334328651428,0.5981740951538086,0.14954352378845215,-0.4239104390144348,-0.1059776097536087,4.265077114105225,1.0662692785263062,-0.024577688425779343,-0.006144422106444836,-0.5574833750724792,-0.1393708437681198,-2.787411689758301,-0.6968529224395752,-0.14488494396209717,-0.03622123599052429,-0.3101697564125061,-0.07754243910312653,3.1651957035064697,0.7912989258766174,-0.9988760948181152,-0.2497190237045288,0.6427744626998901,0.16069361567497253,0.08098220080137253,0.020245550200343132,0.38472554087638855,0.09618138521909714,-1.7361605167388916,-0.4340401291847229,-7.973381519317627,-1.9933453798294067,-19.429729461669922,-4.8574323654174805,-1.017325520515442,-0.2543313801288605,-9.731191635131836,-2.432797908782959,0.2944048047065735,0.07360120117664337,-12.935857772827148,-3.233964443206787,-6.581103801727295,-1.6452759504318237,-2.0290603637695312,-0.5072650909423828,18.5674991607666,4.64187479019165,1.1107369661331177,0.2776842415332794,-4.240417003631592,-1.060104250907898,-0.3605383634567261,-0.09013459086418152,-8.843620300292969,-2.210905075073242,5.694081783294678,1.4235204458236694
-2.5961174964904785,-0.6490293741226196,-0.2321082502603531,-0.05802706256508827,-0.14835615456104279,-0.037089038640260696,5.012511253356934,1.2531278133392334,-2.436760187149048,-0.609190046787262,-0.8380709290504456,-0.2095177322626114,-2.4138054847717285,-0.6034513711929321,-0.40111878514289856,-0.10027969628572464,-0.230417862534523,-0.05760446563363075,2.3087637424468994,0.5771909356117249,0.876309335231781,0.21907733380794525,0.6373711824417114,0.15934279561042786,0.059322744607925415,0.014830686151981354,-0.014588139951229095,-0.003647034987807274,-1.8630409240722656,-0.4657602310180664,-8.182502746582031,-2.045625686645508,-20.000993728637695,-5.000248432159424,-0.8757674098014832,-0.2189418524503708,-9.515434265136719,-2.3788585662841797,0.2444056272506714,0.06110140681266785,-13.148397445678711,-3.2870993614196777,-6.45021390914917,-1.6125534772872925,-2.199021100997925,-0.5497552752494812,18.811246871948242,4.7028117179870605,1.328526258468628,0.332131564617157,-4.037984848022461,-1.0094962120056152,-0.22840596735477448,-0.05710149183869362,-8.679048538208008,-2.169762134552002,5.812604904174805,1.4531512260437012
-2.5498876571655273,-0.6374719142913818,-0.06108448654413223,-0.015271121636033058,-0.193520188331604,-0.048380047082901,4.58946418762207,1.1473660469055176,-2.813251495361328,-0.703312873840332,-0.8409026265144348,-0.2102256566286087,-2.1664912700653076,-0.5416228175163269,-0.5870826244354248,-0.1467706561088562,-0.3145899176597595,-0.07864747941493988,2.9441847801208496,0.7360461950302124,1.956153392791748,0.489038348197937,1.4348715543746948,0.3587178885936737,-0.09738562256097794,-0.024346405640244484,0.047937892377376556,0.011984473094344139,-2.0642077922821045,-0.5160519480705261,-8.183752059936523,-2.045938014984131,-20.30863380432129,-5.077158451080322,-1.7497215270996094,-0.43743038177490234,-9.545061111450195,-2.386265277862549,0.44921988248825073,0.11230497062206268,-12.993952751159668,-3.248488187789917,-6.581075668334961,-1.6452689170837402,-2.5257952213287354,-0.6314488053321838,18.94361686706543,4.735904216766357,1.6225552558898926,0.40563881397247314,-4.383642673492432,-1.095910668373108,0.3802209496498108,0.0950552374124527,-9.141860008239746,-2.2854650020599365,5.474588394165039,1.3686470985412598
-2.659583806991577,-0.6648959517478943,0.1892884373664856,0.0473221093416214,-0.31813931465148926,-0.07953482866287231,3.9656076431274414,0.9914019107818604,-2.311375379562378,-0.5778438448905945,-1.517690658569336,-0.379422664642334,-1.9833682775497437,-0.4958420693874359,-0.4889398515224457,-0.12223496288061142,-0.41614967584609985,-0.10403741896152496,3.766439914703369,0.9416099786758423,1.8758254051208496,0.4689563512802124,1.3510658740997314,0.33776646852493286,-0.061752572655677795,-0.015438143163919449,-0.026871494948863983,-0.006717873737215996,-2.016395092010498,-0.5040987730026245,-8.276768684387207,-2.0691921710968018,-20.38786506652832,-5.09696626663208,-1.5363227128982544,-0.3840806782245636,-9.6917085647583,-2.422927141189575,0.2556544542312622,0.06391361355781555,-12.933063507080078,-3.2332658767700195,-6.674233913421631,-1.6685584783554077,-2.44541072845459,-0.6113526821136475,18.80818748474121,4.702046871185303,1.4523603916168213,0.3630900979042053,-3.9044249057769775,-0.9761062264442444,0.48831474781036377,0.12207868695259094,-9.192914962768555,-2.2982287406921387,5.316115379333496,1.329028844833374
-2.3622024059295654,-0.5905506014823914,0.6449991464614868,0.1612497866153717,-0.5172989368438721,-0.12932473421096802,3.4122252464294434,0.8530563116073608,-0.08259181678295135,-0.02064795419573784,-1.6405236721038818,-0.41013091802597046,-2.479059934616089,-0.6197649836540222,0.10324132442474365,0.025810331106185913,-0.4712286591529846,-0.11780716478824615,4.439133644104004,1.109783411026001,-1.0994049310684204,-0.2748512327671051,1.165777564048767,0.2914443910121918,0.1606568694114685,0.040164217352867126,0.5296435356140137,0.13241088390350342,-1.9408023357391357,-0.48520058393478394,-7.845208168029785,-1.9613020420074463,-20.101970672607422,-5.0254926681518555,-1.5983411073684692,-0.3995852768421173,-9.98145580291748,-2.49536395072937,0.006127297878265381,0.0015318244695663452,-13.355425834655762,-3.3388564586639404,-6.919057846069336,-1.729764461517334,-2.203847885131836,-0.550961971282959,18.622228622436523,4.655557155609131,1.3036510944366455,0.3259127736091614,-3.9102747440338135,-0.9775686860084534,0.5105447769165039,0.12763619422912598,-9.33948802947998,-2.334872007369995,5.202049255371094,1.3005123138427734
-2.037933588027954,-0.5094833970069885,0.9172598123550415,0.22931495308876038,-0.6682191491127014,-0.16705478727817535,3.4424805641174316,0.8606201410293579,0.7547736763954163,0.18869341909885406,-0.8753673434257507,-0.21884183585643768,-2.8004252910614014,-0.7001063227653503,0.38698700070381165,0.09674675017595291,-0.41896185278892517,-0.10474046319723129,4.231537818908691,1.0578844547271729,-2.1009180545806885,-0.5252295136451721,0.8731972575187683,0.21829931437969208,0.2120356559753418,0.05300891399383545,0.5840941667556763,0.14602354168891907,-1.9601025581359863,-0.4900256395339966,-7.786325931549072,-1.946581482887268,-19.441524505615234,-4.860381126403809,-1.3601535558700562,-0.34003838896751404,-10.236353874206543,-2.5590884685516357,-0.24681979417800903,-0.06170494854450226,-13.298949241638184,-3.324737310409546,-7.063065528869629,-1.7657663822174072,-2.040168523788452,-0.510042130947113,18.46199607849121,4.615499019622803,1.0325608253479004,0.2581402063369751,-4.570891380310059,-1.1427228450775146,-0.16096563637256622,-0.040241409093141556,-9.43152904510498,-2.357882261276245,5.703304767608643,1.4258261919021606
-2.183866024017334,-0.5459665060043335,1.0572657585144043,0.2643164396286011,-0.6043442487716675,-0.15108606219291687,3.5342373847961426,0.8835593461990356,0.34087854623794556,0.08521963655948639,-0.3031054139137268,-0.0757763534784317,-2.942260265350342,-0.7355650663375854,0.03414401412010193,0.008536003530025482,-0.3403315544128418,-0.08508288860321045,4.0074896812438965,1.0018724203109741,-1.9152330160140991,-0.4788082540035248,0.7681666612625122,0.19204166531562805,0.13108864426612854,0.032772161066532135,0.45429375767707825,0.11357343941926956,-1.885206937789917,-0.47130173444747925,-8.100248336791992,-2.025062084197998,-19.77225112915039,-4.943062782287598,-1.117647647857666,-0.2794119119644165,-10.11898136138916,-2.52974534034729,-0.18603089451789856,-0.04650772362947464,-13.157769203186035,-3.289442300796509,-7.012847423553467,-1.7532118558883667,-1.9087426662445068,-0.4771856665611267,18.724504470825195,4.681126117706299,0.9872584342956543,0.24681460857391357,-4.614626884460449,-1.1536567211151123,-0.18840231001377106,-0.047100577503442764,-9.62724494934082,-2.406811237335205,5.913082122802734,1.4782705307006836
-2.4366142749786377,-0.6091535687446594,0.5389603972434998,0.13474009931087494,-0.5158827900886536,-0.1289706975221634,3.3881373405456543,0.8470343351364136,0.26499584317207336,0.06624896079301834,-0.6888386607170105,-0.17220966517925262,-2.763808012008667,-0.6909520030021667,0.1000424474477768,0.0250106118619442,-0.3615313768386841,-0.09038284420967102,4.072173118591309,1.0180432796478271,-1.9405088424682617,-0.48512721061706543,1.0765676498413086,0.26914191246032715,0.2682527005672455,0.06706317514181137,0.31326860189437866,0.07831715047359467,-1.7714544534683228,-0.4428636133670807,-7.623896598815918,-1.9059741497039795,-19.074920654296875,-4.768730163574219,-0.8344868421554565,-0.20862171053886414,-10.102538108825684,-2.525634527206421,-2.1481285095214844,-0.5370321273803711,-13.581975936889648,-3.395493984222412,-6.417843818664551,-1.6044609546661377,-1.9133496284484863,-0.4783374071121216,18.2740421295166,4.56851053237915,1.0841935873031616,0.2710483968257904,-4.667607307434082,-1.1669018268585205,-0.3466002941131592,-0.0866500735282898,-9.161422729492188,-2.290355682373047,5.536084175109863,1.3840210437774658
-2.179441452026367,-0.5448603630065918,0.6761324405670166,0.16903311014175415,-0.5092706680297852,-0.1273176670074463,3.4456448554992676,0.8614112138748169,0.3553013205528259,0.08882533013820648,-0.8275453448295593,-0.20688633620738983,-2.873753070831299,-0.7184382677078247,0.053557053208351135,0.013389263302087784,-0.29126521944999695,-0.07281630486249924,3.9384994506835938,0.9846248626708984,-1.8523446321487427,-0.46308615803718567,0.8335318565368652,0.2083829641342163,0.24361103773117065,0.060902759432792664,0.42041051387786865,0.10510262846946716,-1.784672737121582,-0.4461681842803955,-7.51085901260376,-1.87771475315094,-18.79142951965332,-4.69785737991333,-0.8806859254837036,-0.2201714813709259,-10.200798034667969,-2.550199508666992,-1.7900131940841675,-0.44750329852104187,-13.550745964050293,-3.3876864910125732,-6.498608589172363,-1.6246521472930908,-2.204068422317505,-0.5510171055793762,18.197019577026367,4.549254894256592,1.005059003829956,0.251264750957489,-4.772821426391602,-1.1932053565979004,-0.4751438498497009,-0.11878596246242523,-9.105001449584961,-2.2762503623962402,5.437178611755371,1.3592946529388428
-2.113584041595459,-0.5283960103988647,0.9276314973831177,0.23190787434577942,-0.5237151980400085,-0.13092879951000214,3.7925310134887695,0.9481327533721924,0.5314220786094666,0.13285551965236664,-0.5835414528846741,-0.14588536322116852,-2.9168474674224854,-0.7292118668556213,-0.08147281408309937,-0.02036820352077484,-0.3258605897426605,-0.08146514743566513,3.792567253112793,0.9481418132781982,-1.4805686473846436,-0.3701421618461609,0.7300254106521606,0.18250635266304016,0.11405610293149948,0.02851402573287487,0.4726478159427643,0.11816195398569107,-1.7620105743408203,-0.4405026435852051,-8.141000747680664,-2.035250186920166,-19.680362701416016,-4.920090675354004,-1.10899817943573,-0.2772495448589325,-10.075774192810059,-2.5189435482025146,0.0051097869873046875,0.0012774467468261719,-13.215197563171387,-3.3037993907928467,-6.863147735595703,-1.7157869338989258,-2.1509766578674316,-0.5377441644668579,18.742685317993164,4.685671329498291,1.1738171577453613,0.29345428943634033,-4.585088729858398,-1.1462721824645996,-0.39472734928131104,-0.09868183732032776,-9.238239288330078,-2.3095598220825195,5.908690452575684,1.477172613143921
-2.204333543777466,-0.5510833859443665,0.7923637628555298,0.19809094071388245,-0.4636438488960266,-0.11591096222400665,3.8774566650390625,0.9693641662597656,0.26461124420166016,0.06615281105041504,-0.39565691351890564,-0.09891422837972641,-2.8687405586242676,-0.7171851396560669,-0.11618271470069885,-0.029045678675174713,-0.2721971273422241,-0.06804928183555603,3.577092170715332,0.894273042678833,-1.3830881118774414,-0.34577202796936035,0.7891502380371094,0.19728755950927734,0.15790969133377075,0.03947742283344269,0.4185471832752228,0.1046367958188057,-1.7397187948226929,-0.4349296987056732,-8.091548919677734,-2.0228872299194336,-20.150615692138672,-5.037653923034668,-1.141522765159607,-0.28538069128990173,-9.850787162780762,-2.4626967906951904,-0.2157999873161316,-0.0539499968290329,-13.163752555847168,-3.290938138961792,-6.729487895965576,-1.682371973991394,-2.0995867252349854,-0.5248966813087463,18.981000900268555,4.745250225067139,1.3304708003997803,0.33261770009994507,-4.602381229400635,-1.1505953073501587,-0.5693166851997375,-0.1423291712999344,-9.387857437133789,-2.3469643592834473,5.89370059967041,1.4734251499176025
-2.1744449138641357,-0.5436112284660339,0.6236740350723267,0.15591850876808167,-0.41517239809036255,-0.10379309952259064,4.04768180847168,1.01192045211792,-0.05156097933650017,-0.012890244834125042,-0.4631902575492859,-0.11579756438732147,-2.799025058746338,-0.6997562646865845,-0.12686440348625183,-0.03171610087156296,-0.2959216833114624,-0.0739804208278656,3.382045030593872,0.845511257648468,-1.1651759147644043,-0.2912939786911011,0.6853584051132202,0.17133960127830505,0.13671860098838806,0.034179650247097015,0.453542560338974,0.1133856400847435,-1.8273078203201294,-0.45682695508003235,-8.028188705444336,-2.007047176361084,-20.13840103149414,-5.034600257873535,-1.1666837930679321,-0.29167094826698303,-9.829280853271484,-2.457320213317871,-0.06974256038665771,-0.01743564009666443,-13.10918140411377,-3.2772953510284424,-6.686939716339111,-1.6717349290847778,-2.2241857051849365,-0.5560464262962341,18.98668670654297,4.746671676635742,1.4311001300811768,0.3577750325202942,-4.525277614593506,-1.1313194036483765,-0.5522518754005432,-0.1380629688501358,-9.193886756896973,-2.298471689224243,5.845550537109375,1.4613876342773438
-2.3446850776672363,-0.5861712694168091,0.1968676596879959,0.04921691492199898,-0.2953713834285736,-0.0738428458571434,4.518237113952637,1.1295592784881592,-1.2423577308654785,-0.31058943271636963,-0.6665189266204834,-0.16662973165512085,-2.642957925796509,-0.6607394814491272,-0.24114587903022766,-0.060286469757556915,-0.2605590224266052,-0.0651397556066513,2.8043265342712402,0.7010816335678101,-0.3976489305496216,-0.0994122326374054,0.5509140491485596,0.1377285122871399,0.09970303624868393,0.024925759062170982,0.218199223279953,0.05454980581998825,-1.8640130758285522,-0.46600326895713806,-8.063505172729492,-2.015876293182373,-20.290666580200195,-5.072666645050049,-1.0315930843353271,-0.2578982710838318,-9.55991268157959,-2.3899781703948975,0.09684568643569946,0.024211421608924866,-13.052403450012207,-3.2631008625030518,-6.6446533203125,-1.661163330078125,-2.3695855140686035,-0.5923963785171509,19.082853317260742,4.7707133293151855,1.4604384899139404,0.3651096224784851,-4.461159706115723,-1.1152899265289307,-0.4755787253379822,-0.11889468133449554,-8.996918678283691,-2.249229669570923,5.829745292663574,1.4574363231658936
-2.5374627113342285,-0.6343656778335571,-0.3263537883758545,-0.08158844709396362,-0.09966835379600525,-0.024917088449001312,5.105972766876221,1.2764931917190552,-3.0391159057617188,-0.7597789764404297,-0.9764665961265564,-0.2441166490316391,-2.3938405513763428,-0.5984601378440857,-0.5094797611236572,-0.1273699402809143,-0.273237943649292,-0.068309485912323,2.3307814598083496,0.5826953649520874,1.2867130041122437,0.3216782510280609,0.7339560389518738,0.18348900973796844,0.016278840601444244,0.004069710150361061,-0.04976285248994827,-0.012440713122487068,-2.0380208492279053,-0.5095052123069763,-8.14937973022461,-2.0373449325561523,-20.671920776367188,-5.167980194091797,-1.3425233364105225,-0.3356308341026306,-9.476787567138672,-2.369196891784668,0.34480929374694824,0.08620232343673706,-13.071847915649414,-3.2679619789123535,-6.795196533203125,-1.6987991333007812,-2.6535863876342773,-0.6633965969085693,19.309146881103516,4.827286720275879,1.6370761394500732,0.4092690348625183,-4.361320495605469,-1.0903301239013672,-0.12482152879238129,-0.03120538219809532,-8.877802848815918,-2.2194507122039795,5.776501655578613,1.4441254138946533
-2.582026958465576,-0.645506739616394,0.051280051469802856,0.012820012867450714,-0.1761893928050995,-0.04404734820127487,4.435673236846924,1.108918309211731,-2.60434627532959,-0.6510865688323975,-1.0576258897781372,-0.2644064724445343,-1.8404418230056763,-0.46011045575141907,-0.5525727272033691,-0.13814318180084229,-0.4703911542892456,-0.1175977885723114,3.338236093521118,0.8345590233802795,1.9824509620666504,0.4956127405166626,1.603347897529602,0.4008369743824005,-0.12166812270879745,-0.030417030677199364,0.016284815967082977,0.004071203991770744,-2.183347225189209,-0.5458368062973022,-8.371672630310059,-2.0929181575775146,-20.79779815673828,-5.19944953918457,-2.0044121742248535,-0.5011030435562134,-9.418456077575684,-2.354614019393921,0.37303587794303894,0.09325896948575974,-12.880959510803223,-3.2202398777008057,-6.601618766784668,-1.650404691696167,-2.7060463428497314,-0.6765115857124329,19.380218505859375,4.845054626464844,1.8773531913757324,0.4693382978439331,-4.609818458557129,-1.1524546146392822,0.34148284792900085,0.08537071198225021,-9.28852653503418,-2.322131633758545,5.469503879547119,1.3673759698867798
-2.594928026199341,-0.6487320065498352,0.22409465909004211,0.05602366477251053,-0.3451920449733734,-0.08629801124334335,3.9040093421936035,0.9760023355484009,-1.9289456605911255,-0.48223641514778137,-1.7082346677780151,-0.4270586669445038,-1.9824877977371216,-0.4956219494342804,-0.30072060227394104,-0.07518015056848526,-0.4775695204734802,-0.11939238011837006,3.942828893661499,0.9857072234153748,1.5072073936462402,0.37680184841156006,1.3477827310562134,0.33694568276405334,-0.002148739993572235,-0.0005371849983930588,-0.1224779263138771,-0.030619481578469276,-2.0953335762023926,-0.5238333940505981,-8.127379417419434,-2.0318448543548584,-20.819124221801758,-5.2047810554504395,-1.519608497619629,-0.3799021244049072,-9.52883529663086,-2.382208824157715,0.032721638679504395,0.008180409669876099,-12.836496353149414,-3.2091240882873535,-6.792655944824219,-1.6981639862060547,-2.7453653812408447,-0.6863413453102112,18.927982330322266,4.731995582580566,1.5153604745864868,0.3788401186466217,-4.470430374145508,-1.117607593536377,0.304401159286499,0.07610028982162476,-9.643224716186523,-2.410806179046631,5.3252177238464355,1.3313044309616089
-2.2848126888275146,-0.5712031722068787,0.663237452507019,0.16580936312675476,-0.5198021531105042,-0.12995053827762604,3.3676323890686035,0.8419080972671509,0.500141441822052,0.125035360455513,-1.5610171556472778,-0.39025428891181946,-2.5427815914154053,-0.6356953978538513,0.2861519753932953,0.07153799384832382,-0.5105255246162415,-0.12763138115406036,4.5844407081604,1.1461101770401,-1.9017276763916016,-0.4754319190979004,1.1469016075134277,0.28672540187835693,0.2790970802307129,0.06977427005767822,0.6634620428085327,0.16586551070213318,-2.092332363128662,-0.5230830907821655,-7.725872039794922,-1.9314680099487305,-20.785642623901367,-5.196410655975342,-1.7319955825805664,-0.4329988956451416,-9.951103210449219,-2.4877758026123047,-0.3360567092895508,-0.0840141773223877,-13.432476997375488,-3.358119249343872,-7.084237575531006,-1.7710593938827515,-2.5712549686431885,-0.6428137421607971,19.074682235717773,4.768670558929443,1.4488184452056885,0.3622046113014221,-4.69386100769043,-1.1734652519226074,0.25857341289520264,0.06464335322380066,-9.910469055175781,-2.4776172637939453,5.464354515075684,1.366088628768921
-2.0235843658447266,-0.5058960914611816,0.9697514176368713,0.24243785440921783,-0.6184474229812622,-0.15461185574531555,3.5200252532958984,0.8800063133239746,0.4494013786315918,0.11235034465789795,-0.4607052803039551,-0.11517632007598877,-2.866658926010132,-0.716664731502533,0.3123862147331238,0.07809655368328094,-0.4156341552734375,-0.10390853881835938,4.0732951164245605,1.0183237791061401,-2.054567337036133,-0.5136418342590332,0.7982426881790161,0.19956067204475403,0.15989643335342407,0.03997410833835602,0.3683531582355499,0.09208828955888748,-2.0260024070739746,-0.5065006017684937,-7.977916240692139,-1.9944790601730347,-20.326650619506836,-5.081662654876709,-1.30512535572052,-0.32628133893013,-9.982827186584473,-2.495706796646118,-0.3270152807235718,-0.08175382018089294,-13.009486198425293,-3.2523715496063232,-7.1622419357299805,-1.7905604839324951,-2.319681167602539,-0.5799202919006348,18.895416259765625,4.723854064941406,1.1381150484085083,0.2845287621021271,-5.3246612548828125,-1.3311653137207031,-0.5182563066482544,-0.1295640766620636,-10.13297176361084,-2.53324294090271,5.940699577331543,1.4851748943328857
-2.370457649230957,-0.5926144123077393,0.8468161225318909,0.21170403063297272,-0.48078858852386475,-0.12019714713096619,3.6798219680786133,0.9199554920196533,0.26212671399116516,0.06553167849779129,-0.4341558516025543,-0.10853896290063858,-2.862813949584961,-0.7157034873962402,-0.029937148094177246,-0.0074842870235443115,-0.275784432888031,-0.06894610822200775,4.088670253753662,1.0221675634384155,-2.054798126220703,-0.5136995315551758,0.7458915710449219,0.18647289276123047,0.24984750151634216,0.06246187537908554,0.4425692856311798,0.11064232140779495,-2.0245447158813477,-0.5061361789703369,-8.020785331726074,-2.0051963329315186,-20.743228912353516,-5.185807228088379,-1.289546251296997,-0.32238656282424927,-10.028605461120605,-2.5071513652801514,-0.4299018979072571,-0.10747547447681427,-13.208834648132324,-3.302208662033081,-7.246516704559326,-1.8116291761398315,-2.669302463531494,-0.6673256158828735,19.469329833984375,4.867332458496094,1.2198114395141602,0.30495285987854004,-5.369470119476318,-1.3423675298690796,-0.36747634410858154,-0.09186908602714539,-10.166321754455566,-2.5415804386138916,5.99167537689209,1.4979188442230225
-2.431913375854492,-0.607978343963623,0.6491467952728271,0.1622866988182068,-0.4161071181297302,-0.10402677953243256,3.614253520965576,0.903563380241394,0.17538349330425262,0.043845873326063156,-0.564631462097168,-0.141157865524292,-2.825345754623413,-0.7063364386558533,-0.06705346703529358,-0.016763366758823395,-0.2399643212556839,-0.059991080313920975,3.927766799926758,0.9819416999816895,-1.9088048934936523,-0.4772012233734131,0.8446436524391174,0.21116091310977936,0.35228076577186584,0.08807019144296646,0.2878178060054779,0.07195445150136948,-1.8670021295547485,-0.46675053238868713,-7.334460258483887,-1.8336150646209717,-20.3293399810791,-5.082334995269775,-0.9717912673950195,-0.24294781684875488,-9.7781343460083,-2.444533586502075,-2.210245132446289,-0.5525612831115723,-13.599237442016602,-3.3998093605041504,-6.5410990715026855,-1.6352747678756714,-2.805004358291626,-0.7012510895729065,19.270063400268555,4.817515850067139,1.3493027687072754,0.33732569217681885,-5.710497856140137,-1.4276244640350342,-0.8549590706825256,-0.2137397676706314,-10.08902359008789,-2.5222558975219727,5.713374614715576,1.428343653678894
-2.2483532428741455,-0.5620883107185364,0.6331361532211304,0.1582840383052826,-0.4027007818222046,-0.10067519545555115,3.9328980445861816,0.9832245111465454,0.4177428185939789,0.10443570464849472,-0.6750978827476501,-0.16877447068691254,-2.8195483684539795,-0.7048870921134949,-0.00960490107536316,-0.00240122526884079,-0.2954092025756836,-0.0738523006439209,3.8645591735839844,0.9661397933959961,-1.6900392770767212,-0.4225098192691803,0.7262059450149536,0.1815514862537384,0.21968600153923035,0.05492150038480759,0.38514798879623413,0.09628699719905853,-1.9664556980133057,-0.4916139245033264,-7.933055400848389,-1.9832638502120972,-20.659122467041016,-5.164780616760254,-1.4128808975219727,-0.35322022438049316,-9.88876724243164,-2.47219181060791,-0.19997656345367432,-0.04999414086341858,-13.218202590942383,-3.3045506477355957,-7.0984787940979,-1.774619698524475,-3.162343740463257,-0.7905859351158142,19.47093963623047,4.867734909057617,1.4049447774887085,0.3512361943721771,-5.591616630554199,-1.3979041576385498,-0.6739630103111267,-0.16849075257778168,-9.872720718383789,-2.4681801795959473,5.80143928527832,1.45035982131958
-2.3161046504974365,-0.5790261626243591,0.7398790717124939,0.18496976792812347,-0.4020344018936157,-0.10050860047340393,4.192668914794922,1.0481672286987305,0.5146378874778748,0.1286594718694687,-0.4357127845287323,-0.10892819613218307,-2.831242799758911,-0.7078106999397278,-0.09703108668327332,-0.02425777167081833,-0.2884213626384735,-0.07210534065961838,3.5609166622161865,0.8902291655540466,-1.354882001876831,-0.33872050046920776,0.7253797054290771,0.1813449263572693,0.21612748503684998,0.054031871259212494,0.35022592544555664,0.08755648136138916,-1.8974381685256958,-0.47435954213142395,-7.9059367179870605,-1.9764841794967651,-21.120071411132812,-5.280017852783203,-1.2738529443740845,-0.3184632360935211,-9.452323913574219,-2.3630809783935547,-0.48281311988830566,-0.12070327997207642,-12.968576431274414,-3.2421441078186035,-6.679119110107422,-1.6697797775268555,-3.0191662311553955,-0.7547915577888489,19.607196807861328,4.901799201965332,1.6172170639038086,0.40430426597595215,-5.798542499542236,-1.449635624885559,-0.9982779622077942,-0.24956949055194855,-10.175223350524902,-2.5438058376312256,5.874691963195801,1.4686729907989502
-2.403672933578491,-0.6009182333946228,0.2806214988231659,0.07015537470579147,-0.26024580001831055,-0.06506145000457764,4.599882125854492,1.149970531463623,-0.6596887111663818,-0.16492217779159546,-0.6029931902885437,-0.15074829757213593,-2.7196712493896484,-0.6799178123474121,-0.21445989608764648,-0.05361497402191162,-0.20401260256767273,-0.05100315064191818,2.934656858444214,0.7336642146110535,-0.8801259994506836,-0.2200314998626709,0.612216591835022,0.1530541479587555,0.15645232796669006,0.039113081991672516,0.2082822620868683,0.05207056552171707,-1.9952658414840698,-0.49881646037101746,-7.9868035316467285,-1.9967008829116821,-21.61549949645996,-5.40387487411499,-1.1848678588867188,-0.2962169647216797,-9.230053901672363,-2.307513475418091,-0.3468652069568634,-0.08671630173921585,-12.739411354064941,-3.1848528385162354,-6.687384128570557,-1.6718460321426392,-3.2012522220611572,-0.8003130555152893,19.677562713623047,4.919390678405762,1.7377259731292725,0.4344314932823181,-5.792822360992432,-1.448205590248108,-0.9496166110038757,-0.23740415275096893,-10.10899829864502,-2.527249574661255,5.927578926086426,1.4818947315216064
-2.6627159118652344,-0.6656789779663086,-0.42641374468803406,-0.10660343617200851,-0.004842720925807953,-0.0012106802314519882,5.202099323272705,1.3005248308181763,-2.9798388481140137,-0.7449597120285034,-1.1159460544586182,-0.27898651361465454,-2.408282995223999,-0.6020707488059998,-0.4464033544063568,-0.1116008386015892,-0.23210681974887848,-0.05802670493721962,2.2197561264038086,0.5549390316009521,0.7144792675971985,0.17861981689929962,0.7586842775344849,0.18967106938362122,0.08385934680700302,0.020964836701750755,-0.1414966583251953,-0.03537416458129883,-2.0991997718811035,-0.5247999429702759,-8.043207168579102,-2.0108017921447754,-22.21828842163086,-5.554572105407715,-1.3109458684921265,-0.3277364671230316,-9.14517593383789,-2.2862939834594727,-0.02901226282119751,-0.0072530657052993774,-12.974897384643555,-3.2437243461608887,-6.8765459060668945,-1.7191364765167236,-3.7256672382354736,-0.9314168095588684,20.096956253051758,5.0242390632629395,1.9692864418029785,0.49232161045074463,-5.671582221984863,-1.4178955554962158,-0.7042524218559265,-0.17606310546398163,-9.842628479003906,-2.4606571197509766,5.823055267333984,1.455763816833496
-2.5376765727996826,-0.6344191431999207,-0.11801719665527344,-0.02950429916381836,-0.07748962193727493,-0.019372405484318733,4.764631748199463,1.1911579370498657,-2.722813367843628,-0.680703341960907,-0.9838179349899292,-0.2459544837474823,-2.1428890228271484,-0.5357222557067871,-0.3466639816761017,-0.08666599541902542,-0.4902748465538025,-0.12256871163845062,3.0033750534057617,0.7508437633514404,0.7724297642707825,0.19310744106769562,1.550857424736023,0.38771435618400574,0.1006469652056694,0.02516174130141735,-0.04752223938703537,-0.011880559846758842,-2.3749964237213135,-0.5937491059303284,-7.817746639251709,-1.9544366598129272,-22.71124267578125,-5.6778106689453125,-2.0834593772888184,-0.5208648443222046,-8.881561279296875,-2.2203903198242188,-0.08607944846153259,-0.021519862115383148,-12.863533020019531,-3.215883255004883,-6.953790664672852,-1.738447666168213,-4.427342891693115,-1.1068357229232788,20.696352005004883,5.174088001251221,2.5412421226501465,0.6353105306625366,-6.379813194274902,-1.5949532985687256,-0.33436793088912964,-0.08359198272228241,-10.088172912597656,-2.522043228149414,5.644273281097412,1.411068320274353
-2.68487286567688,-0.67121821641922,0.06366757303476334,0.015916893258690834,-0.2690388560295105,-0.06725971400737762,4.365476131439209,1.0913690328598022,-2.4895870685577393,-0.6223967671394348,-1.3968920707702637,-0.3492230176925659,-1.974112868309021,-0.49352821707725525,-0.4568738639354706,-0.11421846598386765,-0.5174307227134705,-0.12935768067836761,3.519491195678711,0.8798727989196777,1.6652052402496338,0.41630131006240845,1.3453962802886963,0.3363490700721741,-0.0026189498603343964,-0.0006547374650835991,-0.2642090320587158,-0.06605225801467896,-2.3103160858154297,-0.5775790214538574,-8.086710929870605,-2.0216777324676514,-22.302698135375977,-5.575674533843994,-1.4451359510421753,-0.3612839877605438,-9.14806079864502,-2.287015199661255,-0.5362022519111633,-0.13405056297779083,-12.625019073486328,-3.156254768371582,-6.541589736938477,-1.6353974342346191,-4.049737930297852,-1.012434482574463,19.96196937561035,4.990492343902588,2.0150725841522217,0.5037681460380554,-6.072480201721191,-1.5181200504302979,-0.3132709264755249,-0.07831773161888123,-10.283916473388672,-2.570979118347168,5.546929359436035,1.3867323398590088
-2.6072654724121094,-0.6518163681030273,0.1996847540140152,0.0499211885035038,-0.38488250970840454,-0.09622062742710114,3.95196533203125,0.9879913330078125,-1.2954586744308472,-0.3238646686077118,-1.7364985942840576,-0.4341246485710144,-2.294955253601074,-0.5737388134002686,0.045857906341552734,0.011464476585388184,-0.5642570853233337,-0.14106427133083344,4.068881988525391,1.0172204971313477,-0.20948395133018494,-0.052370987832546234,1.1521580219268799,0.28803950548171997,0.26150262355804443,0.06537565588951111,-0.08679039031267166,-0.021697597578167915,-2.234625816345215,-0.5586564540863037,-7.443857669830322,-1.8609644174575806,-22.503801345825195,-5.625950336456299,-1.0910447835922241,-0.27276119589805603,-9.179463386535645,-2.294865846633911,-2.3071391582489014,-0.5767847895622253,-13.28523063659668,-3.32130765914917,-6.467804908752441,-1.6169512271881104,-4.046015739440918,-1.0115039348602295,19.571456909179688,4.892864227294922,1.8437223434448242,0.46093058586120605,-6.328230381011963,-1.5820575952529907,-0.36671990156173706,-0.09167997539043427,-10.58378791809082,-2.645946979522705,5.302233695983887,1.3255584239959717
-2.3693621158599854,-0.5923405289649963,0.6319769620895386,0.15799424052238464,-0.4668081998825073,-0.11670204997062683,3.529857635498047,0.8824644088745117,1.2462118864059448,0.3115529716014862,-1.3811311721801758,-0.34528279304504395,-2.673942804336548,-0.668485701084137,0.37800711393356323,0.09450177848339081,-0.48792940378189087,-0.12198235094547272,4.664915084838867,1.1662287712097168,-2.528075695037842,-0.6320189237594604,1.134493350982666,0.2836233377456665,0.4655705690383911,0.11639264225959778,0.41106608510017395,0.10276652127504349,-2.1843292713165283,-0.5460823178291321,-6.966307640075684,-1.741576910018921,-22.018924713134766,-5.504731178283691,-1.4313043355941772,-0.3578260838985443,-9.339977264404297,-2.334994316101074,-2.496461868286133,-0.6241154670715332,-13.513971328735352,-3.378492832183838,-6.705106258392334,-1.6762765645980835,-3.9921457767486572,-0.9980364441871643,19.625961303710938,4.906490325927734,1.5994722843170166,0.39986807107925415,-6.828874111175537,-1.7072185277938843,-0.5418269634246826,-0.13545674085617065,-10.768913269042969,-2.692228317260742,5.514258861541748,1.378564715385437
-2.0772736072540283,-0.5193184018135071,0.847184956073761,0.21179623901844025,-0.5255416631698608,-0.1313854157924652,3.776103973388672,0.944025993347168,0.533161461353302,0.1332903653383255,-0.6413753628730774,-0.16034384071826935,-2.7731213569641113,-0.6932803392410278,0.20474299788475037,0.05118574947118759,-0.3854612410068512,-0.0963653102517128,4.05617618560791,1.0140440464019775,-2.1737782955169678,-0.5434445738792419,0.8129837512969971,0.20324593782424927,0.22517630457878113,0.05629407614469528,0.22607842087745667,0.056519605219364166,-2.2978060245513916,-0.5744515061378479,-7.992237091064453,-1.9980592727661133,-21.91745376586914,-5.479363441467285,-1.5208600759506226,-0.38021501898765564,-9.56377124786377,-2.3909428119659424,-0.4180108308792114,-0.10450270771980286,-12.73832893371582,-3.184582233428955,-7.200399398803711,-1.8000998497009277,-3.703967332839966,-0.9259918332099915,19.85466766357422,4.963666915893555,1.455219030380249,0.36380475759506226,-6.8495659828186035,-1.7123914957046509,-0.8992365002632141,-0.22480912506580353,-10.84506607055664,-2.71126651763916,6.047115325927734,1.5117788314819336
-2.5364067554473877,-0.6341016888618469,0.8987869620323181,0.22469674050807953,-0.4389260411262512,-0.1097315102815628,4.090297698974609,1.0225744247436523,0.95157790184021,0.2378944754600525,-0.4620799124240875,-0.11551997810602188,-2.8231048583984375,-0.7057762145996094,-0.15837275981903076,-0.03959318995475769,-0.27732163667678833,-0.06933040916919708,4.158999443054199,1.0397498607635498,-1.936292290687561,-0.48407307267189026,0.7177474498748779,0.17943686246871948,0.3531023859977722,0.08827559649944305,0.3925314247608185,0.09813285619020462,-2.1257681846618652,-0.5314420461654663,-7.877235412597656,-1.969308853149414,-22.562637329101562,-5.640659332275391,-1.4003227949142456,-0.3500806987285614,-9.348526954650879,-2.3371317386627197,-0.8639864325523376,-0.2159966081380844,-13.023619651794434,-3.2559049129486084,-6.969407558441162,-1.7423518896102905,-3.8365862369537354,-0.9591465592384338,20.459232330322266,5.114808082580566,1.60792875289917,0.4019821882247925,-6.981475830078125,-1.7453689575195312,-0.8723545670509338,-0.21808864176273346,-11.253030776977539,-2.8132576942443848,6.059175968170166,1.5147939920425415
-2.5039114952087402,-0.6259778738021851,0.6836565136909485,0.17091412842273712,-0.3726003170013428,-0.0931500792503357,4.064920425415039,1.0162301063537598,0.6798511147499084,0.1699627786874771,-0.5868869423866272,-0.1467217355966568,-2.764936685562134,-0.6912341713905334,-0.20127102732658386,-0.050317756831645966,-0.21207775175571442,-0.053019437938928604,3.841944694519043,0.9604861736297607,-1.7412787675857544,-0.4353196918964386,1.0019556283950806,0.25048890709877014,0.40819358825683594,0.10204839706420898,0.07413212209939957,0.01853303052484989,-2.0181448459625244,-0.5045362114906311,-7.017472743988037,-1.7543681859970093,-22.356822967529297,-5.589205741882324,-0.9560580253601074,-0.23901450634002686,-8.809759140014648,-2.202439785003662,-2.62339186668396,-0.65584796667099,-13.155912399291992,-3.288978099822998,-6.09072732925415,-1.5226818323135376,-3.89085054397583,-0.9727126359939575,20.019868850708008,5.004967212677002,1.794901728630066,0.4487254321575165,-7.261240482330322,-1.8153101205825806,-1.4203492403030396,-0.3550873100757599,-11.260958671569824,-2.815239667892456,5.736558437347412,1.434139609336853
-2.340850591659546,-0.5852126479148865,0.6563557982444763,0.16408894956111908,-0.36885327100753784,-0.09221331775188446,4.343141555786133,1.0857853889465332,0.7715932130813599,0.19289830327033997,-0.6626049876213074,-0.16565124690532684,-2.783041477203369,-0.6957603693008423,-0.1192871630191803,-0.029821790754795074,-0.31711602210998535,-0.07927900552749634,3.786411762237549,0.9466029405593872,-1.5558804273605347,-0.38897010684013367,0.7991378307342529,0.19978445768356323,0.28629541397094727,0.07157385349273682,0.2855816185474396,0.0713954046368599,-2.1343138217926025,-0.5335784554481506,-7.728004455566406,-1.9320011138916016,-22.441015243530273,-5.610253810882568,-1.4425569772720337,-0.3606392443180084,-9.142891883850098,-2.2857229709625244,-0.7383812665939331,-0.18459531664848328,-12.85793399810791,-3.2144834995269775,-6.477663040161133,-1.6194157600402832,-4.2179765701293945,-1.0544941425323486,20.05966567993164,5.01491641998291,1.7932511568069458,0.44831278920173645,-7.122889518737793,-1.7807223796844482,-1.1774890422821045,-0.2943722605705261,-10.970759391784668,-2.742689847946167,5.603682041168213,1.4009205102920532
-2.53132700920105,-0.6328317523002625,0.47858795523643494,0.11964698880910873,-0.2799517810344696,-0.0699879452586174,4.8118815422058105,1.2029703855514526,0.010125089436769485,0.0025312723591923714,-0.5883969664573669,-0.14709924161434174,-2.819054126739502,-0.7047635316848755,-0.20463696122169495,-0.05115924030542374,-0.2851067781448364,-0.0712766945362091,3.0612568855285645,0.7653142213821411,-1.0742274522781372,-0.2685568630695343,0.8432333469390869,0.21080833673477173,0.19412961602210999,0.048532404005527496,0.041953884065151215,0.010488471016287804,-2.0279436111450195,-0.5069859027862549,-7.978058338165283,-1.9945145845413208,-23.046098709106445,-5.761524677276611,-1.2312942743301392,-0.3078235685825348,-8.842242240905762,-2.2105605602264404,-0.7782620191574097,-0.19456550478935242,-12.591142654418945,-3.1477856636047363,-6.3673810958862305,-1.5918452739715576,-3.86286997795105,-0.9657174944877625,20.095752716064453,5.023938179016113,1.83237886428833,0.4580947160720825,-7.06172513961792,-1.76543128490448,-1.3751152753829956,-0.3437788188457489,-11.1860990524292,-2.7965247631073,5.8437042236328125,1.4609260559082031
-2.765625,-0.69140625,-0.3250613212585449,-0.08126533031463623,0.014984145760536194,0.0037460364401340485,5.298015117645264,1.324503779411316,-2.738269567489624,-0.684567391872406,-1.126497745513916,-0.281624436378479,-2.472463369369507,-0.6181158423423767,-0.3393380343914032,-0.0848345085978508,-0.30887532234191895,-0.07721883058547974,2.4044189453125,0.601104736328125,0.20448243618011475,0.051120609045028687,0.7764053344726562,0.19410133361816406,0.1512472927570343,0.037811823189258575,-0.19345632195472717,-0.04836408048868179,-2.2487802505493164,-0.5621950626373291,-8.079179763793945,-2.0197949409484863,-24.00356101989746,-6.000890254974365,-1.2384750843048096,-0.3096187710762024,-8.793456077575684,-2.198364019393921,-0.4129433333873749,-0.10323583334684372,-12.808676719665527,-3.202169179916382,-6.800731182098389,-1.7001827955245972,-4.635027885437012,-1.158756971359253,20.593536376953125,5.148384094238281,2.1560146808624268,0.5390036702156067,-7.034156322479248,-1.758539080619812,-1.0035430192947388,-0.2508857548236847,-10.75217342376709,-2.6880433559417725,5.892756462097168,1.473189115524292
-2.659858226776123,-0.6649645566940308,-0.16292183101177216,-0.04073045775294304,-0.057243965566158295,-0.014310991391539574,4.9105024337768555,1.2276256084442139,-2.8554110527038574,-0.7138527631759644,-0.9132282137870789,-0.22830705344676971,-2.1873676776885986,-0.5468419194221497,-0.37822961807250977,-0.09455740451812744,-0.5332413911819458,-0.13331034779548645,3.2271575927734375,0.8067893981933594,1.4237487316131592,0.3559371829032898,1.615791916847229,0.40394797921180725,0.08672525733709335,0.02168131433427334,-0.28006711602211,-0.0700167790055275,-2.499800682067871,-0.6249501705169678,-7.6957526206970215,-1.9239381551742554,-24.453340530395508,-6.113335132598877,-1.7882754802703857,-0.44706887006759644,-8.627573013305664,-2.156893253326416,-0.5597039461135864,-0.1399259865283966,-12.916058540344238,-3.2290146350860596,-6.9473700523376465,-1.7368425130844116,-5.09336519241333,-1.2733412981033325,20.85711097717285,5.214277744293213,2.6498775482177734,0.6624693870544434,-7.4956278800964355,-1.8739069700241089,-0.7396090626716614,-0.18490226566791534,-11.100899696350098,-2.7752249240875244,5.844715595245361,1.4611788988113403
-2.7271833419799805,-0.6817958354949951,0.2495809644460678,0.06239524111151695,-0.2780792713165283,-0.06951981782913208,4.446713447570801,1.1116783618927002,-2.4432947635650635,-0.6108236908912659,-1.3653045892715454,-0.34132614731788635,-2.2003822326660156,-0.5500955581665039,-0.5895625352859497,-0.14739063382148743,-0.5494089722633362,-0.13735224306583405,3.680854320526123,0.9202135801315308,1.3900070190429688,0.3475017547607422,1.4221279621124268,0.3555319905281067,0.07886066287755966,0.019715165719389915,-0.3140077590942383,-0.07850193977355957,-2.363654375076294,-0.5909135937690735,-8.158604621887207,-2.0396511554718018,-24.333166122436523,-6.083291530609131,-1.5222896337509155,-0.3805724084377289,-8.959955215454102,-2.2399888038635254,-0.759459376335144,-0.189864844083786,-12.606165885925293,-3.1515414714813232,-6.806437015533447,-1.7016092538833618,-4.89125394821167,-1.2228134870529175,20.56968116760254,5.142420291900635,2.102060556411743,0.5255151391029358,-7.149895191192627,-1.7874737977981567,-0.44780462980270386,-0.11195115745067596,-11.209723472595215,-2.8024308681488037,5.531083106994629,1.3827707767486572
-2.5275814533233643,-0.6318953633308411,0.4754706025123596,0.1188676506280899,-0.4274721145629883,-0.10686802864074707,4.220861911773682,1.0552154779434204,-1.2905577421188354,-0.32263943552970886,-1.3947272300720215,-0.34868180751800537,-2.5704541206359863,-0.6426135301589966,-0.11506646871566772,-0.02876661717891693,-0.5455285906791687,-0.13638214766979218,4.0976762771606445,1.0244190692901611,-0.22821970283985138,-0.057054925709962845,1.0190231800079346,0.25475579500198364,0.2100716531276703,0.05251791328191757,-0.0979483500123024,-0.0244870875030756,-2.332535982131958,-0.5831339955329895,-8.111032485961914,-2.0277581214904785,-24.345911026000977,-6.086477756500244,-1.5272024869918823,-0.3818006217479706,-9.14899730682373,-2.2872493267059326,-0.8042932748794556,-0.2010733187198639,-12.902281761169434,-3.2255704402923584,-6.858299255371094,-1.7145748138427734,-4.908241271972656,-1.227060317993164,20.45597267150879,5.113993167877197,1.9835283756256104,0.4958820939064026,-7.189537048339844,-1.797384262084961,-0.27528029680252075,-0.06882007420063019,-11.245895385742188,-2.811473846435547,5.385839939117432,1.346459984779358
-2.361170530319214,-0.5902926325798035,0.665421187877655,0.16635529696941376,-0.4457990527153015,-0.11144976317882538,3.8098297119140625,0.9524574279785156,0.937125563621521,0.23428139090538025,-1.1073061227798462,-0.27682653069496155,-2.689755916595459,-0.6724389791488647,0.22544246912002563,0.05636061728000641,-0.5080922245979309,-0.12702305614948273,4.684481620788574,1.1711204051971436,-2.4299983978271484,-0.6074995994567871,1.163036823272705,0.29075920581817627,0.4155569076538086,0.10388922691345215,0.2641018331050873,0.06602545827627182,-2.315903425216675,-0.5789758563041687,-7.727488994598389,-1.9318722486495972,-23.802183151245117,-5.950545787811279,-1.7497777938842773,-0.43744444847106934,-9.186399459838867,-2.296599864959717,-1.1517263650894165,-0.2879315912723541,-13.117002487182617,-3.2792506217956543,-7.073742866516113,-1.7684357166290283,-4.520893573760986,-1.1302233934402466,20.305322647094727,5.076330661773682,1.8163379430770874,0.45408448576927185,-7.438467025756836,-1.859616756439209,-0.5095608830451965,-0.12739022076129913,-11.288247108459473,-2.822061777114868,5.784594535827637,1.4461486339569092
-2.1669394969940186,-0.5417348742485046,0.7445802092552185,0.18614505231380463,-0.4345349669456482,-0.10863374173641205,3.849874973297119,0.9624687433242798,1.4310659170150757,0.3577664792537689,-0.6807433366775513,-0.17018583416938782,-2.8322458267211914,-0.7080614566802979,0.08190807700157166,0.020477019250392914,-0.3726961016654968,-0.0931740254163742,4.248496055603027,1.0621240139007568,-2.3351502418518066,-0.5837875604629517,1.0381288528442383,0.25953221321105957,0.432106077671051,0.10802651941776276,0.16629081964492798,0.041572704911231995,-2.318024158477783,-0.5795060396194458,-7.297247409820557,-1.8243118524551392,-23.438383102416992,-5.859595775604248,-1.2086107730865479,-0.30215269327163696,-8.992938041687012,-2.248234510421753,-2.7188234329223633,-0.6797058582305908,-13.110373497009277,-3.2775933742523193,-6.510496616363525,-1.6276241540908813,-4.183906555175781,-1.0459766387939453,20.350006103515625,5.087501525878906,1.6730866432189941,0.41827166080474854,-7.845113754272461,-1.9612784385681152,-1.336362600326538,-0.3340906500816345,-11.684861183166504,-2.921215295791626,6.015918254852295,1.5039795637130737
-2.4446916580200195,-0.6111729145050049,0.7833455204963684,0.1958363801240921,-0.36407536268234253,-0.09101884067058563,4.240567207336426,1.0601418018341064,1.0139862298965454,0.25349655747413635,-0.5240173935890198,-0.13100434839725494,-2.8624818325042725,-0.7156204581260681,-0.05928683280944824,-0.01482170820236206,-0.33783161640167236,-0.08445790410041809,4.09962272644043,1.0249056816101074,-2.0370607376098633,-0.5092651844024658,0.833032488822937,0.20825812220573425,0.2889625132083893,0.07224062830209732,0.18738380074501038,0.046845950186252594,-2.2830820083618164,-0.5707705020904541,-7.916357517242432,-1.979089379310608,-23.420255661010742,-5.8550639152526855,-1.4722065925598145,-0.3680516481399536,-9.074197769165039,-2.2685494422912598,-0.7693942785263062,-0.19234856963157654,-12.606724739074707,-3.1516811847686768,-7.072131156921387,-1.7680327892303467,-4.283339023590088,-1.070834755897522,20.59869956970215,5.149674892425537,1.5556784868240356,0.3889196217060089,-7.632499694824219,-1.9081249237060547,-1.1381887197494507,-0.28454717993736267,-11.550390243530273,-2.8875975608825684,6.001376628875732,1.500344157218933
-2.611133575439453,-0.6527833938598633,0.7057762145996094,0.17644405364990234,-0.3471295237541199,-0.08678238093852997,4.400134086608887,1.1000335216522217,0.6778576374053955,0.16946440935134888,-0.43567508459091187,-0.10891877114772797,-2.8029122352600098,-0.7007280588150024,-0.19657233357429504,-0.04914308339357376,-0.2963266372680664,-0.0740816593170166,3.874545097351074,0.9686362743377686,-1.691645622253418,-0.4229114055633545,0.8385872840881348,0.2096468210220337,0.32208746671676636,0.08052186667919159,0.17245134711265564,0.04311283677816391,-2.087459087371826,-0.5218647718429565,-7.746319770812988,-1.936579942703247,-23.560935974121094,-5.890233993530273,-1.4285420179367065,-0.35713550448417664,-8.82895278930664,-2.20723819732666,-1.0636107921600342,-0.26590269804000854,-12.787518501281738,-3.1968796253204346,-6.711623668670654,-1.6779059171676636,-4.283792972564697,-1.0709482431411743,20.616722106933594,5.154180526733398,1.7715215682983398,0.44288039207458496,-7.618368148803711,-1.9045920372009277,-1.3050240278244019,-0.32625600695610046,-11.58987045288086,-2.897467613220215,5.840024471282959,1.4600061178207397
-2.5486342906951904,-0.6371585726737976,0.4615494906902313,0.11538737267255783,-0.2882603406906128,-0.0720650851726532,4.676531791687012,1.169132947921753,0.26663923263549805,0.06665980815887451,-0.5217865109443665,-0.1304466277360916,-2.7716996669769287,-0.6929249167442322,-0.16929659247398376,-0.04232414811849594,-0.29896700382232666,-0.07474175095558167,3.434483051300049,0.8586207628250122,-1.39744234085083,-0.3493605852127075,0.892269492149353,0.22306737303733826,0.2768959105014801,0.06922397762537003,0.0065209344029426575,0.0016302336007356644,-2.084582805633545,-0.5211457014083862,-7.724949836730957,-1.9312374591827393,-23.671899795532227,-5.917974948883057,-1.442929983139038,-0.3607324957847595,-8.640700340270996,-2.160175085067749,-0.9598269462585449,-0.23995673656463623,-12.599796295166016,-3.149949073791504,-6.533506870269775,-1.6333767175674438,-4.3887739181518555,-1.0971934795379639,20.31273078918457,5.078182697296143,1.8756710290908813,0.46891775727272034,-7.549604892730713,-1.8874012231826782,-1.4235016107559204,-0.3558754026889801,-11.514214515686035,-2.878553628921509,5.6574273109436035,1.4143568277359009
-2.8041951656341553,-0.7010487914085388,-0.14175888895988464,-0.03543972223997116,-0.08743885159492493,-0.02185971289873123,5.1195268630981445,1.2798817157745361,-1.3510944843292236,-0.3377736210823059,-0.9597554206848145,-0.2399388551712036,-2.523402690887451,-0.6308506727218628,-0.19855406880378723,-0.04963851720094681,-0.36357882618904114,-0.09089470654726028,2.8506975173950195,0.7126743793487549,-0.2312527298927307,-0.05781318247318268,0.9806223511695862,0.24515558779239655,0.28175991773605347,0.07043997943401337,-0.2085016965866089,-0.05212542414665222,-2.1802799701690674,-0.5450699925422668,-7.364642143249512,-1.841160535812378,-23.89191246032715,-5.972978115081787,-0.8345205783843994,-0.20863014459609985,-8.42098617553711,-2.1052465438842773,-2.340787649154663,-0.5851969122886658,-13.015012741088867,-3.253753185272217,-5.984157085418701,-1.4960392713546753,-4.6254191398620605,-1.1563547849655151,20.061796188354492,5.015449047088623,2.0522992610931396,0.5130748152732849,-7.506331443786621,-1.8765828609466553,-1.526784896850586,-0.3816962242126465,-11.489139556884766,-2.8722848892211914,5.5432448387146,1.38581120967865
-2.822453498840332,-0.705613374710083,-0.18085114657878876,-0.04521278664469719,-0.03528624773025513,-0.008821561932563782,5.121323585510254,1.2803308963775635,-3.2360999584198,-0.80902498960495,-1.2678433656692505,-0.3169608414173126,-2.34761905670166,-0.586904764175415,-0.26695516705513,-0.0667387917637825,-0.5458149313926697,-0.13645373284816742,2.9726967811584473,0.7431741952896118,0.8012388348579407,0.20030970871448517,0.9885560274124146,0.24713900685310364,0.10006193071603775,0.025015482679009438,-0.18049970269203186,-0.045124925673007965,-2.4079768657684326,-0.6019942164421082,-7.8802170753479,-1.970054268836975,-24.622682571411133,-6.155670642852783,-1.6067227125167847,-0.40168067812919617,-8.66357707977295,-2.1658942699432373,-0.29071155190467834,-0.07267788797616959,-12.657970428466797,-3.164492607116699,-7.027010917663574,-1.7567527294158936,-5.257094860076904,-1.314273715019226,20.748533248901367,5.187133312225342,2.228473424911499,0.5571183562278748,-7.670093536376953,-1.9175233840942383,-0.9204514622688293,-0.23011286556720734,-10.976801872253418,-2.7442004680633545,5.568032264709473,1.3920080661773682
-2.855970621109009,-0.7139926552772522,0.012616394087672234,0.0031540985219180584,-0.1458202600479126,-0.03645506501197815,4.7696404457092285,1.1924101114273071,-2.7771267890930176,-0.6942816972732544,-1.2116847038269043,-0.3029211759567261,-2.1758058071136475,-0.5439514517784119,-0.4605742394924164,-0.1151435598731041,-0.6341156363487244,-0.1585289090871811,3.514188051223755,0.8785470128059387,1.1225895881652832,0.2806473970413208,1.3937498331069946,0.34843745827674866,0.14431548118591309,0.03607887029647827,-0.38284358382225037,-0.09571089595556259,-2.42173171043396,-0.60543292760849,-8.01687240600586,-2.004218101501465,-25.118505477905273,-6.279626369476318,-1.6619065999984741,-0.41547664999961853,-8.548789978027344,-2.137197494506836,-0.8018302321434021,-0.20045755803585052,-12.856974601745605,-3.2142436504364014,-6.877791881561279,-1.7194479703903198,-5.466902732849121,-1.3667256832122803,21.127235412597656,5.281808853149414,2.3730623722076416,0.5932655930519104,-7.79196834564209,-1.9479920864105225,-0.6389210820198059,-0.15973027050495148,-11.299842834472656,-2.824960708618164,5.400216579437256,1.350054144859314
-2.616887092590332,-0.654221773147583,0.058118708431720734,0.014529677107930183,-0.3294029235839844,-0.0823507308959961,4.348886489868164,1.087221622467041,-1.8990925550460815,-0.4747731387615204,-1.4155206680297852,-0.3538801670074463,-2.387005567550659,-0.5967513918876648,-0.11646297574043274,-0.029115743935108185,-0.6265689730644226,-0.15664224326610565,3.8861660957336426,0.9715415239334106,0.014631960541009903,0.0036579901352524757,1.148944616317749,0.28723615407943726,0.25376492738723755,0.06344123184680939,-0.4026646912097931,-0.10066617280244827,-2.410292625427246,-0.6025731563568115,-7.36557674407959,-1.8413941860198975,-24.649951934814453,-6.162487983703613,-0.9623194336891174,-0.24057985842227936,-8.623276710510254,-2.1558191776275635,-2.6489145755767822,-0.6622286438941956,-13.082419395446777,-3.2706048488616943,-6.362400531768799,-1.5906001329421997,-5.291123390197754,-1.3227808475494385,20.34148406982422,5.085371017456055,2.092590093612671,0.5231475234031677,-7.747405052185059,-1.9368512630462646,-0.7241503596305847,-0.18103758990764618,-11.242692947387695,-2.810673236846924,5.107231616973877,1.2768079042434692
-2.39169979095459,-0.5979249477386475,0.7412565350532532,0.1853141337633133,-0.5191794037818909,-0.12979485094547272,3.9507322311401367,0.9876830577850342,0.7506707906723022,0.18766769766807556,-1.3728933334350586,-0.34322333335876465,-2.7173783779144287,-0.6793445944786072,0.17134615778923035,0.04283653944730759,-0.5982839465141296,-0.1495709866285324,4.663403511047363,1.1658508777618408,-1.959236979484558,-0.4898092448711395,1.0466468334197998,0.26166170835494995,0.3389459550380707,0.08473648875951767,0.30352118611335754,0.07588029652833939,-2.3368911743164062,-0.5842227935791016,-7.76350212097168,-1.94087553024292,-24.208602905273438,-6.052150726318359,-1.871886968612671,-0.4679717421531677,-9.109079360961914,-2.2772698402404785,-0.8335279226303101,-0.20838198065757751,-12.955327033996582,-3.2388317584991455,-6.91421365737915,-1.7285534143447876,-5.009190082550049,-1.2522975206375122,20.40385627746582,5.100964069366455,1.7305693626403809,0.4326423406600952,-7.715063095092773,-1.9287657737731934,-0.32307904958724976,-0.08076976239681244,-11.295977592468262,-2.8239943981170654,5.250431537628174,1.3126078844070435
-2.3608899116516113,-0.5902224779129028,0.7578620910644531,0.18946552276611328,-0.4817044734954834,-0.12042611837387085,4.027054309844971,1.0067635774612427,1.5970125198364258,0.39925312995910645,-0.6868388056755066,-0.17170970141887665,-2.7496416568756104,-0.6874104142189026,0.16421914100646973,0.04105478525161743,-0.46053460240364075,-0.11513365060091019,4.505456447601318,1.1263641119003296,-2.330620288848877,-0.5826550722122192,0.9756019115447998,0.24390047788619995,0.35561925172805786,0.08890481293201447,0.15812206268310547,0.03953051567077637,-2.3755481243133545,-0.5938870310783386,-7.837518215179443,-1.9593795537948608,-24.2132625579834,-6.05331563949585,-1.6303462982177734,-0.40758657455444336,-8.86699104309082,-2.216747760772705,-1.1240811347961426,-0.28102028369903564,-12.719930648803711,-3.1799826622009277,-6.993033409118652,-1.748258352279663,-4.600077152252197,-1.1500192880630493,20.81099510192871,5.202748775482178,1.6463731527328491,0.4115932881832123,-8.125306129455566,-2.0313265323638916,-0.9549606442451477,-0.23874016106128693,-11.748476028442383,-2.9371190071105957,5.974308013916016,1.493577003479004
-2.32106351852417,-0.5802658796310425,0.7477707862854004,0.1869426965713501,-0.37300121784210205,-0.09325030446052551,4.217818260192871,1.0544545650482178,1.2135416269302368,0.3033854067325592,-0.5480411052703857,-0.13701027631759644,-2.8555407524108887,-0.7138851881027222,-0.04380202293395996,-0.01095050573348999,-0.340883731842041,-0.08522093296051025,4.103572845458984,1.025893211364746,-2.2225182056427,-0.555629551410675,0.9457763433456421,0.23644408583641052,0.34841057658195496,0.08710264414548874,0.05773266404867172,0.01443316601216793,-2.29328989982605,-0.5733224749565125,-7.810595512390137,-1.9526488780975342,-23.954008102416992,-5.988502025604248,-1.4871577024459839,-0.37178942561149597,-8.820716857910156,-2.205179214477539,-1.0902446508407593,-0.2725611627101898,-12.544692993164062,-3.1361732482910156,-6.971563816070557,-1.7428909540176392,-4.447686672210693,-1.1119216680526733,20.612092971801758,5.1530232429504395,1.572256088256836,0.393064022064209,-7.978673458099365,-1.9946683645248413,-1.2407395839691162,-0.31018489599227905,-11.799747467041016,-2.949936866760254,5.9769134521484375,1.4942283630371094
-2.5840322971343994,-0.6460080742835999,0.7654119729995728,0.1913529932498932,-0.35483306646347046,-0.08870826661586761,4.330155372619629,1.0825388431549072,1.1968599557876587,0.2992149889469147,-0.41276097297668457,-0.10319024324417114,-2.854734420776367,-0.7136836051940918,-0.23518764972686768,-0.05879691243171692,-0.3446246385574341,-0.08615615963935852,4.009770393371582,1.0024425983428955,-1.8492285013198853,-0.4623071253299713,1.0319091081619263,0.25797727704048157,0.3879625201225281,0.09699063003063202,0.13692468404769897,0.034231171011924744,-2.133861541748047,-0.5334653854370117,-7.165796279907227,-1.7914490699768066,-23.82763671875,-5.9569091796875,-1.048934817314148,-0.262233704328537,-8.435124397277832,-2.108781099319458,-2.7963855266571045,-0.6990963816642761,-12.90615177154541,-3.2265379428863525,-6.08005428314209,-1.5200135707855225,-4.2663397789001465,-1.0665849447250366,20.451013565063477,5.112753391265869,1.7356208562850952,0.4339052140712738,-8.037117958068848,-2.009279489517212,-1.5943288803100586,-0.39858222007751465,-12.010087013244629,-3.0025217533111572,5.715063571929932,1.428765892982483
-2.547658920288086,-0.6369147300720215,0.6584123373031616,0.1646030843257904,-0.33949095010757446,-0.08487273752689362,4.7158284187316895,1.1789571046829224,0.5340672135353088,0.1335168033838272,-0.4863450527191162,-0.12158626317977905,-2.8292367458343506,-0.7073091864585876,-0.24271747469902039,-0.060679368674755096,-0.323258638381958,-0.0808146595954895,3.549790620803833,0.8874476552009583,-1.5502562522888184,-0.3875640630722046,0.8886762857437134,0.22216907143592834,0.2397485077381134,0.05993712693452835,-0.03166937083005905,-0.007917342707514763,-2.1320672035217285,-0.5330168008804321,-7.780707359313965,-1.9451768398284912,-24.10721778869629,-6.026804447174072,-1.4360160827636719,-0.35900402069091797,-8.469583511352539,-2.1173958778381348,-0.7878932356834412,-0.1969733089208603,-12.369967460632324,-3.092491865158081,-6.543733596801758,-1.6359333992004395,-4.450527191162109,-1.1126317977905273,20.516416549682617,5.129104137420654,1.6678106784820557,0.4169526696205139,-7.903616428375244,-1.975904107093811,-1.3404396772384644,-0.3351099193096161,-11.677413940429688,-2.919353485107422,5.690915584564209,1.4227288961410522
-2.849437713623047,-0.7123594284057617,0.045394837856292725,0.011348709464073181,-0.10331597179174423,-0.025828992947936058,5.280126094818115,1.3200315237045288,-1.3182247877120972,-0.3295561969280243,-0.8079196214675903,-0.20197990536689758,-2.6090168952941895,-0.6522542238235474,-0.334549218416214,-0.0836373046040535,-0.32776057720184326,-0.08194014430046082,2.838336229324341,0.7095840573310852,-0.3066856861114502,-0.07667142152786255,0.9044356942176819,0.22610892355442047,0.21055221557617188,0.05263805389404297,-0.1855645775794983,-0.04639114439487457,-2.132587194442749,-0.5331467986106873,-7.985884666442871,-1.9964711666107178,-24.51940155029297,-6.129850387573242,-1.2240184545516968,-0.3060046136379242,-8.518350601196289,-2.1295876502990723,-0.8741496801376343,-0.21853742003440857,-12.665994644165039,-3.1664986610412598,-6.41306209564209,-1.6032655239105225,-4.665043830871582,-1.1662609577178955,20.518625259399414,5.1296563148498535,1.936629295349121,0.4841573238372803,-7.683647155761719,-1.9209117889404297,-1.251303791999817,-0.3128259479999542,-11.549447059631348,-2.887361764907837,5.738422393798828,1.434605598449707
-2.8736209869384766,-0.7184052467346191,-0.12314604222774506,-0.030786510556936264,-0.09458574652671814,-0.023646436631679535,4.948943138122559,1.2372357845306396,-3.3148093223571777,-0.8287023305892944,-0.9930058121681213,-0.24825145304203033,-2.3586888313293457,-0.5896722078323364,-0.3622053563594818,-0.09055133908987045,-0.5432178974151611,-0.13580447435379028,3.1423583030700684,0.7855895757675171,1.3238704204559326,0.33096760511398315,1.2613439559936523,0.3153359889984131,0.09083139151334763,0.022707847878336906,-0.3399464786052704,-0.0849866196513176,-2.430910587310791,-0.6077276468276978,-7.946845054626465,-1.9867112636566162,-25.327943801879883,-6.331985950469971,-1.4014631509780884,-0.3503657877445221,-8.537214279174805,-2.134303569793701,-0.7143824100494385,-0.17859560251235962,-12.751304626464844,-3.187826156616211,-6.687520980834961,-1.6718802452087402,-5.246401309967041,-1.3116003274917603,20.808053970336914,5.2020134925842285,2.3948254585266113,0.5987063646316528,-7.933929920196533,-1.9834824800491333,-1.0665942430496216,-0.2666485607624054,-11.471901893615723,-2.8679754734039307,5.679424285888672,1.419856071472168
-2.8579936027526855,-0.7144984006881714,0.1170659214258194,0.02926648035645485,-0.2064860314130783,-0.05162150785326958,4.707993507385254,1.1769983768463135,-2.532099723815918,-0.6330249309539795,-1.2337837219238281,-0.30844593048095703,-2.206932783126831,-0.5517331957817078,-0.5881985425949097,-0.14704963564872742,-0.6561331748962402,-0.16403329372406006,3.7245287895202637,0.9311321973800659,0.9150405526161194,0.22876013815402985,1.5526279211044312,0.3881569802761078,0.13087642192840576,0.03271910548210144,-0.4334205389022827,-0.10835513472557068,-2.404946804046631,-0.6012367010116577,-8.089640617370605,-2.0224101543426514,-25.43316078186035,-6.358290195465088,-1.5570648908615112,-0.3892662227153778,-8.50652027130127,-2.1266300678253174,-0.899858832359314,-0.2249647080898285,-12.762018203735352,-3.190504550933838,-6.781463146209717,-1.6953657865524292,-5.455268859863281,-1.3638172149658203,20.974491119384766,5.243622779846191,2.1792643070220947,0.5448160767555237,-7.983945369720459,-1.9959863424301147,-0.5153682827949524,-0.1288420706987381,-11.461718559265137,-2.865429639816284,5.337955951690674,1.3344889879226685
-2.6312177181243896,-0.6578044295310974,0.29536911845207214,0.07384227961301804,-0.30731821060180664,-0.07682955265045166,4.424132823944092,1.106033205986023,-1.6717225313186646,-0.41793063282966614,-1.3545951843261719,-0.33864879608154297,-2.520045757293701,-0.6300114393234253,-0.10678130388259888,-0.02669532597064972,-0.6627023816108704,-0.1656755954027176,4.083719730377197,1.0209299325942993,-0.13235075771808624,-0.03308768942952156,1.1313788890838623,0.2828447222709656,0.19307610392570496,0.04826902598142624,-0.27973857522010803,-0.06993464380502701,-2.4272420406341553,-0.6068105101585388,-8.134246826171875,-2.0335617065429688,-25.145387649536133,-6.286346912384033,-1.550365924835205,-0.38759148120880127,-8.733512878417969,-2.183378219604492,-0.915992021560669,-0.22899800539016724,-12.843099594116211,-3.2107748985290527,-6.899435520172119,-1.7248588800430298,-5.386898994445801,-1.3467247486114502,20.61005973815918,5.152514934539795,1.9136449098587036,0.4784112274646759,-7.7847771644592285,-1.9461942911148071,-0.32455456256866455,-0.08113864064216614,-11.336333274841309,-2.834083318710327,5.131628036499023,1.2829070091247559
-2.4372317790985107,-0.6093079447746277,0.751330554485321,0.18783263862133026,-0.480793297290802,-0.1201983243227005,3.9439191818237305,0.9859797954559326,0.7150359153747559,0.17875897884368896,-0.962356686592102,-0.2405891716480255,-2.7481181621551514,-0.6870295405387878,0.0559462308883667,0.013986557722091675,-0.5882923603057861,-0.14707309007644653,4.672856330871582,1.1682140827178955,-2.03338623046875,-0.5083465576171875,1.0774109363555908,0.2693527340888977,0.3729305863380432,0.0932326465845108,0.236360102891922,0.0590900257229805,-2.3260297775268555,-0.5815074443817139,-7.846957683563232,-1.961739420890808,-24.82450294494629,-6.206125736236572,-1.7250113487243652,-0.4312528371810913,-8.84520435333252,-2.21130108833313,-1.2393566370010376,-0.3098391592502594,-12.92021369934082,-3.230053424835205,-6.8061604499816895,-1.7015401124954224,-4.857739448547363,-1.2144348621368408,20.55282974243164,5.13820743560791,1.7788803577423096,0.4447200894355774,-7.999698162078857,-1.9999245405197144,-0.5029140710830688,-0.1257285177707672,-11.575569152832031,-2.893892288208008,5.441673755645752,1.360418438911438
-2.271726608276367,-0.5679316520690918,0.5858931541442871,0.14647328853607178,-0.41517502069473267,-0.10379375517368317,4.03670597076416,1.00917649269104,1.4731923341751099,0.36829808354377747,-0.6697961688041687,-0.16744904220104218,-2.783175468444824,-0.695793867111206,0.17239618301391602,0.043099045753479004,-0.4473809599876404,-0.1118452399969101,4.432956695556641,1.1082391738891602,-2.4462578296661377,-0.6115644574165344,1.0558067560195923,0.26395168900489807,0.3320208191871643,0.08300520479679108,0.04196188598871231,0.010490471497178078,-2.396793842315674,-0.5991984605789185,-7.841490745544434,-1.9603726863861084,-24.333005905151367,-6.083251476287842,-1.6638587713241577,-0.41596469283103943,-8.805490493774414,-2.2013726234436035,-1.1265320777893066,-0.28163301944732666,-12.563060760498047,-3.1407651901245117,-7.031322479248047,-1.7578306198120117,-4.689910411834717,-1.1724776029586792,20.630374908447266,5.157593727111816,1.61156165599823,0.4028904139995575,-8.203910827636719,-2.0509777069091797,-0.9559577107429504,-0.2389894276857376,-11.643336296081543,-2.9108340740203857,5.883482933044434,1.4708707332611084
-2.4216151237487793,-0.6054037809371948,0.6921830773353577,0.17304576933383942,-0.3358176052570343,-0.08395440131425858,4.282412528991699,1.0706031322479248,1.2930376529693604,0.3232594132423401,-0.4440169334411621,-0.11100423336029053,-2.832087993621826,-0.7080219984054565,-0.05386105179786682,-0.013465262949466705,-0.38017112016677856,-0.09504278004169464,4.179463863372803,1.0448659658432007,-2.2383346557617188,-0.5595836639404297,0.9106998443603516,0.2276749610900879,0.3641869127750397,0.09104672819375992,0.08230064064264297,0.020575160160660744,-2.3081536293029785,-0.5770384073257446,-7.766407012939453,-1.9416017532348633,-24.156070709228516,-6.039017677307129,-1.5121560096740723,-0.37803900241851807,-8.690918922424316,-2.172729730606079,-1.1511484384536743,-0.2877871096134186,-12.533768653869629,-3.1334421634674072,-6.950196743011475,-1.7375491857528687,-4.571521759033203,-1.1428804397583008,20.755306243896484,5.188826560974121,1.55596125125885,0.3889903128147125,-8.117920875549316,-2.029480218887329,-1.2498952150344849,-0.3124738037586212,-11.827447891235352,-2.956861972808838,5.914576053619385,1.4786440134048462
-2.6676764488220215,-0.6669191122055054,0.7341729998588562,0.18354324996471405,-0.33980727195739746,-0.08495181798934937,4.391674041748047,1.0979185104370117,1.0901237726211548,0.2725309431552887,-0.2683284282684326,-0.06708210706710815,-2.806278705596924,-0.701569676399231,-0.2840968072414398,-0.07102420181035995,-0.3402549624443054,-0.08506374061107635,4.02275276184082,1.005688190460205,-1.811827301979065,-0.45295682549476624,1.0021400451660156,0.2505350112915039,0.391197144985199,0.09779928624629974,0.13451111316680908,0.03362777829170227,-2.1608498096466064,-0.5402124524116516,-7.103543758392334,-1.7758859395980835,-24.139860153198242,-6.0349650382995605,-1.0791471004486084,-0.2697867751121521,-8.239975929260254,-2.0599939823150635,-2.818653106689453,-0.7046632766723633,-12.857561111450195,-3.214390277862549,-6.062353134155273,-1.5155882835388184,-4.36517858505249,-1.0912946462631226,20.610363006591797,5.152590751647949,1.7499866485595703,0.4374966621398926,-8.15810775756836,-2.03952693939209,-1.5722689628601074,-0.39306724071502686,-12.073372840881348,-3.018343210220337,5.7003493309021,1.425087332725525
-2.6540939807891846,-0.6635234951972961,0.38033434748649597,0.09508358687162399,-0.25257325172424316,-0.06314331293106079,4.830587863922119,1.2076469659805298,0.05209894850850105,0.013024737127125263,-0.5189152359962463,-0.12972880899906158,-2.7940266132354736,-0.6985066533088684,-0.18257376551628113,-0.04564344137907028,-0.3456876873970032,-0.0864219218492508,3.439053535461426,0.8597633838653564,-1.428180456161499,-0.35704511404037476,0.8505690097808838,0.21264225244522095,0.2252233326435089,0.05630583316087723,-0.09708427637815475,-0.02427106909453869,-2.1593711376190186,-0.5398427844047546,-7.6581268310546875,-1.9145317077636719,-24.408605575561523,-6.102151393890381,-1.4682425260543823,-0.3670606315135956,-8.290078163146973,-2.072519540786743,-0.8526664972305298,-0.21316662430763245,-12.387377738952637,-3.096844434738159,-6.565759181976318,-1.6414397954940796,-4.672459125518799,-1.1681147813796997,20.58950424194336,5.14737606048584,1.7048180103302002,0.42620450258255005,-8.019142150878906,-2.0047855377197266,-1.3793352842330933,-0.3448338210582733,-11.712523460388184,-2.928130865097046,5.615327835083008,1.403831958770752
-2.9429092407226562,-0.7357273101806641,-0.320561021566391,-0.08014025539159775,-0.004367925226688385,-0.0010919813066720963,5.19888973236084,1.29972243309021,-1.9339059591293335,-0.4834764897823334,-1.041507363319397,-0.26037684082984924,-2.4684953689575195,-0.6171238422393799,-0.22479555010795593,-0.05619888752698898,-0.40473121404647827,-0.10118280351161957,2.833954095840454,0.7084885239601135,-0.20161545276641846,-0.050403863191604614,1.06247079372406,0.265617698431015,0.27275192737579346,0.06818798184394836,-0.29962360858917236,-0.07490590214729309,-2.2233715057373047,-0.5558428764343262,-7.198808193206787,-1.7997020483016968,-24.753246307373047,-6.188311576843262,-0.7834112644195557,-0.19585281610488892,-8.10885238647461,-2.0272130966186523,-2.408912181854248,-0.602228045463562,-13.02127742767334,-3.255319356918335,-6.039244174957275,-1.5098110437393188,-4.914648056030273,-1.2286620140075684,20.47557258605957,5.118893146514893,2.087934970855713,0.5219837427139282,-7.9092864990234375,-1.9773216247558594,-1.477989912033081,-0.36949747800827026,-11.627350807189941,-2.9068377017974854,5.575281143188477,1.3938202857971191
-2.749523401260376,-0.687380850315094,0.02183614857494831,0.005459037143737078,-0.10274672508239746,-0.025686681270599365,4.880325794219971,1.2200814485549927,-3.0242345333099365,-0.7560586333274841,-1.0026357173919678,-0.25065892934799194,-2.481231212615967,-0.6203078031539917,-0.3683067858219147,-0.09207669645547867,-0.5940587520599365,-0.14851468801498413,3.2630465030670166,0.8157616257667542,0.7268014550209045,0.18170036375522614,1.4658674001693726,0.36646685004234314,0.09738000482320786,0.024345001205801964,-0.4022194445133209,-0.10055486112833023,-2.498851776123047,-0.6247129440307617,-7.85319185256958,-1.963297963142395,-25.50114631652832,-6.37528657913208,-1.4676860570907593,-0.3669215142726898,-8.373676300048828,-2.093419075012207,-0.6161653995513916,-0.1540413498878479,-12.607792854309082,-3.1519482135772705,-6.827256202697754,-1.7068140506744385,-5.514439582824707,-1.3786098957061768,20.984773635864258,5.2461934089660645,2.259004831314087,0.5647512078285217,-8.349357604980469,-2.087339401245117,-0.9278126358985901,-0.23195315897464752,-11.392257690429688,-2.848064422607422,5.644642353057861,1.4111605882644653
-2.8043158054351807,-0.7010789513587952,0.10036996006965637,0.025092490017414093,-0.20376840233802795,-0.05094210058450699,4.721420764923096,1.180355191230774,-2.2997562885284424,-0.5749390721321106,-1.2464338541030884,-0.3116084635257721,-2.3647732734680176,-0.5911933183670044,-0.40890684723854065,-0.10222671180963516,-0.6189149022102356,-0.1547287255525589,3.685410499572754,0.9213526248931885,0.2975696921348572,0.0743924230337143,1.1768109798431396,0.2942027449607849,0.1863677203655243,0.04659193009138107,-0.3483904302120209,-0.08709760755300522,-2.4065206050872803,-0.6016301512718201,-7.927210807800293,-1.9818027019500732,-25.203855514526367,-6.300963878631592,-1.4383535385131836,-0.3595883846282959,-8.421197891235352,-2.105299472808838,-0.9715372323989868,-0.2428843080997467,-12.72687816619873,-3.1817195415496826,-6.897395133972168,-1.724348783493042,-5.62813663482666,-1.407034158706665,20.886917114257812,5.221729278564453,2.080369472503662,0.5200923681259155,-8.053439140319824,-2.013359785079956,-0.5166677236557007,-0.12916693091392517,-11.35107421875,-2.8377685546875,5.247611045837402,1.3119027614593506
-2.5807745456695557,-0.6451936364173889,0.1951046586036682,0.04877616465091705,-0.2792237102985382,-0.06980592757463455,4.505396366119385,1.1263490915298462,-1.7124041318893433,-0.4281010329723358,-1.2458515167236328,-0.3114628791809082,-2.5192129611968994,-0.6298032402992249,-0.09535744786262512,-0.02383936196565628,-0.6434205174446106,-0.16085512936115265,3.913367748260498,0.9783419370651245,-0.3033188581466675,-0.07582971453666687,0.9716667532920837,0.24291668832302094,0.17736858129501343,0.04434214532375336,-0.3146200180053711,-0.07865500450134277,-2.44931697845459,-0.6123292446136475,-8.000882148742676,-2.000220537185669,-24.951629638671875,-6.237907409667969,-1.4705860614776611,-0.3676465153694153,-8.541610717773438,-2.1354026794433594,-0.8984002470970154,-0.22460006177425385,-12.615222930908203,-3.153805732727051,-6.926452159881592,-1.731613039970398,-5.471155166625977,-1.3677887916564941,20.513620376586914,5.1284050941467285,1.9089874029159546,0.47724685072898865,-7.961243152618408,-1.990310788154602,-0.4246688485145569,-0.10616721212863922,-11.294539451599121,-2.8236348628997803,5.1565704345703125,1.2891426086425781
-2.4505457878112793,-0.6126364469528198,0.6162149906158447,0.15405374765396118,-0.4442669749259949,-0.11106674373149872,4.083712577819824,1.020928144454956,0.3217484652996063,0.08043711632490158,-0.9831741452217102,-0.24579353630542755,-2.740492820739746,-0.6851232051849365,0.0319158136844635,0.007978953421115875,-0.5898579955101013,-0.14746449887752533,4.477619171142578,1.1194047927856445,-1.9072386026382446,-0.47680965065956116,0.9390164613723755,0.23475411534309387,0.3464786112308502,0.08661965280771255,0.12038450688123703,0.030096126720309258,-2.337573528289795,-0.5843933820724487,-7.7450737953186035,-1.9362684488296509,-24.770431518554688,-6.192607879638672,-1.6792876720428467,-0.41982191801071167,-8.69015121459961,-2.1725378036499023,-1.16987943649292,-0.29246985912323,-12.802019119262695,-3.200504779815674,-6.8249382972717285,-1.7062345743179321,-5.111182689666748,-1.277795672416687,20.506023406982422,5.1265058517456055,1.785252571105957,0.44631314277648926,-8.072030067443848,-2.018007516860962,-0.5574530959129333,-0.13936327397823334,-11.522903442382812,-2.880725860595703,5.283293724060059,1.3208234310150146
-2.3044965267181396,-0.5761241316795349,0.6847833395004272,0.1711958348751068,-0.4196401834487915,-0.10491004586219788,4.0979437828063965,1.0244859457015991,1.2921065092086792,0.3230266273021698,-0.5090970993041992,-0.1272742748260498,-2.7979042530059814,-0.6994760632514954,0.0996997207403183,0.024924930185079575,-0.4548846185207367,-0.11372115463018417,4.364434719085693,1.0911086797714233,-2.258471965789795,-0.5646179914474487,0.9403597116470337,0.23508992791175842,0.3243679404258728,0.0810919851064682,0.12886452674865723,0.03221613168716431,-2.411529302597046,-0.6028823256492615,-7.636173725128174,-1.9090434312820435,-24.36137580871582,-6.090343952178955,-1.7030705213546753,-0.4257676303386688,-8.64853572845459,-2.1621339321136475,-1.0908067226409912,-0.2727016806602478,-12.453508377075195,-3.113377094268799,-7.002111434936523,-1.7505278587341309,-4.826235771179199,-1.2065589427947998,20.677764892578125,5.169441223144531,1.6407662630081177,0.4101915657520294,-8.251984596252441,-2.0629961490631104,-0.9980068802833557,-0.24950172007083893,-11.705228805541992,-2.926307201385498,5.75579833984375,1.4389495849609375
-2.452681303024292,-0.613170325756073,0.7422178983688354,0.18555447459220886,-0.3795684576034546,-0.09489211440086365,4.325773239135742,1.0814433097839355,1.0827343463897705,0.2706835865974426,-0.3181096315383911,-0.07952740788459778,-2.7717204093933105,-0.6929301023483276,-0.0897253155708313,-0.022431328892707825,-0.39133110642433167,-0.09783277660608292,4.164506912231445,1.0411267280578613,-2.1435599327087402,-0.5358899831771851,0.8723304867744446,0.21808262169361115,0.35411596298217773,0.08852899074554443,0.07591547816991806,0.018978869542479515,-2.3514046669006348,-0.5878511667251587,-7.618655204772949,-1.9046638011932373,-24.29387855529785,-6.073469638824463,-1.5107351541519165,-0.3776837885379791,-8.50342845916748,-2.12585711479187,-1.139035940170288,-0.284758985042572,-12.407610893249512,-3.101902723312378,-6.923391819000244,-1.730847954750061,-4.612209796905518,-1.1530524492263794,20.878355026245117,5.219588756561279,1.6121946573257446,0.40304866433143616,-8.227272987365723,-2.0568182468414307,-1.2627884149551392,-0.3156971037387848,-11.89197826385498,-2.972994565963745,5.890911102294922,1.4727277755737305
-2.6067399978637695,-0.6516849994659424,0.6545986533164978,0.16364966332912445,-0.33608514070510864,-0.08402128517627716,4.502844333648682,1.1257110834121704,0.639244019985199,0.15981100499629974,-0.2882970869541168,-0.0720742717385292,-2.766839027404785,-0.6917097568511963,-0.1926991045475006,-0.04817477613687515,-0.3640288710594177,-0.09100721776485443,3.960453987121582,0.9901134967803955,-1.7689369916915894,-0.44223424792289734,0.8566665649414062,0.21416664123535156,0.308392733335495,0.07709818333387375,0.08074583858251572,0.02018645964562893,-2.2634782791137695,-0.5658695697784424,-7.553186893463135,-1.8882967233657837,-24.388431549072266,-6.097107887268066,-1.456133246421814,-0.3640333116054535,-8.375208854675293,-2.0938022136688232,-1.1550339460372925,-0.2887584865093231,-12.441617012023926,-3.1104042530059814,-6.723613739013672,-1.680903434753418,-4.620357990264893,-1.1550894975662231,20.867467880249023,5.216866970062256,1.7083141803741455,0.4270785450935364,-8.189003944396973,-2.047250986099243,-1.3480812311172485,-0.33702030777931213,-11.88564682006836,-2.97141170501709,5.782414436340332,1.445603609085083
-2.6633996963500977,-0.6658499240875244,0.2921355366706848,0.0730338841676712,-0.23533688485622406,-0.058834221214056015,4.861774444580078,1.2154436111450195,-0.3260911703109741,-0.08152279257774353,-0.5694564580917358,-0.14236411452293396,-2.75644588470459,-0.6891114711761475,-0.21616479754447937,-0.05404119938611984,-0.33816856145858765,-0.08454214036464691,3.389078378677368,0.847269594669342,-1.274078369140625,-0.31851959228515625,0.8545013666152954,0.21362534165382385,0.2128559648990631,0.05321399122476578,-0.13377946615219116,-0.03344486653804779,-2.2096710205078125,-0.5524177551269531,-7.6537675857543945,-1.9134418964385986,-24.62982749938965,-6.157456874847412,-1.3075093030929565,-0.32687732577323914,-8.264286994934082,-2.0660717487335205,-1.0349154472351074,-0.25872886180877686,-12.432570457458496,-3.108142614364624,-6.569141864776611,-1.6422854661941528,-4.669269561767578,-1.1673173904418945,20.693950653076172,5.173487663269043,1.7729487419128418,0.44323718547821045,-8.09349250793457,-2.0233731269836426,-1.3869682550430298,-0.34674206376075745,-11.743683815002441,-2.9359209537506104,5.7160749435424805,1.4290187358856201
-2.843949317932129,-0.7109873294830322,-0.27232035994529724,-0.06808008998632431,0.007996253669261932,0.001999063417315483,5.338722229003906,1.3346805572509766,-2.3541293144226074,-0.5885323286056519,-1.0541987419128418,-0.26354968547821045,-2.481931209564209,-0.6204828023910522,-0.29588374495506287,-0.07397093623876572,-0.4280640482902527,-0.10701601207256317,2.780142307281494,0.6950355768203735,-0.1436992585659027,-0.03592481464147568,0.8951649069786072,0.2237912267446518,0.1856314241886139,0.04640785604715347,-0.3377322852611542,-0.08443307131528854,-2.3393282890319824,-0.5848320722579956,-7.732008457183838,-1.9330021142959595,-25.0421142578125,-6.260528564453125,-1.2289493083953857,-0.30723732709884644,-8.24086856842041,-2.0602171421051025,-0.7857106328010559,-0.19642765820026398,-12.564558029174805,-3.141139507293701,-6.740563869476318,-1.6851409673690796,-5.157323360443115,-1.2893308401107788,20.72353744506836,5.18088436126709,2.024077892303467,0.5060194730758667,-8.010451316833496,-2.002612829208374,-1.1298632621765137,-0.2824658155441284,-11.422995567321777,-2.8557488918304443,5.683691024780273,1.4209227561950684
-2.78057861328125,-0.6951446533203125,-0.24547933042049408,-0.06136983260512352,-0.015810199081897736,-0.003952549770474434,4.9904890060424805,1.2476222515106201,-2.9626235961914062,-0.7406558990478516,-0.9957508444786072,-0.2489377111196518,-2.3019609451293945,-0.5754902362823486,-0.33558133244514465,-0.08389533311128616,-0.6533984541893005,-0.16334961354732513,3.3856067657470703,0.8464016914367676,0.7184631824493408,0.1796157956123352,1.619133472442627,0.40478336811065674,0.12683641910552979,0.031709104776382446,-0.47456851601600647,-0.11864212900400162,-2.5206291675567627,-0.6301572918891907,-7.5860819816589355,-1.8965204954147339,-25.66485595703125,-6.4162139892578125,-1.5012003183364868,-0.3753000795841217,-8.240755081176758,-2.0601887702941895,-0.9239069819450378,-0.23097674548625946,-12.814740180969238,-3.2036850452423096,-6.874851703643799,-1.7187129259109497,-5.508475303649902,-1.3771188259124756,21.000808715820312,5.250202178955078,2.460695743560791,0.6151739358901978,-8.372215270996094,-2.0930538177490234,-1.0551167726516724,-0.2637791931629181,-11.466312408447266,-2.8665781021118164,5.6795806884765625,1.4198951721191406
-2.7808380126953125,-0.6952095031738281,0.06597395986318588,0.01649348996579647,-0.21186073124408722,-0.052965182811021805,4.548035144805908,1.137008786201477,-2.331806182861328,-0.582951545715332,-1.2077956199645996,-0.3019489049911499,-2.341421127319336,-0.585355281829834,-0.40843769907951355,-0.10210942476987839,-0.7331507802009583,-0.18328769505023956,3.797348737716675,0.9493371844291687,0.57989501953125,0.1449737548828125,1.4881844520568848,0.3720461130142212,0.20937561988830566,0.052343904972076416,-0.40570446848869324,-0.10142611712217331,-2.462900161743164,-0.615725040435791,-7.288802146911621,-1.8222005367279053,-25.282520294189453,-6.320630073547363,-0.8350119590759277,-0.20875298976898193,-8.302886962890625,-2.0757217407226562,-2.8440260887145996,-0.7110065221786499,-12.991158485412598,-3.2477896213531494,-6.269349575042725,-1.5673373937606812,-5.399477958679199,-1.3498694896697998,20.741003036499023,5.185250759124756,2.090575933456421,0.5226439833641052,-8.284037590026855,-2.071009397506714,-1.0287013053894043,-0.2571753263473511,-11.61717700958252,-2.90429425239563,5.342225551605225,1.3355563879013062
-2.5492072105407715,-0.6373018026351929,0.4467785656452179,0.11169464141130447,-0.3549739122390747,-0.08874347805976868,4.381360054016113,1.0953400135040283,-1.2728018760681152,-0.3182004690170288,-1.2814850807189941,-0.32037127017974854,-2.661530017852783,-0.6653825044631958,-0.09917780756950378,-0.024794451892375946,-0.6525076627731323,-0.16312691569328308,4.181492328643799,1.0453730821609497,-0.6224586963653564,-0.1556146740913391,0.9791482090950012,0.2447870522737503,0.17392045259475708,0.04348011314868927,-0.1601649522781372,-0.0400412380695343,-2.4700214862823486,-0.6175053715705872,-8.095409393310547,-2.0238523483276367,-25.257328033447266,-6.314332008361816,-1.6069167852401733,-0.40172919631004333,-8.674230575561523,-2.168557643890381,-0.7466861009597778,-0.18667152523994446,-12.687881469726562,-3.1719703674316406,-7.026256561279297,-1.7565641403198242,-5.504937648773193,-1.3762344121932983,20.79304313659668,5.19826078414917,1.7324508428573608,0.4331127107143402,-8.083374977111816,-2.020843744277954,-0.16052688658237457,-0.04013172164559364,-11.366829872131348,-2.841707468032837,5.148232936859131,1.2870582342147827
-2.4577250480651855,-0.6144312620162964,0.7172520756721497,0.17931301891803741,-0.4499315023422241,-0.11248287558555603,3.9904932975769043,0.9976233243942261,0.7080514430999756,0.1770128607749939,-0.8138585686683655,-0.20346464216709137,-2.750037670135498,-0.6875094175338745,0.05422529578208923,0.013556323945522308,-0.539359450340271,-0.13483986258506775,4.610287189483643,1.1525717973709106,-2.1982076168060303,-0.5495519042015076,1.0850297212600708,0.2712574303150177,0.37454259395599365,0.09363564848899841,0.11512836068868637,0.028782090172171593,-2.296980381011963,-0.5742450952529907,-7.646670818328857,-1.9116677045822144,-24.66740608215332,-6.16685152053833,-1.6410706043243408,-0.4102676510810852,-8.70515251159668,-2.17628812789917,-1.3043546676635742,-0.32608866691589355,-12.832996368408203,-3.208249092102051,-6.911982536315918,-1.7279956340789795,-4.809412956237793,-1.2023532390594482,20.556381225585938,5.139095306396484,1.6756848096847534,0.41892120242118835,-8.12345027923584,-2.03086256980896,-0.6383155584335327,-0.15957888960838318,-11.599721908569336,-2.899930477142334,5.491452217102051,1.3728630542755127
-2.316859483718872,-0.579214870929718,0.566752552986145,0.14168813824653625,-0.4050772190093994,-0.10126930475234985,4.039493083953857,1.0098732709884644,1.0168769359588623,0.2542192339897156,-0.5978263020515442,-0.14945657551288605,-2.736208438873291,-0.6840521097183228,0.14394137263298035,0.03598534315824509,-0.435786634683609,-0.10894665867090225,4.373526573181152,1.093381643295288,-2.4161264896392822,-0.6040316224098206,1.011688470840454,0.2529221177101135,0.3340374827384949,0.08350937068462372,-0.0363958403468132,-0.0090989600867033,-2.4309070110321045,-0.6077267527580261,-7.6194748878479,-1.904868721961975,-24.267637252807617,-6.066909313201904,-1.6794936656951904,-0.4198734164237976,-8.685300827026367,-2.171325206756592,-1.025420904159546,-0.2563552260398865,-12.479475021362305,-3.119868755340576,-7.165772914886475,-1.7914432287216187,-4.88238000869751,-1.2205950021743774,20.753122329711914,5.1882805824279785,1.5853720903396606,0.39634302258491516,-8.268335342407227,-2.0670838356018066,-0.9537881016731262,-0.23844702541828156,-11.586318969726562,-2.8965797424316406,5.8504157066345215,1.4626039266586304
-2.4750277996063232,-0.6187569499015808,0.7191846966743469,0.17979617416858673,-0.36503809690475464,-0.09125952422618866,4.238828182220459,1.0597070455551147,0.9952532052993774,0.24881330132484436,-0.35625988245010376,-0.08906497061252594,-2.8164379596710205,-0.7041094899177551,-0.12099578976631165,-0.03024894744157791,-0.38466405868530273,-0.09616601467132568,4.233911514282227,1.0584778785705566,-2.116955280303955,-0.5292388200759888,0.8544936180114746,0.21362340450286865,0.3649141192436218,0.09122852981090546,0.17696958780288696,0.04424239695072174,-2.362905263900757,-0.5907263159751892,-7.620427131652832,-1.905106782913208,-24.22256088256836,-6.05564022064209,-1.5574061870574951,-0.3893515467643738,-8.70138168334961,-2.1753454208374023,-1.1531662940979004,-0.2882915735244751,-12.591778755187988,-3.147944688796997,-6.9775495529174805,-1.7443873882293701,-4.715285301208496,-1.178821325302124,20.980777740478516,5.245194435119629,1.5741641521453857,0.39354103803634644,-8.201642036437988,-2.050410509109497,-1.1589186191558838,-0.28972965478897095,-11.813563346862793,-2.9533908367156982,5.848650932312012,1.462162733078003
-2.5154623985290527,-0.6288655996322632,0.7905411124229431,0.19763527810573578,-0.3517530560493469,-0.08793826401233673,4.501141548156738,1.1252853870391846,0.5661703944206238,0.14154259860515594,-0.29186728596687317,-0.07296682149171829,-2.83939266204834,-0.709848165512085,-0.2799430191516876,-0.0699857547879219,-0.31750360131263733,-0.07937590032815933,3.9157466888427734,0.9789366722106934,-1.670774221420288,-0.417693555355072,0.8150094151496887,0.20375235378742218,0.3093591332435608,0.0773397833108902,0.08215039223432541,0.020537598058581352,-2.2863783836364746,-0.5715945959091187,-7.418048858642578,-1.8545122146606445,-24.212448120117188,-6.053112030029297,-1.451367735862732,-0.362841933965683,-8.455273628234863,-2.113818407058716,-1.069547414779663,-0.26738685369491577,-12.48302936553955,-3.1207573413848877,-6.769334316253662,-1.6923335790634155,-4.679739475250244,-1.169934868812561,20.93770408630371,5.234426021575928,1.6872581243515015,0.42181453108787537,-8.188263893127441,-2.0470659732818604,-1.379146933555603,-0.34478673338890076,-11.895088195800781,-2.9737720489501953,5.8536763191223145,1.4634190797805786
-2.6495399475097656,-0.6623849868774414,0.28150320053100586,0.07037580013275146,-0.23825828731060028,-0.05956457182765007,4.797105312347412,1.199276328086853,-0.18411527574062347,-0.04602881893515587,-0.5480408072471619,-0.13701020181179047,-2.779721736907959,-0.6949304342269897,-0.20072346925735474,-0.050180867314338684,-0.3055909276008606,-0.07639773190021515,3.496999979019165,0.8742499947547913,-1.3790440559387207,-0.3447610139846802,0.8362531065940857,0.20906327664852142,0.23757219314575195,0.05939304828643799,-0.054388172924518585,-0.013597043231129646,-2.2198092937469482,-0.5549523234367371,-7.541086196899414,-1.8852715492248535,-24.4814395904541,-6.120359897613525,-1.3897868394851685,-0.3474467098712921,-8.32087230682373,-2.0802180767059326,-1.118218183517456,-0.279554545879364,-12.498006820678711,-3.1245017051696777,-6.615122318267822,-1.6537805795669556,-4.753410816192627,-1.1883527040481567,20.716054916381836,5.179013729095459,1.827178955078125,0.45679473876953125,-8.063919067382812,-2.015979766845703,-1.3859745264053345,-0.3464936316013336,-11.73128890991211,-2.9328222274780273,5.710415840148926,1.4276039600372314
-2.823953628540039,-0.7059884071350098,-0.3136753737926483,-0.07841884344816208,0.0054290518164634705,0.0013572629541158676,5.3561296463012695,1.3390324115753174,-2.1350057125091553,-0.5337514281272888,-1.033982276916504,-0.258495569229126,-2.524904251098633,-0.6312260627746582,-0.2216767966747284,-0.0554191991686821,-0.3967258036136627,-0.09918145090341568,2.7575175762176514,0.6893793940544128,-0.22700032591819763,-0.05675008147954941,0.8955352902412415,0.22388382256031036,0.17147952318191528,0.04286988079547882,-0.41479578614234924,-0.10369894653558731,-2.3135077953338623,-0.5783769488334656,-7.6508612632751465,-1.9127153158187866,-24.78457260131836,-6.19614315032959,-1.2524205446243286,-0.31310513615608215,-8.197572708129883,-2.0493931770324707,-0.715095043182373,-0.17877376079559326,-12.472359657287598,-3.1180899143218994,-6.7921247482299805,-1.6980311870574951,-5.138885021209717,-1.2847212553024292,20.619121551513672,5.154780387878418,1.9558942317962646,0.48897355794906616,-7.95176362991333,-1.9879409074783325,-1.224126935005188,-0.306031733751297,-11.409921646118164,-2.852480411529541,5.638144016265869,1.4095360040664673
-2.677246570587158,-0.6693116426467896,-0.16924698650836945,-0.04231174662709236,-0.03430327773094177,-0.008575819432735443,4.925726890563965,1.2314317226409912,-3.0692617893218994,-0.7673154473304749,-0.9651928544044495,-0.24129821360111237,-2.4168593883514404,-0.6042148470878601,-0.28417888283729553,-0.07104472070932388,-0.6326635479927063,-0.15816588699817657,3.264331102371216,0.816082775592804,0.6222718358039856,0.1555679589509964,1.589343786239624,0.397335946559906,0.14510512351989746,0.036276280879974365,-0.4253997802734375,-0.10634994506835938,-2.5850141048431396,-0.6462535262107849,-7.62616491317749,-1.9065412282943726,-25.66151237487793,-6.415378093719482,-1.4724178314208984,-0.3681044578552246,-8.28437614440918,-2.071094036102295,-0.8945847153663635,-0.22364617884159088,-12.75302505493164,-3.18825626373291,-6.834365367889404,-1.708591341972351,-5.572531700134277,-1.3931329250335693,21.154788970947266,5.288697242736816,2.5095157623291016,0.6273789405822754,-8.427290916442871,-2.1068227291107178,-1.087700605392456,-0.271925151348114,-11.428543090820312,-2.857135772705078,5.6638360023498535,1.4159590005874634
-2.746932029724121,-0.6867330074310303,0.1225493997335434,0.03063734993338585,-0.21173961460590363,-0.052934903651475906,4.7084245681762695,1.1771061420440674,-2.3228862285614014,-0.5807215571403503,-1.263213038444519,-0.31580325961112976,-2.3836419582366943,-0.5959104895591736,-0.38045617938041687,-0.09511404484510422,-0.6727291941642761,-0.16818229854106903,3.673013210296631,0.9182533025741577,0.3990142047405243,0.09975355118513107,1.188659429550171,0.2971648573875427,0.14591965079307556,0.03647991269826889,-0.29587483406066895,-0.07396870851516724,-2.4853458404541016,-0.6213364601135254,-7.91015625,-1.9775390625,-25.14023780822754,-6.285059452056885,-1.4691778421401978,-0.36729446053504944,-8.506353378295898,-2.1265883445739746,-0.8997944593429565,-0.22494861483573914,-12.62039566040039,-3.1550989151000977,-6.980305194854736,-1.745076298713684,-5.624087810516357,-1.4060219526290894,20.99245834350586,5.248114585876465,2.010058879852295,0.5025147199630737,-8.09044075012207,-2.0226101875305176,-0.5583633780479431,-0.13959084451198578,-11.366815567016602,-2.8417038917541504,5.309411525726318,1.3273528814315796
-2.652639389038086,-0.6631598472595215,0.2001013606786728,0.0500253401696682,-0.28332340717315674,-0.07083085179328918,4.547418594360352,1.136854648590088,-1.6850563287734985,-0.42126408219337463,-1.3013461828231812,-0.3253365457057953,-2.477099895477295,-0.6192749738693237,-0.07939159870147705,-0.019847899675369263,-0.6494780778884888,-0.1623695194721222,3.942314624786377,0.9855786561965942,-0.32409489154815674,-0.08102372288703918,0.9605157375335693,0.24012893438339233,0.2061954140663147,0.051548853516578674,-0.29179665446281433,-0.07294916361570358,-2.4534876346588135,-0.6133719086647034,-7.986686706542969,-1.9966716766357422,-24.97856330871582,-6.244640827178955,-1.4521870613098145,-0.3630467653274536,-8.544391632080078,-2.1360979080200195,-0.9072766900062561,-0.22681917250156403,-12.68710994720459,-3.1717774868011475,-7.026108264923096,-1.756527066230774,-5.475846767425537,-1.3689616918563843,20.695472717285156,5.173868179321289,1.8810920715332031,0.4702730178833008,-7.969959735870361,-1.9924899339675903,-0.4078528881072998,-0.10196322202682495,-11.334492683410645,-2.833623170852661,5.205462455749512,1.301365613937378
-2.488281011581421,-0.6220702528953552,0.5005666613578796,0.1251416653394699,-0.4525201916694641,-0.11313004791736603,3.9353442192077637,0.9838360548019409,0.46409744024276733,0.11602436006069183,-1.014877438545227,-0.25371935963630676,-2.7099552154541016,-0.6774888038635254,0.11298930644989014,0.028247326612472534,-0.585369884967804,-0.146342471241951,4.517458915710449,1.1293647289276123,-2.1198134422302246,-0.5299533605575562,1.1106970310211182,0.27767425775527954,0.43606889247894287,0.10901722311973572,0.06352626532316208,0.01588156633079052,-2.3021652698516846,-0.5755413174629211,-7.023102283477783,-1.7557755708694458,-24.597412109375,-6.14935302734375,-1.2422174215316772,-0.3105543553829193,-8.555535316467285,-2.1388838291168213,-2.9636149406433105,-0.7409037351608276,-13.259207725524902,-3.3148019313812256,-6.3485260009765625,-1.5871315002441406,-4.932011127471924,-1.233002781867981,20.403100967407227,5.100775241851807,1.8390684127807617,0.45976710319519043,-8.173805236816406,-2.0434513092041016,-0.863828718662262,-0.2159571796655655,-11.597343444824219,-2.8993358612060547,5.217188835144043,1.3042972087860107
-2.3010411262512207,-0.5752602815628052,0.6120935082435608,0.1530233770608902,-0.42575162649154663,-0.10643790662288666,3.9998579025268555,0.9999644756317139,1.2489776611328125,0.3122444152832031,-0.765174925327301,-0.19129373133182526,-2.769167900085449,-0.6922919750213623,0.18180477619171143,0.045451194047927856,-0.4587498903274536,-0.1146874725818634,4.5213189125061035,1.1303297281265259,-2.3896453380584717,-0.5974113345146179,0.9354375004768372,0.2338593751192093,0.3361557722091675,0.08403894305229187,0.17317834496498108,0.04329458624124527,-2.4795942306518555,-0.6198985576629639,-7.640776634216309,-1.9101941585540771,-24.188589096069336,-6.047147274017334,-1.8804600238800049,-0.4701150059700012,-8.83850383758545,-2.2096259593963623,-0.8364148139953613,-0.20910370349884033,-12.55723762512207,-3.1393094062805176,-7.241483688354492,-1.810370922088623,-5.153111934661865,-1.2882779836654663,20.7932186126709,5.198304653167725,1.5285778045654297,0.3821444511413574,-8.270981788635254,-2.0677454471588135,-0.7490588426589966,-0.18726471066474915,-11.524852752685547,-2.8812131881713867,5.708151340484619,1.4270378351211548
-2.3528425693511963,-0.5882106423377991,0.8638375401496887,0.21595938503742218,-0.4129171371459961,-0.10322928428649902,4.264760971069336,1.066190242767334,1.1073075532913208,0.2768268883228302,-0.2904793918132782,-0.07261984795331955,-2.8085856437683105,-0.7021464109420776,-0.12293297052383423,-0.030733242630958557,-0.39224618673324585,-0.09806154668331146,4.148067474365234,1.0370168685913086,-2.060896396636963,-0.5152240991592407,0.8750315308570862,0.21875788271427155,0.3147209882736206,0.07868024706840515,0.07552652806043625,0.018881632015109062,-2.392382860183716,-0.598095715045929,-7.704335689544678,-1.9260839223861694,-24.235036849975586,-6.0587592124938965,-1.4332642555236816,-0.3583160638809204,-8.6357421875,-2.158935546875,-1.1167118549346924,-0.2791779637336731,-12.397547721862793,-3.0993869304656982,-6.932215213775635,-1.7330538034439087,-4.48408842086792,-1.12102210521698,20.919864654541016,5.229966163635254,1.6232719421386719,0.40581798553466797,-8.235689163208008,-2.058922290802002,-1.3113304376602173,-0.3278326094150543,-11.943367004394531,-2.985841751098633,6.0094313621521,1.502357840538025
-2.590984582901001,-0.6477461457252502,0.6651061773300171,0.16627654433250427,-0.3411402106285095,-0.08528505265712738,4.4450178146362305,1.1112544536590576,0.6885131597518921,0.17212828993797302,-0.2934176027774811,-0.07335440069437027,-2.7895734310150146,-0.6973933577537537,-0.20217496156692505,-0.05054374039173126,-0.3408118486404419,-0.08520296216011047,4.040866851806641,1.0102167129516602,-1.87863290309906,-0.469658225774765,0.859306275844574,0.2148265689611435,0.3293764591217041,0.08234411478042603,0.07996778935194016,0.01999194733798504,-2.296957492828369,-0.5742393732070923,-7.563238620758057,-1.8908096551895142,-24.384376525878906,-6.096094131469727,-1.4858125448226929,-0.3714531362056732,-8.516169548034668,-2.129042387008667,-1.1321203708648682,-0.28303009271621704,-12.534674644470215,-3.1336686611175537,-6.885647773742676,-1.721411943435669,-4.687910556793213,-1.1719776391983032,21.018402099609375,5.254600524902344,1.6956150531768799,0.42390376329421997,-8.174878120422363,-2.043719530105591,-1.3156477212905884,-0.3289119303226471,-11.827704429626465,-2.956926107406616,5.841106414794922,1.4602766036987305
-2.5814783573150635,-0.6453695893287659,0.41482648253440857,0.10370662063360214,-0.2917127311229706,-0.07292818278074265,4.611673355102539,1.1529183387756348,0.08611525595188141,0.021528813987970352,-0.5003445148468018,-0.12508612871170044,-2.781966209411621,-0.6954915523529053,-0.15758860111236572,-0.03939715027809143,-0.33475857973098755,-0.08368964493274689,3.6204774379730225,0.9051193594932556,-1.5464866161346436,-0.3866216540336609,0.9193370342254639,0.22983425855636597,0.2641368806362152,0.0660342201590538,-0.061316557228565216,-0.015329139307141304,-2.2034289836883545,-0.5508572459220886,-7.497767925262451,-1.8744419813156128,-24.36979103088379,-6.092447757720947,-1.3132643699645996,-0.3283160924911499,-8.289416313171387,-2.0723540782928467,-1.234365463256836,-0.308591365814209,-12.50532054901123,-3.1263301372528076,-6.342108249664307,-1.5855270624160767,-4.71540641784668,-1.17885160446167,20.836843490600586,5.2092108726501465,1.8843350410461426,0.47108376026153564,-8.134982109069824,-2.033745527267456,-1.4303325414657593,-0.3575831353664398,-11.635111808776855,-2.908777952194214,5.674659729003906,1.4186649322509766
-2.7462732791900635,-0.6865683197975159,-0.05641642212867737,-0.014104105532169342,-0.12323496490716934,-0.030808741226792336,5.058440685272217,1.2646101713180542,-1.2379409074783325,-0.30948522686958313,-0.8706870079040527,-0.21767175197601318,-2.603224277496338,-0.6508060693740845,-0.24902859330177307,-0.06225714832544327,-0.39332786202430725,-0.09833196550607681,3.087869167327881,0.7719672918319702,-0.6071252822875977,-0.15178132057189941,0.9822260141372681,0.24555650353431702,0.2554659843444824,0.0638664960861206,-0.2832443416118622,-0.07081108540296555,-2.2609496116638184,-0.5652374029159546,-7.2121357917785645,-1.8030339479446411,-24.670818328857422,-6.1677045822143555,-0.8034366369247437,-0.2008591592311859,-8.140530586242676,-2.035132646560669,-2.3668978214263916,-0.5917244553565979,-12.928350448608398,-3.2320876121520996,-6.085489749908447,-1.5213724374771118,-4.841650009155273,-1.2104125022888184,20.62505340576172,5.15626335144043,1.934564471244812,0.483641117811203,-8.07396411895752,-2.01849102973938,-1.5232709646224976,-0.3808177411556244,-11.673325538635254,-2.9183313846588135,5.563164710998535,1.3907911777496338
-2.6900880336761475,-0.6725220084190369,-0.07876793295145035,-0.019691983237862587,-0.05473931133747101,-0.013684827834367752,5.058896541595459,1.2647241353988647,-3.0876197814941406,-0.7719049453735352,-1.0435843467712402,-0.26089608669281006,-2.4790945053100586,-0.6197736263275146,-0.32423654198646545,-0.08105913549661636,-0.5685765743255615,-0.14214414358139038,3.018968105316162,0.7547420263290405,0.6300047039985657,0.15750117599964142,1.0634812116622925,0.2658703029155731,0.058697886765003204,0.014674471691250801,-0.3713931143283844,-0.0928482785820961,-2.4956002235412598,-0.6239000558853149,-7.898115158081055,-1.9745287895202637,-25.240909576416016,-6.310227394104004,-1.3689533472061157,-0.34223833680152893,-8.426604270935059,-2.1066510677337646,-0.46435651183128357,-0.11608912795782089,-12.46520709991455,-3.1163017749786377,-6.917479515075684,-1.729369878768921,-5.313534736633301,-1.3283836841583252,20.937808990478516,5.234452247619629,2.1498944759368896,0.5374736189842224,-8.149726867675781,-2.0374317169189453,-1.0124998092651367,-0.2531249523162842,-11.293725967407227,-2.8234314918518066,5.618617534637451,1.4046543836593628
-2.7550196647644043,-0.6887549161911011,0.04165832698345184,0.01041458174586296,-0.13434229791164398,-0.033585574477910995,4.799245834350586,1.1998114585876465,-2.5972328186035156,-0.6493082046508789,-1.0879725217819214,-0.27199313044548035,-2.3027729988098145,-0.5756932497024536,-0.4769326448440552,-0.1192331612110138,-0.6968992352485657,-0.17422480881214142,3.6182563304901123,0.9045640826225281,0.7236231565475464,0.1809057891368866,1.4323073625564575,0.3580768406391144,0.13954156637191772,0.03488539159297943,-0.3757416009902954,-0.09393540024757385,-2.508373975753784,-0.627093493938446,-7.925546169281006,-1.9813865423202515,-25.473060607910156,-6.368265151977539,-1.517052173614502,-0.3792630434036255,-8.40265941619873,-2.1006648540496826,-0.8990173935890198,-0.22475434839725494,-12.769548416137695,-3.192387104034424,-6.892225742340088,-1.723056435585022,-5.565961837768555,-1.3914904594421387,21.20623779296875,5.3015594482421875,2.2841246128082275,0.5710311532020569,-8.21120548248291,-2.0528013706207275,-0.6898992657661438,-0.17247481644153595,-11.433353424072266,-2.8583383560180664,5.408383369445801,1.3520958423614502
-2.6374645233154297,-0.6593661308288574,0.21143873035907745,0.05285968258976936,-0.30191314220428467,-0.07547828555107117,4.535586833953857,1.1338967084884644,-1.8059108257293701,-0.45147770643234253,-1.2594681978225708,-0.3148670494556427,-2.480769634246826,-0.6201924085617065,-0.22147592902183533,-0.05536898225545883,-0.6309695243835449,-0.15774238109588623,3.9298253059387207,0.9824563264846802,-0.07094554603099823,-0.017736386507749557,1.0769493579864502,0.26923733949661255,0.19953158497810364,0.04988289624452591,-0.3330062925815582,-0.08325157314538956,-2.4417340755462646,-0.6104335188865662,-8.020644187927246,-2.0051610469818115,-25.222423553466797,-6.305605888366699,-1.4883517026901245,-0.37208792567253113,-8.57630729675293,-2.1440768241882324,-0.9007081985473633,-0.22517704963684082,-12.710893630981445,-3.1777234077453613,-6.9326701164245605,-1.7331675291061401,-5.541667461395264,-1.385416865348816,20.84095573425293,5.210238933563232,1.9332611560821533,0.48331528902053833,-8.007758140563965,-2.001939535140991,-0.42002421617507935,-0.10500605404376984,-11.32429027557373,-2.8310725688934326,5.143631458282471,1.2859078645706177
-2.4160125255584717,-0.6040031313896179,0.5709116458892822,0.14272791147232056,-0.46264737844467163,-0.11566184461116791,4.122760772705078,1.0306901931762695,0.13206081092357635,0.03301520273089409,-1.062955379486084,-0.265738844871521,-2.7453765869140625,-0.6863441467285156,0.10188446938991547,0.025471117347478867,-0.6278601288795471,-0.15696503221988678,4.426451683044434,1.1066129207611084,-1.808783769607544,-0.452195942401886,0.9131041765213013,0.22827604413032532,0.31448400020599365,0.07862100005149841,0.06020569056272507,0.015051422640681267,-2.3750994205474854,-0.5937748551368713,-7.854154586791992,-1.963538646697998,-24.87329864501953,-6.218324661254883,-1.6644350290298462,-0.41610875725746155,-8.809813499450684,-2.202453374862671,-1.0995714664459229,-0.2748928666114807,-12.861536979675293,-3.2153842449188232,-6.823335647583008,-1.705833911895752,-5.1487226486206055,-1.2871806621551514,20.621538162231445,5.155384540557861,1.839348316192627,0.45983707904815674,-8.024580955505371,-2.0061452388763428,-0.5775688290596008,-0.1443922072649002,-11.460457801818848,-2.865114450454712,5.2181501388549805,1.3045375347137451
-2.3947675228118896,-0.5986918807029724,0.5945038795471191,0.14862596988677979,-0.4338715672492981,-0.10846789181232452,4.065134048461914,1.0162835121154785,1.5576694011688232,0.3894173502922058,-0.6900513172149658,-0.17251282930374146,-2.758131742477417,-0.6895329356193542,0.1580500304698944,0.0395125076174736,-0.49908047914505005,-0.12477011978626251,4.5550031661987305,1.1387507915496826,-2.353746175765991,-0.5884365439414978,1.023209571838379,0.2558023929595947,0.3595121502876282,0.08987803757190704,0.16881290078163147,0.04220322519540787,-2.4293644428253174,-0.6073411107063293,-7.769206523895264,-1.942301630973816,-24.596323013305664,-6.149080753326416,-1.7529574632644653,-0.43823936581611633,-8.761600494384766,-2.1904001235961914,-1.108755350112915,-0.27718883752822876,-12.679906845092773,-3.1699767112731934,-7.061954975128174,-1.7654887437820435,-4.924860000610352,-1.231215000152588,20.875925064086914,5.2189812660217285,1.6468461751937866,0.41171154379844666,-8.284282684326172,-2.071070671081543,-0.8563334345817566,-0.21408335864543915,-11.619942665100098,-2.9049856662750244,5.652874946594238,1.4132187366485596
-2.267845869064331,-0.5669614672660828,0.7357102036476135,0.18392755091190338,-0.3668479323387146,-0.09171198308467865,4.244875907897949,1.0612189769744873,1.059186339378357,0.26479658484458923,-0.32541507482528687,-0.08135376870632172,-2.7810797691345215,-0.6952699422836304,-0.03756505250930786,-0.009391263127326965,-0.40232735872268677,-0.10058183968067169,4.100794315338135,1.0251985788345337,-2.204658031463623,-0.5511645078659058,0.9239291548728943,0.23098228871822357,0.3228911757469177,0.08072279393672943,0.0010138079524040222,0.00025345198810100555,-2.435389280319214,-0.6088473200798035,-7.7533769607543945,-1.9383442401885986,-24.366186141967773,-6.091546535491943,-1.4990490674972534,-0.37476226687431335,-8.616657257080078,-2.1541643142700195,-1.0451068878173828,-0.2612767219543457,-12.349069595336914,-3.0872673988342285,-7.033684253692627,-1.7584210634231567,-4.5517354011535645,-1.1379338502883911,20.83660316467285,5.209150791168213,1.6288790702819824,0.4072197675704956,-8.222551345825195,-2.055637836456299,-1.3042691946029663,-0.3260672986507416,-11.841950416564941,-2.9604876041412354,5.970762729644775,1.4926906824111938
-2.6377389430999756,-0.6594347357749939,0.6429171562194824,0.1607292890548706,-0.33446431159973145,-0.08361607789993286,4.454449653625488,1.113612413406372,0.668528139591217,0.16713203489780426,-0.2387922704219818,-0.05969806760549545,-2.790771722793579,-0.6976929306983948,-0.17988649010658264,-0.04497162252664566,-0.3692464232444763,-0.09231160581111908,4.060992240905762,1.0152480602264404,-1.866882562637329,-0.4667206406593323,0.8370410799980164,0.2092602699995041,0.3283018469810486,0.08207546174526215,0.1611032485961914,0.04027581214904785,-2.33708119392395,-0.5842702984809875,-7.671963691711426,-1.9179909229278564,-24.537904739379883,-6.134476184844971,-1.5001461505889893,-0.3750365376472473,-8.576199531555176,-2.144049882888794,-1.141355276107788,-0.285338819026947,-12.569433212280273,-3.1423583030700684,-6.872072696685791,-1.7180181741714478,-4.677680969238281,-1.1694202423095703,21.157209396362305,5.289302349090576,1.7382698059082031,0.4345674514770508,-8.182476997375488,-2.045619249343872,-1.3039754629135132,-0.3259938657283783,-11.828097343444824,-2.957024335861206,5.835703372955322,1.4589258432388306
-2.612865924835205,-0.6532164812088013,0.35366272926330566,0.08841568231582642,-0.2827669680118561,-0.07069174200296402,4.720187664031982,1.1800469160079956,-0.18843258917331696,-0.04710814729332924,-0.5302289724349976,-0.1325572431087494,-2.743407726287842,-0.6858519315719604,-0.184617817401886,-0.0461544543504715,-0.3359472155570984,-0.0839868038892746,3.5247232913970947,0.8811808228492737,-1.3707526922225952,-0.3426881730556488,0.8767296075820923,0.21918240189552307,0.2492419183254242,0.06231047958135605,-0.13449600338935852,-0.03362400084733963,-2.240424871444702,-0.5601062178611755,-7.518671035766602,-1.8796677589416504,-24.611732482910156,-6.152933120727539,-1.2647515535354614,-0.31618788838386536,-8.18945026397705,-2.0473625659942627,-1.1811552047729492,-0.2952888011932373,-12.500733375549316,-3.125183343887329,-6.358582973480225,-1.5896457433700562,-4.779064655303955,-1.1947661638259888,20.964481353759766,5.241120338439941,1.917633056640625,0.47940826416015625,-8.179228782653809,-2.044807195663452,-1.4107577800750732,-0.3526894450187683,-11.657838821411133,-2.914459705352783,5.693888187408447,1.4234720468521118
-2.7910947799682617,-0.6977736949920654,-0.1825060099363327,-0.045626502484083176,-0.03335291147232056,-0.00833822786808014,5.333400726318359,1.3333501815795898,-1.9261722564697266,-0.48154306411743164,-0.9302889704704285,-0.23257224261760712,-2.5727124214172363,-0.6431781053543091,-0.3065893352031708,-0.0766473338007927,-0.39179709553718567,-0.09794927388429642,2.8575756549835205,0.7143939137458801,-0.30269092321395874,-0.07567273080348969,0.8571886420249939,0.21429716050624847,0.18719753623008728,0.04679938405752182,-0.33352068066596985,-0.08338017016649246,-2.332528591156006,-0.5831321477890015,-7.860349655151367,-1.9650874137878418,-24.97414207458496,-6.24353551864624,-1.2560793161392212,-0.3140198290348053,-8.378993034362793,-2.0947482585906982,-0.7286471128463745,-0.18216177821159363,-12.597217559814453,-3.1493043899536133,-6.79457426071167,-1.6986435651779175,-5.068507194519043,-1.2671267986297607,20.85489273071289,5.213723182678223,1.9251165390014648,0.4812791347503662,-7.975125789642334,-1.9937814474105835,-1.1772733926773071,-0.2943183481693268,-11.407251358032227,-2.8518128395080566,5.638686656951904,1.409671664237976
-2.7617433071136475,-0.6904358267784119,-0.058754682540893555,-0.014688670635223389,-0.11190234124660492,-0.02797558531165123,4.872138500213623,1.2180346250534058,-3.1179585456848145,-0.7794896364212036,-0.8973648548126221,-0.22434121370315552,-2.4086132049560547,-0.6021533012390137,-0.3521876037120819,-0.08804690092802048,-0.6283079981803894,-0.15707699954509735,3.3425216674804688,0.8356304168701172,1.20292067527771,0.3007301688194275,1.5226659774780273,0.38066649436950684,0.10169167071580887,0.025422917678952217,-0.38477304577827454,-0.09619326144456863,-2.530808448791504,-0.632702112197876,-7.824993133544922,-1.9562482833862305,-25.577436447143555,-6.394359111785889,-1.4075340032577515,-0.35188350081443787,-8.44526195526123,-2.1113154888153076,-0.8512701988220215,-0.21281754970550537,-12.819314002990723,-3.2048285007476807,-6.729542255401611,-1.6823855638504028,-5.371524810791016,-1.342881202697754,21.127805709838867,5.281951427459717,2.4317243099212646,0.6079310774803162,-8.277619361877441,-2.0694048404693604,-1.1103898286819458,-0.27759745717048645,-11.531604766845703,-2.882901191711426,5.698193550109863,1.4245483875274658
-2.776721477508545,-0.6941803693771362,0.12539905309677124,0.03134976327419281,-0.19182655215263367,-0.04795663803815842,4.721100330352783,1.1802750825881958,-2.3257856369018555,-0.5814464092254639,-1.2839442491531372,-0.3209860622882843,-2.330219268798828,-0.582554817199707,-0.4201657474040985,-0.10504143685102463,-0.6833166480064392,-0.1708291620016098,3.749962091445923,0.9374905228614807,0.26469701528549194,0.06617425382137299,1.2770869731903076,0.3192717432975769,0.1685498058795929,0.042137451469898224,-0.31476646661758423,-0.07869161665439606,-2.5173561573028564,-0.6293390393257141,-8.016159057617188,-2.004039764404297,-25.459850311279297,-6.364962577819824,-1.4636452198028564,-0.3659113049507141,-8.42614459991455,-2.1065361499786377,-0.9215556979179382,-0.23038892447948456,-12.670305252075195,-3.167576313018799,-7.015039920806885,-1.7537599802017212,-5.625516891479492,-1.406379222869873,21.170202255249023,5.292550563812256,2.085493803024292,0.521373450756073,-8.169957160949707,-2.0424892902374268,-0.5128795504570007,-0.12821988761425018,-11.40750503540039,-2.8518762588500977,5.406014919281006,1.3515037298202515
-2.586315155029297,-0.6465787887573242,0.30030420422554016,0.07507605105638504,-0.3460940718650818,-0.08652351796627045,4.459892272949219,1.1149730682373047,-1.2620803117752075,-0.3155200779438019,-1.268852949142456,-0.317213237285614,-2.546319007873535,-0.6365797519683838,-0.05932646989822388,-0.01483161747455597,-0.6314148306846619,-0.15785370767116547,4.081148147583008,1.020287036895752,-0.6153682470321655,-0.15384206175804138,1.0064988136291504,0.2516247034072876,0.22978323698043823,0.05744580924510956,-0.25230491161346436,-0.06307622790336609,-2.4179017543792725,-0.6044754385948181,-8.00440502166748,-2.00110125541687,-25.060256958007812,-6.265064239501953,-1.5247178077697754,-0.38117945194244385,-8.68688678741455,-2.1717216968536377,-0.9365814924240112,-0.2341453731060028,-12.836132049560547,-3.2090330123901367,-6.943191051483154,-1.7357977628707886,-5.420407295227051,-1.3551018238067627,20.702640533447266,5.175660133361816,1.894491195678711,0.47362279891967773,-7.961320400238037,-1.9903301000595093,-0.4278563857078552,-0.1069640964269638,-11.314261436462402,-2.8285653591156006,5.132340908050537,1.2830852270126343
-2.44209623336792,-0.61052405834198,0.6221504211425781,0.15553760528564453,-0.43605124950408936,-0.10901281237602234,4.046229839324951,1.0115574598312378,0.697019100189209,0.17425477504730225,-0.9103540778160095,-0.22758851945400238,-2.6909449100494385,-0.6727362275123596,0.12673525512218475,0.03168381378054619,-0.5951389670372009,-0.14878474175930023,4.592776298522949,1.1481940746307373,-2.2434897422790527,-0.5608724355697632,1.0610406398773193,0.26526015996932983,0.37348315119743347,0.09337078779935837,0.16249492764472961,0.040623731911182404,-2.4042325019836426,-0.6010581254959106,-7.764868259429932,-1.941217064857483,-24.728328704833984,-6.182082176208496,-1.7593024969100952,-0.4398256242275238,-8.802677154541016,-2.200669288635254,-1.193481683731079,-0.2983704209327698,-12.906976699829102,-3.2267441749572754,-6.9309821128845215,-1.7327455282211304,-4.967046737670898,-1.2417616844177246,20.644041061401367,5.161010265350342,1.7950849533081055,0.44877123832702637,-8.026885032653809,-2.006721258163452,-0.5571036338806152,-0.1392759084701538,-11.434808731079102,-2.8587021827697754,5.380617141723633,1.3451542854309082
-2.3541388511657715,-0.5885347127914429,0.7717727422714233,0.19294318556785583,-0.4338948726654053,-0.10847371816635132,4.170541763305664,1.042635440826416,1.3149707317352295,0.3287426829338074,-0.37887972593307495,-0.09471993148326874,-2.7975616455078125,-0.6993904113769531,0.04522061347961426,0.011305153369903564,-0.44665440917015076,-0.11166360229253769,4.354091644287109,1.0885229110717773,-2.2071282863616943,-0.5517820715904236,0.8730826377868652,0.2182706594467163,0.3106177747249603,0.07765444368124008,0.12073080986738205,0.030182702466845512,-2.4122087955474854,-0.6030521988868713,-7.775904178619385,-1.9439760446548462,-24.466880798339844,-6.116720199584961,-1.6414600610733032,-0.4103650152683258,-8.718990325927734,-2.1797475814819336,-1.0052402019500732,-0.2513100504875183,-12.486225128173828,-3.121556282043457,-7.04808235168457,-1.7620205879211426,-4.716101169586182,-1.1790252923965454,20.94590950012207,5.236477375030518,1.6078795194625854,0.40196987986564636,-8.268519401550293,-2.0671298503875732,-1.057565450668335,-0.26439136266708374,-11.754429817199707,-2.9386074542999268,5.851637363433838,1.4629093408584595
-2.484434127807617,-0.6211085319519043,0.668135404586792,0.167033851146698,-0.3510723114013672,-0.0877680778503418,4.334619998931885,1.0836549997329712,0.8961653113365173,0.22404132783412933,-0.26940858364105225,-0.06735214591026306,-2.786259174346924,-0.696564793586731,-0.1018407940864563,-0.025460198521614075,-0.3773603141307831,-0.09434007853269577,4.130544185638428,1.032636046409607,-2.1564881801605225,-0.5391220450401306,0.8795629143714905,0.21989072859287262,0.3554719388484955,0.08886798471212387,0.07857414335012436,0.01964353583753109,-2.3814761638641357,-0.5953690409660339,-7.666026592254639,-1.9165066480636597,-24.437774658203125,-6.109443664550781,-1.550542950630188,-0.387635737657547,-8.596868515014648,-2.149217128753662,-1.115828037261963,-0.2789570093154907,-12.51468563079834,-3.128671407699585,-6.996490955352783,-1.7491227388381958,-4.684959888458252,-1.171239972114563,21.072772979736328,5.268193244934082,1.677154779434204,0.419288694858551,-8.195771217346191,-2.048942804336548,-1.2539666891098022,-0.31349167227745056,-11.811573028564453,-2.9528932571411133,5.864048480987549,1.4660121202468872
-2.54425311088562,-0.636063277721405,0.5856196284294128,0.1464049071073532,-0.3220791220664978,-0.08051978051662445,4.46756649017334,1.116891622543335,0.49217239022254944,0.12304309755563736,-0.3027555048465729,-0.07568887621164322,-2.767674446105957,-0.6919186115264893,-0.1448747217655182,-0.03621868044137955,-0.3679339289665222,-0.09198348224163055,3.931997299194336,0.982999324798584,-1.783930778503418,-0.4459826946258545,0.8423793315887451,0.21059483289718628,0.31557562947273254,0.07889390736818314,0.09697970002889633,0.024244925007224083,-2.319910764694214,-0.5799776911735535,-7.592398166656494,-1.8980995416641235,-24.38928985595703,-6.097322463989258,-1.5386170148849487,-0.3846542537212372,-8.522879600524902,-2.1307199001312256,-1.0564844608306885,-0.2641211152076721,-12.55063533782959,-3.1376588344573975,-6.845924377441406,-1.7114810943603516,-4.745835304260254,-1.1864588260650635,21.019222259521484,5.254805564880371,1.800966739654541,0.45024168491363525,-8.14271068572998,-2.035677671432495,-1.357373595237732,-0.339343398809433,-11.705719947814941,-2.9264299869537354,5.7373046875,1.434326171875
-2.6497931480407715,-0.6624482870101929,0.27711132168769836,0.06927783042192459,-0.26714521646499634,-0.06678630411624908,4.707424640655518,1.1768561601638794,-0.05682371184229851,-0.014205927960574627,-0.5636323690414429,-0.14090809226036072,-2.7338597774505615,-0.6834649443626404,-0.17114701867103577,-0.04278675466775894,-0.37508657574653625,-0.09377164393663406,3.5406312942504883,0.8851578235626221,-1.3552049398422241,-0.33880123496055603,0.9725982546806335,0.2431495636701584,0.3126920461654663,0.07817301154136658,-0.08337808400392532,-0.02084452100098133,-2.2350876331329346,-0.5587719082832336,-7.086081027984619,-1.7715202569961548,-24.50933265686035,-6.127333164215088,-0.9636219143867493,-0.24090547859668732,-8.112818717956543,-2.0282046794891357,-2.6044678688049316,-0.6511169672012329,-12.92829418182373,-3.2320735454559326,-6.027390480041504,-1.506847620010376,-4.643385410308838,-1.1608463525772095,20.742603302001953,5.185650825500488,1.9303773641586304,0.4825943410396576,-8.158126831054688,-2.039531707763672,-1.6773992776870728,-0.4193498194217682,-11.845844268798828,-2.961461067199707,5.5883965492248535,1.3970991373062134
-2.7467732429504395,-0.6866933107376099,-0.1951379030942917,-0.04878447577357292,-0.005666285753250122,-0.0014165714383125305,5.364175796508789,1.3410439491271973,-2.0056164264678955,-0.5014041066169739,-1.016345500946045,-0.25408637523651123,-2.5914254188537598,-0.6478563547134399,-0.26872512698173523,-0.06718128174543381,-0.4024531841278076,-0.1006132960319519,2.7647292613983154,0.6911823153495789,-0.29195016622543335,-0.07298754155635834,0.8125950694084167,0.2031487673521042,0.1335887908935547,0.03339719772338867,-0.3908155560493469,-0.09770388901233673,-2.3420209884643555,-0.5855052471160889,-7.846296310424805,-1.9615740776062012,-24.872291564941406,-6.218072891235352,-1.2876660823822021,-0.32191652059555054,-8.274239540100098,-2.0685598850250244,-0.5012597441673279,-0.12531493604183197,-12.389042854309082,-3.0972607135772705,-6.858001708984375,-1.7145004272460938,-5.178574562072754,-1.2946436405181885,20.748790740966797,5.187197685241699,1.8793296813964844,0.4698324203491211,-8.016555786132812,-2.004138946533203,-1.0952504873275757,-0.2738126218318939,-11.304816246032715,-2.8262040615081787,5.635319709777832,1.408829927444458
-2.684783458709717,-0.6711958646774292,-0.2259158194065094,-0.05647895485162735,-0.03162722289562225,-0.007906805723905563,4.9100470542907715,1.2275117635726929,-3.0740606784820557,-0.7685151696205139,-0.8613952398300171,-0.21534880995750427,-2.3508098125457764,-0.5877024531364441,-0.2856493890285492,-0.0714123472571373,-0.6515397429466248,-0.1628849357366562,3.3607494831085205,0.8401873707771301,1.1105332374572754,0.27763330936431885,1.7171480655670166,0.42928701639175415,0.08319924026727676,0.02079981006681919,-0.48134663701057434,-0.12033665925264359,-2.5985608100891113,-0.6496402025222778,-7.698092460632324,-1.924523115158081,-25.79820442199707,-6.449551105499268,-1.3766673803329468,-0.3441668450832367,-8.370026588439941,-2.0925066471099854,-0.9449600577354431,-0.23624001443386078,-12.90549373626709,-3.2263734340667725,-6.756879806518555,-1.6892199516296387,-5.366965293884277,-1.3417413234710693,21.089746475219727,5.272436618804932,2.5654854774475098,0.6413713693618774,-8.40593433380127,-2.1014835834503174,-1.2052210569381714,-0.30130526423454285,-11.522050857543945,-2.8805127143859863,5.824171543121338,1.4560428857803345
-2.777146577835083,-0.6942866444587708,0.2251657247543335,0.056291431188583374,-0.25096046924591064,-0.06274011731147766,4.664394378662109,1.1660985946655273,-2.2044782638549805,-0.5511195659637451,-1.3124357461929321,-0.32810893654823303,-2.3518476486206055,-0.5879619121551514,-0.48276838660240173,-0.12069209665060043,-0.6469229459762573,-0.16173073649406433,3.780607223510742,0.9451518058776855,0.4434890151023865,0.11087225377559662,1.2432305812835693,0.31080764532089233,0.1972028613090515,0.04930071532726288,-0.29088711738586426,-0.07272177934646606,-2.4618606567382812,-0.6154651641845703,-8.009576797485352,-2.002394199371338,-25.382949829101562,-6.345737457275391,-1.5148860216140747,-0.3787215054035187,-8.552458763122559,-2.1381146907806396,-0.909065842628479,-0.22726646065711975,-12.648344993591309,-3.162086248397827,-6.951786518096924,-1.737946629524231,-5.67071008682251,-1.4176775217056274,21.034345626831055,5.258586406707764,2.028092861175537,0.5070232152938843,-8.05726432800293,-2.0143160820007324,-0.4993773102760315,-0.12484432756900787,-11.41413402557373,-2.8535335063934326,5.3027663230896,1.3256915807724
-2.5836856365203857,-0.6459214091300964,0.26990363001823425,0.06747590750455856,-0.30458664894104004,-0.07614666223526001,4.543486595153809,1.1358716487884521,-1.6992876529693604,-0.4248219132423401,-1.2007575035095215,-0.30018937587738037,-2.5511488914489746,-0.6377872228622437,-0.11048945784568787,-0.027622364461421967,-0.6305791735649109,-0.15764479339122772,3.9102463722229004,0.9775615930557251,-0.22710393369197845,-0.056775983422994614,0.9528314471244812,0.2382078617811203,0.16808834671974182,0.042022086679935455,-0.3114679753780365,-0.07786699384450912,-2.4681975841522217,-0.6170493960380554,-8.095450401306152,-2.023862600326538,-25.087491989135742,-6.2718729972839355,-1.3860706090927124,-0.3465176522731781,-8.68243408203125,-2.1706085205078125,-0.9020224809646606,-0.22550562024116516,-12.689724922180176,-3.172431230545044,-6.953790664672852,-1.738447666168213,-5.365474700927734,-1.3413686752319336,20.68947410583496,5.17236852645874,1.9183498620986938,0.47958746552467346,-7.992618083953857,-1.9981545209884644,-0.5256910920143127,-0.13142277300357819,-11.391345024108887,-2.8478362560272217,5.241011619567871,1.3102529048919678
