action_0,target_dof_pos_0,action_1,target_dof_pos_1,action_2,target_dof_pos_2,action_3,target_dof_pos_3,action_4,target_dof_pos_4,action_5,target_dof_pos_5,action_6,target_dof_pos_6,action_7,target_dof_pos_7,action_8,target_dof_pos_8,action_9,target_dof_pos_9,action_10,target_dof_pos_10,action_11,target_dof_pos_11,action_12,target_dof_pos_12,action_13,target_dof_pos_13,action_14,target_dof_pos_14,action_15,target_dof_pos_15,action_16,target_dof_pos_16,action_17,target_dof_pos_17,action_18,target_dof_pos_18,action_19,target_dof_pos_19,action_20,target_dof_pos_20,action_21,target_dof_pos_21,action_22,target_dof_pos_22,action_23,target_dof_pos_23,action_24,target_dof_pos_24,action_25,target_dof_pos_25,action_26,target_dof_pos_26,action_27,target_dof_pos_27,action_28,target_dof_pos_28
0.376020878553391,0.0940052196383476,0.740785717964172,0.185196429491043,-0.565965354442596,-0.141491338610649,1.58572781085968,0.39643195271492,1.9825404882431,0.495635122060776,1.17091107368469,0.292727768421173,-0.753697276115418,-0.188424319028854,0.286031126976013,0.0715077817440033,-0.323564320802689,-0.0808910802006722,2.2578649520874,0.564466238021851,-2.20772862434387,-0.551932156085968,-0.32347172498703,-0.0808679312467575,0.0812451392412186,0.0203112848103046,0.0278694927692413,0.00696737319231033,-1.31470096111298,-0.328675240278244,-1.29601442813873,-0.324003607034683,-6.29780054092407,-1.57445013523102,-0.599768877029419,-0.149942219257355,-4.11020565032959,-1.0275514125824,0.500239491462708,0.125059872865677,-3.46061110496521,-0.865152776241303,-1.41144752502441,-0.352861881256104,0.9428950548172,0.2357237637043,4.96954822540283,1.24238705635071,1.27380287647247,0.318450719118118,-2.77670526504517,-0.694176316261292,-1.22105145454407,-0.305262863636017,-2.12274551391602,-0.530686378479004,1.69844782352448,0.424611955881119
-0.424667179584503,-0.106166794896126,0.467542618513107,0.116885654628277,-0.714281558990479,-0.17857038974762,1.17052090167999,0.292630225419998,0.445759743452072,0.111439935863018,2.00603866577148,0.501509666442871,-0.901252269744873,-0.225313067436218,0.25193578004837,0.0629839450120926,-0.240852475166321,-0.0602131187915802,2.45774245262146,0.614435613155365,-1.52601623535156,-0.381504058837891,-0.490736484527588,-0.122684121131897,0.142731189727783,0.0356827974319458,0.149190127849579,0.0372975319623947,-0.557300686836243,-0.139325171709061,-0.879270195960999,-0.21981754899025,-10.6996965408325,-2.67492413520813,-1.11168336868286,-0.277920842170715,-3.66088533401489,-0.915221333503723,-0.118846602737904,-0.0297116506844759,-5.53359937667847,-1.38339984416962,1.49256312847137,0.373140782117844,1.25574350357056,0.313935875892639,7.72153472900391,1.93038368225098,1.0734988451004,0.268374711275101,-1.42530274391174,-0.356325685977936,-0.747734546661377,-0.186933636665344,-4.0437183380127,-1.01092958450317,2.5201997756958,0.63004994392395
0.568451583385468,0.142112895846367,0.781825482845306,0.195456370711327,-0.752476572990418,-0.188119143247604,2.15665936470032,0.539164841175079,2.33859920501709,0.584649801254273,1.62264835834503,0.405662089586258,-1.67588937282562,-0.418972343206406,0.13051675260067,0.0326291881501675,-0.135204970836639,-0.0338012427091599,2.68160390853882,0.670400977134705,-2.05059719085693,-0.512649297714233,-0.580758452415466,-0.145189613103867,0.470350205898285,0.117587551474571,0.344318926334381,0.0860797315835953,-0.759193420410156,-0.189798355102539,1.7515367269516,0.4378841817379,-13.2942132949829,-3.32355332374573,-1.10760045051575,-0.276900112628937,-0.785007059574127,-0.196251764893532,0.0580593720078468,0.0145148430019617,-6.49765396118164,-1.62441349029541,-2.9201774597168,-0.730044364929199,0.52196216583252,0.13049054145813,9.06464099884033,2.26616024971008,0.423435986042023,0.105858996510506,1.23220348358154,0.308050870895386,0.983438730239868,0.245859682559967,1.84438586235046,0.461096465587616,-1.5174697637558,-0.37936744093895
0.52271580696106,0.130678951740265,1.27081525325775,0.317703813314438,-0.671385109424591,-0.167846277356148,2.60426950454712,0.65106737613678,2.70602440834045,0.676506102085114,1.31240737438202,0.328101843595505,-2.58685731887817,-0.646714329719544,-0.180712148547173,-0.0451780371367931,-0.0616555586457253,-0.0154138896614313,2.58989024162293,0.647472560405731,-1.76206231117249,-0.440515577793121,-0.46143913269043,-0.115359783172607,0.0402727760374546,0.0100681940093637,-0.187495321035385,-0.0468738302588463,-0.670981049537659,-0.167745262384415,0.684846341609955,0.171211585402489,-15.6150970458984,-3.90377426147461,0.87222170829773,0.218055427074432,0.28657540678978,0.0716438516974449,-1.84799516201019,-0.461998790502548,-0.197504460811615,-0.0493761152029038,2.07589054107666,0.518972635269165,0.26376223564148,0.0659405589103699,10.8043327331543,2.70108318328857,-1.26325809955597,-0.315814524888992,0.142044350504875,0.0355110876262188,2.2068338394165,0.551708459854126,1.98028492927551,0.495071232318878,-0.308641761541367,-0.0771604403853416
-0.624336421489716,-0.156084105372429,0.316847383975983,0.0792118459939957,-0.500895738601685,-0.125223934650421,2.90845584869385,0.727113962173462,3.53071045875549,0.882677614688873,1.29431331157684,0.323578327894211,-2.10740613937378,-0.526851534843445,-0.0879846662282944,-0.0219961665570736,-0.0206355955451727,-0.00515889888629317,2.66169190406799,0.665422976016998,-1.54949235916138,-0.387373089790344,-0.0474394597113133,-0.0118598649278283,-0.0765909552574158,-0.0191477388143539,0.137448906898499,0.0343622267246246,-0.554802179336548,-0.138700544834137,0.369191378355026,0.0922978445887566,-18.6464252471924,-4.6616063117981,0.774503827095032,0.193625956773758,-1.23613142967224,-0.30903285741806,-0.703177094459534,-0.175794273614883,-1.12491106987,-0.281227767467499,4.09603452682495,1.02400863170624,1.59582340717316,0.398955851793289,12.7754611968994,3.19386529922485,-0.788999378681183,-0.197249844670296,-1.39689135551453,-0.349222838878632,1.88046705722809,0.470116764307022,-3.15519618988037,-0.788799047470093,-0.50701904296875,-0.126754760742188
-1.63400113582611,-0.408500283956528,-0.0783720761537552,-0.0195930190384388,-0.0882502645254135,-0.0220625661313534,3.17643594741821,0.794108986854553,3.70107221603394,0.925268054008484,-1.12398207187653,-0.280995517969131,-1.60116791725159,-0.400291979312897,0.145470127463341,0.0363675318658352,-0.0623838752508163,-0.0155959688127041,1.64303684234619,0.410759210586548,-1.75262355804443,-0.438155889511108,0.0933688879013062,0.0233422219753265,0.256544470787048,0.0641361176967621,0.387679874897003,0.0969199687242508,-0.0822771638631821,-0.0205692909657955,1.51792728900909,0.379481822252274,-21.3586044311523,-5.33965110778809,-0.651627779006958,-0.16290694475174,1.19680798053741,0.299201995134354,-0.576010882854462,-0.144002720713615,-0.299767702817917,-0.0749419257044792,1.98201215267181,0.495503038167954,1.00519895553589,0.251299738883972,14.8636112213135,3.71590280532837,0.282326400279999,0.0705816000699997,-2.03904843330383,-0.509762108325958,0.819848656654358,0.204962164163589,-7.39940977096558,-1.84985244274139,0.463757485151291,0.115939371287823
-1.88767468929291,-0.471918672323227,0.174248144030571,0.0435620360076427,-0.314217478036881,-0.0785543695092201,3.88270473480225,0.970676183700562,-2.35150456428528,-0.58787614107132,-0.801977336406708,-0.200494334101677,-2.12708139419556,-0.531770348548889,-1.30683851242065,-0.326709628105164,0.552554786205292,0.138138696551323,1.0235732793808,0.2558933198452,-0.0887443125247955,-0.0221860781311989,0.02017467841506,0.00504366960376501,0.228393942117691,0.0570984855294228,-0.761055767536163,-0.190263941884041,0.107635200023651,0.0269088000059128,1.20043277740479,0.300108194351196,-23.9654140472412,-5.9913535118103,-0.620138764381409,-0.155034691095352,-0.10649761557579,-0.0266244038939476,-1.11722683906555,-0.279306709766388,-0.767399668693543,-0.191849917173386,-0.117774680256844,-0.0294436700642109,0.712049841880798,0.1780124604702,17.0123405456543,4.25308513641357,0.0898541584610939,0.0224635396152735,-0.0057230181992054,-0.00143075454980135,0.92251455783844,0.23062863945961,-5.27954339981079,-1.3198858499527,-0.238723203539848,-0.0596808008849621
-2.08598113059998,-0.521495282649994,0.136890009045601,0.0342225022614002,-0.447600305080414,-0.111900076270103,3.81473159790039,0.953682899475098,-2.92490601539612,-0.73122650384903,0.20817831158638,0.052044577896595,-2.03984594345093,-0.509961485862732,-1.03595006465912,-0.25898751616478,0.667851567268372,0.166962891817093,1.557945728302,0.389486432075501,0.161506101489067,0.0403765253722668,-1.14624583721161,-0.286561459302902,0.183920696377754,0.0459801740944386,0.559786021709442,0.139946505427361,-0.113592565059662,-0.0283981412649155,-0.15394726395607,-0.0384868159890175,-23.5202140808105,-5.88005352020264,-1.3176531791687,-0.329413294792175,-0.440656393766403,-0.110164098441601,-0.0307453796267509,-0.00768634490668774,-2.23763990402222,-0.559409976005554,1.49661099910736,0.37415274977684,0.085842676460743,0.0214606691151857,17.681095123291,4.42027378082275,1.24293279647827,0.310733199119568,1.61712002754211,0.404280006885529,1.04913914203644,0.26228478550911,1.38380813598633,0.345952033996582,0.552288711071014,0.138072177767754
-2.70725131034851,-0.676812827587128,0.0368464328348637,0.00921160820871592,-0.12497241050005,-0.0312431026250124,3.66328144073486,0.915820360183716,-2.15080738067627,-0.537701845169067,-0.0789376273751259,-0.0197344068437815,-1.53621923923492,-0.384054809808731,-0.262784957885742,-0.0656962394714356,-0.0455608665943146,-0.0113902166485786,1.28650450706482,0.321626126766205,-1.31958556175232,-0.32989639043808,0.00178897008299828,0.000447242520749569,-0.135685294866562,-0.0339213237166405,-1.20795440673828,-0.30198860168457,-0.191815957427025,-0.0479539893567562,-0.545024752616882,-0.136256188154221,-24.0878562927246,-6.02196407318115,-1.28140139579773,-0.320350348949432,0.720744967460632,0.180186241865158,-0.490452259778976,-0.122613064944744,-0.880197703838348,-0.220049425959587,-0.483173131942749,-0.120793282985687,-0.469020009040833,-0.117255002260208,18.3877868652344,4.59694671630859,0.936173856258392,0.234043464064598,-0.156852215528488,-0.039213053882122,1.21132755279541,0.302831888198853,2.14622282981873,0.536555707454681,0.125462546944618,0.0313656367361546
-2.62617516517639,-0.656543791294098,-0.436322838068008,-0.109080709517002,0.185592412948608,0.0463981032371521,3.95769739151001,0.989424347877502,-1.70264077186584,-0.425660192966461,-0.144540548324585,-0.0361351370811462,-1.59248983860016,-0.39812245965004,-1.05149161815643,-0.262872904539108,0.0274315942078829,0.00685789855197072,1.64840161800385,0.412100404500961,-1.51268625259399,-0.378171563148499,0.474848657846451,0.118712164461613,0.183415964245796,0.0458539910614491,0.44780707359314,0.111951768398285,-0.378987520933151,-0.0947468802332878,-1.10161435604095,-0.275403589010239,-25.5408954620361,-6.38522386550903,-1.12256979942322,-0.280642449855804,-2.36826467514038,-0.592066168785095,0.269722044467926,0.0674305111169815,-1.8430415391922,-0.46076038479805,0.140130802989006,0.0350327007472515,1.3272305727005,0.331807643175125,19.8650054931641,4.96625137329102,0.959532916545868,0.239883229136467,-0.434084951877594,-0.108521237969399,0.352837264537811,0.0882093161344528,-2.20178842544556,-0.550447106361389,-0.0475366115570068,-0.0118841528892517
-2.46558427810669,-0.616396069526672,-0.14428599178791,-0.0360714979469776,-0.411001741886139,-0.102750435471535,4.12059593200684,1.03014898300171,-1.66429436206818,-0.416073590517044,0.0163183733820915,0.00407959334552288,-1.99336588382721,-0.498341470956802,-0.586128890514374,-0.146532222628593,0.311781108379364,0.077945277094841,1.66205561161041,0.415513902902603,-0.336996346712112,-0.0842490866780281,0.578401625156403,0.144600406289101,0.0760709643363953,0.0190177410840988,-1.02161026000977,-0.255402565002441,0.0389496088027954,0.00973740220069885,0.675445914268494,0.168861478567123,-26.3675193786621,-6.59187984466553,-0.701536774635315,-0.175384193658829,-0.919936895370483,-0.229984223842621,-0.650970339775085,-0.162742584943771,-5.07380056381226,-1.26845014095306,1.01723110675812,0.254307776689529,1.04132401943207,0.260331004858017,21.1250267028809,5.28125667572022,0.946763277053833,0.236690819263458,-0.396252512931824,-0.0990631282329559,0.422786444425583,0.105696611106396,-1.60704970359802,-0.401762425899506,0.677195250988007,0.169298812747002
-2.1280620098114,-0.53201550245285,-0.525739192962647,-0.131434798240662,0.0924791321158409,0.0231197830289602,4.27241182327271,1.06810295581818,-0.964638590812683,-0.241159647703171,0.0265819653868675,0.00664549134671688,-1.7238963842392,-0.430974096059799,-1.20005440711975,-0.300013601779938,0.424111723899841,0.10602793097496,2.51459622383118,0.628649055957794,1.19228315353394,0.298070788383484,0.00807863101363182,0.00201965775340796,0.167432531714439,0.0418581329286099,0.579241275787354,0.144810318946838,-0.510330438613892,-0.127582609653473,0.258251011371613,0.0645627528429031,-26.3222312927246,-6.58055782318115,-0.939790844917297,-0.234947711229324,-0.584236145019531,-0.146059036254883,-0.982831597328186,-0.245707899332047,-3.50373578071594,-0.875933945178986,0.718468606472015,0.179617151618004,0.900721192359924,0.225180298089981,21.5518779754639,5.38796949386597,0.105824746191502,0.0264561865478754,0.374907076358795,0.0937267690896988,1.30571913719177,0.326429784297943,-0.985952794551849,-0.246488198637962,-1.27472174167633,-0.318680435419083
-2.75228810310364,-0.688072025775909,0.108357563614845,0.0270893909037113,-0.272686153650284,-0.068171538412571,4.02054738998413,1.00513684749603,-1.32241356372833,-0.330603390932083,-0.0583558604121208,-0.0145889651030302,-1.40935707092285,-0.352339267730713,-0.51919025182724,-0.12979756295681,0.0218798983842134,0.00546997459605336,2.50203037261963,0.625507593154907,0.792910099029541,0.198227524757385,0.86853951215744,0.21713487803936,-0.214284956455231,-0.0535712391138077,-1.31649672985077,-0.329124182462692,-0.348322987556458,-0.0870807468891144,0.0917744264006615,0.0229436066001654,-26.8744068145752,-6.7186017036438,-0.640326619148254,-0.160081654787064,1.4609397649765,0.365234941244125,-1.24313271045685,-0.310783177614212,0.806665003299713,0.201666250824928,1.08347356319428,0.270868390798569,0.472579479217529,0.118144869804382,22.2344837188721,5.55862092971802,0.134107321500778,0.0335268303751946,-1.24140906333923,-0.310352265834808,0.962821364402771,0.240705341100693,-2.89746046066284,-0.72436511516571,-0.721193790435791,-0.180298447608948
-2.71827745437622,-0.679569363594055,-0.690025746822357,-0.172506436705589,0.159813821315765,0.0399534553289413,3.30637264251709,0.826593160629273,-0.27953177690506,-0.069882944226265,-0.722485661506653,-0.180621415376663,-1.16022503376007,-0.290056258440018,-0.630656778812408,-0.157664194703102,-0.137164056301117,-0.0342910140752792,3.37137746810913,0.842844367027283,1.89147925376892,0.47286981344223,0.974606871604919,0.24365171790123,0.154110968112946,0.0385277420282364,1.05438244342804,0.26359561085701,-0.664128303527832,-0.166032075881958,-0.736728131771088,-0.184182032942772,-28.2978858947754,-7.07447147369385,-0.468327790498734,-0.117081947624683,-1.80523073673248,-0.451307684183121,-0.411710143089294,-0.102927535772324,-0.978306829929352,-0.244576707482338,1.30723428726196,0.326808571815491,1.78325951099396,0.445814877748489,23.3814582824707,5.84536457061768,0.681568741798401,0.1703921854496,0.162112787365913,0.0405281968414784,0.342114806175232,0.085528701543808,-2.32342553138733,-0.580856382846832,0.109679661691189,0.0274199154227972
-2.63958549499512,-0.659896373748779,-0.148672506213188,-0.037168126553297,-0.491308748722076,-0.122827187180519,3.43309736251831,0.858274340629578,-1.14341986179352,-0.28585496544838,-0.112973280251026,-0.0282433200627565,-1.37187623977661,-0.342969059944153,-0.237221673130989,-0.0593054182827473,-0.117798514664173,-0.0294496286660433,3.47812485694885,0.869531214237213,4.21699285507202,1.05424821376801,2.21131539344788,0.552828848361969,0.0640478283166885,0.0160119570791721,-1.96534514427185,-0.491336286067963,-0.375132173299789,-0.0937830433249474,1.06472063064575,0.266180157661438,-29.5509948730469,-7.38774871826172,-0.799848318099976,-0.199962079524994,1.33955705165863,0.334889262914658,-1.10289943218231,-0.275724858045578,-1.84241783618927,-0.460604459047318,0.0858393460512161,0.021459836512804,-0.609086751937866,-0.152271687984467,24.7171230316162,6.17928075790405,0.451279997825623,0.112819999456406,-1.22944378852844,-0.307360947132111,0.904259204864502,0.226064801216126,-1.25538849830627,-0.313847124576569,-0.343895524740219,-0.0859738811850548
-2.59485745429993,-0.648714363574982,0.195287987589836,0.048821996897459,-0.222967863082886,-0.0557419657707214,0.794949054718018,0.198737263679504,-0.249686896800995,-0.0624217242002487,-0.243866682052612,-0.0609666705131531,-2.39336776733398,-0.598341941833496,-0.177187070250511,-0.0442967675626278,-0.126429051160812,-0.0316072627902031,4.77675151824951,1.19418787956238,-2.37671613693237,-0.594179034233093,0.502767324447632,0.125691831111908,0.195294439792633,0.0488236099481583,2.03187823295593,0.507969558238983,-0.337596833705902,-0.0843992084264755,-1.09269464015961,-0.273173660039902,-30.2730178833008,-7.5682544708252,-0.663569211959839,-0.16589230298996,-1.89792704582214,-0.474481761455536,-0.595547735691071,-0.148886933922768,-1.71706974506378,-0.429267436265945,0.885122358798981,0.221280589699745,1.50097906589508,0.37524476647377,25.7054195404053,6.42635488510132,0.988283336162567,0.247070834040642,0.295894354581833,0.0739735886454582,0.613576173782349,0.153394043445587,-2.33823490142822,-0.584558725357056,0.7486292719841,0.187157317996025
-3.30244255065918,-0.825610637664795,0.860723793506622,0.215180948376656,-1.07341146469116,-0.268352866172791,0.504274964332581,0.126068741083145,-2.41387486457825,-0.603468716144562,-0.858293652534485,-0.214573413133621,-1.1252189874649,-0.281304746866226,0.62594473361969,0.156486183404922,-0.377098083496094,-0.0942745208740234,4.55890655517578,1.13972663879395,-1.77444708347321,-0.443611770868301,0.462586164474487,0.115646541118622,0.165835231542587,0.0414588078856468,-0.616789162158966,-0.154197290539742,-0.239699751138687,-0.0599249377846718,1.01255929470062,0.253139823675156,-31.057596206665,-7.76439905166626,-1.22638547420502,-0.306596368551254,1.73824274539948,0.434560686349869,-0.724171102046967,-0.181042775511742,-1.22045254707336,-0.305113136768341,0.102991625666618,0.0257479064166546,-0.397566854953766,-0.0993917137384415,26.5738182067871,6.64345455169678,1.19337689876556,0.298344224691391,-0.925061404705048,-0.231265351176262,0.960531115531921,0.24013277888298,-1.26871466636658,-0.317178666591644,0.431412756443024,0.107853189110756
-2.54493427276611,-0.636233568191528,1.12100958824158,0.280252397060394,-0.916503071784973,-0.229125767946243,1.61715471744537,0.404288679361343,-0.7418612241745,-0.185465306043625,0.280914723873138,0.0702286809682846,-2.68239760398865,-0.670599400997162,-0.319612383842468,-0.0799030959606171,0.0543073937296867,0.0135768484324217,4.94559621810913,1.23639905452728,-2.8931143283844,-0.7232785820961,-0.352921783924103,-0.0882304459810257,0.470418334007263,0.117604583501816,1.86029350757599,0.465073376893997,-0.245625391602516,-0.061406347900629,-0.377992540597916,-0.0944981351494789,-31.5100193023682,-7.87750482559204,-0.506324172019959,-0.12658104300499,-2.56419491767883,-0.641048729419708,-0.426126301288605,-0.106531575322151,-2.2335102558136,-0.5583775639534,1.02785742282867,0.256964355707169,1.04060351848602,0.260150879621506,27.8624420166016,6.96561050415039,-0.0286960266530514,-0.00717400666326284,0.885015547275543,0.221253886818886,1.77741634845734,0.444354087114334,-1.11672186851501,-0.279180467128754,0.123706951737404,0.030926737934351
-1.9867912530899,-0.496697813272476,1.28256666660309,0.320641666650772,-0.823695063591003,-0.205923765897751,2.09134960174561,0.522837400436401,-0.0474533699452877,-0.0118633424863219,0.358929812908173,0.0897324532270432,-2.20135927200317,-0.550339818000794,-0.336346030235291,-0.0840865075588226,0.147846132516861,0.0369615331292152,4.55946969985962,1.1398674249649,-1.58144676685333,-0.395361691713333,0.104312241077423,0.0260780602693558,0.0614799521863461,0.0153699880465865,-0.480729103088379,-0.120182275772095,-0.755598902702332,-0.188899725675583,0.159344181418419,0.0398360453546047,-32.0529594421387,-8.01323986053467,-0.968501448631287,-0.242125362157822,0.0129972957074642,0.00324932392686605,-0.798990845680237,-0.199747711420059,-3.58755326271057,-0.896888315677643,-0.114305332303047,-0.0285763330757618,0.219191551208496,0.054797887802124,28.5222091674805,7.13055229187012,1.43088781833649,0.357721954584122,-1.80010294914246,-0.450025737285614,0.675916433334351,0.168979108333588,-2.54786944389343,-0.636967360973358,0.611630260944367,0.152907565236092
-1.94580686092377,-0.486451715230942,0.208951190114021,0.0522377975285053,-0.486099243164063,-0.121524810791016,1.70031452178955,0.425078630447388,-0.675521731376648,-0.168880432844162,0.589507162570953,0.147376790642738,-2.75859832763672,-0.68964958190918,0.00419719517230988,0.00104929879307747,-0.112430162727833,-0.0281075406819582,4.67752695083618,1.16938173770905,-2.27648711204529,-0.569121778011322,0.0901370644569397,0.0225342661142349,0.124289184808731,0.0310722962021828,0.516560435295105,0.129140108823776,-0.265005797147751,-0.0662514492869377,-0.252288222312927,-0.0630720555782318,-31.9300689697266,-7.98251724243164,-0.0450024008750916,-0.0112506002187729,-0.71441113948822,-0.178602784872055,-1.26884233951569,-0.317210584878922,-1.61648070812225,-0.404120177030563,1.84956753253937,0.462391883134842,0.971708178520203,0.242927044630051,28.7928524017334,7.19821310043335,0.479476630687714,0.119869157671928,-0.109051331877708,-0.0272628329694271,1.3340677022934,0.333516925573349,-2.38469529151917,-0.596173822879791,1.48270392417908,0.370675981044769
-1.920450091362,-0.4801125228405,0.729513227939606,0.182378306984901,-0.731741786003113,-0.182935446500778,1.55263495445251,0.388158738613129,-0.489519238471985,-0.122379809617996,-0.180467963218689,-0.0451169908046722,-2.26951122283936,-0.567377805709839,0.168751910328865,0.0421879775822163,-0.17897492647171,-0.0447437316179276,4.32274675369263,1.08068668842316,-1.65147590637207,-0.412868976593018,0.251527011394501,0.0628817528486252,0.197321459650993,0.0493303649127483,0.257718920707703,0.0644297301769257,-0.6539705991745,-0.163492649793625,-0.661349356174469,-0.165337339043617,-32.3514671325684,-8.08786678314209,-1.27621757984161,-0.319054394960403,-0.896377325057983,-0.224094331264496,-0.481133878231049,-0.120283469557762,-1.42476630210876,-0.356191575527191,-0.478636205196381,-0.119659051299095,0.296506524085999,0.0741266310214996,29.6344699859619,7.40861749649048,0.334884226322174,0.0837210565805435,-0.0170177407562733,-0.00425443518906832,1.80037593841553,0.450093984603882,-0.954285562038422,-0.238571390509605,-1.16404867172241,-0.291012167930603
-1.76042783260345,-0.440106958150864,0.555256307125092,0.138814076781273,-0.517666697502136,-0.129416674375534,1.66964614391327,0.417411535978317,-0.310076236724854,-0.0775190591812134,-0.538625657558441,-0.13465641438961,-2.48595333099365,-0.621488332748413,0.0503338426351547,0.0125834606587887,0.0611550062894821,0.0152887515723705,3.79768872261047,0.949422180652618,-1.98022222518921,-0.495055556297302,0.128441214561462,0.0321103036403656,0.128612250089645,0.0321530625224113,0.504772067070007,0.126193016767502,-0.575515508651733,-0.143878877162933,0.138558894395828,0.0346397235989571,-32.6564903259277,-8.16412258148193,-0.479774653911591,-0.119943663477898,-0.927541851997376,-0.231885462999344,-0.769522666931152,-0.192380666732788,-1.69717133045197,-0.424292832612991,0.531218945980072,0.132804736495018,0.607028245925903,0.151757061481476,29.974084854126,7.49352121353149,0.68950480222702,0.172376200556755,-0.974335014820099,-0.243583753705025,1.07343935966492,0.268359839916229,-2.36525464057922,-0.591313660144806,0.523370385169983,0.130842596292496
-1.66022932529449,-0.415057331323624,0.0784609764814377,0.0196152441203594,-0.149098366498947,-0.0372745916247368,1.94749140739441,0.486872851848602,-0.368046820163727,-0.0920117050409317,-1.14307701587677,-0.285769253969193,-2.44258689880371,-0.610646724700928,0.142134800553322,0.0355337001383305,-0.00459426827728748,-0.00114856706932187,2.8439724445343,0.710993111133575,-1.58065116405487,-0.395162791013718,0.3915795981884,0.0978948995471001,0.0974275767803192,0.0243568941950798,0.212749153375626,0.0531872883439064,-0.417264401912689,-0.104316100478172,0.593615591526032,0.148403897881508,-33.1583023071289,-8.28957557678223,-0.852612853050232,-0.213153213262558,-0.324936598539352,-0.0812341496348381,-0.779366075992584,-0.194841518998146,-1.22919166088104,-0.307297915220261,0.577329397201538,0.144332349300385,0.661383986473084,0.165345996618271,30.2630062103272,7.56575155258179,0.466360926628113,0.116590231657028,-0.410810768604279,-0.10270269215107,1.33432400226593,0.333581000566483,-2.28113770484924,-0.570284426212311,0.93600457906723,0.234001144766808
-1.97656738758087,-0.494141846895218,-0.480393409729004,-0.120098352432251,-0.0800801441073418,-0.0200200360268354,4.60986089706421,1.15246522426605,-2.38203144073486,-0.595507860183716,-0.74584311246872,-0.18646077811718,-2.24093508720398,-0.560233771800995,-1.24489808082581,-0.311224520206451,0.550222635269165,0.137555658817291,0.818279147148132,0.204569786787033,-0.998055696487427,-0.249513924121857,-0.023456159979105,-0.00586403999477625,0.175171390175819,0.0437928475439549,-1.09896981716156,-0.27474245429039,-0.658676147460938,-0.164669036865234,0.568210363388062,0.142052590847015,-32.2240905761719,-8.05602264404297,-0.562120854854584,-0.140530213713646,-0.521187901496887,-0.130296975374222,-0.843302488327026,-0.210825622081757,-1.301762342453,-0.325440585613251,0.38803905248642,0.0970097631216049,0.0626285746693611,0.0156571436673403,29.6101455688477,7.40253639221191,0.451569020748138,0.112892255187035,-0.0456474907696247,-0.0114118726924062,1.64706838130951,0.411767095327377,-1.58213829994202,-0.395534574985504,-0.387670338153839,-0.0969175845384598
-1.83676469326019,-0.459191173315048,0.100229784846306,0.0250574462115765,-0.453898638486862,-0.113474659621716,4.4628586769104,1.1157146692276,-2.03981447219849,-0.509953618049622,-0.382495164871216,-0.095623791217804,-1.92537868022919,-0.481344670057297,-0.728501737117767,-0.182125434279442,0.665988743305206,0.166497185826302,1.75821030139923,0.439552575349808,0.082013264298439,0.0205033160746098,0.785100638866425,0.196275159716606,-0.0951635986566544,-0.0237908996641636,-0.489519119262695,-0.122379779815674,-0.797102928161621,-0.199275732040405,-0.123289674520493,-0.0308224186301231,-30.4508113861084,-7.6127028465271,-1.33241248130798,-0.333103120326996,-0.861070513725281,-0.21526762843132,-0.260922819375992,-0.065230704843998,-2.16498136520386,-0.541245341300964,0.835930228233337,0.208982557058334,1.13020145893097,0.282550364732742,27.6163501739502,6.90408754348755,0.249178558588028,0.062294639647007,-0.404973804950714,-0.101243451237679,0.868104577064514,0.217026144266129,-1.90940713882446,-0.477351784706116,0.528741955757141,0.132185488939285
-2.6511709690094,-0.66279274225235,-0.0693650394678116,-0.0173412598669529,-0.114905722439289,-0.0287264306098223,4.2736759185791,1.06841897964478,-2.0562572479248,-0.514064311981201,0.124789588153362,0.0311973970383406,-1.86778020858765,-0.466945052146912,-0.960551142692566,-0.240137785673141,0.0646980926394463,0.0161745231598616,2.07222723960876,0.518056809902191,0.0948549956083298,0.0237137489020824,0.433308899402618,0.108327224850655,-0.120558217167854,-0.0301395542919636,-0.638125360012054,-0.159531340003014,-0.558052062988281,-0.13951301574707,-0.37553471326828,-0.09388367831707,-29.2720699310303,-7.31801748275757,-0.984388470649719,-0.24609711766243,-0.291881531476975,-0.0729703828692436,-0.498011112213135,-0.124502778053284,-1.70156359672546,-0.425390899181366,0.271527469158173,0.0678818672895432,0.667426347732544,0.166856586933136,26.5154552459717,6.62886381149292,0.310846745967865,0.0777116864919663,-0.5440474152565,-0.136011853814125,1.05376410484314,0.263441026210785,-1.71425604820251,-0.428564012050629,-0.479113638401032,-0.119778409600258
-2.97210073471069,-0.743025183677673,0.0258150883018971,0.00645377207547426,-0.17753005027771,-0.0443825125694275,4.22772884368897,1.05693221092224,-1.77090013027191,-0.442725032567978,0.0250710174441338,0.00626775436103344,-1.55069816112518,-0.387674540281296,-0.879164516925812,-0.219791129231453,0.224436908960342,0.0561092272400856,2.58114075660706,0.645285189151764,0.678584814071655,0.169646203517914,0.0998486280441284,0.0249621570110321,0.071786031126976,0.017946507781744,0.0173136964440346,0.00432842411100864,-0.469433695077896,-0.117358423769474,-0.232243850827217,-0.0580609627068043,-29.3036651611328,-7.3259162902832,-0.952735900878906,-0.238183975219727,-0.344385594129562,-0.0860963985323906,-0.615929126739502,-0.153982281684876,-1.3607075214386,-0.34017688035965,1.46728992462158,0.366822481155396,0.200169622898102,0.0500424057245255,26.7001304626465,6.67503261566162,0.804904520511627,0.201226130127907,-0.635625898838043,-0.158906474709511,0.686932802200317,0.171733200550079,-1.44061160087585,-0.360152900218964,0.414261281490326,0.103565320372581
-2.79238271713257,-0.698095679283142,-0.0328396372497082,-0.00820990931242704,-0.260997742414475,-0.0652494356036186,4.07727718353272,1.01931929588318,-1.56928944587708,-0.392322361469269,0.0387029722332954,0.00967574305832386,-1.5850076675415,-0.396251916885376,-0.415145456790924,-0.103786364197731,0.232854053378105,0.0582135133445263,2.72323226928711,0.680808067321777,2.02977204322815,0.507443010807037,0.0329673551023006,0.00824183877557516,0.0802727937698364,0.0200681984424591,-0.302396148443222,-0.0755990371108055,-0.374889343976975,-0.0937223359942436,0.353787869215012,0.0884469673037529,-29.6767730712891,-7.41919326782227,-1.3286566734314,-0.332164168357849,0.0261343978345394,0.00653359945863485,-0.556025505065918,-0.13900637626648,-1.41273736953735,-0.353184342384338,-0.0803892761468887,-0.0200973190367222,0.446368098258972,0.111592024564743,26.9750556945801,6.74376392364502,0.210073381662369,0.0525183454155922,-0.559907734394074,-0.139976933598518,1.26609647274017,0.316524118185043,-2.06452822685242,-0.516132056713104,-0.221659228205681,-0.0554148070514202
-2.94665312767029,-0.736663281917572,-0.356124877929688,-0.0890312194824219,-0.0630171969532967,-0.0157542992383242,3.57010889053345,0.892527222633362,-1.58760321140289,-0.396900802850723,-0.263340473175049,-0.0658351182937622,-1.06880414485931,-0.267201036214829,-0.593926727771759,-0.14848168194294,0.291988462209702,0.0729971155524254,3.25401663780212,0.813504159450531,3.53036856651306,0.882592141628265,0.423872053623199,0.1059680134058,0.21827107667923,0.0545677691698074,0.00314279645681381,0.000785699114203453,-0.442953944206238,-0.110738486051559,0.0029930027667433,0.000748250691685826,-29.9619941711426,-7.49049854278564,-0.751155614852905,-0.187788903713226,-0.566132426261902,-0.141533106565475,-0.966110587120056,-0.241527646780014,-1.52380263805389,-0.380950659513474,0.916597664356232,0.229149416089058,0.522207081317902,0.130551770329475,27.1361598968506,6.78403997421265,1.02864980697632,0.25716245174408,0.247998401522636,0.0619996003806591,0.760660767555237,0.190165191888809,-1.39353847503662,-0.348384618759155,0.12494084239006,0.0312352105975151
-3.07421493530273,-0.768553733825684,-0.130852237343788,-0.032713059335947,-0.245494514703751,-0.0613736286759377,3.03695869445801,0.759239673614502,-1.48197877407074,-0.370494693517685,-0.130634441971779,-0.0326586104929447,-1.01992070674896,-0.254980176687241,-0.558698058128357,-0.139674514532089,0.240407675504684,0.0601019188761711,3.58115601539612,0.89528900384903,4.67696571350098,1.16924142837524,0.94419938325882,0.236049845814705,0.161584064364433,0.0403960160911083,-0.823078155517578,-0.205769538879395,-0.374636203050613,-0.0936590507626534,0.632657825946808,0.158164456486702,-30.4785137176514,-7.61962842941284,-0.705761194229126,-0.176440298557282,0.350258380174637,0.0875645950436592,-0.945085763931274,-0.236271440982819,-1.08116495609283,-0.270291239023209,0.0368036180734634,0.00920090451836586,0.324585944414139,0.0811464861035347,27.6472911834717,6.91182279586792,0.190578371286392,0.0476445928215981,-0.246694430708885,-0.0616736076772213,1.18727433681488,0.29681858420372,-1.87557411193848,-0.468893527984619,-0.247649267315865,-0.0619123168289661
-2.7711968421936,-0.692799210548401,-0.463821619749069,-0.115955404937267,-0.231686800718308,-0.0579217001795769,1.92402899265289,0.481007248163223,-0.701807618141174,-0.175451904535294,-0.846328318119049,-0.211582079529762,-1.50868260860443,-0.377170652151108,-0.0898479670286179,-0.0224619917571545,-0.0979173853993416,-0.0244793463498354,4.1970739364624,1.0492684841156,3.51668071746826,0.879170179367065,1.30421710014343,0.326054275035858,0.389448404312134,0.0973621010780335,0.253923922777176,0.063480980694294,-0.231679826974869,-0.0579199567437172,-0.0480013787746429,-0.0120003446936607,-29.9597206115723,-7.48993015289307,0.0154236257076263,0.00385590642690659,-1.07471716403961,-0.268679291009903,-0.749301314353943,-0.187325328588486,-2.09577488899231,-0.523943722248077,0.650605261325836,0.162651315331459,0.830967903137207,0.207741975784302,27.4468669891357,6.86171674728394,1.34163355827332,0.335408389568329,1.05779683589935,0.264449208974838,0.941678881645203,0.235419720411301,-1.41300487518311,-0.353251218795776,0.199133306741714,0.0497833266854286
-1.60552763938904,-0.40138190984726,1.52367746829987,0.380919367074966,-0.624529957771301,-0.156132489442825,1.93515241146088,0.483788102865219,0.716333985328674,0.179083496332169,0.334151089191437,0.0835377722978592,-2.38610601425171,-0.596526503562927,0.423812389373779,0.105953097343445,-0.402294039726257,-0.100573509931564,4.97628974914551,1.24407243728638,-2.95636606216431,-0.739091515541077,-0.0217554606497288,-0.00543886516243219,0.300565212965012,0.0751413032412529,0.266229450702667,0.0665573626756668,-0.502478122711182,-0.125619530677795,1.00353109836578,0.250882774591446,-30.7699184417725,-7.69247961044312,-0.660555124282837,-0.165138781070709,0.574286043643951,0.143571510910988,-1.11198079586029,-0.277995198965073,-0.538214147090912,-0.134553536772728,-0.323715090751648,-0.080928772687912,-0.25203675031662,-0.063009187579155,27.7142734527588,6.9285683631897,-0.0982557758688927,-0.0245639439672232,-0.929627001285553,-0.232406750321388,1.34587681293488,0.336469203233719,-2.60455060005188,-0.65113765001297,-0.0453929379582405,-0.0113482344895601
-1.09766364097595,-0.274415910243988,1.44266057014465,0.360665142536163,-0.865259766578674,-0.216314941644669,2.80916023254395,0.702290058135986,0.747796475887299,0.186949118971825,0.741437017917633,0.185359254479408,-2.6190299987793,-0.654757499694824,-0.373832702636719,-0.0934581756591797,0.149172678589821,0.0372931696474552,4.48839855194092,1.12209963798523,-1.9908766746521,-0.497719168663025,-0.337735086679459,-0.0844337716698647,0.458681404590607,0.114670351147652,0.865371406078339,0.216342851519585,-0.800188660621643,-0.200047165155411,0.265000194311142,0.0662500485777855,-29.8509769439697,-7.46274423599243,-0.402733415365219,-0.100683353841305,-1.48527586460114,-0.371318966150284,-0.737399816513062,-0.184349954128265,-1.6134078502655,-0.403351962566376,0.605165302753449,0.151291325688362,1.173015832901,0.29325395822525,27.0177612304688,6.75444030761719,1.41437220573425,0.353593051433563,1.41494071483612,0.35373517870903,1.2015061378479,0.300376534461975,-1.30094647407532,-0.325236618518829,1.15638852119446,0.289097130298615
-1.28906583786011,-0.322266459465027,0.939803242683411,0.234950810670853,-0.504485964775085,-0.126121491193771,3.17323589324951,0.793308973312378,1.85804796218872,0.46451199054718,0.734456121921539,0.183614030480385,-2.7616982460022,-0.690424561500549,-0.170694395899773,-0.0426735989749432,0.0885450169444084,0.0221362542361021,4.40411567687988,1.10102891921997,-1.27069449424744,-0.317673623561859,0.323102295398712,0.080775573849678,0.103165701031685,0.0257914252579212,-0.523246169090271,-0.130811542272568,-0.868124842643738,-0.217031210660934,0.358145773410797,0.0895364433526993,-28.7507305145264,-7.18768262863159,-0.775670647621155,-0.193917661905289,-0.263198584318161,-0.0657996460795403,-0.606879055500031,-0.151719763875008,-1.20348811149597,-0.300872027873993,-0.829599916934967,-0.207399979233742,-0.548742651939392,-0.137185662984848,26.4686546325684,6.61716365814209,-0.150482922792435,-0.0376207306981087,-1.64457368850708,-0.41114342212677,2.09835863113403,0.524589657783508,-2.3868989944458,-0.59672474861145,-0.249389693140984,-0.0623474232852459
-1.82328593730927,-0.455821484327316,-0.198257833719254,-0.0495644584298134,-0.0666580125689507,-0.0166645031422377,2.77558279037476,0.693895697593689,1.38708937168121,0.346772342920303,0.0261424258351326,0.00653560645878315,-2.69714856147766,-0.674287140369415,0.0378789752721787,0.00946974381804466,-0.174357414245605,-0.0435893535614014,4.29308414459229,1.07327103614807,-1.63499069213867,-0.408747673034668,0.590662121772766,0.147665530443192,0.215113699436188,0.0537784248590469,0.385479331016541,0.0963698327541351,-0.509166479110718,-0.127291619777679,-0.609984576702118,-0.152496144175529,-27.7676677703857,-6.94191694259644,-0.207260549068451,-0.0518151372671127,-1.77962052822113,-0.444905132055283,-0.938463926315308,-0.234615981578827,-1.48882806301117,-0.372207015752792,1.27507877349854,0.318769693374634,0.236958295106888,0.059239573776722,25.3360614776611,6.33401536941528,1.37850093841553,0.344625234603882,-0.853403270244598,-0.21335081756115,0.86626923084259,0.216567307710648,-3.96460223197937,-0.991150557994843,0.65381246805191,0.163453117012978
-1.38040030002594,-0.345100075006485,0.895885825157166,0.223971456289291,-0.397181570529938,-0.0992953926324844,3.19384574890137,0.798461437225342,2.257643699646,0.564410924911499,-0.417319357395172,-0.104329839348793,-2.62519407272339,-0.656298518180847,-0.00749008357524872,-0.00187252089381218,-0.162866830825806,-0.0407167077064514,4.32073783874512,1.08018445968628,-1.25323927402496,-0.313309818506241,0.525985240936279,0.13149631023407,0.193506062030792,0.0483765155076981,0.138170927762985,0.0345427319407463,-0.740336298942566,-0.185084074735641,0.0640374720096588,0.0160093680024147,-28.0704154968262,-7.01760387420654,-1.41664981842041,-0.354162454605103,-0.862220525741577,-0.215555131435394,-0.434084922075272,-0.108521230518818,-1.64694249629974,-0.411735624074936,-0.901564061641693,-0.225391015410423,-0.164887249469757,-0.0412218123674393,25.6737670898438,6.41844177246094,0.165871098637581,0.0414677746593952,-0.507155179977417,-0.126788794994354,1.55383789539337,0.388459473848343,-2.74749374389648,-0.686873435974121,0.460660934448242,0.115165233612061
-1.01733088493347,-0.254332721233368,0.76953798532486,0.192384496331215,-0.363365590572357,-0.0908413976430893,4.02303981781006,1.00575995445251,2.74466705322266,0.686166763305664,-0.00266581773757935,-0.000666454434394836,-3.07866764068604,-0.769666910171509,-0.399802923202515,-0.0999507308006287,0.113664291799068,0.0284160729497671,3.68322348594666,0.920805871486664,-1.23091793060303,-0.307729482650757,0.290279239416122,0.0725698098540306,0.402865290641785,0.100716322660446,0.464016377925873,0.116004094481468,-0.477390855550766,-0.119347713887692,0.520897805690765,0.130224451422691,-27.6971740722656,-6.92429351806641,-0.726428270339966,-0.181607067584991,-0.379601448774338,-0.0949003621935844,-0.945296823978424,-0.236324205994606,-1.21758091449738,-0.304395228624344,-0.223342195153236,-0.0558355487883091,0.0768843367695808,0.0192210841923952,25.7099781036377,6.42749452590942,0.764761388301849,0.191190347075462,0.940843403339386,0.235210850834847,1.88354480266571,0.470886200666428,-1.19388675689697,-0.298471689224243,-0.094408430159092,-0.023602107539773
-1.07240259647369,-0.268100649118423,0.443073064088821,0.110768266022205,-0.0928503051400185,-0.0232125762850046,4.99667930603027,1.24916982650757,3.30300402641296,0.825751006603241,-0.800278007984161,-0.20006950199604,-3.3512122631073,-0.837803065776825,-0.243573173880577,-0.0608932934701443,0.220647752285004,0.0551619380712509,2.55983901023865,0.639959752559662,-0.770712554454804,-0.192678138613701,0.600413739681244,0.150103434920311,0.239614278078079,0.0599035695195198,-0.0310421213507652,-0.00776053033769131,-0.593381643295288,-0.148345410823822,0.676885843276978,0.169221460819244,-27.7660007476807,-6.94150018692017,-0.473838597536087,-0.118459649384022,-0.492086499929428,-0.123021624982357,-0.891827046871185,-0.222956761717796,-1.14451169967651,-0.286127924919128,0.135816171765327,0.0339540429413319,0.233335852622986,0.0583339631557465,25.5647735595703,6.39119338989258,0.26166832447052,0.06541708111763,-0.994609892368317,-0.248652473092079,1.53703916072845,0.384259790182114,-2.97921085357666,-0.744802713394165,0.755840837955475,0.188960209488869
-2.52551674842834,-0.631379187107086,-1.04691231250763,-0.261728078126907,0.0161248072981834,0.00403120182454586,4.91725540161133,1.22931385040283,-2.65523266792297,-0.663808166980743,-0.663884162902832,-0.165971040725708,-2.72085452079773,-0.680213630199432,-1.185666680336,-0.296416670084,0.922123789787293,0.230530947446823,0.638383984565735,0.159595996141434,0.379524677991867,0.0948811694979668,0.817567646503449,0.204391911625862,-0.113792613148689,-0.0284481532871723,-0.423332810401917,-0.105833202600479,0.296264082193375,0.0740660205483437,-0.194989755749702,-0.0487474389374256,-26.0695819854736,-6.51739549636841,-0.648392796516419,-0.162098199129105,-0.0530650354921818,-0.0132662588730454,-0.820876598358154,-0.205219149589539,-1.25378179550171,-0.313445448875427,0.928545296192169,0.232136324048042,1.14445555210114,0.286113888025284,24.7346153259277,6.18365383148193,0.482663929462433,0.120665982365608,1.23581182956696,0.308952957391739,1.76128602027893,0.440321505069733,-2.26817440986633,-0.567043602466583,0.120095163583756,0.0300237908959389
-2.52708339691162,-0.631770849227905,0.205379381775856,0.051344845443964,-0.402903616428375,-0.100725904107094,4.26901912689209,1.06725478172302,-1.81805300712585,-0.454513251781464,0.0795434936881065,0.0198858734220266,-1.71129810810089,-0.427824527025223,-0.384824514389038,-0.0962061285972595,0.35635632276535,0.0890890806913376,2.23482441902161,0.558706104755402,0.809934735298157,0.202483683824539,1.7088714838028,0.427217870950699,-0.0305737890303135,-0.00764344725757837,-0.507387578487396,-0.126846894621849,-0.581584572792053,-0.145396143198013,0.627615809440613,0.156903952360153,-25.0424365997314,-6.26060914993286,-1.0184600353241,-0.254615008831024,-0.501868605613709,-0.125467151403427,-0.545709788799286,-0.136427447199821,-2.08936285972595,-0.522340714931488,-0.0779508501291275,-0.0194877125322819,1.27005732059479,0.317514330148697,24.10520362854,6.02630090713501,0.228241086006165,0.0570602715015411,0.568521559238434,0.142130389809608,1.41207075119019,0.353017687797546,-0.623125195503235,-0.155781298875809,-0.964492857456207,-0.241123214364052
-2.68276190757751,-0.670690476894379,0.0162505395710468,0.00406263489276171,-0.117916993796825,-0.0294792484492064,4.37733888626099,1.09433472156525,-1.79892599582672,-0.44973149895668,0.109693147242069,0.0274232868105173,-1.99569809436798,-0.498924523591995,-1.20863366127014,-0.302158415317535,0.414095610380173,0.103523902595043,2.06052088737488,0.51513022184372,0.593749463558197,0.148437365889549,0.118895053863525,0.0297237634658813,0.0651777535676956,0.0162944383919239,-0.523116528987885,-0.130779132246971,-0.518824458122253,-0.129706114530563,-0.107646510004997,-0.0269116275012493,-24.5175170898438,-6.12937927246094,-0.701124906539917,-0.175281226634979,-0.424533933401108,-0.106133483350277,-0.687243103981018,-0.171810775995255,-1.10680460929871,-0.276701152324677,0.520662426948547,0.130165606737137,0.129518687725067,0.0323796719312668,24.3969593048096,6.09923982620239,0.944797694683075,0.236199423670769,-1.0097336769104,-0.2524334192276,0.581859111785889,0.145464777946472,-2.58749008178711,-0.646872520446777,0.445813477039337,0.111453369259834
-2.47351956367493,-0.618379890918732,0.111358478665352,0.027839619666338,-0.35727533698082,-0.0893188342452049,4.47950315475464,1.11987578868866,-1.45704221725464,-0.36426055431366,0.293270200490952,0.0733175501227379,-2.05482506752014,-0.513706266880035,-0.973174035549164,-0.243293508887291,0.401574730873108,0.100393682718277,2.08874082565308,0.522185206413269,-0.128694966435432,-0.0321737416088581,-0.273071676492691,-0.0682679191231728,-0.00469034537672997,-0.00117258634418249,-0.324804991483688,-0.0812012478709221,-0.541717052459717,-0.135429263114929,0.15705032646656,0.0392625816166401,-24.5358982086182,-6.13397455215454,-0.904004335403442,-0.226001083850861,-0.923462629318237,-0.230865657329559,-0.475878000259399,-0.11896950006485,-1.95952272415161,-0.489880681037903,0.412240087985992,0.103060021996498,0.638554334640503,0.159638583660126,24.694486618042,6.1736216545105,0.0164107419550419,0.00410268548876047,-0.895318448543549,-0.223829612135887,1.23777210712433,0.309443026781082,-3.37117075920105,-0.842792689800263,-0.309627115726471,-0.0774067789316177
-2.54364085197449,-0.635910212993622,-0.154754787683487,-0.0386886969208717,-0.161738127470016,-0.0404345318675041,4.37860012054443,1.09465003013611,-1.64964556694031,-0.412411391735077,0.242351531982422,0.0605878829956055,-1.95478141307831,-0.488695353269577,-0.777705490589142,-0.194426372647285,0.257740348577499,0.0644350871443749,1.8631374835968,0.4657843708992,-0.317849963903427,-0.0794624909758568,-0.286243319511414,-0.0715608298778534,0.17065255343914,0.0426631383597851,-0.215374857187271,-0.0538437142968178,-0.498355060815811,-0.124588765203953,0.0319352149963379,0.00798380374908447,-24.0677013397217,-6.01692533493042,-1.00246751308441,-0.250616878271103,-0.3225277364254,-0.08063193410635,-0.631198883056641,-0.15779972076416,-1.77828812599182,-0.444572031497955,0.579158008098602,0.144789502024651,-0.0954608842730522,-0.0238652210682631,24.3867702484131,6.09669256210327,1.13500964641571,0.283752411603928,-0.283652126789093,-0.0709130316972733,0.944089651107788,0.236022412776947,-1.74748778343201,-0.436871945858002,-0.0278142523020506,-0.00695356307551265
-2.49901008605957,-0.624752521514893,0.0732166022062302,0.0183041505515575,-0.282237946987152,-0.070559486746788,4.36499357223511,1.09124839305878,-1.40302681922913,-0.350756704807282,0.286410212516785,0.0716025531291962,-2.00890350341797,-0.502225875854492,-0.935028433799744,-0.233757108449936,0.43387508392334,0.108468770980835,1.76090323925018,0.440225809812546,-0.204280167818069,-0.0510700419545174,-0.268578410148621,-0.0671446025371552,0.113062560558319,0.0282656401395798,-0.424477994441986,-0.106119498610497,-0.444217354059219,-0.111054338514805,0.112444669008255,0.0281111672520638,-23.9239864349365,-5.98099660873413,-0.893212795257568,-0.223303198814392,-0.288369387388229,-0.0720923468470573,-0.728337168693543,-0.182084292173386,-1.09695363044739,-0.274238407611847,0.505274772644043,0.126318693161011,0.109418250620365,0.0273545626550913,24.4772510528564,6.11931276321411,0.140216946601868,0.0350542366504669,-0.459368646144867,-0.114842161536217,1.17101693153381,0.292754232883453,-1.45338773727417,-0.363346934318543,-0.0546429306268692,-0.0136607326567173
-2.47895097732544,-0.61973774433136,-0.11856646835804,-0.02964161708951,-0.316028416156769,-0.0790071040391922,3.97471380233765,0.993678450584412,-1.02524030208588,-0.256310075521469,0.306422054767609,0.0766055136919022,-1.80133807659149,-0.450334519147873,-0.64550119638443,-0.161375299096107,0.267958492040634,0.0669896230101585,2.12092423439026,0.530231058597565,0.0197078995406628,0.00492697488516569,-0.31896585226059,-0.0797414630651474,0.13782525062561,0.0344563126564026,-0.0770353227853775,-0.0192588306963444,-0.465815395116806,-0.116453848779202,-0.292340338230133,-0.0730850845575333,-23.898042678833,-5.97451066970825,-0.834015250205994,-0.208503812551498,-0.726231575012207,-0.181557893753052,-0.7192822098732,-0.1798205524683,-1.69465148448944,-0.42366287112236,0.627211689949036,0.156802922487259,0.694326937198639,0.17358173429966,24.0245037078857,6.00612592697144,1.08180558681488,0.27045139670372,-0.251819342374802,-0.0629548355937004,0.675197005271912,0.168799251317978,-2.01874041557312,-0.50468510389328,0.120656251907349,0.0301640629768372
-2.68095779418945,-0.670239448547363,-0.0528287254273891,-0.0132071813568473,-0.377947807312012,-0.0944869518280029,3.4371395111084,0.8592848777771,-1.18283665180206,-0.295709162950516,0.0937979593873024,0.0234494898468256,-1.58546054363251,-0.396365135908127,-0.449998676776886,-0.112499669194222,0.114663563668728,0.028665890917182,2.26241302490234,0.565603256225586,0.231738194823265,0.0579345487058163,0.0852397680282593,0.0213099420070648,0.0442670844495297,0.0110667711123824,-0.411478012800217,-0.102869503200054,-0.345667272806168,-0.0864168182015419,0.0771264880895615,0.0192816220223904,-24.056324005127,-6.01408100128174,-0.512576103210449,-0.128144025802612,-0.158563941717148,-0.039640985429287,-0.928626298904419,-0.232156574726105,-1.51478838920593,-0.378697097301483,0.79390949010849,0.198477372527123,0.642926931381226,0.160731732845306,23.9104690551758,5.97761726379395,0.323135018348694,0.0807837545871735,-0.175529792904854,-0.0438824482262135,0.999096751213074,0.249774187803268,-1.38658547401428,-0.346646368503571,0.468908399343491,0.117227099835873
-2.58951544761658,-0.647378861904144,-0.102871090173721,-0.0257177725434303,-0.527444005012512,-0.131861001253128,2.19448280334473,0.548620700836182,-0.889653205871582,-0.222413301467896,-0.560597717761993,-0.140149429440498,-1.53728544712067,-0.384321361780167,0.197873309254646,0.0494683273136616,-0.233503878116608,-0.0583759695291519,3.46050310134888,0.865125775337219,-0.433594673871994,-0.108398668467999,0.450516432523727,0.112629108130932,0.196659803390503,0.0491649508476257,0.0729639008641243,0.0182409752160311,-0.453135579824448,-0.113283894956112,-0.254867732524872,-0.063716933131218,-24.3882884979248,-6.0970721244812,-0.864967465400696,-0.216241866350174,-0.917380630970001,-0.2293451577425,-0.571564018726349,-0.142891004681587,-1.42129015922546,-0.355322539806366,0.00307981669902802,0.000769954174757004,0.904148995876312,0.226037248969078,24.2545909881592,6.0636477470398,0.574496746063232,0.143624186515808,0.179220512509346,0.0448051281273365,1.03670430183411,0.259176075458527,-1.54355001449585,-0.385887503623962,-0.297052592039108,-0.0742631480097771
-2.82631826400757,-0.706579566001892,1.15996432304382,0.289991080760956,-0.848202586174011,-0.212050646543503,0.722903728485107,0.180725932121277,-1.42551743984222,-0.356379359960556,-0.397699296474457,-0.0994248241186142,-1.5989738702774,-0.399743467569351,0.547617375850678,0.136904343962669,-0.593147873878479,-0.14828696846962,5.24204921722412,1.31051230430603,-3.0737612247467,-0.768440306186676,0.681896030902863,0.170474007725716,0.254193335771561,0.0635483339428902,0.898177564144135,0.224544391036034,-0.542946577072144,-0.135736644268036,0.300840646028519,0.0752101615071297,-24.7003307342529,-6.17508268356323,-0.353096097707748,-0.0882740244269371,-0.163429588079453,-0.0408573970198631,-0.603832125663757,-0.150958031415939,-1.34252786636353,-0.335631966590881,1.06865358352661,0.267163395881653,0.533439576625824,0.133359894156456,24.9602317810059,6.24005794525147,0.936989843845367,0.234247460961342,-0.737196624279022,-0.184299156069756,0.654506087303162,0.16362652182579,-1.65992283821106,-0.414980709552765,1.431596159935,0.357899039983749
-2.37714695930481,-0.594286739826202,1.05978226661682,0.264945566654205,-1.12208151817322,-0.280520379543304,1.97152721881866,0.492881804704666,-0.79927670955658,-0.199819177389145,0.580914855003357,0.145228713750839,-2.12547135353088,-0.531367838382721,0.200323805212975,0.0500809513032436,-0.0203169267624617,-0.00507923169061542,4.86757230758667,1.21689307689667,-2.32985854148865,-0.582464635372162,-0.181690871715546,-0.0454227179288864,0.342232316732407,0.0855580791831017,0.560395181179047,0.140098795294762,-0.518073439598084,-0.129518359899521,0.108474299311638,0.0271185748279095,-25.1971778869629,-6.29929447174072,-1.03264665603638,-0.258161664009094,-0.514063835144043,-0.128515958786011,-0.843672454357147,-0.210918113589287,-1.29821789264679,-0.324554473161697,0.0776031166315079,0.019400779157877,0.467959195375443,0.116989798843861,24.7671165466309,6.19177913665772,0.398911505937576,0.0997278764843941,-0.289267748594284,-0.072316937148571,1.3374228477478,0.334355711936951,-2.00670742988586,-0.501676857471466,0.137449949979782,0.0343624874949455
-1.98892652988434,-0.497231632471085,0.9559445977211,0.238986149430275,-0.8863165974617,-0.221579149365425,2.08726978302002,0.521817445755005,-0.0432861410081387,-0.0108215352520347,1.05897963047028,0.264744907617569,-2.61099290847778,-0.652748227119446,-0.206595346331596,-0.0516488365828991,0.0154084954410791,0.00385212386026979,4.60773372650147,1.15193343162537,-2.4595263004303,-0.614881575107575,-0.112653970718384,-0.0281634926795959,0.270510286092758,0.0676275715231895,-0.0170656368136406,-0.00426640920341015,-0.463039845228195,-0.115759961307049,-0.234662145376205,-0.0586655363440514,-25.0483131408691,-6.26207828521729,-0.297614127397537,-0.0744035318493843,-0.821840882301331,-0.205460220575333,-0.876059889793396,-0.219014972448349,-1.69507265090942,-0.423768162727356,0.438647270202637,0.109661817550659,0.053427167236805,0.0133567918092012,24.2863426208496,6.0715856552124,1.0809485912323,0.270237147808075,-0.633448779582977,-0.158362194895744,1.00571656227112,0.25142914056778,-1.69701814651489,-0.424254536628723,0.48196667432785,0.120491668581963
-1.89976990222931,-0.474942475557327,0.437503069639206,0.109375767409801,-0.642870187759399,-0.16071754693985,2.06300973892212,0.51575243473053,-0.147325217723846,-0.0368313044309616,0.805756390094757,0.201439097523689,-2.8129403591156,-0.7032350897789,-0.20955117046833,-0.0523877926170826,-0.0628231167793274,-0.0157057791948318,4.56209135055542,1.14052283763886,-2.2718448638916,-0.5679612159729,0.230057239532471,0.0575143098831177,0.043546412140131,0.0108866030350328,-0.153487533330917,-0.0383718833327293,-0.278211295604706,-0.0695528239011765,-0.543876826763153,-0.135969206690788,-25.3010025024414,-6.32525062561035,-0.91344952583313,-0.228362381458282,-0.846784591674805,-0.211696147918701,-0.850167155265808,-0.212541788816452,-1.55642294883728,-0.38910573720932,0.548565685749054,0.137141421437264,0.431609034538269,0.107902258634567,23.9653759002686,5.99134397506714,0.286079734563828,0.0715199336409569,-0.590351164340973,-0.147587791085243,1.40512979030609,0.351282447576523,-2.04366683959961,-0.510916709899902,0.256474584341049,0.0641186460852623
-1.57203471660614,-0.393008679151535,0.524898111820221,0.131224527955055,-0.922678351402283,-0.230669587850571,2.16211891174316,0.540529727935791,0.881765484809876,0.220441371202469,0.311562359333038,0.0778905898332596,-2.62325143814087,-0.655812859535217,-0.0794075280427933,-0.0198518820106983,-0.112622730433941,-0.0281556826084852,4.36153936386108,1.09038484096527,-2.21657085418701,-0.554142713546753,0.223660349845886,0.0559150874614716,0.203757047653198,0.0509392619132996,0.174183577299118,0.0435458943247795,-0.252871096134186,-0.0632177740335465,-0.127129882574081,-0.0317824706435204,-25.766996383667,-6.44174909591675,-0.442227840423584,-0.110556960105896,-0.358183354139328,-0.089545838534832,-1.17111575603485,-0.292778939008713,-1.30370688438416,-0.325926721096039,1.01256549358368,0.25314137339592,0.881337821483612,0.220334455370903,24.1348419189453,6.03371047973633,0.958480775356293,0.239620193839073,-0.00297956541180611,-0.000744891352951527,1.0820597410202,0.270514935255051,-1.64724040031433,-0.411810100078583,0.350603520870209,0.0876508802175522
-0.734583675861359,-0.18364591896534,1.1259036064148,0.281475901603699,-0.916833817958832,-0.229208454489708,2.81083679199219,0.702709197998047,2.04814195632935,0.512035489082336,0.171954214572907,0.0429885536432266,-2.65504765510559,-0.663761913776398,-0.39812707901001,-0.0995317697525024,0.0449532195925713,0.0112383048981428,4.09699535369873,1.02424883842468,-1.9794670343399,-0.494866758584976,0.0480571053922176,0.0120142763480544,0.0622169636189938,0.0155542409047484,0.146743088960648,0.0366857722401619,-0.697522521018982,-0.174380630254745,0.439484536647797,0.109871134161949,-26.5778465270996,-6.6444616317749,-1.27375602722168,-0.31843900680542,-0.0193381048738956,-0.00483452621847391,-0.662103116512299,-0.165525779128075,-0.805250525474548,-0.201312631368637,0.143893793225288,0.0359734483063221,0.384480476379395,0.0961201190948486,24.7575492858887,6.18938732147217,0.244029030203819,0.0610072575509548,-0.167954847216606,-0.0419887118041515,1.79295682907105,0.448239207267761,-1.68460869789124,-0.421152174472809,-0.0287889000028372,-0.0071972250007093
-0.686904609203339,-0.171726152300835,0.77512937784195,0.193782344460487,-0.76082181930542,-0.190205454826355,3.20197153091431,0.800492882728577,2.62338066101074,0.655845165252686,0.319625198841095,0.0799062997102737,-2.70277261734009,-0.675693154335022,-0.102034702897072,-0.025508675724268,0.022837670519948,0.005709417629987,3.70164966583252,0.92541241645813,-1.63627243041992,-0.40906810760498,0.259736001491547,0.0649340003728867,0.127024993300438,0.0317562483251095,0.0291112214326859,0.00727780535817146,-0.758593916893005,-0.189648479223251,0.153724670410156,0.0384311676025391,-27.2380886077881,-6.80952215194702,-0.735878586769104,-0.183969646692276,-0.49234339594841,-0.123085848987103,-0.699920177459717,-0.174980044364929,-1.4225902557373,-0.355647563934326,0.456292808055878,0.114073202013969,0.815180897712708,0.203795224428177,25.0667972564697,6.26669931411743,0.890862286090851,0.222715571522713,0.0221077613532543,0.00552694033831358,1.34220719337463,0.335551798343658,-1.42687892913818,-0.356719732284546,0.984525084495544,0.246131271123886
-1.06260967254639,-0.265652418136597,0.245282992720604,0.061320748180151,-0.45704448223114,-0.114261120557785,3.43333339691162,0.858333349227905,3.28354406356812,0.820886015892029,-0.358459830284119,-0.0896149575710297,-2.47947096824646,-0.619867742061615,0.113845124840736,0.0284612812101841,-0.100614584982395,-0.0251536462455988,3.01404976844788,0.753512442111969,-1.29655718803406,-0.324139297008514,0.294120311737061,0.0735300779342651,-0.00752945616841316,-0.00188236404210329,-0.0872859656810761,-0.021821491420269,-0.654288411140442,-0.16357210278511,0.486492604017258,0.121623151004314,-27.6968574523926,-6.92421436309814,-0.760637402534485,-0.190159350633621,0.206806629896164,0.051701657474041,-0.751481890678406,-0.187870472669601,-0.69722706079483,-0.174306765198708,0.168608888983727,0.0421522222459316,0.541796386241913,0.135449096560478,25.366907119751,6.34172677993774,-0.374043434858322,-0.0935108587145805,-0.822318494319916,-0.205579623579979,1.95323145389557,0.488307863473892,-2.38827776908875,-0.597069442272186,-0.604632794857025,-0.151158198714256
-1.94658100605011,-0.486645251512527,-0.225780814886093,-0.0564452037215233,-0.137272834777832,-0.034318208694458,3.52753257751465,0.881883144378662,2.32796931266785,0.581992328166962,-1.17202711105347,-0.293006777763367,-2.01658344268799,-0.504145860671997,0.0448093563318253,0.0112023390829563,0.0319428518414497,0.00798571296036243,2.2668731212616,0.566718280315399,-1.09050536155701,-0.272626340389252,0.49969419836998,0.124923549592495,0.162839129567146,0.0407097823917866,0.372997641563416,0.0932494103908539,-0.582304835319519,-0.14557620882988,-0.00970618426799774,-0.00242654606699944,-28.0472621917725,-7.01181554794312,-0.498707890510559,-0.12467697262764,-1.17530488967896,-0.293826222419739,-0.369387358427048,-0.0923468396067619,-1.86430478096008,-0.466076195240021,0.926021277904511,0.231505319476128,0.689772546291351,0.172443136572838,25.5785217285156,6.39463043212891,0.901483714580536,0.225370928645134,-0.511222779750824,-0.127805694937706,0.720049858093262,0.180012464523315,-2.07834076881409,-0.519585192203522,0.33246910572052,0.08311727643013
-1.94419801235199,-0.486049503087997,-0.00694705173373222,-0.00173676293343306,-0.272952318191528,-0.0682380795478821,4.36016321182251,1.09004080295563,-2.43493509292603,-0.608733773231506,-0.259883642196655,-0.0649709105491638,-2.14475178718567,-0.536187946796417,-1.14664995670319,-0.286662489175797,0.404124021530151,0.101031005382538,1.3638676404953,0.340966910123825,-0.0725644677877426,-0.0181411169469357,0.301756799221039,0.0754391998052597,-0.0136659182608128,-0.00341647956520319,-1.1378082036972,-0.284452050924301,-0.536366701126099,-0.134091675281525,0.520528912544251,0.130132228136063,-27.1836967468262,-6.79592418670654,-1.01154327392578,-0.252885818481445,0.486848205327988,0.121712051331997,-0.973528981208801,-0.2433822453022,-1.31977522373199,-0.329943805932999,0.440296232700348,0.110074058175087,0.40718486905098,0.101796217262745,24.9039611816406,6.22599029541016,0.0462070144712925,0.0115517536178231,-0.546935141086578,-0.136733785271645,1.45859217643738,0.364648044109345,-1.69121885299683,-0.422804713249207,-0.209867224097252,-0.052466806024313
-2.2600953578949,-0.565023839473724,-0.0935352891683579,-0.0233838222920895,-0.322786390781403,-0.0806965976953507,4.46019220352173,1.11504805088043,-1.66699373722076,-0.416748434305191,0.0435050949454308,0.0108762737363577,-1.63210761547089,-0.408026903867722,-0.882173001766205,-0.220543250441551,0.472233772277832,0.118058443069458,2.4645357131958,0.61613392829895,1.31083393096924,0.32770848274231,-0.0458525456488133,-0.0114631364122033,0.102133244276047,0.0255333110690117,0.262574702501297,0.0656436756253243,-0.929108619689941,-0.232277154922485,-1.22771894931793,-0.306929737329483,-26.0282936096191,-6.50707340240479,-0.950077414512634,-0.237519353628159,-2.10522699356079,-0.526306748390198,-0.256582915782928,-0.0641457289457321,-2.31069493293762,-0.577673733234406,0.921461880207062,0.230365470051765,1.17465889453888,0.29366472363472,24.1767539978027,6.04418849945068,1.03177320957184,0.25794330239296,0.286928713321686,0.0717321783304215,0.328692615032196,0.082173153758049,-1.32800197601318,-0.332000494003296,0.478095173835754,0.119523793458939
-3.03145980834961,-0.757864952087402,-0.00689026340842247,-0.00172256585210562,-0.218216478824615,-0.0545541197061539,4.05279922485352,1.01319980621338,-1.52875804901123,-0.382189512252808,-0.116918258368969,-0.0292295645922422,-1.2397974729538,-0.309949368238449,-0.669728398323059,-0.167432099580765,-0.0380131006240845,-0.00950327515602112,3.10526776313782,0.776316940784454,2.04739689826965,0.511849224567413,0.869424045085907,0.217356011271477,-0.252994924783707,-0.0632487311959267,-1.13359582424164,-0.28339895606041,-0.471350163221359,-0.11783754080534,0.123737692832947,0.0309344232082367,-25.9919109344482,-6.49797773361206,-0.906676769256592,-0.226669192314148,0.227873295545578,0.0569683238863945,-0.639943480491638,-0.15998587012291,-2.73066759109497,-0.682666897773743,0.537874579429627,0.134468644857407,0.809089660644531,0.202272415161133,23.7996311187744,5.9499077796936,-0.0523320399224758,-0.013083009980619,-1.09219598770142,-0.273048996925354,1.08607971668243,0.271519929170609,-1.54334664344788,-0.385836660861969,-0.466998517513275,-0.116749629378319
-3.22883725166321,-0.807209312915802,-0.303419202566147,-0.0758548006415367,-0.0835073217749596,-0.0208768304437399,3.25843095779419,0.814607739448547,-0.911171019077301,-0.227792754769325,-0.744320273399353,-0.186080068349838,-0.706788718700409,-0.176697179675102,-0.888096630573273,-0.222024157643318,0.0362178906798363,0.00905447266995907,4.44844770431519,1.1121119260788,4.40769529342651,1.10192382335663,1.22464346885681,0.306160867214203,0.0815642327070236,0.0203910581767559,0.390137881040573,0.0975344702601433,-0.75721275806427,-0.189303189516068,-0.605827629566193,-0.151456907391548,-26.8987503051758,-6.72468757629395,-0.974552512168884,-0.243638128042221,-0.193961828947067,-0.0484904572367668,-1.01221060752869,-0.253052651882172,-0.861775636672974,-0.215443909168243,1.149001121521,0.287250280380249,1.08302116394043,0.270755290985107,24.777379989624,6.19434499740601,1.69411623477936,0.42352905869484,0.333207190036774,0.0833017975091934,0.0734312832355499,0.0183578208088875,-1.75684762001038,-0.439211905002594,0.669142484664917,0.167285621166229
-3.2959144115448,-0.8239786028862,-0.208812639117241,-0.0522031597793102,-0.252173602581024,-0.063043400645256,2.49888753890991,0.624721884727478,-0.889579653739929,-0.222394913434982,-0.771967053413391,-0.192991763353348,-1.09126341342926,-0.272815853357315,0.00253747403621674,0.000634368509054184,-0.37337851524353,-0.0933446288108826,4.65169620513916,1.16292405128479,6.97447919845581,1.74361979961395,2.574946641922,0.643736660480499,-0.0145509988069534,-0.00363774970173836,-0.930803954601288,-0.232700988650322,-0.403169989585876,-0.100792497396469,-0.174051374197006,-0.0435128435492516,-28.5528659820557,-7.13821649551392,-0.701449036598206,-0.175362259149551,0.354385286569595,0.0885963216423988,-0.963422417640686,-0.240855604410172,-1.4989001750946,-0.374725043773651,-0.0907688289880753,-0.0226922072470188,0.0615541711449623,0.0153885427862406,26.2128620147705,6.55321550369263,0.0703060105443001,0.017576502636075,-1.13214826583862,-0.283037066459656,1.12671494483948,0.281678736209869,-2.03251671791077,-0.508129179477692,0.017045771703124,0.00426144292578101
-2.53154873847961,-0.632887184619904,0.56246954202652,0.14061738550663,-0.405651867389679,-0.10141296684742,1.44723832607269,0.361809581518173,0.763431668281555,0.190857917070389,0.0686046332120895,0.0171511583030224,-2.13037395477295,-0.532593488693237,0.0159885138273239,0.00399712845683098,-0.0763859674334526,-0.0190964918583632,4.99196767807007,1.24799191951752,-1.69464123249054,-0.423660308122635,0.198771268129349,0.0496928170323372,0.521720230579376,0.130430057644844,1.36960971355438,0.342402428388596,-0.516625761985779,-0.129156440496445,0.0481226146221161,0.012030653655529,-28.9794025421143,-7.24485063552856,-0.702169537544251,-0.175542384386063,-0.708352327346802,-0.1770880818367,-1.0362401008606,-0.259060025215149,-1.5861040353775,-0.396526008844376,-0.229422852396965,-0.0573557130992413,-0.252286344766617,-0.0630715861916542,26.7766513824463,6.69416284561157,1.27176904678345,0.317942261695862,-0.0223365910351276,-0.00558414775878191,1.1568329334259,0.289208233356476,-2.2319188117981,-0.557979702949524,0.211057618260384,0.0527644045650959
-1.73505294322968,-0.433763235807419,1.20169937610626,0.300424844026566,-0.720880270004273,-0.180220067501068,2.3979640007019,0.599491000175476,0.314430594444275,0.0786076486110687,-0.250346213579178,-0.0625865533947945,-2.57343649864197,-0.643359124660492,0.00104130804538727,0.000260327011346817,-0.1474769115448,-0.0368692278862,4.73551797866821,1.18387949466705,-2.55265641212463,-0.638164103031158,0.152075588703156,0.0380188971757889,0.235549330711365,0.0588873326778412,-0.611542522907257,-0.152885630726814,-0.539525508880615,-0.134881377220154,0.80874902009964,0.20218725502491,-28.708610534668,-7.17715263366699,-0.407593488693237,-0.101898372173309,0.157223492860794,0.0393058732151985,-0.840096831321716,-0.210024207830429,-1.15192461013794,-0.287981152534485,0.898654043674469,0.224663510918617,0.321710288524628,0.0804275721311569,26.1716461181641,6.54291152954102,0.195738032460213,0.0489345081150532,-0.467481851577759,-0.11687046289444,1.48727762699127,0.371819406747818,-1.38028383255005,-0.345070958137512,1.07011604309082,0.267529010772705
-1.16962540149689,-0.292406350374222,0.843283832073212,0.210820958018303,-0.618405222892761,-0.15460130572319,2.60155868530273,0.650389671325684,0.916010022163391,0.229002505540848,0.709104776382446,0.177276194095612,-3.1452808380127,-0.786320209503174,0.00102408230304718,0.000256020575761795,-0.119877435266972,-0.0299693588167429,4.59482717514038,1.1487067937851,-2.24513459205627,-0.561283648014069,0.0214591883122921,0.00536479707807303,0.323531597852707,0.0808828994631767,0.625667154788971,0.156416788697243,-0.475953847169876,-0.118988461792469,0.0756485462188721,0.018912136554718,-27.9017543792725,-6.97543859481812,-0.754439949989319,-0.18860998749733,-1.13538753986359,-0.283846884965897,-0.886808156967163,-0.221702039241791,-1.58969235420227,-0.397423088550568,-0.294333636760712,-0.0735834091901779,0.785703241825104,0.196425810456276,25.7853145599365,6.44632863998413,0.591780483722687,0.147945120930672,0.44049745798111,0.110124364495277,1.62831497192383,0.407078742980957,-2.07804203033447,-0.519510507583618,-0.763096451759338,-0.190774112939835
-1.57682704925537,-0.394206762313843,1.19056355953217,0.297640889883041,-0.774164259433746,-0.193541064858437,3.09635734558105,0.774089336395264,2.34168434143066,0.585421085357666,0.774843215942383,0.193710803985596,-2.56726098060608,-0.64181524515152,-0.247292324900627,-0.0618230812251568,-0.0481715649366379,-0.0120428912341595,4.48169183731079,1.1204229593277,-1.41072297096252,-0.352680742740631,0.247596278786659,0.0618990696966648,0.169066458940506,0.0422666147351265,-0.302876144647598,-0.0757190361618996,-0.853840947151184,-0.213460236787796,0.0820883512496948,0.0205220878124237,-27.6978416442871,-6.92446041107178,0.0760896801948547,0.0190224200487137,-0.528456926345825,-0.132114231586456,-1.16956174373627,-0.292390435934067,-1.69497931003571,-0.423744827508926,1.1395879983902,0.284896999597549,0.4661845266819,0.116546131670475,25.7061042785645,6.42652606964111,0.730317413806915,0.182579353451729,-0.775075078010559,-0.19376876950264,1.23144865036011,0.307862162590027,-1.79874753952026,-0.449686884880066,1.34833157062531,0.337082892656326
-1.57661271095276,-0.39415317773819,0.173108443617821,0.0432771109044552,-0.34387868642807,-0.0859696716070175,3.14356088638306,0.785890221595764,2.38279008865356,0.595697522163391,0.567361772060394,0.141840443015099,-2.72921586036682,-0.682303965091705,-0.0129352062940598,-0.00323380157351494,-0.047248087823391,-0.0118120219558477,4.29582738876343,1.07395684719086,-1.48479652404785,-0.371199131011963,0.301159679889679,0.0752899199724197,0.210895717144012,0.0527239292860031,0.387779116630554,0.0969447791576386,-0.502228617668152,-0.125557154417038,-0.162078469991684,-0.040519617497921,-27.1821231842041,-6.79553079605103,-0.690842509269714,-0.172710627317429,-0.921575546264648,-0.230393886566162,-0.728368759155273,-0.182092189788818,-1.32967162132263,-0.332417905330658,0.230808064341545,0.0577020160853863,0.639478802680969,0.159869700670242,25.6899108886719,6.42247772216797,0.292746692895889,0.0731866732239723,0.0998346358537674,0.0249586589634419,1.87907004356384,0.469767510890961,-1.700364112854,-0.425091028213501,-0.216853693127632,-0.054213423281908
-1.53999078273773,-0.384997695684433,0.490988552570343,0.122747138142586,-0.358558863401413,-0.0896397158503532,3.94953632354736,0.987384080886841,3.41830945014954,0.854577362537384,-0.0452090837061405,-0.0113022709265351,-2.6472373008728,-0.661809325218201,-0.0378737896680832,-0.0094684474170208,-0.0750899016857147,-0.0187724754214287,3.74373316764832,0.935933291912079,-1.06330513954163,-0.265826284885407,0.414987564086914,0.103746891021729,0.279793322086334,0.0699483305215836,0.127692520618439,0.0319231301546097,-0.740453362464905,-0.185113340616226,0.192971080541611,0.0482427701354027,-27.4920597076416,-6.8730149269104,-0.710547089576721,-0.17763677239418,-0.388015598058701,-0.0970038995146751,-0.786147773265839,-0.19653694331646,-1.23242664337158,-0.308106660842896,0.443650722503662,0.110912680625916,0.0715028420090675,0.0178757105022669,25.9083118438721,6.47707796096802,1.13507270812988,0.283768177032471,-0.529526770114899,-0.132381692528725,1.08363246917725,0.270908117294312,-1.99064493179321,-0.497661232948303,1.27025699615479,0.317564249038696
-1.60266304016113,-0.400665760040283,0.0304135866463184,0.00760339666157961,0.000687412917613983,0.000171853229403496,4.78023767471314,1.19505941867828,3.35840225219727,0.839600563049316,-0.413419961929321,-0.10335499048233,-2.9765510559082,-0.744137763977051,-0.232805356383324,-0.0582013390958309,0.138671696186066,0.0346679240465164,2.76726412773132,0.691816031932831,-1.06179654598236,-0.26544913649559,0.463317483663559,0.11582937091589,0.308702945709229,0.0771757364273071,0.4806769490242,0.12016923725605,-0.369758695363998,-0.0924396738409996,0.593751072883606,0.148437768220902,-27.7269706726074,-6.93174266815186,-0.850091934204102,-0.212522983551025,-0.328642219305038,-0.0821605548262596,-0.693119049072266,-0.173279762268066,-1.22845530509949,-0.307113826274872,-0.334056973457336,-0.0835142433643341,0.383972883224487,0.0959932208061218,26.3180389404297,6.57950973510742,-0.205042257905006,-0.0512605644762516,0.046843271702528,0.011710817925632,1.91858696937561,0.479646742343903,-2.16185522079468,-0.540463805198669,-0.107686385512352,-0.026921596378088
-2.65245819091797,-0.663114547729492,-0.831814169883728,-0.207953542470932,-0.162270903587341,-0.0405677258968353,4.57908582687378,1.14477145671844,-2.70471024513245,-0.676177561283112,-0.83554208278656,-0.20888552069664,-2.33445644378662,-0.583614110946655,-1.07768213748932,-0.26942053437233,0.774170398712158,0.19354259967804,0.932831287384033,0.233207821846008,0.606453955173492,0.151613488793373,0.83381325006485,0.208453312516212,-0.0886835902929306,-0.0221708975732327,-0.990141570568085,-0.247535392642021,-0.137162446975708,-0.034290611743927,-0.44233226776123,-0.110583066940308,-26.9703807830811,-6.74259519577026,-0.767171978950501,-0.191792994737625,-0.337210267782211,-0.0843025669455528,-0.786151826381683,-0.196537956595421,-1.40366172790527,-0.350915431976318,1.07967615127563,0.269919037818909,0.337666273117065,0.0844165682792664,25.6423053741455,6.41057634353638,1.17454314231873,0.293635785579681,0.233545050024986,0.0583862625062466,1.0467346906662,0.26168367266655,-1.58622407913208,-0.39655601978302,0.343303084373474,0.0858257710933685
-2.38020849227905,-0.595052123069763,0.153401121497154,0.0383502803742886,-0.339461237192154,-0.0848653092980385,4.20814371109009,1.05203592777252,-1.68681681156158,-0.421704202890396,0.0122393891215324,0.00305984728038311,-1.98009240627289,-0.495023101568222,-0.743504345417023,-0.185876086354256,0.563510477542877,0.140877619385719,1.38380265235901,0.345950663089752,-0.231895059347153,-0.0579737648367882,1.77621650695801,0.444054126739502,0.187777459621429,0.0469443649053574,0.255108743906021,0.0637771859765053,-0.470448225736618,-0.117612056434155,0.66023713350296,0.16505928337574,-26.6434288024902,-6.66085720062256,-0.935195326805115,-0.233798831701279,-0.80878758430481,-0.202196896076202,-0.235491126775742,-0.0588727816939354,-2.27065348625183,-0.567663371562958,-0.245400920510292,-0.061350230127573,0.804522514343262,0.201130628585815,25.4611072540283,6.36527681350708,-0.190023601055145,-0.0475059002637863,0.0402914322912693,0.0100728580728173,1.18909764289856,0.29727441072464,-1.18416023254395,-0.296040058135986,-0.83321088552475,-0.208302721381187
-2.936603307724,-0.734150826931,-0.105765461921692,-0.026441365480423,-0.125155240297318,-0.0312888100743294,4.47415113449097,1.11853778362274,-2.30884337425232,-0.57721084356308,-0.0466638281941414,-0.0116659570485353,-2.00264883041382,-0.500662207603455,-0.821000277996063,-0.205250069499016,0.293029844760895,0.0732574611902237,1.93708837032318,0.484272092580795,0.127558454871178,0.0318896137177944,0.529839217662811,0.132459804415703,-0.0972946882247925,-0.0243236720561981,-1.16072404384613,-0.290181010961533,-0.383011013269424,-0.0957527533173561,-0.418916970491409,-0.104729242622852,-26.0293502807617,-6.50733757019043,-0.783992409706116,-0.195998102426529,-0.192876428365707,-0.0482191070914269,-0.965539634227753,-0.241384908556938,-1.46782100200653,-0.366955250501633,1.07874941825867,0.269687354564667,0.508879721164703,0.127219930291176,25.2441959381104,6.31104898452759,1.46930074691772,0.367325186729431,-0.666186511516571,-0.166546627879143,0.589693367481232,0.147423341870308,-2.447350025177,-0.611837506294251,0.643831670284271,0.160957917571068
-2.78054785728455,-0.695136964321137,-0.0483561865985394,-0.0120890466496348,-0.179747641086578,-0.0449369102716446,4.49661445617676,1.12415361404419,-1.27680099010468,-0.319200247526169,0.22450464963913,0.0561261624097824,-1.29626512527466,-0.324066281318665,-1.42738246917725,-0.356845617294312,0.418283581733704,0.104570895433426,2.67847800254822,0.669619500637054,0.183166161179543,0.0457915402948856,0.0626815855503082,0.0156703963875771,0.0327204801142216,0.00818012002855539,0.0397674962878227,0.00994187407195568,-0.734629631042481,-0.18365740776062,-0.296156197786331,-0.0740390494465828,-25.8318958282471,-6.45797395706177,-0.892624616622925,-0.223156154155731,-1.00636160373688,-0.251590400934219,-0.682751178741455,-0.170687794685364,-1.58373260498047,-0.395933151245117,0.685174226760864,0.171293556690216,0.747490882873535,0.186872720718384,25.2040023803711,6.30100059509277,0.029228363186121,0.00730709079653025,-0.311317563056946,-0.0778293907642365,0.800208687782288,0.200052171945572,-1.48374557495117,-0.370936393737793,-0.0805208683013916,-0.0201302170753479
-2.85169792175293,-0.712924480438232,0.176923483610153,0.0442308709025383,-0.325205564498901,-0.0813013911247253,4.24572801589966,1.06143200397491,-1.58349704742432,-0.395874261856079,0.153413593769074,0.0383533984422684,-1.59431397914886,-0.398578494787216,-0.703337132930756,-0.175834283232689,0.221770226955414,0.0554425567388535,2.66973686218262,0.667434215545654,1.39122009277344,0.347805023193359,0.111688196659088,0.027922049164772,0.0994546264410019,0.0248636566102505,-0.597594916820526,-0.149398729205132,-0.484107822179794,-0.121026955544949,0.453749388456345,0.113437347114086,-25.4420375823975,-6.36050939559937,-1.14398574829102,-0.285996437072754,0.29981330037117,0.0749533250927925,-0.448056399822235,-0.112014099955559,-1.279629945755,-0.319907486438751,0.248071417212486,0.0620178543031216,0.312223315238953,0.0780558288097382,24.8779716491699,6.21949291229248,0.639044642448425,0.159761160612106,-0.567610919475555,-0.141902729868889,1.23204672336578,0.308011680841446,-1.97146439552307,-0.492866098880768,-0.925330340862274,-0.231332585215569
-2.52159190177918,-0.630397975444794,-0.262192845344543,-0.0655482113361359,-0.125141590833664,-0.031285397708416,4.1576361656189,1.03940904140472,-0.931186079978943,-0.232796519994736,-0.251665830612183,-0.0629164576530457,-1.50995290279388,-0.377488225698471,-0.589407980442047,-0.147351995110512,0.288100719451904,0.0720251798629761,3.09306907653809,0.773267269134522,2.9359974861145,0.733999371528626,0.354141741991043,0.0885354354977608,0.115885853767395,0.0289714634418488,-0.00641050934791565,-0.00160262733697891,-0.791972637176514,-0.197993159294128,0.0720922946929932,0.0180230736732483,-25.2996120452881,-6.32490301132202,-0.787015080451965,-0.196753770112991,-1.27477014064789,-0.318692535161972,-0.69189727306366,-0.172974318265915,-2.01360988616943,-0.503402471542358,0.99865847826004,0.24966461956501,0.615097641944885,0.153774410486221,24.7662239074707,6.19155597686768,0.6179239153862,0.15448097884655,-0.383831143379211,-0.0959577858448029,0.611563563346863,0.152890890836716,-1.71151876449585,-0.427879691123962,0.864942491054535,0.216235622763634
-2.88301992416382,-0.720754981040955,-0.118105158209801,-0.0295262895524502,-0.263778775930405,-0.0659446939826012,3.66144990921021,0.915362477302551,-1.26826798915863,-0.317066997289658,-0.110802963376045,-0.0277007408440113,-1.26153540611267,-0.315383851528168,-0.452256262302399,-0.1130640655756,0.0821435824036598,0.020535895600915,3.48518681526184,0.87129670381546,3.87701082229614,0.969252705574036,1.0742574930191,0.268564373254776,-0.0264621898531914,-0.00661554746329784,-0.737305402755737,-0.184326350688934,-0.427898198366165,-0.106974549591541,0.452220797538757,0.113055199384689,-25.6985416412354,-6.42463541030884,-1.13692784309387,-0.284231960773468,0.804330468177795,0.201082617044449,-1.07259058952332,-0.268147647380829,-0.86884742975235,-0.217211857438087,0.0406618863344193,0.0101654715836048,0.551351070404053,0.137837767601013,25.0683326721191,6.26708316802979,0.211978107690811,0.0529945269227028,-0.229756340384483,-0.0574390850961208,1.29195153713226,0.322987884283066,-1.91412758827209,-0.478531897068024,-0.984681785106659,-0.246170446276665
-2.98808240890503,-0.747020602226257,-0.453885048627853,-0.113471262156963,-0.135681122541428,-0.0339202806353569,2.63123846054077,0.657809615135193,-0.605831623077393,-0.151457905769348,-1.00994336605072,-0.25248584151268,-1.16444289684296,-0.291110724210739,-0.39926290512085,-0.0998157262802124,-0.0516105964779854,-0.0129026491194963,4.22802972793579,1.05700743198395,4.37850761413574,1.09462690353394,1.72855758666992,0.43213939666748,0.0982224643230438,0.024555616080761,-0.0527447797358036,-0.0131861949339509,-0.759032964706421,-0.189758241176605,-0.956663072109222,-0.239165768027306,-26.5265674591064,-6.63164186477661,-0.168059915304184,-0.042014978826046,-1.71088230609894,-0.427720576524735,-0.843979358673096,-0.210994839668274,-1.97309303283691,-0.493273258209229,1.16403031349182,0.291007578372955,0.865015506744385,0.216253876686096,25.5345268249512,6.38363170623779,1.3736093044281,0.343402326107025,-0.124524906277657,-0.0311312265694141,-0.0139015913009644,-0.00347539782524109,-1.52254915237427,-0.380637288093567,0.892787754535675,0.223196938633919
-3.07502341270447,-0.768755853176117,0.625206768512726,0.156301692128181,-0.57952493429184,-0.14488123357296,1.79764235019684,0.44941058754921,-0.727685987949371,-0.181921496987343,-0.139378130435944,-0.0348445326089859,-1.66690349578857,-0.416725873947144,-0.0896908193826675,-0.0224227048456669,-0.161474868655205,-0.0403687171638012,4.65413904190064,1.16353476047516,1.4131680727005,0.353292018175125,1.53284049034119,0.383210122585297,0.205684036016464,0.0514210090041161,-0.248004615306854,-0.0620011538267136,-0.173430904746056,-0.0433577261865139,0.880116999149323,0.220029249787331,-27.2434349060059,-6.81085872650147,-1.10889625549316,-0.277224063873291,0.628978908061981,0.157244727015495,-0.83776330947876,-0.20944082736969,-2.30027413368225,-0.575068533420563,-0.541692793369293,-0.135423198342323,-0.054532878100872,-0.013633219525218,26.5215892791748,6.6303973197937,0.055105421692133,0.0137763554230332,-0.744783341884613,-0.186195835471153,1.59667694568634,0.399169236421585,-2.05501246452332,-0.513753116130829,-0.022965906187892,-0.00574147654697299
-2.1840353012085,-0.546008825302124,0.922861218452454,0.230715304613113,-0.773302972316742,-0.193325743079185,1.41143143177032,0.352857857942581,-1.1764087677002,-0.294102191925049,-0.250441610813141,-0.0626104027032852,-2.20673990249634,-0.551684975624085,-0.0658492296934128,-0.0164623074233532,-0.0718100294470787,-0.0179525073617697,5.14193677902222,1.28548419475555,-3.33348226547241,-0.833370566368103,-0.215154826641083,-0.0537887066602707,0.426686584949493,0.106671646237373,0.847666621208191,0.211916655302048,-0.552189350128174,-0.138047337532043,-0.428391993045807,-0.107097998261452,-26.5923175811768,-6.64807939529419,-0.356201469898224,-0.089050367474556,-0.976192235946655,-0.244048058986664,-0.574290454387665,-0.143572613596916,-0.231679797172546,-0.0579199492931366,1.05536305904388,0.263840764760971,0.562416136264801,0.1406040340662,26.5290508270264,6.63226270675659,1.23246705532074,0.308116763830185,0.620384216308594,0.155096054077148,1.24565351009369,0.311413377523422,-1.59737181663513,-0.399342954158783,0.534695327281952,0.133673831820488
-2.05671620368958,-0.514179050922394,1.10359704494476,0.275899261236191,-0.610281467437744,-0.152570366859436,2.20004415512085,0.550011038780212,-0.17872941493988,-0.0446823537349701,0.666406333446503,0.166601583361626,-2.44952487945557,-0.612381219863892,0.141724288463593,0.0354310721158981,-0.139472648501396,-0.034868162125349,4.72451448440552,1.18112862110138,-2.21415281295776,-0.553538203239441,0.0678147673606873,0.0169536918401718,0.136875078082085,0.0342187695205212,-0.126341462135315,-0.0315853655338287,-0.561362147331238,-0.140340536832809,0.944121837615967,0.236030459403992,-26.9641494750977,-6.74103736877441,-0.838991641998291,-0.209747910499573,0.139257341623306,0.0348143354058266,-0.831350982189179,-0.207837745547295,-1.81047022342682,-0.452617555856705,-0.223236247897148,-0.055809061974287,0.322062224149704,0.080515556037426,26.3577003479004,6.5894250869751,0.0173457600176334,0.00433644000440836,-0.812421143054962,-0.203105285763741,1.40055072307587,0.350137680768967,-1.76038837432861,-0.440097093582153,0.0226664301007986,0.00566660752519965
-2.07882142066956,-0.519705355167389,0.737719297409058,0.184429824352264,-0.503825306892395,-0.125956326723099,2.01896548271179,0.504741370677948,-0.313249826431274,-0.0783124566078186,0.749155879020691,0.187288969755173,-2.57822418212891,-0.644556045532227,-0.16550524532795,-0.0413763113319874,-0.0149553436785936,-0.00373883591964841,4.70898580551148,1.17724645137787,-2.25511193275452,-0.563777983188629,0.0497049950063229,0.0124262487515807,0.344265937805176,0.086066484451294,0.514397084712982,0.128599271178246,-0.437001466751099,-0.109250366687775,-0.232708245515823,-0.0581770613789558,-26.6888427734375,-6.67221069335938,-0.269076645374298,-0.0672691613435745,-1.08460354804993,-0.271150887012482,-1.00634014606476,-0.25158503651619,-1.47557473182678,-0.368893682956696,1.01393127441406,0.253482818603516,0.314461708068848,0.0786154270172119,26.1048984527588,6.5262246131897,1.41992330551147,0.354980826377869,0.36132687330246,0.0903317183256149,1.18514287471771,0.296285718679428,-1.38252377510071,-0.345630943775177,0.917425036430359,0.22935625910759
-1.78462743759155,-0.446156859397888,0.849131464958191,0.212282866239548,-0.528409540653229,-0.132102385163307,2.24091339111328,0.56022834777832,-0.000645574182271957,-0.000161393545567989,0.735194385051727,0.183798596262932,-2.66013240814209,-0.665033102035523,-0.0144815295934677,-0.00362038239836693,-0.169171243906021,-0.0422928109765053,4.79723215103149,1.19930803775787,-1.74148952960968,-0.43537238240242,0.377287954092026,0.0943219885230064,0.0564280711114407,0.0141070177778602,-0.352394044399262,-0.0880985110998154,-0.596638202667236,-0.149159550666809,-0.152569502592087,-0.0381423756480217,-26.8307991027832,-6.7076997756958,-0.83604907989502,-0.209012269973755,-0.53726851940155,-0.134317129850388,-0.810025632381439,-0.20250640809536,-1.33139514923096,-0.332848787307739,-0.166762724518776,-0.041690681129694,0.226833283901215,0.0567083209753037,25.8649635314941,6.46624088287354,-0.209119021892548,-0.0522797554731369,-1.27424132823944,-0.31856033205986,1.70435559749603,0.426088899374008,-2.43248677253723,-0.608121693134308,0.0202410351485014,0.00506025878712535
-2.31399965286255,-0.578499913215637,0.560449302196503,0.140112325549126,-0.562956035137177,-0.140739008784294,1.98841106891632,0.49710276722908,-0.208989500999451,-0.0522473752498627,0.550080239772797,0.137520059943199,-2.40098237991333,-0.600245594978333,-0.216731563210487,-0.0541828908026218,-0.0070610735565424,-0.0017652683891356,4.71180391311646,1.17795097827911,-2.05652904510498,-0.514132261276245,0.170387998223305,0.0425969995558262,0.282347202301025,0.0705868005752564,0.606428027153015,0.151607006788254,-0.292977333068848,-0.0732443332672119,-0.233516097068787,-0.0583790242671967,-26.6227283477783,-6.65568208694458,-0.463356554508209,-0.115839138627052,-0.950779318809509,-0.237694829702377,-0.967886686325073,-0.241971671581268,-1.60824632644653,-0.402061581611633,1.10551798343658,0.276379495859146,0.631766974925995,0.157941743731499,25.7135848999023,6.42839622497559,1.4970691204071,0.374267280101776,0.0742150694131851,0.0185537673532963,0.931149125099182,0.232787281274796,-2.63397407531738,-0.658493518829346,0.837244749069214,0.209311187267303
-1.36407291889191,-0.341018229722977,1.0729364156723,0.268234103918076,-0.72245728969574,-0.180614322423935,2.71751499176025,0.679378747940064,1.17240965366364,0.293102413415909,1.00813925266266,0.252034813165665,-2.65711832046509,-0.664279580116272,-0.0225082188844681,-0.00562705472111702,-0.0895407646894455,-0.0223851911723614,4.53195524215698,1.13298881053925,-1.64797830581665,-0.411994576454163,0.200588047504425,0.0501470118761063,0.161564767360687,0.0403911918401718,-0.247574150562286,-0.0618935376405716,-0.566400289535523,-0.141600072383881,0.166576147079468,0.0416440367698669,-26.8994693756104,-6.72486734390259,-1.17750537395477,-0.294376343488693,-0.302458494901657,-0.0756146237254143,-0.52854597568512,-0.13213649392128,-1.23536658287048,-0.308841645717621,-0.207877144217491,-0.0519692860543728,0.278465986251831,0.0696164965629578,25.6669235229492,6.41673088073731,-0.170006290078163,-0.0425015725195408,0.174949392676353,0.0437373481690884,2.03217816352844,0.508044540882111,-0.86526495218277,-0.216316238045692,0.0722040385007858,0.0180510096251965
-1.16145646572113,-0.290364116430283,0.702865600585938,0.175716400146484,-0.52177107334137,-0.130442768335342,2.75548887252808,0.688872218132019,1.13285291194916,0.283213227987289,0.779417872428894,0.194854468107224,-3.06221723556519,-0.765554308891296,-0.222175493836403,-0.0555438734591007,0.000864805653691292,0.000216201413422823,4.26148366928101,1.06537091732025,-1.66822528839111,-0.417056322097778,0.145317524671555,0.0363293811678886,0.218324959278107,0.0545812398195267,0.474151909351349,0.118537977337837,-0.485568851232529,-0.121392212808132,0.0520316064357758,0.0130079016089439,-26.762866973877,-6.69071674346924,-0.78081750869751,-0.195204377174377,-0.583714842796326,-0.145928710699081,-0.958844780921936,-0.239711195230484,-1.2839846611023,-0.320996165275574,0.419319808483124,0.104829952120781,0.1492058634758,0.0373014658689499,25.4019603729248,6.3504900932312,1.16765785217285,0.291914463043213,-0.36349681019783,-0.0908742025494576,1.35437703132629,0.338594257831574,-2.19266700744629,-0.548166751861572,0.272754400968552,0.0681886002421379
-0.770554780960083,-0.192638695240021,0.822993934154511,0.205748483538628,-0.526816964149475,-0.131704241037369,3.46087980270386,0.865219950675964,2.18894958496094,0.547237396240234,0.654444813728333,0.163611203432083,-3.08733010292053,-0.771832525730133,-0.118267312645912,-0.029566828161478,-0.0557970777153969,-0.0139492694288492,3.72329425811768,0.930823564529419,-1.42607498168945,-0.356518745422363,0.347922563552856,0.0869806408882141,0.0464526824653149,0.0116131706163287,-0.116933181881905,-0.0292332954704762,-0.427787631750107,-0.106946907937527,0.452699363231659,0.113174840807915,-27.0740699768066,-6.76851749420166,-1.03058183193207,-0.257645457983017,0.00175085291266441,0.000437713228166103,-0.800426840782166,-0.200106710195541,-1.08781909942627,-0.271954774856567,0.186454966664314,0.0466137416660786,0.956415176391602,0.2391037940979,25.3288269042969,6.33220672607422,0.0684748739004135,0.0171187184751034,0.530984282493591,0.132746070623398,1.96444690227509,0.491111725568771,-1.77639961242676,-0.444099903106689,0.601174116134644,0.150293529033661
-1.14791226387024,-0.28697806596756,0.30482006072998,0.0762050151824951,-0.25854018330574,-0.0646350458264351,4.07104539871216,1.01776134967804,2.78739619255066,0.696849048137665,0.0442405045032501,0.0110601261258125,-2.98346138000488,-0.745865345001221,-0.104185059666634,-0.0260462649166584,0.088440515100956,0.022110128775239,2.93802952766418,0.734507381916046,-1.38233709335327,-0.345584273338318,0.362372934818268,0.090593233704567,0.183199346065521,0.0457998365163803,0.438991606235504,0.109747901558876,-0.502349495887756,-0.125587373971939,0.328661620616913,0.0821654051542282,-27.3099727630615,-6.82749319076538,-0.545932054519653,-0.136483013629913,-0.539701104164124,-0.134925276041031,-0.774539291858673,-0.193634822964668,-1.51498293876648,-0.37874573469162,0.303682863712311,0.0759207159280777,0.378733158111572,0.0946832895278931,25.4650192260742,6.36625480651856,0.510952293872833,0.127738073468208,-0.261121779680252,-0.065280444920063,1.62281548976898,0.405703872442246,-1.98912930488586,-0.497282326221466,0.0987838953733444,0.0246959738433361
-2.41714096069336,-0.60428524017334,-0.685851514339447,-0.171462878584862,0.000476934015750885,0.000119233503937721,4.76799535751343,1.19199883937836,-1.86567318439484,-0.466418296098709,-0.990968465805054,-0.247742116451263,-2.434645652771,-0.608661413192749,-1.04369175434113,-0.260922938585281,0.671523571014404,0.167880892753601,0.848358511924744,0.212089627981186,0.148799702525139,0.0371999256312847,1.04080784320831,0.260201960802078,0.00789570435881615,0.00197392608970404,-0.904130876064301,-0.226032719016075,0.11164590716362,0.027911476790905,0.369990855455399,0.0924977138638496,-27.2374248504639,-6.80935621261597,-0.733571648597717,-0.183392912149429,0.375837057828903,0.0939592644572258,-0.901340425014496,-0.225335106253624,-1.19516825675964,-0.298792064189911,0.687889158725739,0.171972289681435,0.786175847053528,0.196543961763382,25.2568798065186,6.31421995162964,0.326258927583694,0.0815647318959236,0.531581342220306,0.132895335555077,1.68243753910065,0.420609384775162,-1.76907014846802,-0.442267537117004,0.300440013408661,0.0751100033521652
-2.43720531463623,-0.609301328659058,0.390048176050186,0.0975120440125465,-0.445865869522095,-0.111466467380524,4.43511867523193,1.10877966880798,-2.36044502258301,-0.590111255645752,0.349968612194061,0.0874921530485153,-1.71391451358795,-0.428478628396988,-1.43984067440033,-0.359960168600082,0.850343823432922,0.212585955858231,2.33688902854919,0.584222257137299,0.697510838508606,0.174377709627152,0.476312190294266,0.119078047573566,0.135751247406006,0.0339378118515015,0.401399075984955,0.100349768996239,-0.638926863670349,-0.159731715917587,0.0115583091974258,0.00288957729935646,-26.6706962585449,-6.66767406463623,-0.950486421585083,-0.237621605396271,-1.43191254138947,-0.357978135347366,-0.142356932163239,-0.0355892330408096,-2.48236298561096,-0.620590746402741,0.27711695432663,0.0692792385816574,0.842504382133484,0.210626095533371,25.1910266876221,6.29775667190552,0.158350855112076,0.039587713778019,-0.151019513607025,-0.0377548784017563,0.89279043674469,0.223197609186172,-1.38780665397644,-0.34695166349411,-1.19250154495239,-0.298125386238098
-3.20643734931946,-0.801609337329865,-0.0578119419515133,-0.0144529854878783,-0.293033003807068,-0.073258250951767,4.13705825805664,1.03426456451416,-1.96231615543365,-0.490579038858414,-0.184876799583435,-0.0462191998958588,-1.42617154121399,-0.356542885303497,-0.712968707084656,-0.178242176771164,0.1954615265131,0.0488653816282749,2.46146321296692,0.61536580324173,1.03312659263611,0.258281648159027,0.234264388680458,0.0585660971701145,-0.169175997376442,-0.0422939993441105,-1.33711016178131,-0.334277540445328,-0.263744860887527,-0.0659362152218819,-0.182021573185921,-0.0455053932964802,-26.4814891815186,-6.62037229537964,-0.57699453830719,-0.144248634576797,0.410796314477921,0.10269907861948,-0.923003613948822,-0.230750903487206,-1.90022671222687,-0.475056678056717,1.35249900817871,0.338124752044678,0.68411523103714,0.171028807759285,24.6430492401123,6.16076231002808,1.11299419403076,0.27824854850769,-0.635058462619782,-0.158764615654945,0.38974666595459,0.0974366664886475,-1.64857459068298,-0.412143647670746,1.50380718708038,0.375951796770096
-2.82200193405151,-0.705500483512878,-0.100221157073975,-0.0250552892684937,-0.0463383868336678,-0.0115845967084169,4.30136060714722,1.0753401517868,-1.19956171512604,-0.299890428781509,-0.14871409535408,-0.0371785238385201,-0.958860695362091,-0.239715173840523,-1.18313229084015,-0.295783072710037,0.32745161652565,0.0818629041314125,3.41954207420349,0.854885518550873,2.4026243686676,0.600656092166901,0.431040942668915,0.107760235667229,0.108205243945122,0.0270513109862804,0.210796743631363,0.0526991859078407,-1.05954730510712,-0.264886826276779,-0.461230278015137,-0.115307569503784,-26.8408317565918,-6.71020793914795,-1.09915685653687,-0.274789214134216,-1.45447933673859,-0.363619834184647,-0.537917137145996,-0.134479284286499,-1.42485499382019,-0.356213748455048,0.173384174704552,0.0433460436761379,0.647553741931915,0.161888435482979,25.1564960479736,6.28912401199341,0.0860475674271584,0.0215118918567896,-0.59448903799057,-0.148622259497643,0.775025367736816,0.193756341934204,-2.27971863746643,-0.569929659366608,-0.468182682991028,-0.117045670747757
-2.98408651351929,-0.746021628379822,-0.0331117324531078,-0.00827793311327696,-0.345287829637527,-0.0863219574093819,3.98140048980713,0.995350122451782,-1.30874967575073,-0.327187418937683,-0.0493180677294731,-0.0123295169323683,-1.1517813205719,-0.287945330142975,-0.362066149711609,-0.0905165374279022,0.0787508189678192,0.0196877047419548,3.72387290000916,0.930968225002289,4.45666980743408,1.11416745185852,0.867881119251251,0.216970279812813,0.10181787610054,0.025454469025135,-0.924129962921143,-0.231032490730286,-0.458697110414505,-0.114674277603626,0.613165318965912,0.153291329741478,-27.329345703125,-6.83233642578125,-0.819274425506592,-0.204818606376648,0.854024767875671,0.213506191968918,-0.999690353870392,-0.249922588467598,-1.4048011302948,-0.3512002825737,0.534366548061371,0.133591637015343,0.224472612142563,0.0561181530356407,25.1603393554688,6.29008483886719,1.11046779155731,0.277616947889328,-0.422772973775864,-0.105693243443966,0.762606620788574,0.190651655197144,-1.64433789253235,-0.411084473133087,-0.0512986183166504,-0.0128246545791626
-2.80056023597717,-0.700140058994293,-0.522774338722229,-0.130693584680557,-0.0477729663252831,-0.0119432415813208,3.0287914276123,0.757197856903076,-0.43548572063446,-0.108871430158615,-0.875052750110626,-0.218763187527657,-1.1543436050415,-0.288585901260376,-0.452685654163361,-0.11317141354084,0.039842426776886,0.0099606066942215,4.60416269302368,1.15104067325592,6.63608837127686,1.65902209281921,1.69414269924164,0.42353567481041,0.135141849517822,0.0337854623794556,-0.116903498768806,-0.0292258746922016,-1.00576496124268,-0.251441240310669,-0.598407864570618,-0.149601966142654,-27.7704486846924,-6.9426121711731,-0.618166923522949,-0.154541730880737,-1.46375942230225,-0.365939855575562,-0.824533104896545,-0.206133276224136,-1.70142388343811,-0.425355970859528,0.614862620830536,0.153715655207634,0.464915454387665,0.116228863596916,25.9774646759033,6.49436616897583,0.633423686027527,0.158355921506882,-0.428404241800308,-0.107101060450077,0.557241439819336,0.139310359954834,-2.21709990501404,-0.55427497625351,0.56098610162735,0.140246525406837
-3.16520810127258,-0.791302025318146,0.0781553387641907,0.0195388346910477,-0.419049173593521,-0.10476229339838,2.14811205863953,0.537028014659882,-0.592627942562103,-0.148156985640526,-0.792259335517883,-0.198064833879471,-1.48311185836792,-0.37077796459198,-0.0883622616529465,-0.0220905654132366,-0.344298452138901,-0.0860746130347252,4.90201473236084,1.22550368309021,6.09699201583862,1.52424800395966,2.94911026954651,0.737277567386627,0.0726701021194458,0.0181675255298615,-0.844939529895783,-0.211234882473946,-0.166595742106438,-0.0416489355266094,0.196522310376167,0.0491305775940418,-28.8113498687744,-7.2028374671936,-0.661734938621521,-0.16543373465538,1.23707115650177,0.309267789125443,-1.22984290122986,-0.307460725307465,-1.55253911018372,-0.388134777545929,0.0863009542226791,0.0215752385556698,-0.0824470445513725,-0.0206117611378431,27.2083854675293,6.80209636688232,0.646636605262756,0.161659151315689,-0.500624775886536,-0.125156193971634,1.13698899745941,0.284247249364853,-2.30078148841858,-0.575195372104645,-0.537890732288361,-0.13447268307209
-2.33662033081055,-0.584155082702637,0.764715611934662,0.191178902983665,-0.427844047546387,-0.106961011886597,1.63322472572327,0.408306181430817,0.627787470817566,0.156946867704391,0.558674156665802,0.139668539166451,-2.31528353691101,-0.578820884227753,-0.0563986450433731,-0.0140996612608433,0.0663912668824196,0.0165978167206049,5.10682535171509,1.27670633792877,-3.05548739433289,-0.763871848583221,-0.390742480754852,-0.0976856201887131,0.523176312446594,0.130794078111649,1.35363876819611,0.338409692049027,-0.716217160224915,-0.179054290056229,-0.650208234786987,-0.162552058696747,-29.322925567627,-7.33073139190674,-0.611736059188843,-0.152934014797211,-2.10705137252808,-0.526762843132019,-0.735183715820313,-0.183795928955078,-1.27753257751465,-0.319383144378662,-0.137411579489708,-0.034352894872427,-0.339046537876129,-0.0847616344690323,27.6527652740479,6.91319131851196,0.998908460140228,0.249727115035057,0.1370649933815,0.0342662483453751,1.05057382583618,0.262643456459045,-1.60408997535706,-0.401022493839264,0.965539038181305,0.241384759545326
-1.44129228591919,-0.360323071479797,1.47009348869324,0.367523372173309,-0.671754837036133,-0.167938709259033,2.39720439910889,0.599301099777222,0.450665235519409,0.112666308879852,0.449096471071243,0.112274117767811,-2.75990629196167,-0.689976572990418,0.0612669140100479,0.015316728502512,-0.180407047271729,-0.0451017618179321,4.66981077194214,1.16745269298553,-1.98466277122498,-0.496165692806244,0.2275111079216,0.0568777769804001,0.147264540195465,0.0368161350488663,-0.29438328742981,-0.0735958218574524,-0.70090126991272,-0.17522531747818,1.24902021884918,0.312255054712296,-29.3581275939941,-7.33953189849854,-0.68207585811615,-0.170518964529037,0.309462815523148,0.0773657038807869,-0.73521614074707,-0.183804035186768,-2.85101938247681,-0.712754845619202,0.0422195941209793,0.0105548985302448,0.43933692574501,0.109834231436253,27.1434650421143,6.78586626052856,0.305200517177582,0.0763001292943955,-1.26400423049927,-0.316001057624817,1.39370024204254,0.348425060510635,-2.40724277496338,-0.601810693740845,0.471714317798615,0.117928579449654
-1.49391293525696,-0.37347823381424,0.749979078769684,0.187494769692421,-0.559669315814972,-0.139917328953743,2.5494556427002,0.637363910675049,0.867557942867279,0.21688948571682,0.815751194953919,0.20393779873848,-2.87032461166382,-0.717581152915955,-0.201183065772057,-0.0502957664430141,0.051939383149147,0.0129848457872868,4.69033813476563,1.17258453369141,-2.1197943687439,-0.529948592185974,-0.0474123992025852,-0.0118530998006463,0.316711276769638,0.0791778191924095,0.848096787929535,0.212024196982384,-0.54584538936615,-0.136461347341537,-0.0414965152740479,-0.010374128818512,-28.3953704833984,-7.09884262084961,-0.518666744232178,-0.129666686058044,-0.763408660888672,-0.190852165222168,-1.06120276451111,-0.265300691127777,-0.680559694766998,-0.17013992369175,0.403933525085449,0.100983381271362,0.755350530147553,0.188837632536888,27.03076171875,6.7576904296875,0.919540882110596,0.229885220527649,0.619167625904083,0.154791906476021,1.66789019107819,0.416972547769547,-2.40456771850586,-0.601141929626465,0.416865259408951,0.104216314852238
-1.36767542362213,-0.341918855905533,0.847999632358551,0.211999908089638,-0.52976530790329,-0.132441326975822,3.17478513717651,0.793696284294128,1.95794892311096,0.489487230777741,0.862234234809876,0.215558558702469,-2.74269151687622,-0.685672879219055,-0.0429694801568985,-0.0107423700392246,-0.142854809761047,-0.0357137024402618,4.5453896522522,1.13634741306305,-1.09361827373505,-0.273404568433762,0.440459638834,0.1101149097085,0.186465471982956,0.046616367995739,-0.523106932640076,-0.130776733160019,-0.880888342857361,-0.22022208571434,-0.16685152053833,-0.0417128801345825,-28.0912227630615,-7.02280569076538,-0.38329753279686,-0.0958243831992149,-1.01568067073822,-0.253920167684555,-0.754654824733734,-0.188663706183434,-1.59135341644287,-0.397838354110718,0.314238160848618,0.0785595402121544,0.209806174039841,0.0524515435099602,26.7891254425049,6.69728136062622,0.430186688899994,0.107546672224998,-0.30243992805481,-0.0756099820137024,1.73530828952789,0.433827072381973,-0.937216281890869,-0.234304070472717,0.448082447052002,0.112020611763
-1.58468580245972,-0.396171450614929,0.38370007276535,0.0959250181913376,-0.306090027093887,-0.0765225067734718,2.92256164550781,0.730640411376953,1.54494726657867,0.386236816644669,0.255622744560242,0.0639056861400604,-2.83641719818115,-0.709104299545288,-0.0749351531267166,-0.0187337882816792,-0.0514205768704414,-0.0128551442176104,4.41376113891602,1.103440284729,-1.52753782272339,-0.381884455680847,0.287427246570587,0.0718568116426468,0.214789122343063,0.0536972805857658,0.657166242599487,0.164291560649872,-0.452548772096634,-0.113137193024158,-0.0598477125167847,-0.0149619281291962,-27.4922485351563,-6.87306213378906,-0.635453939437866,-0.158863484859467,-1.16891896724701,-0.292229741811752,-0.792004406452179,-0.198001101613045,-1.68957924842834,-0.422394812107086,0.186554059386253,0.0466385148465633,0.796718716621399,0.19917967915535,26.4346809387207,6.60867023468018,0.531646549701691,0.132911637425423,0.278719812631607,0.0696799531579018,1.70710730552673,0.426776826381683,-2.10949897766113,-0.527374744415283,-0.168177530169487,-0.0420443825423718
-1.52149736881256,-0.38037434220314,0.632262468338013,0.158065617084503,-0.388615816831589,-0.0971539542078972,3.9898829460144,0.997470736503601,2.91686344146729,0.729215860366821,0.372382074594498,0.0930955186486244,-2.73263645172119,-0.683159112930298,-0.165933713316917,-0.0414834283292294,-0.00567127205431461,-0.00141781801357865,3.65636086463928,0.914090216159821,-1.0415666103363,-0.260391652584076,0.341861039400101,0.0854652598500252,0.283378452062607,0.0708446130156517,-0.108365409076214,-0.0270913522690535,-0.628111720085144,-0.157027930021286,0.401954084634781,0.100488521158695,-27.6610069274902,-6.91525173187256,-0.433771669864655,-0.108442917466164,-0.225335568189621,-0.0563338920474052,-0.973758220672607,-0.243439555168152,-1.25171196460724,-0.31292799115181,0.612067580223084,0.153016895055771,0.297017574310303,0.0742543935775757,26.5876064300537,6.64690160751343,0.668619394302368,0.167154848575592,-0.284107774496079,-0.0710269436240196,1.38174867630005,0.345437169075012,-1.87479424476624,-0.468698561191559,1.08015859127045,0.270039647817612
-1.5490837097168,-0.387270927429199,-0.11770860850811,-0.0294271521270275,0.0775501653552055,0.0193875413388014,4.59427213668823,1.14856803417206,2.37142968177795,0.592857420444489,-0.065764881670475,-0.0164412204176188,-3.1656813621521,-0.791420340538025,-0.262607216835022,-0.0656518042087555,0.246119230985641,0.0615298077464104,2.6097149848938,0.65242874622345,-0.952686429023743,-0.238171607255936,0.471192479133606,0.117798119783401,0.309245675802231,0.0773114189505577,0.572438299655914,0.143109574913979,-0.261756718158722,-0.0654391795396805,0.384192675352097,0.0960481688380241,-27.3894062042236,-6.84735155105591,-1.03218519687653,-0.258046299219131,-0.465909332036972,-0.116477333009243,-0.637391567230225,-0.159347891807556,-1.307785987854,-0.326946496963501,-0.470589458942413,-0.117647364735603,0.272830724716187,0.0682076811790466,26.6408958435059,6.66022396087647,0.239075884222984,0.0597689710557461,0.182665094733238,0.0456662736833096,1.81840360164642,0.454600900411606,-2.0885968208313,-0.522149205207825,-0.282561987638474,-0.0706404969096184
-2.52726602554321,-0.631816506385803,-0.831813216209412,-0.207953304052353,-0.197554916143417,-0.0493887290358543,4.54305028915405,1.13576257228851,-2.85405397415161,-0.713513493537903,-0.77279806137085,-0.193199515342712,-2.34189081192017,-0.585472702980042,-1.0297816991806,-0.257445424795151,0.830579161643982,0.207644790410995,0.859294414520264,0.214823603630066,0.489249438047409,0.122312359511852,0.859777390956879,0.21494434773922,-0.0964785367250443,-0.0241196341812611,-1.10466980934143,-0.276167452335358,-0.0817549973726273,-0.0204387493431568,0.0312774479389191,0.00781936198472977,-26.4976921081543,-6.62442302703857,-0.636613845825195,-0.159153461456299,0.116653233766556,0.0291633084416389,-0.898686587810516,-0.224671646952629,-1.17534947395325,-0.293837368488312,0.82254832983017,0.205637082457542,0.403801560401917,0.100950390100479,25.7950763702393,6.44876909255981,0.926608979701996,0.231652244925499,0.239197835326195,0.0597994588315487,1.2198725938797,0.304968148469925,-1.7031135559082,-0.425778388977051,0.447641730308533,0.111910432577133
-2.38317370414734,-0.595793426036835,0.0437953360378742,0.0109488340094686,-0.301030367612839,-0.0752575919032097,4.36558532714844,1.09139633178711,-1.831134557724,-0.457783639431,0.0548467561602593,0.0137116890400648,-2.01740980148315,-0.504352450370789,-0.736952245235443,-0.184238061308861,0.58648955821991,0.146622389554977,2.03341317176819,0.508353292942047,0.78638756275177,0.196596890687943,1.34766662120819,0.336916655302048,0.118008613586426,0.0295021533966064,0.132355898618698,0.0330889746546745,-0.606070756912231,-0.151517689228058,0.476058393716812,0.119014598429203,-25.6497688293457,-6.41244220733643,-0.936891913414002,-0.2342229783535,-1.10859942436218,-0.277149856090546,-0.438852608203888,-0.109713152050972,-2.25485587120056,-0.56371396780014,-0.0955729931592941,-0.0238932482898235,0.92968362569809,0.232420906424522,25.1654682159424,6.2913670539856,0.0707425251603127,0.0176856312900782,-0.0731306076049805,-0.0182826519012451,1.26350843906403,0.315877109766006,-1.61781358718872,-0.40445339679718,-0.684487462043762,-0.171121865510941
-3.02641296386719,-0.756603240966797,-0.0966688245534897,-0.0241672061383724,-0.0667362883687019,-0.0166840720921755,4.33760595321655,1.08440148830414,-2.29933309555054,-0.574833273887634,-0.0112711861729622,-0.00281779654324055,-1.77543020248413,-0.443857550621033,-0.844818651676178,-0.211204662919045,0.201005131006241,0.0502512827515602,1.9365793466568,0.4841448366642,-0.143420979380608,-0.0358552448451519,0.40331506729126,0.100828766822815,-0.0534258745610714,-0.0133564686402678,-1.07410490512848,-0.26852622628212,-0.202440470457077,-0.0506101176142693,0.171819239854813,0.0429548099637032,-25.2587928771973,-6.31469821929932,-0.759885549545288,-0.189971387386322,0.798262119293213,0.199565529823303,-1.01850783824921,-0.254626959562302,-1.17302596569061,-0.293256491422653,0.652755916118622,0.163188979029655,0.297666549682617,0.0744166374206543,24.7383251190186,6.18458127975464,1.185791015625,0.29644775390625,-0.638284265995026,-0.159571066498756,0.638943433761597,0.159735858440399,-2.21034789085388,-0.552586972713471,0.468953758478165,0.117238439619541
-2.60087609291077,-0.650219023227692,-0.065475270152092,-0.016368817538023,-0.171167463064194,-0.0427918657660484,4.49692296981812,1.12423074245453,-1.30545747280121,-0.326364368200302,0.179133504629135,0.0447833761572838,-1.58228766918182,-0.395571917295456,-1.32499241828918,-0.331248104572296,0.447490036487579,0.111872509121895,2.39340424537659,0.598351061344147,-0.0386262722313404,-0.0096565680578351,-0.090899646282196,-0.022724911570549,0.161120474338532,0.0402801185846329,0.233337372541428,0.0583343431353569,-0.798425197601318,-0.19960629940033,-0.352752208709717,-0.0881880521774292,-25.3629322052002,-6.34073305130005,-0.73586893081665,-0.183967232704163,-1.83994841575623,-0.459987103939056,-0.433556079864502,-0.108389019966125,-1.96157073974609,-0.490392684936523,0.776925206184387,0.194231301546097,0.601565480232239,0.15039137005806,25.014554977417,6.25363874435425,0.0387060083448887,0.00967650208622217,-0.220858857035637,-0.0552147142589092,0.979023933410645,0.244755983352661,-1.31611013412476,-0.329027533531189,-0.283507734537125,-0.0708769336342812
-2.77590942382813,-0.693977355957031,0.151915907859802,0.0379789769649506,-0.369485974311829,-0.0923714935779572,4.24186897277832,1.06046724319458,-1.82609820365906,-0.456524550914764,0.175541907548904,0.0438854768872261,-1.91244316101074,-0.478110790252686,-0.561093509197235,-0.140273377299309,0.301859796047211,0.0754649490118027,2.12412333488464,0.531030833721161,0.4992895424366,0.12482238560915,0.0317783914506435,0.00794459786266089,0.0479878298938274,0.0119969574734569,-0.845054805278778,-0.211263701319695,-0.135253548622131,-0.0338133871555328,0.583312273025513,0.145828068256378,-25.0349197387695,-6.25872993469238,-1.22067403793335,-0.305168509483337,0.97193443775177,0.242983609437943,-0.684141039848328,-0.171035259962082,-1.46807539463043,-0.367018848657608,0.199800387024879,0.0499500967562199,0.218992739915848,0.0547481849789619,24.539249420166,6.1348123550415,0.911779224872589,0.227944806218147,-0.745128154754639,-0.18628203868866,1.08734536170959,0.271836340427399,-2.09364485740662,-0.523411214351654,-0.445858359336853,-0.111464589834213
-2.39654088020325,-0.599135220050812,-0.203272894024849,-0.0508182235062122,-0.081440381705761,-0.0203600954264402,4.26648092269898,1.06662023067474,-1.0787605047226,-0.269690126180649,-0.104260332882404,-0.0260650832206011,-1.61710894107819,-0.404277235269547,-0.939698159694672,-0.234924539923668,0.448285073041916,0.112071268260479,2.57001996040344,0.642504990100861,1.39918971061707,0.349797427654266,-0.127939850091934,-0.0319849625229836,0.158983647823334,0.0397459119558334,0.41610449552536,0.10402612388134,-0.818914294242859,-0.204728573560715,-0.300986558198929,-0.0752466395497322,-24.8833045959473,-6.22082614898682,-0.563104450702667,-0.140776112675667,-1.84382224082947,-0.460955560207367,-0.592861771583557,-0.148215442895889,-1.81476080417633,-0.453690201044083,1.12623572349548,0.281558930873871,0.826260209083557,0.206565052270889,24.4927253723145,6.12318134307861,0.294288039207459,0.0735720098018646,0.017858799546957,0.00446469988673925,0.83285403251648,0.20821350812912,-1.57751202583313,-0.394378006458282,0.360970139503479,0.0902425348758698
-2.90002274513245,-0.725005686283112,0.186472877860069,0.0466182194650173,-0.361313968896866,-0.0903284922242165,4.07843017578125,1.01960754394531,-1.72072017192841,-0.430180042982101,0.17576539516449,0.0439413487911224,-1.5749419927597,-0.393735498189926,-0.659591317176819,-0.164897829294205,0.270576387643814,0.0676440969109535,2.40690302848816,0.60172575712204,0.947766125202179,0.236941531300545,0.367279410362244,0.0918198525905609,-0.0298564471304417,-0.00746411178261042,-1.08240389823914,-0.270600974559784,-0.123108297586441,-0.0307770743966103,0.550165593624115,0.137541398406029,-25.0743179321289,-6.26857948303223,-1.40000605583191,-0.350001513957977,1.33379185199738,0.333447962999344,-0.790021002292633,-0.197505250573158,-0.74761825799942,-0.186904564499855,-0.207875058054924,-0.051968764513731,0.204367458820343,0.0510918647050858,24.4305095672607,6.10762739181519,0.598718166351318,0.14967954158783,-0.475013434886932,-0.118753358721733,1.27925908565521,0.319814771413803,-1.82799816131592,-0.45699954032898,-0.765653491020203,-0.191413372755051
-2.66679668426514,-0.666699171066284,-0.341657698154449,-0.0854144245386124,-0.0840479284524918,-0.0210119821131229,3.69734621047974,0.924336552619934,-0.855071008205414,-0.213767752051353,-0.339519679546356,-0.0848799198865891,-1.26044738292694,-0.315111845731735,-0.893788397312164,-0.223447099328041,0.293988108634949,0.0734970271587372,2.92556357383728,0.73139089345932,1.73806321620941,0.434515804052353,0.278459697961807,0.0696149244904518,0.222638130187988,0.0556595325469971,0.61229145526886,0.153072863817215,-0.852908611297607,-0.213227152824402,-0.739805281162262,-0.184951320290566,-25.6871795654297,-6.42179489135742,-0.0778786540031433,-0.0194696635007858,-2.76359176635742,-0.690897941589356,-0.490858912467957,-0.122714728116989,-2.4983389377594,-0.62458473443985,1.59432744979858,0.398581862449646,1.39382755756378,0.348456889390945,24.4570446014404,6.11426115036011,0.841443240642548,0.210360810160637,0.367438912391663,0.0918597280979157,0.285297006368637,0.0713242515921593,-1.32437348365784,-0.331093370914459,0.715459644794464,0.178864911198616
-3.02373933792114,-0.755934834480286,-0.0213819853961468,-0.00534549634903669,-0.273652583360672,-0.068413145840168,3.70034313201904,0.925085783004761,-1.87433779239655,-0.468584448099136,0.0390584766864777,0.00976461917161942,-1.37928509712219,-0.344821274280548,-0.670502662658691,-0.167625665664673,0.195563346147537,0.0488908365368843,2.63007044792175,0.657517611980438,1.95052862167358,0.487632155418396,0.726669847965241,0.18166746199131,0.106735289096832,0.0266838222742081,-1.11983954906464,-0.279959887266159,-0.0946410074830055,-0.0236602518707514,1.11953258514404,0.279883146286011,-26.5945453643799,-6.64863634109497,-1.2217583656311,-0.305439591407776,0.369679480791092,0.092419870197773,-0.606170773506165,-0.151542693376541,-4.19945669174194,-1.04986417293549,-0.181709453463554,-0.0454273633658886,0.19853338599205,0.0496333464980125,25.0041275024414,6.25103187561035,0.104955174028873,0.0262387935072184,-1.27561402320862,-0.318903505802155,1.25152838230133,0.312882095575333,-1.92918109893799,-0.482295274734497,-0.829788565635681,-0.20744714140892
-2.59874773025513,-0.649686932563782,-0.520313560962677,-0.130078390240669,-0.221092402935028,-0.055273100733757,2.63045215606689,0.657613039016724,-0.0534877739846706,-0.0133719434961677,-0.744323253631592,-0.186080813407898,-1.38323605060577,-0.345809012651444,-0.541544795036316,-0.135386198759079,0.140746966004372,0.0351867415010929,3.78855586051941,0.947138965129852,2.27996110916138,0.569990277290344,1.04725968837738,0.261814922094345,0.231250286102295,0.0578125715255737,0.638324320316315,0.159581080079079,-0.472353935241699,-0.118088483810425,-0.305931836366653,-0.0764829590916634,-26.5374183654785,-6.63435459136963,-0.362507462501526,-0.0906268656253815,0.307577341794968,0.0768943354487419,-1.44353497028351,-0.360883742570877,0.284912586212158,0.0712281465530396,1.32746720314026,0.331866800785065,1.12101447582245,0.280253618955612,25.1489200592041,6.28723001480103,1.58262491226196,0.395656228065491,0.855172514915466,0.213793128728867,0.351720750331879,0.0879301875829697,-1.99990653991699,-0.499976634979248,0.309577584266663,0.0773943960666657
-2.70956039428711,-0.677390098571777,1.40302658081055,0.350756645202637,-0.879345893859863,-0.219836473464966,1.62287819385529,0.405719548463821,-0.0999634265899658,-0.0249908566474915,0.314285218715668,0.0785713046789169,-1.45660400390625,-0.364151000976563,0.173309907317162,0.0433274768292904,-0.347482740879059,-0.0868706852197647,4.70876789093018,1.17719197273254,-1.79583096504211,-0.448957741260529,0.766093075275421,0.191523268818855,0.174376115202904,0.0435940288007259,-0.451946407556534,-0.112986601889133,-0.574448347091675,-0.143612086772919,0.0645330846309662,0.0161332711577415,-26.9388160705566,-6.73470401763916,-0.654254794120789,-0.163563698530197,-0.713949680328369,-0.178487420082092,-0.621856331825256,-0.155464082956314,-0.620096147060394,-0.155024036765099,-0.333799839019775,-0.0834499597549439,-0.209441423416138,-0.0523603558540344,25.7190589904785,6.42976474761963,0.212879374623299,0.0532198436558247,-0.6745885014534,-0.16864712536335,1.10520648956299,0.276301622390747,-1.03114295005798,-0.257785737514496,0.800804436206818,0.200201109051704
-2.47833681106567,-0.619584202766419,0.493660986423492,0.123415246605873,-0.691754937171936,-0.172938734292984,1.57292068004608,0.39323017001152,-1.74412894248962,-0.436032235622406,0.288777410984039,0.0721943527460098,-2.13604784011841,-0.534011960029602,0.184804335236549,0.0462010838091373,-0.134187370538712,-0.0335468426346779,4.83102464675903,1.20775616168976,-2.60268330574036,-0.650670826435089,0.0249619148671627,0.00624047871679068,0.327354729175568,0.0818386822938919,0.855330765247345,0.213832691311836,-0.181387737393379,-0.0453469343483448,0.807479321956635,0.201869830489159,-26.6287174224854,-6.65717935562134,-0.633614897727966,-0.158403724431992,-0.359623283147812,-0.089905820786953,-0.619123458862305,-0.154780864715576,-2.38961672782898,-0.597404181957245,1.11651837825775,0.279129594564438,1.36052334308624,0.340130835771561,25.2502822875977,6.31257057189941,0.685453057289124,0.171363264322281,0.566202342510223,0.141550585627556,1.59575700759888,0.398939251899719,-1.61055064201355,-0.402637660503387,-0.151784762740135,-0.0379461906850338
-1.97680246829987,-0.494200617074966,1.38985407352448,0.347463518381119,-0.924854695796967,-0.231213673949242,2.05033540725708,0.51258385181427,-0.251742869615555,-0.0629357174038887,0.858913540840149,0.214728385210037,-2.42457294464111,-0.606143236160278,0.0428362041711807,0.0107090510427952,-0.145260035991669,-0.0363150089979172,4.78625774383545,1.19656443595886,-2.26439380645752,-0.56609845161438,-0.0347396172583103,-0.00868490431457758,0.188456237316132,0.0471140593290329,-0.148631125688553,-0.0371577814221382,-0.731740951538086,-0.182935237884521,-0.269132167100906,-0.0672830417752266,-26.9907703399658,-6.74769258499146,-0.952780365943909,-0.238195091485977,-0.473467916250229,-0.118366979062557,-0.693858504295349,-0.173464626073837,-0.893367230892181,-0.223341807723045,-0.246407464146614,-0.0616018660366535,-0.270424157381058,-0.0676060393452644,25.3979358673096,6.34948396682739,0.778699994087219,0.194674998521805,-1.2257571220398,-0.306439280509949,0.865969300270081,0.21649232506752,-2.35483407974243,-0.588708519935608,0.846928596496582,0.211732149124146
-2.11172366142273,-0.527930915355682,0.769875943660736,0.192468985915184,-0.640452146530151,-0.160113036632538,2.0018515586853,0.500462889671326,-0.334798514842987,-0.0836996287107468,0.823396742343903,0.205849185585976,-2.74932599067688,-0.68733149766922,-0.271630465984345,-0.0679076164960861,0.0747211426496506,0.0186802856624126,4.54973459243774,1.13743364810944,-2.37698864936829,-0.594247162342072,0.0589319430291653,0.0147329857572913,0.242999613285065,0.0607499033212662,0.449441432952881,0.11236035823822,-0.165767356753349,-0.0414418391883373,0.12490713596344,0.03122678399086,-26.7974643707275,-6.69936609268189,-0.179697781801224,-0.0449244454503059,-1.15389800071716,-0.288474500179291,-0.943096995353699,-0.235774248838425,-2.13460326194763,-0.533650815486908,0.580068349838257,0.145017087459564,0.62436854839325,0.156092137098312,25.2192630767822,6.30481576919556,0.21246175467968,0.05311543866992,0.0110818855464458,0.00277047138661146,1.57476460933685,0.393691152334213,-1.683758020401,-0.42093950510025,0.3725526034832,0.0931381508708
-1.54080438613892,-0.385201096534729,0.997315108776093,0.249328777194023,-0.775347948074341,-0.193836987018585,2.22905874252319,0.557264685630798,0.237602889537811,0.0594007223844528,0.736645638942719,0.18416140973568,-2.68559670448303,-0.671399176120758,-0.171184226870537,-0.0427960567176342,-0.099862776696682,-0.0249656941741705,4.61780881881714,1.15445220470428,-2.02251958847046,-0.505629897117615,0.275992095470428,0.0689980238676071,0.0874913334846497,0.0218728333711624,-0.323860645294189,-0.0809651613235474,-0.629430770874023,-0.157357692718506,-0.695201277732849,-0.173800319433212,-26.955057144165,-6.73876428604126,-1.11161601543427,-0.277904003858566,-0.669287323951721,-0.16732183098793,-0.843142986297607,-0.210785746574402,-1.40256285667419,-0.350640714168549,0.490077614784241,0.12251940369606,-0.0147837623953819,-0.00369594059884548,25.1122856140137,6.27807140350342,1.04137778282166,0.260344445705414,-0.722992956638336,-0.180748239159584,1.25312054157257,0.313280135393143,-2.1128716468811,-0.528217911720276,0.43688178062439,0.109220445156097
-1.68429028987885,-0.421072572469711,0.818444430828095,0.204611107707024,-0.81114649772644,-0.20278662443161,2.25927829742432,0.564819574356079,0.653176248073578,0.163294062018394,0.68520712852478,0.171301782131195,-2.71508836746216,-0.67877209186554,-0.18187303841114,-0.0454682596027851,0.0032759252935648,0.000818981323391199,4.55658006668091,1.13914501667023,-2.13464975357056,-0.533662438392639,0.18819759786129,0.0470493994653225,0.136795163154602,0.0341987907886505,0.367710679769516,0.091927669942379,-0.308323234319687,-0.0770808085799217,0.0384151041507721,0.00960377603769302,-27.0905113220215,-6.77262783050537,-0.608080625534058,-0.152020156383514,-0.519528865814209,-0.129882216453552,-0.92486983537674,-0.231217458844185,-1.36712145805359,-0.341780364513397,0.473800361156464,0.118450090289116,0.74215579032898,0.185538947582245,25.1836452484131,6.29591131210327,0.355518460273743,0.0888796150684357,0.071310892701149,0.0178277231752872,1.48310196399689,0.370775490999222,-1.52133679389954,-0.380334198474884,0.681507050991058,0.170376762747765
-0.80418860912323,-0.201047152280808,1.04739582538605,0.261848956346512,-0.901252269744873,-0.225313067436218,2.95421504974365,0.738553762435913,1.913858294487,0.47846457362175,0.877539575099945,0.219384893774986,-2.84479904174805,-0.711199760437012,-0.164394363760948,-0.041098590940237,-0.0305189024657011,-0.00762972561642528,4.17800569534302,1.04450142383575,-1.86072385311127,-0.465180963277817,0.141755908727646,0.0354389771819115,0.0946750044822693,0.0236687511205673,-0.138045787811279,-0.0345114469528198,-0.647322297096252,-0.161830574274063,0.121029376983643,0.0302573442459106,-27.6097049713135,-6.90242624282837,-0.998373627662659,-0.249593406915665,-0.256194561719894,-0.0640486404299736,-0.806398749351502,-0.201599687337875,-1.099440574646,-0.274860143661499,0.40607613325119,0.101519033312798,0.389205127954483,0.0973012819886208,25.2818984985352,6.32047462463379,0.605768620967865,0.151442155241966,-0.450282216072083,-0.112570554018021,1.62033200263977,0.405083000659943,-2.20314812660217,-0.550787031650543,-0.0283909197896719,-0.00709772994741797
-0.767690896987915,-0.191922724246979,0.67511111497879,0.168777778744698,-0.653103590011597,-0.163275897502899,3.26397466659546,0.815993666648865,2.44878196716309,0.612195491790772,0.839552164077759,0.20988804101944,-3.16107749938965,-0.790269374847412,-0.154707327485085,-0.0386768318712711,-0.00473661534488201,-0.0011841538362205,3.64948058128357,0.912370145320892,-1.76976120471954,-0.442440301179886,0.27848494052887,0.0696212351322174,0.0800714194774628,0.0200178548693657,0.161287188529968,0.0403217971324921,-0.465480983257294,-0.116370245814323,0.199149191379547,0.0497872978448868,-27.8503494262695,-6.96258735656738,-0.868113398551941,-0.217028349637985,-0.389268845319748,-0.097317211329937,-0.81719708442688,-0.20429927110672,-1.44431686401367,-0.361079216003418,0.422115504741669,0.105528876185417,0.746141314506531,0.186535328626633,25.2423076629639,6.31057691574097,0.385745644569397,0.0964364111423492,0.0896708220243454,0.0224177055060864,1.62392127513886,0.405980318784714,-1.61762309074402,-0.404405772686005,0.787849605083466,0.196962401270866
-1.01440954208374,-0.253602385520935,0.369521081447601,0.0923802703619003,-0.388160765171051,-0.0970401912927628,3.77294015884399,0.943235039710999,3.04172992706299,0.760432481765747,-0.0357883647084236,-0.0089470911771059,-2.75838804244995,-0.689597010612488,0.0272686928510666,0.00681717321276665,-0.0440186709165573,-0.0110046677291393,3.06080532073975,0.765201330184937,-1.47725391387939,-0.369313478469849,0.432783842086792,0.108195960521698,0.081436038017273,0.0203590095043182,-0.0173579417169094,-0.00433948542922735,-0.629310846328735,-0.157327711582184,0.165742605924606,0.0414356514811516,-28.4545879364014,-7.11364698410034,-0.781341314315796,-0.195335328578949,-0.171114534139633,-0.0427786335349083,-0.771514296531677,-0.192878574132919,-1.12375593185425,-0.280938982963562,0.236568376421928,0.0591420941054821,0.528442323207855,0.132110580801964,25.5027484893799,6.37568712234497,0.260838061571121,0.0652095153927803,-0.424506217241287,-0.106126554310322,1.65710759162903,0.414276897907257,-2.08731627464294,-0.521829068660736,0.104299493134022,0.0260748732835054
-1.9091283082962,-0.477282077074051,-0.165142878890038,-0.0412857197225094,-0.124696873128414,-0.0311742182821035,4.10207557678223,1.02551889419556,1.16483271121979,0.291208177804947,-0.550620496273041,-0.13765512406826,-2.37993216514587,-0.594983041286469,-0.267909288406372,-0.066977322101593,0.132383570075035,0.0330958925187588,2.20749235153198,0.551873087882996,-0.65232515335083,-0.163081288337708,0.735122621059418,0.183780655264854,0.0873029232025147,0.0218257308006287,0.0795194730162621,0.0198798682540655,-0.290552765130997,-0.0726381912827492,0.298843652009964,0.074710913002491,-28.7317352294922,-7.18293380737305,-0.763482093811035,-0.190870523452759,-0.187324613332748,-0.0468311533331871,-0.763273537158966,-0.190818384289742,-1.45808219909668,-0.36452054977417,0.775730669498444,0.193932667374611,1.00125646591187,0.250314116477966,25.7474689483643,6.43686723709106,0.447955936193466,0.111988984048367,0.212614670395851,0.0531536675989628,1.32772099971771,0.331930249929428,-1.40269804000855,-0.350674510002136,0.518380463123322,0.12959511578083
-2.19552636146545,-0.548881590366364,-0.288311183452606,-0.0720777958631516,-0.221671402454376,-0.0554178506135941,4.28999853134155,1.07249963283539,-2.53539538383484,-0.63384884595871,-0.283833742141724,-0.0709584355354309,-1.79384732246399,-0.448461830615997,-0.946030795574188,-0.236507698893547,0.41551399230957,0.103878498077393,1.86270749568939,0.465676873922348,0.35441780090332,0.0886044502258301,0.358277499675751,0.0895693749189377,-0.0731878727674484,-0.0182969681918621,-0.819389879703522,-0.20484746992588,-0.608470916748047,-0.152117729187012,0.260785520076752,0.0651963800191879,-27.2866191864014,-6.82165479660034,-0.929339528083801,-0.23233488202095,-0.309978812932968,-0.077494703233242,-0.731924772262573,-0.182981193065643,-1.51715815067291,-0.379289537668228,0.415627121925354,0.103906780481339,0.805005788803101,0.201251447200775,24.9306335449219,6.23265838623047,0.0498118437826633,0.0124529609456658,-0.550059914588928,-0.137514978647232,1.32183873653412,0.33045968413353,-2.03218984603882,-0.508047461509705,-0.627376139163971,-0.156844034790993
-2.89394044876099,-0.723485112190247,-0.211077466607094,-0.0527693666517735,-0.0963066592812538,-0.0240766648203135,4.62883043289185,1.15720760822296,-1.30764603614807,-0.326911509037018,-0.012166865170002,-0.0030417162925005,-1.19957411289215,-0.299893528223038,-1.306884765625,-0.32672119140625,0.400442093610764,0.100110523402691,3.202965259552,0.800741314888001,2.66601347923279,0.666503369808197,0.803116738796234,0.200779184699059,0.0562367253005505,0.0140591813251376,-0.372177273035049,-0.0930443182587624,-0.769902944564819,-0.192475736141205,-0.456623643636704,-0.114155910909176,-26.7716255187988,-6.69290637969971,-0.834612727165222,-0.208653181791306,-0.806068658828735,-0.201517164707184,-0.558372437953949,-0.139593109488487,-2.02636671066284,-0.50659167766571,0.927873194217682,0.23196829855442,0.902547240257263,0.225636810064316,24.7746429443359,6.19366073608398,0.766679227352142,0.191669806838036,-0.0709068477153778,-0.0177267119288445,0.346272379159927,0.0865680947899818,-1.3788423538208,-0.3447105884552,0.180212244391441,0.0450530610978603
-2.85831046104431,-0.714577615261078,0.0390277095139027,0.00975692737847567,-0.360591888427734,-0.0901479721069336,4.01141357421875,1.00285339355469,-1.0686742067337,-0.267168551683426,-0.150963664054871,-0.0377409160137177,-1.23204040527344,-0.308010101318359,-0.733867287635803,-0.183466821908951,0.052024208009243,0.0130060520023108,4.05786323547363,1.01446580886841,4.18838548660278,1.0470963716507,1.08061230182648,0.270153075456619,-0.188276499509811,-0.0470691248774529,-0.714734196662903,-0.178683549165726,-0.748810529708862,-0.187202632427216,-0.196779519319534,-0.0491948798298836,-27.6423168182373,-6.91057920455933,-0.83757746219635,-0.209394365549088,-0.386544793844223,-0.0966361984610558,-0.590598464012146,-0.147649616003037,-1.71050989627838,-0.427627474069595,0.585162997245789,0.146290749311447,0.879056751728058,0.219764187932014,25.2846946716309,6.32117366790772,0.183343678712845,0.0458359196782112,-0.698716521263123,-0.174679130315781,0.906648397445679,0.22666209936142,-1.98841953277588,-0.49710488319397,-0.440667271614075,-0.110166817903519
-3.03534030914307,-0.758835077285767,-0.399922251701355,-0.0999805629253388,-0.078936941921711,-0.0197342354804277,3.15519142150879,0.788797855377197,-1.07400929927826,-0.268502324819565,-0.89951491355896,-0.22487872838974,-1.19972717761993,-0.299931794404984,-0.158722564578056,-0.0396806411445141,-0.31507483124733,-0.0787687078118324,4.65346765518189,1.16336691379547,6.43676710128784,1.60919177532196,1.74619674682617,0.436549186706543,-0.00128323584794998,-0.000320808961987495,-0.267476767301559,-0.0668691918253899,-0.730826377868652,-0.182706594467163,-0.563284635543823,-0.140821158885956,-28.98410987854,-7.24602746963501,-0.94165849685669,-0.235414624214172,-0.239364475011826,-0.0598411187529564,-0.966800570487976,-0.241700142621994,-1.78845202922821,-0.447113007307053,0.820481359958649,0.205120339989662,0.255151480436325,0.0637878701090813,26.3251533508301,6.58128833770752,1.30622363090515,0.326555907726288,-0.794609487056732,-0.198652371764183,0.357260704040527,0.0893151760101318,-2.29855489730835,-0.574638724327087,0.771296858787537,0.192824214696884
-3.07776570320129,-0.769441425800324,-0.32407546043396,-0.08101886510849,-0.225064009428024,-0.0562660023570061,2.27673959732056,0.569184899330139,-0.447342216968536,-0.111835554242134,-1.14625465869904,-0.286563664674759,-1.48745000362396,-0.371862500905991,0.125882133841515,0.0314705334603787,-0.482073187828064,-0.120518296957016,5.05193662643433,1.26298415660858,7.5425271987915,1.88563179969788,3.56202578544617,0.890506446361542,0.0807694494724274,0.0201923623681068,-0.722274601459503,-0.180568650364876,-0.491030067205429,-0.122757516801357,-0.46387842297554,-0.115969605743885,-30.8296699523926,-7.70741748809814,-0.586423516273499,-0.146605879068375,0.137558132410049,0.0343895331025124,-1.14732933044434,-0.286832332611084,-1.71355557441711,-0.428388893604279,0.0422414690256119,0.010560367256403,-0.0264242514967918,-0.00660606287419796,28.0066699981689,7.00166749954224,0.489046454429626,0.122261613607407,-0.534541428089142,-0.133635357022285,0.866797566413879,0.21669939160347,-2.19750475883484,-0.54937618970871,-0.00828716717660427,-0.00207179179415107
-2.55122303962708,-0.637805759906769,1.00332891941071,0.250832229852676,-0.510979473590851,-0.127744868397713,1.42452371120453,0.356130927801132,0.823731422424316,0.205932855606079,0.311541825532913,0.0778854563832283,-2.6047830581665,-0.651195764541626,-0.263064324855804,-0.0657660812139511,0.0438793338835239,0.010969833470881,5.23416566848755,1.30854141712189,-2.40483665466309,-0.601209163665772,0.00386811420321465,0.000967028550803661,0.452630460262299,0.113157615065575,1.18345844745636,0.29586461186409,-0.271200954914093,-0.0678002387285233,-0.630390048027039,-0.15759751200676,-32.0879783630371,-8.02199459075928,-1.02551639080048,-0.256379097700119,-0.726127147674561,-0.18153178691864,-1.05225300788879,-0.263063251972199,-1.12609171867371,-0.281522929668427,-0.315154254436493,-0.0787885636091232,-0.617485344409943,-0.154371336102486,29.1385536193848,7.28463840484619,0.88687926530838,0.221719816327095,-0.0377680547535419,-0.00944201368838549,1.37073719501495,0.342684298753738,-1.77210903167725,-0.443027257919312,0.229069367051125,0.0572673417627811
-2.1490375995636,-0.5372593998909,1.41557157039642,0.353892892599106,-0.762003183364868,-0.190500795841217,2.10078382492065,0.525195956230164,-0.158395856618881,-0.0395989641547203,0.149913191795349,0.0374782979488373,-2.21071910858154,-0.552679777145386,-0.0527263730764389,-0.0131815932691097,-0.137068301439285,-0.0342670753598213,4.77377414703369,1.19344353675842,-2.35046148300171,-0.587615370750427,0.167528063058853,0.0418820157647133,0.16437703371048,0.0410942584276199,-0.558910250663757,-0.139727562665939,-0.701708436012268,-0.175427109003067,0.808301627635956,0.202075406908989,-32.5597190856934,-8.13992977142334,-0.233903378248215,-0.0584758445620537,-0.0978743731975555,-0.0244685932993889,-0.733941793441773,-0.183485448360443,-1.83904933929443,-0.459762334823608,0.575087189674377,0.143771797418594,0.782521307468414,0.195630326867104,29.1444892883301,7.28612232208252,0.708372354507446,0.177093088626862,-0.468788027763367,-0.117197006940842,1.23037433624268,0.307593584060669,-2.09502768516541,-0.523756921291351,1.30364549160004,0.325911372900009
-2.07897686958313,-0.519744217395783,0.674860656261444,0.168715164065361,-0.539548516273499,-0.134887129068375,2.05982184410095,0.514955461025238,0.223951697349548,0.0559879243373871,0.828721344470978,0.207180336117744,-2.71067070960999,-0.677667677402496,-0.0654305666685104,-0.0163576416671276,0.00740433670580387,0.00185108417645097,4.7785758972168,1.1946439743042,-2.29270696640015,-0.573176741600037,-0.0771966576576233,-0.0192991644144058,0.297449380159378,0.0743623450398445,0.863838195800781,0.215959548950195,-0.257290929555893,-0.0643227323889732,0.00470545887947083,0.00117636471986771,-32.1298866271973,-8.03247165679932,-0.860507488250732,-0.215126872062683,-0.844179034233093,-0.211044758558273,-0.769723176956177,-0.192430794239044,-1.99944674968719,-0.499861687421799,0.425544679164887,0.106386169791222,0.963823318481445,0.240955829620361,29.353515625,7.33837890625,0.553984701633453,0.138496175408363,0.68252557516098,0.170631393790245,1.767542719841,0.441885679960251,-1.50839829444885,-0.377099573612213,0.172439262270927,0.0431098155677319
-1.72093033790588,-0.430232584476471,0.841354131698608,0.210338532924652,-0.580336511135101,-0.145084127783775,2.73879098892212,0.68469774723053,1.18673181533813,0.296682953834534,1.09210848808289,0.273027122020721,-2.4702832698822,-0.617570817470551,-0.101016119122505,-0.0252540297806263,-0.146495148539543,-0.0366237871348858,4.66105508804321,1.1652637720108,-1.43295252323151,-0.358238130807877,0.10926428437233,0.0273160710930824,0.223568111658096,0.0558920279145241,-0.198734939098358,-0.0496837347745895,-0.816928744316101,-0.204232186079025,0.212335079908371,0.0530837699770927,-32.0361328125,-8.009033203125,-0.020345002412796,-0.00508625060319901,-0.154135555028915,-0.0385338887572289,-1.09477913379669,-0.273694783449173,-0.997282922267914,-0.249320730566978,0.809208333492279,0.20230208337307,0.574603319168091,0.143650829792023,29.3642826080322,7.34107065200806,0.736046373844147,0.184011593461037,-0.602164804935455,-0.150541201233864,1.38569235801697,0.346423089504242,-1.79642105102539,-0.449105262756348,0.799675703048706,0.199918925762177
-1.8624974489212,-0.465624362230301,0.327999383211136,0.081999845802784,-0.343642383813858,-0.0859105959534645,2.77753210067749,0.694383025169373,1.24950635433197,0.312376588582993,0.847232401371002,0.211808100342751,-2.78520822525024,-0.696302056312561,-0.0869518369436264,-0.0217379592359066,-0.0253008436411619,-0.00632521091029048,4.41080713272095,1.10270178318024,-1.48584854602814,-0.371462136507034,0.1030193567276,0.0257548391819,0.246404379606247,0.0616010949015617,0.537215828895569,0.134303957223892,-0.306454181671143,-0.0766135454177856,0.229287356138229,0.0573218390345573,-31.6083450317383,-7.90208625793457,-0.702144026756287,-0.175536006689072,-0.7686927318573,-0.192173182964325,-0.79531192779541,-0.198827981948853,-1.58167219161987,-0.395418047904968,0.371360003948212,0.0928400009870529,0.784994125366211,0.196248531341553,29.2315540313721,7.30788850784302,0.218044131994247,0.0545110329985619,0.46585813164711,0.116464532911778,1.94799566268921,0.486998915672302,-1.47188568115234,-0.367971420288086,-0.213973745703697,-0.0534934364259243
-1.81639266014099,-0.454098165035248,0.288107335567474,0.0720268338918686,-0.24324494600296,-0.0608112365007401,3.63948822021484,0.909872055053711,1.96249043941498,0.490622609853745,0.839847981929779,0.209961995482445,-2.54129552841187,-0.635323882102966,-0.123090490698814,-0.0307726226747036,0.0578605160117149,0.0144651290029287,3.54579329490662,0.886448323726654,-1.13306736946106,-0.283266842365265,0.190684705972672,0.0476711764931679,0.255017191171646,0.0637542977929115,-0.0878427922725678,-0.0219606980681419,-0.726145625114441,-0.18153640627861,0.312903791666031,0.0782259479165077,-31.8166408538818,-7.95416021347046,-0.373801469802856,-0.0934503674507141,-0.160954207181931,-0.0402385517954826,-0.913031220436096,-0.228257805109024,-1.14832425117493,-0.287081062793732,0.676553905010223,0.169138476252556,0.0341597869992256,0.0085399467498064,29.3208713531494,7.33021783828735,0.949614584445953,0.237403646111488,-1.24923086166382,-0.312307715415955,0.95050048828125,0.237625122070313,-2.6247820854187,-0.656195521354675,1.23686134815216,0.30921533703804
-2.2795889377594,-0.56989723443985,-0.862559258937836,-0.215639814734459,0.220880031585693,0.0552200078964233,4.33455181121826,1.08363795280457,-0.880338191986084,-0.220084547996521,-0.184952288866043,-0.0462380722165108,-2.74651050567627,-0.686627626419067,-0.562882483005524,-0.140720620751381,0.489699721336365,0.122424930334091,1.6075953245163,0.401898831129074,-0.646901309490204,-0.161725327372551,0.680292665958405,0.170073166489601,0.241480201482773,0.0603700503706932,0.0708125904202461,0.0177031476050615,-0.151050418615341,-0.0377626046538353,0.132550358772278,0.0331375896930695,-31.4717922210693,-7.86794805526733,-1.12637388706207,-0.281593471765518,-0.476823776960373,-0.119205944240093,-0.590602278709412,-0.147650569677353,-1.40439343452454,-0.351098358631134,-0.0641258209943771,-0.0160314552485943,0.0742211416363716,0.0185552854090929,28.9445018768311,7.23612546920776,0.361164063215256,0.0902910158038139,-0.380437254905701,-0.0951093137264252,1.26647734642029,0.316619336605072,-2.64458465576172,-0.66114616394043,1.02773940563202,0.256934851408005
-2.46564960479736,-0.616412401199341,-0.161837220191956,-0.0404593050479889,-0.346222817897797,-0.0865557044744492,4.2345609664917,1.05864024162292,-3.05960512161255,-0.764901280403137,-0.337980628013611,-0.0844951570034027,-2.13535404205322,-0.533838510513306,-0.878132402896881,-0.21953310072422,0.63369607925415,0.158424019813538,1.5882306098938,0.39705765247345,0.325648844242096,0.081412211060524,0.225472956895828,0.0563682392239571,-0.0179479159414768,-0.00448697898536921,-0.761143028736115,-0.190285757184029,-0.28484258055687,-0.0712106451392174,0.637781739234924,0.159445434808731,-29.4656429290772,-7.36641073226929,-0.559235334396362,-0.139808833599091,-0.200956672430038,-0.0502391681075096,-0.983046770095825,-0.245761692523956,-1.46138429641724,-0.365346074104309,0.848535537719727,0.212133884429932,0.712554216384888,0.178138554096222,27.2336978912354,6.80842447280884,0.156485706567764,0.0391214266419411,-0.0304676182568073,-0.00761690456420183,1.29643571376801,0.324108928442001,-2.15407872200012,-0.538519680500031,-0.111815810203552,-0.0279539525508881
-3.26493358612061,-0.816233396530151,-0.222885653376579,-0.0557214133441448,0.0548563823103905,0.0137140955775976,4.58593225479126,1.14648306369782,-2.06715321540833,-0.516788303852081,0.115935049951077,0.0289837624877691,-1.59287369251251,-0.398218423128128,-1.33903121948242,-0.334757804870605,0.443683683872223,0.110920920968056,2.19085764884949,0.547714412212372,0.296342641115189,0.0740856602787972,0.539015412330627,0.134753853082657,0.111550658941269,0.0278876647353172,-0.332435488700867,-0.0831088721752167,-0.541371583938599,-0.13534289598465,-0.710067689418793,-0.177516922354698,-29.0461807250977,-7.26154518127441,-1.15901565551758,-0.289753913879395,-0.987958788871765,-0.246989697217941,-0.359439581632614,-0.0898598954081535,-1.76840662956238,-0.442101657390595,0.178571537137032,0.0446428842842579,-0.111012600362301,-0.0277531500905752,27.0067806243897,6.75169515609741,0.311767518520355,0.0779418796300888,-0.533286035060883,-0.133321508765221,0.944664597511292,0.236166149377823,-1.50187110900879,-0.375467777252197,-0.652341544628143,-0.163085386157036
-3.05072045326233,-0.762680113315582,0.0579304285347462,0.0144826071336865,-0.311049073934555,-0.0777622684836388,4.5190224647522,1.12975561618805,-1.9696182012558,-0.49240455031395,0.171968370676041,0.0429920926690102,-1.67416965961456,-0.418542414903641,-1.21741652488709,-0.304354131221771,0.485559165477753,0.121389791369438,2.21554565429688,0.553886413574219,-0.00177891924977303,-0.000444729812443256,0.214604288339615,0.0536510720849037,0.0948938727378845,0.0237234681844711,-0.672606289386749,-0.168151572346687,-0.355203360319138,-0.0888008400797844,0.286099225282669,0.0715248063206673,-28.9475727081299,-7.23689317703247,-0.535014510154724,-0.133753627538681,-0.229621857404709,-0.0574054643511772,-0.69147914648056,-0.17286978662014,-1.67883610725403,-0.419709026813507,0.626175761222839,0.15654394030571,0.0160405710339546,0.00401014275848866,26.992036819458,6.7480092048645,0.475929409265518,0.11898235231638,-1.15781235694885,-0.289453089237213,0.737549781799316,0.184387445449829,-2.28069758415222,-0.570174396038055,-1.08360397815704,-0.270900994539261
-2.76494836807251,-0.691237092018127,0.141891434788704,0.035472858697176,-0.338435888290405,-0.0846089720726013,4.49598073959351,1.12399518489838,-1.70945847034454,-0.427364617586136,0.141348421573639,0.0353371053934097,-1.72782933712006,-0.431957334280014,-1.13104319572449,-0.282760798931122,0.678742706775665,0.169685676693916,2.269779920578,0.567444980144501,1.03536701202393,0.258841753005981,0.105167359113693,0.0262918397784233,0.141225725412369,0.0353064313530922,-0.295728027820587,-0.0739320069551468,-0.624771595001221,-0.156192898750305,0.209776967763901,0.0524442419409752,-28.3031616210938,-7.07579040527344,-1.12683057785034,-0.281707644462585,-0.392147272825241,-0.0980368182063103,-0.680268228054047,-0.170067057013512,-1.64296197891235,-0.410740494728088,0.493309438228607,0.123327359557152,-0.449587762355804,-0.112396940588951,26.8760890960693,6.71902227401733,0.560496389865875,0.140124097466469,-1.79334783554077,-0.448336958885193,0.573626756668091,0.143406689167023,-3.15450406074524,-0.78862601518631,-0.684786438941956,-0.171196609735489
-2.78812861442566,-0.697032153606415,0.163653001189232,0.040913250297308,-0.335553228855133,-0.0838883072137833,4.33402013778687,1.08350503444672,-1.65166807174683,-0.412917017936707,0.0753225907683373,0.0188306476920843,-1.73757767677307,-0.434394419193268,-0.887737691402435,-0.221934422850609,0.585156381130219,0.146289095282555,2.27940726280212,0.569851815700531,1.23153483867645,0.307883709669113,0.287748575210571,0.0719371438026428,0.0836389362812042,0.0209097340703011,-0.458958625793457,-0.114739656448364,-0.496576547622681,-0.12414413690567,0.511531174182892,0.127882793545723,-27.9340038299561,-6.98350095748901,-0.727470636367798,-0.181867659091949,-0.0317866541445255,-0.00794666353613138,-0.908700048923492,-0.227175012230873,-1.52592015266418,-0.381480038166046,0.342761993408203,0.0856904983520508,-0.589348912239075,-0.147337228059769,26.5797939300537,6.64494848251343,0.488697052001953,0.122174263000488,-2.44833731651306,-0.612084329128265,0.509431719779968,0.127357929944992,-4.09713840484619,-1.02428460121155,-0.649676978588104,-0.162419244647026
-2.79511165618897,-0.698777914047241,0.0341665633022785,0.00854164082556963,-0.194847226142883,-0.0487118065357208,4.28977012634277,1.07244253158569,-1.43648111820221,-0.359120279550552,0.0617257282137871,0.0154314320534468,-1.43256211280823,-0.358140528202057,-0.990587055683136,-0.247646763920784,0.549162864685059,0.137290716171265,2.52148985862732,0.63037246465683,1.32824838161469,0.332062095403671,0.325342118740082,0.0813355296850205,0.0733101665973663,0.0183275416493416,-0.27664315700531,-0.0691607892513275,-0.771510362625122,-0.192877590656281,-0.0350289195775986,-0.00875722989439964,-27.9799156188965,-6.99497890472412,-0.947910666465759,-0.23697766661644,-0.492408841848373,-0.123102210462093,-0.801158785820007,-0.200289696455002,-1.49452304840088,-0.37363076210022,0.726663291454315,0.181665822863579,-0.77472996711731,-0.193682491779327,26.4602088928223,6.61505222320557,0.498716115951538,0.124679028987885,-3.16276264190674,-0.790690660476685,0.224496737122536,0.0561241842806339,-4.90945243835449,-1.22736310958862,-0.597030401229858,-0.149257600307465
-3.04460573196411,-0.761151432991028,0.0237320549786091,0.00593301374465227,-0.162802845239639,-0.0407007113099098,4.04308652877808,1.01077163219452,-1.4898955821991,-0.372473895549774,0.00713926553726196,0.00178481638431549,-1.23279869556427,-0.308199673891068,-0.98084282875061,-0.245210707187653,0.480704784393311,0.120176196098328,2.51865530014038,0.629663825035095,1.22110533714294,0.305276334285736,0.499030709266663,0.124757677316666,0.11421936750412,0.02855484187603,-0.418124407529831,-0.104531101882458,-0.626748919487,-0.15668722987175,0.108680844306946,0.0271702110767365,-28.2761516571045,-7.06903791427612,-0.81751298904419,-0.204378247261047,-0.271139830350876,-0.067784957587719,-0.894242405891419,-0.223560601472855,-1.37024676799774,-0.342561691999435,0.750161349773407,0.187540337443352,-0.956223607063294,-0.239055901765823,26.4174900054932,6.60437250137329,0.346457153558731,0.0866142883896828,-3.66229891777039,-0.915574729442596,0.0353340208530426,0.00883350521326065,-5.58368015289307,-1.39592003822327,-0.666164875030518,-0.166541218757629
-2.94725918769836,-0.736814796924591,-0.0652139484882355,-0.0163034871220589,-0.166021049022675,-0.0415052622556686,3.96751928329468,0.991879820823669,-1.45405972003937,-0.363514930009842,-0.0412460640072823,-0.0103115160018206,-1.18913233280182,-0.297283083200455,-1.02325117588043,-0.255812793970108,0.526284575462341,0.131571143865585,2.51592135429382,0.628980338573456,1.63633441925049,0.409083604812622,0.624980926513672,0.156245231628418,0.19651460647583,0.0491286516189575,-0.341890960931778,-0.0854727402329445,-0.807196259498596,-0.201799064874649,-0.102174498140812,-0.025543624535203,-28.5485858917236,-7.13714647293091,-0.758867979049683,-0.189716994762421,-0.832904696464539,-0.208226174116135,-0.807354032993317,-0.201838508248329,-1.65226817131042,-0.413067042827606,0.693292260169983,0.173323065042496,-1.2034547328949,-0.300863683223724,26.3398590087891,6.58496475219727,0.344968259334564,0.0862420648336411,-4.10911464691162,-1.02727866172791,-0.213416188955307,-0.0533540472388268,-5.98471689224243,-1.49617922306061,-0.650436341762543,-0.162609085440636
-2.92279863357544,-0.73069965839386,-0.0569714419543743,-0.0142428604885936,-0.194039285182953,-0.0485098212957382,3.89230251312256,0.97307562828064,-1.59386146068573,-0.398465365171433,-0.0833049714565277,-0.0208262428641319,-1.40014672279358,-0.350036680698395,-1.01081550121307,-0.252703875303268,0.527752578258514,0.131938144564629,2.35223603248596,0.588059008121491,1.69723737239838,0.424309343099594,0.730545520782471,0.182636380195618,0.221521764993668,0.0553804412484169,-0.472077637910843,-0.118019409477711,-0.731978297233582,-0.182994574308395,-0.179107815027237,-0.0447769537568092,-28.9859428405762,-7.24648571014404,-0.747588992118835,-0.186897248029709,-1.21498203277588,-0.30374550819397,-0.678556740283966,-0.169639185070992,-2.08207154273987,-0.520517885684967,0.458036303520203,0.114509075880051,-1.54275000095367,-0.385687500238419,26.3054103851318,6.57635259628296,0.325964748859406,0.0814911872148514,-4.59885406494141,-1.14971351623535,-0.365862995386124,-0.0914657488465309,-6.49982643127441,-1.6249566078186,-0.631337940692902,-0.157834485173225
-2.8465256690979,-0.711631417274475,-0.123389959335327,-0.0308474898338318,-0.184370458126068,-0.046092614531517,3.86533212661743,0.966333031654358,-1.64044773578644,-0.41011193394661,-0.143422663211823,-0.0358556658029556,-1.39747583866119,-0.349368959665298,-1.08210730552673,-0.270526826381683,0.566031873226166,0.141507968306541,2.35557770729065,0.588894426822662,1.75659203529358,0.439148008823395,0.746716201305389,0.186679050326347,0.256102353334427,0.0640255883336067,-0.370608448982239,-0.0926521122455597,-0.840986013412476,-0.210246503353119,-0.43412122130394,-0.108530305325985,-29.403995513916,-7.350998878479,-0.710574388504028,-0.177643597126007,-1.72015225887299,-0.430038064718246,-0.628919541835785,-0.157229885458946,-2.56911635398865,-0.642279088497162,0.410754323005676,0.102688580751419,-1.70645177364349,-0.426612943410873,26.1644878387451,6.54112195968628,0.379042744636536,0.0947606861591339,-4.94891834259033,-1.23722958564758,-0.546230792999268,-0.136557698249817,-6.9155011177063,-1.72887527942657,-0.53539377450943,-0.133848443627357
-2.9200291633606,-0.730007290840149,-0.0335195921361446,-0.00837989803403616,-0.20400282740593,-0.0510007068514824,3.84378576278687,0.960946440696716,-1.671422123909,-0.417855530977249,-0.123773597180843,-0.0309433992952108,-1.35250401496887,-0.338126003742218,-1.16705417633057,-0.291763544082642,0.542531907558441,0.13563297688961,2.42009401321411,0.605023503303528,1.62990665435791,0.407476663589478,0.758097290992737,0.189524322748184,0.231622338294983,0.0579055845737457,-0.425872325897217,-0.106468081474304,-0.905426621437073,-0.226356655359268,-0.665448486804962,-0.166362121701241,-29.923131942749,-7.48078298568726,-0.591734290122986,-0.147933572530746,-2.13815903663635,-0.534539759159088,-0.585396707057953,-0.146349176764488,-3.02209496498108,-0.75552374124527,0.60552716255188,0.15138179063797,-1.7936338186264,-0.448408454656601,26.0879573822022,6.52198934555054,0.447683721780777,0.111920930445194,-5.36204051971436,-1.34051012992859,-0.73566746711731,-0.183916866779327,-7.27710342407227,-1.81927585601807,-0.264989912509918,-0.0662474781274796
-2.90651655197144,-0.726629137992859,-0.0891003757715225,-0.0222750939428806,-0.196934342384338,-0.0492335855960846,3.74780988693237,0.936952471733093,-1.72037875652313,-0.430094689130783,-0.208202958106995,-0.0520507395267487,-1.29598939418793,-0.323997348546982,-1.13261270523071,-0.283153176307678,0.48129665851593,0.120324164628983,2.54503083229065,0.636257708072662,1.68643963336945,0.421609908342361,0.739466369152069,0.184866592288017,0.241080731153488,0.060270182788372,-0.327514886856079,-0.0818787217140198,-1.03114140033722,-0.257785350084305,-0.972455441951752,-0.243113860487938,-30.5528831481934,-7.63822078704834,-0.555083990097046,-0.138770997524261,-2.6286256313324,-0.657156407833099,-0.510754525661469,-0.127688631415367,-3.58347392082214,-0.895868480205536,0.839980781078339,0.209995195269585,-1.86225712299347,-0.465564280748367,26.0867938995361,6.52169847488403,0.52722954750061,0.131807386875153,-5.74748182296753,-1.43687045574188,-0.88957417011261,-0.222393542528152,-7.57721710205078,-1.8943042755127,-0.0199671294540167,-0.00499178236350417
-2.92177629470825,-0.730444073677063,-0.0588500313460827,-0.0147125078365207,-0.241241097450256,-0.0603102743625641,3.61352300643921,0.903380751609802,-1.65746831893921,-0.414367079734802,-0.290132254362106,-0.0725330635905266,-1.32664048671722,-0.331660121679306,-1.10252237319946,-0.275630593299866,0.428029507398605,0.107007376849651,2.67519283294678,0.668798208236694,1.82859253883362,0.457148134708405,0.898856937885284,0.224714234471321,0.243762135505676,0.0609405338764191,-0.395024240016937,-0.0987560600042343,-1.11227178573608,-0.278067946434021,-1.17306697368622,-0.293266743421555,-31.4088344573975,-7.85220861434937,-0.442084461450577,-0.110521115362644,-3.05488348007202,-0.763720870018005,-0.429669052362442,-0.107417263090611,-4.04824304580689,-1.01206076145172,0.898403465747833,0.224600866436958,-1.98286831378937,-0.495717078447342,26.2683124542236,6.56707811355591,0.512507855892181,0.128126963973045,-6.16287469863892,-1.54071867465973,-1.06064713001251,-0.265161782503128,-7.97033214569092,-1.99258303642273,0.16074649989605,0.0401866249740124
-2.87467193603516,-0.718667984008789,-0.0195613615214825,-0.00489034038037062,-0.326159715652466,-0.0815399289131165,3.33771562576294,0.834428906440735,-1.51043963432312,-0.37760990858078,-0.438872277736664,-0.109718069434166,-1.43951559066772,-0.359878897666931,-0.966302573680878,-0.241575643420219,0.300740897655487,0.0751852244138718,2.99556827545166,0.748892068862915,1.88988387584686,0.472470968961716,1.1028960943222,0.275724023580551,0.221243351697922,0.0553108379244804,-0.395343124866486,-0.0988357812166214,-1.18103778362274,-0.295259445905685,-1.47231447696686,-0.368078619241715,-32.5712585449219,-8.14281463623047,-0.343316316604614,-0.0858290791511536,-3.59970664978027,-0.899926662445068,-0.328999370336533,-0.0822498425841332,-4.69285535812378,-1.17321383953094,0.80881679058075,0.202204197645187,-2.06907534599304,-0.517268836498261,26.6415767669678,6.66039419174194,0.551181077957153,0.137795269489288,-6.60495519638062,-1.65123879909515,-1.25462353229523,-0.313655883073807,-8.36641597747803,-2.09160399436951,0.368405044078827,0.0921012610197067
-2.8663649559021,-0.716591238975525,0.211213365197182,0.0528033412992954,-0.472574651241303,-0.118143662810326,2.5924768447876,0.648119211196899,-1.40486133098602,-0.351215332746506,-0.601839959621429,-0.150459989905357,-1.55475473403931,-0.388688683509827,-0.512975931167603,-0.128243982791901,-0.035312607884407,-0.00882815197110176,3.96079540252686,0.990198850631714,1.23608720302582,0.309021800756454,1.06640601158142,0.266601502895355,0.174557715654373,0.0436394289135933,-0.191451340913773,-0.0478628352284431,-1.22700369358063,-0.306750923395157,-1.69685518741608,-0.424213796854019,-33.8890113830566,-8.47225284576416,-0.211970314383507,-0.0529925785958767,-4.06291627883911,-1.01572906970978,-0.222728848457336,-0.0556822121143341,-5.45119857788086,-1.36279964447021,0.593982934951782,0.148495733737946,-2.20176649093628,-0.55044162273407,27.1541004180908,6.78852510452271,0.59271365404129,0.148178413510323,-7.09177923202515,-1.77294480800629,-1.35914862155914,-0.339787155389786,-8.70187282562256,-2.17546820640564,0.717985272407532,0.179496318101883
-2.60186862945557,-0.650467157363892,1.0468841791153,0.261721044778824,-0.823822975158691,-0.205955743789673,1.4303150177002,0.357578754425049,-1.60048115253448,-0.400120288133621,-0.33262625336647,-0.0831565633416176,-1.89518332481384,-0.473795831203461,0.00563789904117584,0.00140947476029396,-0.320578068494797,-0.0801445171236992,5.1994104385376,1.2998526096344,-2.55727481842041,-0.639318704605103,0.400976836681366,0.100244209170341,0.337208390235901,0.0843020975589752,0.668815135955811,0.167203783988953,-1.49675416946411,-0.374188542366028,-1.6685243844986,-0.417131096124649,-34.6337623596191,-8.65844058990479,-0.285212785005569,-0.0713031962513924,-4.76446580886841,-1.1911164522171,0.0498143509030342,0.0124535877257586,-6.23038959503174,-1.55759739875793,0.029282733798027,0.00732068344950676,-2.73736572265625,-0.684341430664063,27.8206195831299,6.95515489578247,0.678455412387848,0.169613853096962,-7.86958122253418,-1.96739530563355,-1.55683767795563,-0.389209419488907,-9.01561450958252,-2.25390362739563,1.45480978488922,0.363702446222305
-2.40968251228333,-0.602420628070831,1.17508351802826,0.293770879507065,-0.873544573783875,-0.218386143445969,2.14287614822388,0.535719037055969,-1.19237816333771,-0.298094540834427,0.373235821723938,0.0933089554309845,-2.44472336769104,-0.61118084192276,-0.0514764934778214,-0.0128691233694553,-0.0138828288763762,-0.00347070721909404,4.81076717376709,1.20269179344177,-2.1789243221283,-0.544731080532074,-0.0591451860964298,-0.0147862965241075,0.322917610406876,0.0807294026017189,0.257299602031708,0.0643249005079269,-1.35999357700348,-0.33999839425087,-2.13747572898865,-0.534368932247162,-34.4163131713867,-8.60407829284668,-0.409631788730621,-0.102407947182655,-5.09032106399536,-1.27258026599884,-0.151352643966675,-0.0378381609916687,-6.73629140853882,-1.6840728521347,-0.45479416847229,-0.113698542118073,-2.8808913230896,-0.7202228307724,28.2134017944336,7.0533504486084,0.500407874584198,0.12510196864605,-8.14205455780029,-2.03551363945007,-1.78112399578094,-0.445280998945236,-8.80598735809326,-2.20149683952332,1.94183444976807,0.485458612442017
-2.35129904747009,-0.587824761867523,1.0979346036911,0.274483650922775,-0.761125922203064,-0.190281480550766,2.17877244949341,0.544693112373352,-0.813855230808258,-0.203463807702065,0.271460235118866,0.0678650587797165,-2.67288970947266,-0.668222427368164,-0.230823442339897,-0.0577058605849743,-0.00355291925370693,-0.000888229813426733,4.72674751281738,1.18168687820435,-2.30444049835205,-0.576110124588013,0.21155571937561,0.0528889298439026,0.295711696147919,0.0739279240369797,0.137781202793121,0.0344453006982803,-1.37632536888123,-0.344081342220306,-2.59841227531433,-0.649603068828583,-34.7470893859863,-8.68677234649658,-0.342234045267105,-0.0855585113167763,-6.02695465087891,-1.50673866271973,-0.0280068442225456,-0.00700171105563641,-7.63148546218872,-1.90787136554718,-0.719126880168915,-0.179781720042229,-3.16933417320251,-0.792333543300629,28.2521324157715,7.06303310394287,0.656109750270844,0.164027437567711,-8.62836170196533,-2.15709042549133,-1.99132859706879,-0.497832149267197,-8.97923755645752,-2.24480938911438,2.09783744812012,0.524459362030029
-2.2978241443634,-0.574456036090851,0.728963434696198,0.182240858674049,-0.642752766609192,-0.160688191652298,2.37309408187866,0.593273520469666,-0.185989245772362,-0.0464973114430904,0.094598613679409,0.0236496534198523,-2.85786962509155,-0.714467406272888,-0.266476571559906,-0.0666191428899765,-0.00918359868228436,-0.00229589967057109,4.59225273132324,1.14806318283081,-2.08933901786804,-0.522334754467011,0.438736587762833,0.109684146940708,0.182644724845886,0.0456611812114716,-0.0544281527400017,-0.0136070381850004,-1.17338132858276,-0.293345332145691,-2.92300057411194,-0.730750143527985,-35.511531829834,-8.8778829574585,-0.346918404102325,-0.0867296010255814,-6.46921110153198,-1.617302775383,0.0134407952427864,0.0033601988106966,-8.30204582214356,-2.07551145553589,-0.711499035358429,-0.177874758839607,-3.1228814125061,-0.780720353126526,28.2763080596924,7.0690770149231,0.683505475521088,0.170876368880272,-9.02742290496826,-2.25685572624207,-2.21082210540772,-0.552705526351929,-9.18672752380371,-2.29668188095093,2.19804358482361,0.549510896205902
-1.88228440284729,-0.470571100711823,0.554558634757996,0.138639658689499,-0.617679178714752,-0.154419794678688,2.81083917617798,0.702709794044495,1.12266457080841,0.280666142702103,-0.123844154179096,-0.0309610385447741,-2.93079781532288,-0.732699453830719,-0.123820170760155,-0.0309550426900387,-0.0850050002336502,-0.0212512500584126,4.4409122467041,1.11022806167603,-1.99222922325134,-0.498057305812836,0.541673362255096,0.135418340563774,0.1556166857481,0.0389041714370251,0.128380119800568,0.0320950299501419,-1.2534316778183,-0.313357919454575,-3.36772584915161,-0.841931462287903,-35.8817825317383,-8.97044563293457,-0.36508059501648,-0.0912701487541199,-6.96072578430176,-1.74018144607544,0.0890450552105904,0.0222612638026476,-8.79015922546387,-2.19753980636597,-0.239115372300148,-0.059778843075037,-2.69181084632874,-0.672952711582184,28.2841892242432,7.07104730606079,0.83206707239151,0.208016768097878,-8.7136344909668,-2.1784086227417,-2.2770037651062,-0.56925094127655,-8.87129592895508,-2.21782398223877,2.32895398139954,0.582238495349884
-1.4371680021286,-0.35929200053215,0.597518265247345,0.149379566311836,-0.560738444328308,-0.140184611082077,3.3740496635437,0.843512415885925,2.4910135269165,0.622753381729126,-0.357568442821503,-0.0893921107053757,-3.1743700504303,-0.793592512607575,-0.0697644799947739,-0.0174411199986935,-0.134635522961617,-0.0336588807404041,3.86695909500122,0.966739773750305,-1.78996181488037,-0.447490453720093,0.767379820346832,0.191844955086708,0.124775975942612,0.0311939939856529,0.157843381166458,0.0394608452916145,-1.31319677829742,-0.328299194574356,-3.83768177032471,-0.959420442581177,-36.4477386474609,-9.11193466186523,-0.392128020524979,-0.0980320051312447,-7.21143674850464,-1.80285918712616,0.261265218257904,0.065316304564476,-8.89041137695313,-2.22260284423828,0.0840755552053452,0.0210188888013363,-2.14671659469605,-0.536679148674011,28.1386528015137,7.03466320037842,0.917883217334747,0.229470804333687,-8.50269603729248,-2.12567400932312,-2.38826394081116,-0.597065985202789,-8.8461856842041,-2.21154642105103,2.57754850387573,0.644387125968933
-1.49352371692657,-0.373380929231644,0.317749232053757,0.0794373080134392,-0.373740941286087,-0.0934352353215218,3.90940046310425,0.977350115776062,3.18842935562134,0.797107338905335,-0.588580846786499,-0.147145211696625,-3.12572836875916,-0.781432092189789,-0.0260291546583176,-0.00650728866457939,-0.159466966986656,-0.0398667417466641,3.27539801597595,0.818849503993988,-1.62920951843262,-0.407302379608154,0.940021932125092,0.235005483031273,0.0739238262176514,0.0184809565544128,0.184984862804413,0.0462462157011032,-1.29856157302856,-0.324640393257141,-4.16786479949951,-1.04196619987488,-37.2944869995117,-9.32362174987793,-0.320320665836334,-0.0800801664590836,-7.44549942016602,-1.8613748550415,0.532472968101502,0.133118242025375,-9.13777446746826,-2.28444361686707,0.393245160579681,0.0983112901449204,-1.77829134464264,-0.44457283616066,28.0669460296631,7.01673650741577,0.926047086715698,0.231511771678925,-8.28848361968994,-2.07212090492249,-2.53954315185547,-0.634885787963867,-8.83785533905029,-2.20946383476257,2.86497044563293,0.716242611408234
-2.09248876571655,-0.523122191429138,-0.0915952175855637,-0.0228988043963909,-0.274626404047012,-0.0686566010117531,4.17986249923706,1.04496562480927,2.39571881294251,0.598929703235626,-0.535126686096191,-0.133781671524048,-2.73680710792542,-0.684201776981354,-0.0744584649801254,-0.0186146162450314,-0.0745324715971947,-0.0186331178992987,2.48390436172485,0.620976090431213,-1.12594091892242,-0.281485229730606,0.808796882629395,0.202199220657349,0.0173654817044735,0.00434137042611837,0.156928300857544,0.039232075214386,-1.23312628269196,-0.308281570672989,-4.37088251113892,-1.09272062778473,-38.1222381591797,-9.53055953979492,-0.309312015771866,-0.0773280039429665,-7.71560478210449,-1.92890119552612,0.920706689357758,0.230176672339439,-9.59752178192139,-2.39938044548035,0.956661522388458,0.239165380597115,-1.24165558815002,-0.310413897037506,28.4473285675049,7.11183214187622,1.17204296588898,0.293010741472244,-7.76707601547241,-1.9417690038681,-2.66481375694275,-0.666203439235687,-8.60160541534424,-2.15040135383606,3.11892104148865,0.779730260372162
-2.56788063049316,-0.641970157623291,-0.572919011116028,-0.143229752779007,-0.270630151033402,-0.0676575377583504,4.74393081665039,1.1859827041626,-2.80995464324951,-0.702488660812378,-0.21769505739212,-0.0544237643480301,-2.23584651947022,-0.558961629867554,-1.11772644519806,-0.279431611299515,0.377146601676941,0.0942866504192352,1.18901681900024,0.297254204750061,-0.116177037358284,-0.029044259339571,0.383942157030106,0.0959855392575264,-0.0306574068963528,-0.00766435172408819,-0.57452654838562,-0.143631637096405,-1.29571843147278,-0.323929607868195,-4.75637722015381,-1.18909430503845,-38.6821670532227,-9.67054176330566,-0.634381890296936,-0.158595472574234,-8.24915218353272,-2.06228804588318,0.830690026283264,0.207672506570816,-9.81108474731445,-2.45277118682861,1.02202105522156,0.255505263805389,-1.3681435585022,-0.342035889625549,28.850902557373,7.21272563934326,0.798439562320709,0.199609890580177,-7.55706119537354,-1.88926529884338,-2.21093988418579,-0.552734971046448,-7.81409215927124,-1.95352303981781,2.40021824836731,0.600054562091827
-2.61792325973511,-0.654480814933777,0.108936861157417,0.0272342152893543,-0.539656639099121,-0.13491415977478,4.7096962928772,1.1774240732193,-2.21348786354065,-0.553371965885162,-0.202644288539886,-0.0506610721349716,-1.5841372013092,-0.396034300327301,-0.629847049713135,-0.157461762428284,0.11763621121645,0.0294090528041124,2.88390278816223,0.720975697040558,2.34641194343567,0.586602985858917,1.55559098720551,0.388897746801376,-0.192882210016251,-0.0482205525040627,-0.474519312381744,-0.118629828095436,-1.74165797233582,-0.435414493083954,-4.97286558151245,-1.24321639537811,-38.689266204834,-9.6723165512085,-1.32682609558105,-0.331706523895264,-8.83207893371582,-2.20801973342896,0.918858051300049,0.229714512825012,-10.4332418441772,-2.60831046104431,1.59454417228699,0.398636043071747,-1.02620422840118,-0.256551057100296,29.5563106536865,7.38907766342163,1.00522518157959,0.251306295394897,-7.19854545593262,-1.79963636398315,-1.90856659412384,-0.47714164853096,-7.4392032623291,-1.85980081558228,1.49455833435059,0.373639583587647
-3.23031425476074,-0.807578563690186,0.0632775574922562,0.015819389373064,-0.366925686597824,-0.091731421649456,4.16283178329468,1.04070794582367,-2.05282378196716,-0.513205945491791,-0.499670505523682,-0.12491762638092,-1.25341641902924,-0.313354104757309,-1.03774344921112,-0.25943586230278,-0.0181143935769796,-0.00452859839424491,4.1643967628479,1.04109919071198,3.77354955673218,0.943387389183044,0.969647467136383,0.242411866784096,-0.368453949689865,-0.0921134874224663,-0.75051361322403,-0.187628403306007,-1.75932395458221,-0.439830988645554,-5.90914583206177,-1.47728645801544,-40.4236068725586,-10.1059017181396,-1.35871076583862,-0.339677691459656,-8.6419792175293,-2.16049480438232,1.01979565620422,0.254948914051056,-9.93784523010254,-2.48446130752563,1.44519901275635,0.361299753189087,-1.21810555458069,-0.304526388645172,30.7296810150147,7.68242025375366,1.08550894260407,0.271377235651016,-7.65431022644043,-1.91357755661011,-2.03797912597656,-0.509494781494141,-8.02883434295654,-2.00720858573914,0.867308378219605,0.216827094554901
-3.33116316795349,-0.832790791988373,0.188680276274681,0.0471700690686703,-0.608319580554962,-0.152079895138741,3.35605812072754,0.839014530181885,-1.7413649559021,-0.435341238975525,-1.14662837982178,-0.286657094955444,-1.95706593990326,-0.489266484975815,-0.515044391155243,-0.128761097788811,-0.248868852853775,-0.0622172132134438,4.73102235794067,1.18275558948517,4.15943908691406,1.03985977172852,1.33437836170197,0.333594590425491,-0.120697602629662,-0.0301744006574154,-0.490424156188965,-0.122606039047241,-1.43411922454834,-0.358529806137085,-5.90976572036743,-1.47744143009186,-42.3541297912598,-10.5885324478149,-0.904619693756104,-0.226154923439026,-8.54808521270752,-2.13702130317688,0.857533276081085,0.214383319020271,-10.0883169174194,-2.52207922935486,1.51705610752106,0.379264026880264,-1.52293074131012,-0.38073268532753,32.0844535827637,8.02111339569092,1.33434271812439,0.333585679531097,-8.33321762084961,-2.0833044052124,-2.27413010597229,-0.568532526493073,-9.27472686767578,-2.31868171691895,0.707816481590271,0.176954120397568
-2.62156248092651,-0.655390620231628,0.789003968238831,0.197250992059708,-0.818432748317719,-0.20460818707943,2.54838562011719,0.637096405029297,-0.339919209480286,-0.0849798023700714,-0.938856303691864,-0.234714075922966,-2.86670708656311,-0.716676771640778,0.259191453456879,0.0647978633642197,-0.51222437620163,-0.128056094050407,4.90526580810547,1.22631645202637,0.372946053743362,0.0932365134358406,0.990605592727661,0.247651398181915,0.0816285163164139,0.0204071290791035,0.438085317611694,0.109521329402924,-1.39062583446503,-0.347656458616257,-5.734459400177,-1.43361485004425,-43.3691444396973,-10.8422861099243,-1.23464286327362,-0.308660715818405,-8.94057464599609,-2.23514366149902,0.777033865451813,0.194258466362953,-10.4074306488037,-2.60185766220093,-0.136510863900185,-0.0341277159750462,-2.22563648223877,-0.556409120559692,33.097713470459,8.27442836761475,1.06006348133087,0.265015870332718,-8.68352794647217,-2.17088198661804,-2.28146409988403,-0.570366024971008,-9.6832447052002,-2.42081117630005,0.78691041469574,0.196727603673935
-2.13093900680542,-0.532734751701355,0.614450097084045,0.153612524271011,-0.806529223918915,-0.201632305979729,2.32450008392334,0.581125020980835,0.13232596218586,0.0330814905464649,-0.0513976290822029,-0.0128494072705507,-2.91548156738281,-0.728870391845703,0.36017382144928,0.09004345536232,-0.101301319897175,-0.0253253299742937,4.79532814025879,1.1988320350647,-2.88252997398376,-0.720632493495941,0.261455655097961,0.0653639137744904,0.174401700496674,0.0436004251241684,-0.0327805802226067,-0.00819514505565167,-1.64800596237183,-0.412001490592957,-5.35944032669067,-1.33986008167267,-42.4137268066406,-10.6034317016602,-1.37430965900421,-0.343577414751053,-9.08192920684815,-2.27048230171204,0.484202027320862,0.121050506830215,-9.65041351318359,-2.4126033782959,-2.0613739490509,-0.515343487262726,-2.68932461738586,-0.672331154346466,32.2444190979004,8.0611047744751,0.561390280723572,0.140347570180893,-9.07334327697754,-2.26833581924438,-2.11465930938721,-0.528664827346802,-9.25676250457764,-2.31419062614441,1.0321090221405,0.258027255535126
-1.74370133876801,-0.435925334692001,0.38861745595932,0.09715436398983,-0.513209998607636,-0.128302499651909,2.67849969863892,0.669624924659729,0.205226898193359,0.0513067245483398,-0.443065524101257,-0.110766381025314,-3.10578346252441,-0.776445865631104,-0.270223259925842,-0.0675558149814606,0.0326871499419212,0.00817178748548031,4.48839426040649,1.12209856510162,-2.25768876075745,-0.564422190189362,0.232093751430511,0.0580234378576279,0.211100578308105,0.0527751445770264,0.44329184293747,0.110822960734367,-1.66584897041321,-0.416462242603302,-5.5656533241272,-1.3914133310318,-40.1752014160156,-10.0438003540039,-1.12297809123993,-0.280744522809982,-10.0876264572144,-2.52190661430359,0.715705573558807,0.178926393389702,-10.0436792373657,-2.51091980934143,-2.33280396461487,-0.583200991153717,-2.26668572425842,-0.566671431064606,30.9358558654785,7.73396396636963,0.820796608924866,0.205199152231216,-8.30650997161865,-2.07662749290466,-2.38598275184631,-0.596495687961578,-8.81501483917236,-2.20375370979309,0.6467604637146,0.16169011592865
-1.79020130634308,-0.44755032658577,0.455723851919174,0.113930962979794,-0.481827110052109,-0.120456777513027,3.40164232254028,0.850410580635071,2.34777522087097,0.586943805217743,-0.145057857036591,-0.0362644642591476,-3.44592928886414,-0.861482322216034,-0.149003908038139,-0.0372509770095348,-0.16185450553894,-0.0404636263847351,4.24216318130493,1.06054079532623,-2.0031259059906,-0.50078147649765,0.376792788505554,0.0941981971263886,0.226608037948608,0.0566520094871521,0.590655744075775,0.147663936018944,-1.47214031219482,-0.368035078048706,-5.45147657394409,-1.36286914348602,-39.1333351135254,-9.78333377838135,-1.22471022605896,-0.30617755651474,-10.3101301193237,-2.57753252983093,1.04905831813812,0.262264579534531,-10.706392288208,-2.676598072052,-1.86429667472839,-0.466074168682098,-1.89154386520386,-0.472885966300964,30.1785564422607,7.54463911056519,0.710226714611054,0.177556678652763,-8.18689632415772,-2.04672408103943,-2.23092699050903,-0.557731747627258,-9.31110572814941,-2.32777643203735,1.13012957572937,0.282532393932343
-1.72437000274658,-0.431092500686646,0.218504875898361,0.0546262189745903,-0.287286430597305,-0.0718216076493263,4.05967664718628,1.01491916179657,2.80951714515686,0.702379286289215,-0.266897529363632,-0.0667243823409081,-3.45507621765137,-0.863769054412842,-0.161606654524803,-0.0404016636312008,-0.0560240596532822,-0.0140060149133205,3.6524646282196,0.913116157054901,-1.28038382530212,-0.320095956325531,0.730397880077362,0.182599470019341,0.224434494972229,0.0561086237430573,0.443429291248322,0.11085732281208,-1.52223873138428,-0.380559682846069,-5.37886381149292,-1.34471595287323,-38.4694213867188,-9.61735534667969,-1.14790177345276,-0.28697544336319,-10.3177690505981,-2.57944226264954,1.23705995082855,0.309264987707138,-10.8649168014526,-2.71622920036316,-1.54666805267334,-0.386667013168335,-1.76967203617096,-0.44241800904274,29.057336807251,7.26433420181274,0.732632339000702,0.183158084750175,-7.92718601226807,-1.98179650306702,-2.32356739044189,-0.580891847610474,-9.43711376190186,-2.35927844047546,1.53246378898621,0.383115947246552
-2.1876232624054,-0.546905815601349,-0.239793807268143,-0.0599484518170357,-0.102523535490036,-0.025630883872509,4.66114187240601,1.1652854681015,2.60143494606018,0.650358736515045,-0.466618955135345,-0.116654738783836,-3.35115337371826,-0.837788343429565,-0.155856534838676,-0.0389641337096691,-0.0617655143141747,-0.0154413785785437,3.02074980735779,0.755187451839447,-0.916464269161224,-0.229116067290306,0.684403240680695,0.171100810170174,0.223733514547348,0.055933378636837,0.43988311290741,0.109970778226852,-1.31122446060181,-0.327806115150452,-5.14696073532105,-1.28674018383026,-38.1097869873047,-9.52744674682617,-0.877261519432068,-0.219315379858017,-10.2619161605835,-2.56547904014587,1.47590470314026,0.368976175785065,-10.9949913024902,-2.74874782562256,-0.896398723125458,-0.224099680781364,-1.58854615688324,-0.39713653922081,28.3977375030518,7.09943437576294,0.881904423236847,0.220476105809212,-7.67068862915039,-1.9176721572876,-2.51432514190674,-0.628581285476685,-9.56387901306152,-2.39096975326538,1.99261748790741,0.498154371976852
-3.14472556114197,-0.786181390285492,-0.719920575618744,-0.179980143904686,-0.194693952798843,-0.0486734881997108,5.18871212005615,1.29717803001404,-1.60335278511047,-0.400838196277618,-0.584581315517426,-0.146145328879356,-2.95127844810486,-0.737819612026215,-0.953321158885956,-0.238330289721489,0.438571035861969,0.109642758965492,1.57719504833221,0.394298762083054,0.23092146217823,0.0577303655445576,0.624208629131317,0.156052157282829,0.103645443916321,0.0259113609790802,-0.0194409117102623,-0.00486022792756558,-1.00362694263458,-0.250906735658646,-5.40672874450684,-1.35168218612671,-38.6095123291016,-9.65237808227539,-0.733756899833679,-0.18343922495842,-10.0957012176514,-2.52392530441284,1.82748019695282,0.456870049238205,-11.5057220458984,-2.87643051147461,0.161955580115318,0.0404888950288296,-1.2433420419693,-0.310835510492325,28.5704307556152,7.14260768890381,0.808860003948212,0.202215000987053,-7.41790390014648,-1.85447597503662,-2.57127809524536,-0.64281952381134,-9.51480579376221,-2.37870144844055,1.90327453613281,0.475818634033203
-2.97816348075867,-0.744540870189667,0.190979078412056,0.047744769603014,-0.617203593254089,-0.154300898313522,4.76060962677002,1.1901524066925,-3.35347437858582,-0.838368594646454,-0.285434097051621,-0.0713585242629051,-2.49795031547546,-0.624487578868866,-1.22489547729492,-0.30622386932373,0.537978410720825,0.134494602680206,1.75364243984222,0.438410609960556,0.534237623214722,0.13355940580368,0.702564001083374,0.175641000270844,0.0232568942010403,0.00581422355026007,-0.124788902699947,-0.0311972256749868,-1.47841715812683,-0.369604289531708,-5.55745220184326,-1.38936305046082,-39.9000701904297,-9.97501754760742,-1.55448806285858,-0.388622015714645,-10.2117624282837,-2.55294060707092,1.62352311611176,0.405880779027939,-11.6686525344849,-2.91716313362122,0.254359781742096,0.063589945435524,-1.90187227725983,-0.475468069314957,30.2248401641846,7.55621004104614,1.00923418998718,0.252308547496796,-7.63315629959106,-1.90828907489777,-1.88497030735016,-0.47124257683754,-8.62803363800049,-2.15700840950012,0.937054514884949,0.234263628721237
-3.23849296569824,-0.809623241424561,-0.188227370381355,-0.0470568425953388,-0.405265241861343,-0.101316310465336,4.99466419219971,1.24866604804993,-2.9545955657959,-0.738648891448975,-0.344648540019989,-0.0861621350049973,-2.26006507873535,-0.565016269683838,-1.41318511962891,-0.353296279907227,0.546106040477753,0.136526510119438,2.49572062492371,0.623930156230927,2.04540991783142,0.511352479457855,0.0485535822808743,0.0121383955702186,-0.100290447473526,-0.0250726118683815,-0.372139692306519,-0.0930349230766296,-1.50144612789154,-0.375361531972885,-5.79128503799439,-1.4478212594986,-40.5890655517578,-10.1472663879395,-1.52158582210541,-0.380396455526352,-10.4820022583008,-2.6205005645752,1.5196338891983,0.379908472299576,-11.91148853302,-2.97787213325501,0.502976000308991,0.125744000077248,-2.12183594703674,-0.530458986759186,31.5903377532959,7.89758443832398,1.24939441680908,0.312348604202271,-7.83884239196777,-1.95971059799194,-1.93947064876556,-0.484867662191391,-8.79009914398193,-2.19752478599548,0.577537953853607,0.144384488463402
-3.39167594909668,-0.84791898727417,0.224695011973381,0.0561737529933453,-0.56538587808609,-0.141346469521523,4.67586851119995,1.16896712779999,-2.58737468719482,-0.646843671798706,-0.374191612005234,-0.0935479030013084,-1.7367582321167,-0.434189558029175,-1.30564606189728,-0.326411515474319,0.228453814983368,0.057113453745842,3.6247296333313,0.906182408332825,2.59507703781128,0.64876925945282,0.210935831069946,0.0527339577674866,-0.171583384275436,-0.0428958460688591,-0.496824979782105,-0.124206244945526,-1.70395278930664,-0.42598819732666,-5.99510335922241,-1.4987758398056,-41.8307037353516,-10.4576759338379,-1.51090967655182,-0.377727419137955,-9.97751045227051,-2.49437761306763,1.57813441753387,0.394533604383469,-11.5451965332031,-2.88629913330078,0.919166266918182,0.229791566729546,-1.77344501018524,-0.44336125254631,32.4932022094727,8.12330055236816,1.27979922294617,0.319949805736542,-7.85166454315186,-1.96291613578796,-2.01584386825562,-0.503960967063904,-8.69816398620606,-2.17454099655151,0.456278622150421,0.114069655537605
-3.32510900497437,-0.831277251243591,-0.0101819299161434,-0.00254548247903585,-0.485405296087265,-0.121351324021816,4.25677156448364,1.06419289112091,-2.37626791000366,-0.594066977500916,-0.73989200592041,-0.184973001480103,-1.95027875900269,-0.487569689750671,-0.913356184959412,-0.228339046239853,0.0786297395825386,0.0196574348956347,3.97627735137939,0.994069337844849,3.37420392036438,0.843550980091095,0.393100172281265,0.0982750430703163,-0.0903993397951126,-0.0225998349487782,-0.391032069921494,-0.0977580174803734,-1.71532034873962,-0.428830087184906,-6.01901626586914,-1.50475406646729,-42.766170501709,-10.6915426254272,-1.37103176116943,-0.342757940292358,-10.0425682067871,-2.51064205169678,1.55125069618225,0.387812674045563,-11.7199611663818,-2.92999029159546,0.974711239337921,0.24367780983448,-1.72850716114044,-0.432126790285111,33.0630645751953,8.26576614379883,1.28704869747162,0.321762174367905,-8.03902053833008,-2.00975513458252,-2.00378584861755,-0.500946462154388,-8.98900890350342,-2.24725222587585,0.350348591804504,0.0875871479511261
-3.14747262001038,-0.786868155002594,-0.0954012274742127,-0.0238503068685532,-0.499244898557663,-0.124811224639416,3.80967950820923,0.952419877052307,-1.82415819168091,-0.456039547920227,-1.02749824523926,-0.256874561309814,-2.4146146774292,-0.6036536693573,-0.459548711776733,-0.114887177944183,-0.0874041542410851,-0.0218510385602713,4.05221319198608,1.01305329799652,3.20692300796509,0.801730751991272,0.770912170410156,0.192728042602539,0.00124065577983856,0.000310163944959641,-0.297338902950287,-0.0743347257375717,-1.53816735744476,-0.384541839361191,-5.75862836837769,-1.43965709209442,-43.2303810119629,-10.8075952529907,-1.18954873085022,-0.297387182712555,-10.060131072998,-2.51503276824951,1.43626475334167,0.359066188335419,-11.9670372009277,-2.99175930023193,0.506097972393036,0.126524493098259,-1.84857046604157,-0.462142616510391,33.2244720458984,8.30611801147461,1.28079581260681,0.320198953151703,-8.0879716873169,-2.02199292182922,-2.10224628448486,-0.525561571121216,-9.51792335510254,-2.37948083877563,0.329490095376968,0.0823725238442421
-2.92430305480957,-0.731075763702393,0.0980781316757202,0.0245195329189301,-0.595872044563294,-0.148968011140823,3.02003574371338,0.755008935928345,-1.39375615119934,-0.348439037799835,-1.21435129642487,-0.303587824106216,-2.81719303131104,-0.704298257827759,0.0336011499166489,0.00840028747916222,-0.316860258579254,-0.0792150646448135,4.36741065979004,1.09185266494751,0.650609254837036,0.162652313709259,0.629858136177063,0.157464534044266,0.0701154172420502,0.0175288543105125,0.0797219946980476,0.0199304986745119,-1.46816825866699,-0.367042064666748,-5.42849206924439,-1.3571230173111,-43.2410354614258,-10.8102588653564,-1.12331664562225,-0.280829161405563,-10.3410491943359,-2.58526229858398,1.41289222240448,0.35322305560112,-12.3892936706543,-3.09732341766357,-0.506600081920624,-0.126650020480156,-2.09053826332092,-0.522634565830231,33.093936920166,8.2734842300415,1.24172413349152,0.310431033372879,-8.18234443664551,-2.04558610916138,-2.29516649246216,-0.57379162311554,-9.72879123687744,-2.43219780921936,0.485086262226105,0.121271565556526
-2.60423254966736,-0.65105813741684,0.486252188682556,0.121563047170639,-0.725269794464111,-0.181317448616028,2.16722869873047,0.541807174682617,-0.317925453186035,-0.0794813632965088,-0.787137627601624,-0.196784406900406,-2.9422869682312,-0.7355717420578,0.329650342464447,0.0824125856161118,-0.320728719234467,-0.0801821798086166,4.85673236846924,1.21418309211731,-2.34811997413635,-0.587029993534088,0.331035077571869,0.0827587693929672,0.206111580133438,0.0515278950333595,0.614805400371552,0.153701350092888,-1.56513774394989,-0.391284435987473,-5.17531585693359,-1.2938289642334,-42.354907989502,-10.5887269973755,-1.24723172187805,-0.311807930469513,-10.4848432540894,-2.62121081352234,0.942897796630859,0.235724449157715,-12.3217306137085,-3.08043265342712,-1.5024665594101,-0.375616639852524,-2.25923609733582,-0.564809024333954,32.663200378418,8.16580009460449,1.09945464134216,0.274863660335541,-8.5013370513916,-2.1253342628479,-2.43823051452637,-0.609557628631592,-9.53059387207031,-2.38264846801758,0.889646768569946,0.222411692142487
-2.41804385185242,-0.604510962963104,0.592963755130768,0.148240938782692,-0.629694223403931,-0.157423555850983,2.64382266998291,0.660955667495728,-0.231750965118408,-0.0579377412796021,-0.21640807390213,-0.0541020184755325,-3.02480697631836,-0.75620174407959,-0.0167742818593979,-0.00419357046484947,-0.0943301841616631,-0.0235825460404158,4.57767581939697,1.14441895484924,-1.96818828582764,-0.492047071456909,0.213098585605621,0.0532746464014053,0.0940748155117035,0.0235187038779259,0.375922381877899,0.0939805954694748,-1.6216539144516,-0.4054134786129,-5.70151853561401,-1.4253796339035,-41.0286293029785,-10.2571573257446,-1.18961548805237,-0.297403872013092,-10.7118701934814,-2.67796754837036,1.04334902763367,0.260837256908417,-12.1007385253906,-3.02518463134766,-1.92734408378601,-0.481836020946503,-2.00702929496765,-0.501757323741913,32.1025238037109,8.02563095092773,0.893466889858246,0.223366722464561,-8.48728466033936,-2.12182116508484,-2.54370617866516,-0.63592654466629,-9.32796573638916,-2.33199143409729,1.40518248081207,0.351295620203018
-2.49616098403931,-0.624040246009827,0.557412266731262,0.139353066682816,-0.50386655330658,-0.125966638326645,3.01929044723511,0.754822611808777,0.527783036231995,0.131945759057999,-0.225766152143478,-0.0564415380358696,-3.15470623970032,-0.788676559925079,-0.150314435362816,-0.037578608840704,-0.0900920778512955,-0.0225230194628239,4.39582443237305,1.09895610809326,-1.81965637207031,-0.454914093017578,0.265326023101807,0.0663315057754517,0.210957109928131,0.0527392774820328,0.495129287242889,0.123782321810722,-1.46653878688812,-0.366634696722031,-5.56413173675537,-1.39103293418884,-40.1592063903809,-10.0398015975952,-1.00300025939941,-0.250750064849854,-11.0327701568604,-2.75819253921509,1.33574461936951,0.333936154842377,-12.3862886428833,-3.09657216072083,-1.83571588993073,-0.458928972482681,-1.9450546503067,-0.486263662576675,31.6650238037109,7.91625595092773,0.884849965572357,0.221212491393089,-8.31470203399658,-2.07867550849915,-2.56232094764709,-0.640580236911774,-9.51120567321777,-2.37780141830444,1.44550383090973,0.361375957727432
-2.32344150543213,-0.580860376358032,0.274242669343948,0.0685606673359871,-0.413816899061203,-0.103454224765301,3.83492708206177,0.958731770515442,1.38775396347046,0.346938490867615,0.158370137214661,0.0395925343036652,-3.33470129966736,-0.83367532491684,-0.261512935161591,-0.0653782337903976,-0.0105288755148649,-0.00263221887871623,3.73343014717102,0.933357536792755,-1.34188604354858,-0.335471510887146,0.382350265979767,0.0955875664949417,0.203099995851517,0.0507749989628792,0.52307254076004,0.13076813519001,-1.35205090045929,-0.338012725114822,-5.53563117980957,-1.38390779495239,-39.8366165161133,-9.95915412902832,-0.957632303237915,-0.239408075809479,-11.1438636779785,-2.78596591949463,1.55666553974152,0.389166384935379,-12.4834108352661,-3.12085270881653,-1.37393462657928,-0.343483656644821,-1.54055738449097,-0.385139346122742,31.0619983673096,7.76549959182739,1.07062554359436,0.26765638589859,-7.92264604568481,-1.9806615114212,-2.59950494766235,-0.649876236915588,-9.58865928649902,-2.39716482162476,1.7040581703186,0.426014542579651
-2.58185291290283,-0.645463228225708,-0.212223246693611,-0.0530558116734028,-0.256756901741028,-0.064189225435257,4.53547430038452,1.13386857509613,0.964004158973694,0.241001039743423,0.0566767528653145,0.0141691882163286,-3.24981641769409,-0.812454104423523,-0.380475580692291,-0.0951188951730728,0.122713021934032,0.0306782554835081,2.84554433822632,0.71138608455658,-0.724933505058289,-0.181233376264572,0.516211628913879,0.12905290722847,0.193884760141373,0.0484711900353432,0.404807686805725,0.101201921701431,-1.21265709400177,-0.303164273500443,-5.35028266906738,-1.33757066726685,-39.6897583007813,-9.92243957519531,-0.799820184707642,-0.19995504617691,-11.0139455795288,-2.7534863948822,1.77546238899231,0.443865597248077,-12.5494985580444,-3.13737463951111,-0.521186888217926,-0.130296722054482,-1.12395739555359,-0.280989348888397,30.5290336608887,7.63225841522217,1.27585422992706,0.318963557481766,-7.4960298538208,-1.8740074634552,-2.81449675559998,-0.703624188899994,-9.6173152923584,-2.4043288230896,2.13596987724304,0.533992469310761
-3.04016757011414,-0.760041892528534,-0.696456730365753,-0.174114182591438,-0.361749142408371,-0.0904372856020927,5.43474721908569,1.35868680477142,-3.06488847732544,-0.76622211933136,-0.691012740135193,-0.172753185033798,-3.06136202812195,-0.765340507030487,-1.39498782157898,-0.348746955394745,0.670612037181854,0.167653009295464,1.20124125480652,0.30031031370163,0.452633649110794,0.113158412277699,0.465073108673096,0.116268277168274,0.0234913341701031,0.00587283354252577,-0.360797077417374,-0.0901992693543434,-1.10411286354065,-0.276028215885162,-5.94802474975586,-1.48700618743896,-40.134033203125,-10.0335083007813,-0.881379365921021,-0.220344841480255,-11.178243637085,-2.79456090927124,1.68295538425446,0.420738846063614,-12.9613361358643,-3.24033403396606,0.163921639323235,0.0409804098308086,-1.00136864185333,-0.250342160463333,30.5860042572022,7.64650106430054,0.971370995044708,0.242842748761177,-7.13516712188721,-1.7837917804718,-2.27318692207336,-0.568296730518341,-9.39525890350342,-2.34881472587585,1.88710176944733,0.471775442361832
-3.07106900215149,-0.767767250537872,-0.12959223985672,-0.03239805996418,-0.434901297092438,-0.108725324273109,5.18106174468994,1.29526543617249,-3.29948568344116,-0.824871420860291,-0.326289534568787,-0.0815723836421967,-2.35508990287781,-0.588772475719452,-1.51486659049988,-0.37871664762497,0.676237165927887,0.169059291481972,2.24167823791504,0.56041955947876,1.33211958408356,0.333029896020889,0.191691905260086,0.0479229763150215,-0.0928699746727943,-0.0232174936681986,-0.0276723578572273,-0.00691808946430683,-1.48472487926483,-0.371181219816208,-6.00213432312012,-1.50053358078003,-41.2479591369629,-10.3119897842407,-1.63062059879303,-0.407655149698257,-11.5244398117065,-2.88110995292664,1.5407475233078,0.38518688082695,-13.0494012832642,-3.26235032081604,0.615615248680115,0.153903812170029,-1.4752049446106,-0.368801236152649,31.8630332946777,7.96575832366943,1.27773606777191,0.319434016942978,-7.11000108718872,-1.77750027179718,-2.00367879867554,-0.500919699668884,-8.86471366882324,-2.21617841720581,0.960702836513519,0.24017570912838
-3.29897856712341,-0.824744641780853,0.244252815842628,0.0610632039606571,-0.636948227882385,-0.159237056970596,5.06311511993408,1.26577877998352,-2.8699893951416,-0.7174973487854,-0.233763337135315,-0.0584408342838287,-2.0540828704834,-0.51352071762085,-1.61605095863342,-0.404012739658356,0.563434302806854,0.140858575701714,3.09305620193481,0.773264050483704,2.70592784881592,0.67648196220398,-0.0414367355406284,-0.0103591838851571,-0.18106472492218,-0.045266181230545,-0.522879004478455,-0.130719751119614,-1.72957849502563,-0.432394623756409,-6.36324739456177,-1.59081184864044,-41.8766021728516,-10.4691505432129,-1.6407322883606,-0.410183072090149,-11.2154083251953,-2.80385208129883,1.65767204761505,0.414418011903763,-12.6152238845825,-3.15380597114563,0.98218959569931,0.245547398924828,-1.58028137683868,-0.395070344209671,32.934326171875,8.23358154296875,1.42487728595734,0.356219321489334,-7.37518501281738,-1.84379625320435,-1.97164833545685,-0.492912083864212,-8.68658447265625,-2.17164611816406,0.663446843624115,0.165861710906029
-3.37628626823425,-0.844071567058563,0.188875004649162,0.0472187511622906,-0.621530890464783,-0.155382722616196,4.67749977111816,1.16937494277954,-2.61757040023804,-0.654392600059509,-0.566852509975433,-0.141713127493858,-1.96905767917633,-0.492264419794083,-1.19461357593536,-0.298653393983841,0.250369429588318,0.0625923573970795,3.89733481407166,0.974333703517914,3.34357094764709,0.835892736911774,0.0497070513665676,0.0124267628416419,-0.145561665296555,-0.0363904163241386,-0.272098630666733,-0.0680246576666832,-1.7279326915741,-0.431983172893524,-6.52607250213623,-1.63151812553406,-42.8649101257324,-10.7162275314331,-1.52447581291199,-0.381118953227997,-11.1128377914429,-2.77820944786072,1.81108105182648,0.452770262956619,-12.5520267486572,-3.13800668716431,1.19367671012878,0.298419177532196,-1.4125736951828,-0.3531434237957,33.6917762756348,8.42294406890869,1.43770861625671,0.359427154064178,-7.6564245223999,-1.91410613059998,-1.92670071125031,-0.481675177812576,-8.90314197540283,-2.22578549385071,0.542749166488648,0.135687291622162
-3.27387237548828,-0.81846809387207,-0.0263081975281239,-0.00657704938203096,-0.51899665594101,-0.129749163985252,4.44162702560425,1.11040675640106,-2.38238024711609,-0.595595061779022,-0.782102882862091,-0.195525720715523,-2.1951847076416,-0.5487961769104,-0.886147439479828,-0.221536859869957,0.170578345656395,0.0426445864140987,3.96741580963135,0.991853952407837,4.04392194747925,1.01098048686981,0.331590056419373,0.0828975141048431,-0.0451387986540794,-0.0112846996635199,-0.290021270513535,-0.0725053176283836,-1.70162642002106,-0.425406605005264,-6.37676572799683,-1.59419143199921,-43.3043098449707,-10.8260774612427,-1.38986587524414,-0.347466468811035,-10.9929895401001,-2.74824738502502,1.67321419715881,0.418303549289703,-12.5818223953247,-3.14545559883118,0.847211480140686,0.211802870035172,-1.59389710426331,-0.398474276065826,33.8372116088867,8.45930290222168,1.48033380508423,0.370083451271057,-7.81169700622559,-1.9529242515564,-1.98088490962982,-0.495221227407455,-9.34697532653809,-2.33674383163452,0.549575984477997,0.137393996119499
-3.14869046211243,-0.787172615528107,-0.165853142738342,-0.0414632856845856,-0.509411334991455,-0.127352833747864,3.94070529937744,0.98517632484436,-2.02575731277466,-0.506439328193665,-1.05482304096222,-0.263705760240555,-2.61294078826904,-0.653235197067261,-0.526758134365082,-0.13168953359127,-0.0306123998016119,-0.00765309995040298,4.03271150588989,1.00817787647247,3.38153767585754,0.845384418964386,0.604029178619385,0.151007294654846,0.0255594216287136,0.0063898554071784,-0.222846001386642,-0.0557115003466606,-1.55620348453522,-0.389050871133804,-6.16201972961426,-1.54050493240356,-43.7606811523438,-10.9401702880859,-1.13581144809723,-0.283952862024307,-11.1855611801147,-2.79639029502869,1.62584340572357,0.406460851430893,-12.8972368240356,-3.22430920600891,0.358174264431,0.0895435661077499,-1.61307108402252,-0.403267771005631,33.751651763916,8.437912940979,1.48569941520691,0.371424853801727,-7.80301523208618,-1.95075380802155,-2.12350726127625,-0.530876815319061,-9.88327217102051,-2.47081804275513,0.370510160923004,0.092627540230751
-2.83975481987,-0.709938704967499,0.144871726632118,0.0362179316580296,-0.65876704454422,-0.164691761136055,3.07375192642212,0.76843798160553,-1.41244328022003,-0.353110820055008,-1.16254162788391,-0.290635406970978,-3.00502634048462,-0.751256585121155,-0.0164239555597305,-0.00410598888993263,-0.265479058027267,-0.0663697645068169,4.39722204208374,1.09930551052094,0.176117673516274,0.0440294183790684,0.302817285060883,0.0757043212652206,0.142104521393776,0.035526130348444,0.311894327402115,0.0779735818505287,-1.47468984127045,-0.368672460317612,-5.7091703414917,-1.42729258537292,-43.6053581237793,-10.9013395309448,-1.03191769123077,-0.257979422807694,-11.6215085983276,-2.90537714958191,1.66549336910248,0.41637334227562,-13.3822250366211,-3.34555625915527,-0.587737381458283,-0.146934345364571,-1.95043814182282,-0.487609535455704,33.4417304992676,8.3604326248169,1.51426410675049,0.378566026687622,-7.82285451889038,-1.9557136297226,-2.39083957672119,-0.597709894180298,-9.87072467803955,-2.46768116950989,0.41617751121521,0.104044377803802
-2.49223852157593,-0.623059630393982,0.284113049507141,0.0710282623767853,-0.518775463104248,-0.129693865776062,2.42253255844116,0.605633139610291,0.142817988991737,0.0357044972479343,-0.699885964393616,-0.174971491098404,-3.02314376831055,-0.755785942077637,0.364327549934387,0.0910818874835968,-0.294366449117661,-0.0735916122794151,4.93399333953857,1.23349833488464,-2.37053370475769,-0.592633426189423,0.316586494445801,0.0791466236114502,0.208952575922012,0.0522381439805031,0.719329059123993,0.179832264780998,-1.65831577777863,-0.414578944444656,-5.55158662796021,-1.38789665699005,-42.3871612548828,-10.5967903137207,-1.14418911933899,-0.286047279834747,-11.8563461303711,-2.96408653259277,1.05768072605133,0.264420181512833,-13.3888788223267,-3.34721970558167,-1.85991609096527,-0.464979022741318,-2.10132026672363,-0.525330066680908,32.7168350219727,8.17920875549316,1.18887174129486,0.297217935323715,-8.19560527801514,-2.04890131950378,-2.37273359298706,-0.593183398246765,-9.51073837280273,-2.37768459320068,0.587969541549683,0.146992385387421
-2.26690244674683,-0.566725611686707,0.367047935724258,0.0917619839310646,-0.559054553508759,-0.13976363837719,2.95730447769165,0.739326119422913,0.350120604038239,0.0875301510095596,-0.570300221443176,-0.142575055360794,-3.09767055511475,-0.774417638778687,0.00399605929851532,0.00099901482462883,-0.115115232765675,-0.0287788081914186,4.47037696838379,1.11759424209595,-1.9481760263443,-0.487044006586075,0.320548534393311,0.0801371335983276,0.146445393562317,0.0366113483905792,0.537778675556183,0.134444668889046,-1.73723709583282,-0.434309273958206,-6.09081315994263,-1.52270328998566,-40.920711517334,-10.2301778793335,-1.02960574626923,-0.257401436567307,-11.9823598861694,-2.99558997154236,1.07085466384888,0.267713665962219,-12.9552488327026,-3.23881220817566,-2.00209856033325,-0.500524640083313,-1.62474834918976,-0.40618708729744,31.8942279815674,7.97355699539185,1.14915204048157,0.287288010120392,-8.26186084747315,-2.06546521186829,-2.80217099189758,-0.700542747974396,-9.32472991943359,-2.3311824798584,1.20313572883606,0.300783932209015
-2.37870478630066,-0.594676196575165,0.36938613653183,0.0923465341329575,-0.440919071435928,-0.110229767858982,3.53152894973755,0.882882237434387,1.44121062755585,0.360302656888962,-0.100363530218601,-0.0250908825546503,-3.41157245635986,-0.852893114089966,-0.164987370371819,-0.0412468425929546,-0.0609509274363518,-0.0152377318590879,4.10347938537598,1.02586984634399,-1.51682233810425,-0.379205584526062,0.338277518749237,0.0845693796873093,0.22096848487854,0.055242121219635,0.645971536636353,0.161492884159088,-1.48765408992767,-0.371913522481918,-6.01085519790649,-1.50271379947662,-40.4045181274414,-10.1011295318604,-0.873281717300415,-0.218320429325104,-12.1646566390991,-3.04116415977478,1.52757835388184,0.381894588470459,-13.1411647796631,-3.28529119491577,-1.62477946281433,-0.406194865703583,-1.51287710666657,-0.378219276666641,31.4755764007568,7.86889410018921,1.17339050769806,0.293347626924515,-8.06675815582275,-2.01668953895569,-2.80583643913269,-0.701459109783173,-9.71750450134277,-2.42937612533569,1.53046870231628,0.382617175579071
-2.4081871509552,-0.6020467877388,0.0203802920877934,0.00509507302194834,-0.332195073366165,-0.0830487683415413,4.47862863540649,1.11965715885162,1.52957379817963,0.382393449544907,0.176452934741974,0.0441132336854935,-3.51636457443237,-0.879091143608093,-0.315279364585876,-0.0788198411464691,0.0389272570610046,0.00973181426525116,3.19991827011108,0.799979567527771,-0.953644931316376,-0.238411232829094,0.497022867202759,0.12425571680069,0.241968333721161,0.0604920834302902,0.549732029438019,0.137433007359505,-1.34343183040619,-0.335857957601547,-5.87774276733398,-1.4694356918335,-40.2849388122559,-10.071234703064,-0.744683027267456,-0.186170756816864,-12.0858297348022,-3.02145743370056,1.80135881900787,0.450339704751968,-13.2051515579224,-3.30128788948059,-0.830291509628296,-0.207572877407074,-1.14152657985687,-0.285381644964218,31.0056896209717,7.75142240524292,1.40175998210907,0.350439995527267,-7.58822250366211,-1.89705562591553,-2.94587993621826,-0.736469984054565,-9.79318141937256,-2.44829535484314,2.09843921661377,0.524609804153442
-3.0077702999115,-0.751942574977875,-0.715912461280823,-0.178978115320206,-0.282612949609756,-0.0706532374024391,5.35085773468018,1.33771443367004,-1.86359894275665,-0.465899735689163,-0.519087016582489,-0.129771754145622,-3.33430814743042,-0.833577036857605,-1.0814334154129,-0.270358353853226,0.57382071018219,0.143455177545547,1.54548132419586,0.386370331048965,-0.03003304079175,-0.00750826019793749,0.35784912109375,0.0894622802734375,0.121916860342026,0.0304792150855064,0.0440001264214516,0.0110000316053629,-1.1074812412262,-0.276870310306549,-6.19165182113648,-1.54791295528412,-40.2978019714356,-10.0744504928589,-0.523641109466553,-0.130910277366638,-12.0028610229492,-3.0007152557373,2.0396831035614,0.50992077589035,-13.6780662536621,-3.41951656341553,0.15216301381588,0.03804075345397,-0.760253429412842,-0.19006335735321,30.7302684783936,7.68256711959839,1.36380219459534,0.340950548648834,-7.10516881942749,-1.77629220485687,-2.83688449859619,-0.709221124649048,-9.77065849304199,-2.4426646232605,2.24185109138489,0.560462772846222
-3.0737738609314,-0.768443465232849,-0.0483138673007488,-0.0120784668251872,-0.624814450740814,-0.156203612685204,5.34271001815796,1.33567750453949,-3.67660045623779,-0.919150114059448,-0.201510846614838,-0.0503777116537094,-2.85684156417847,-0.714210391044617,-1.62707018852234,-0.406767547130585,0.962269961833954,0.240567490458488,1.94342565536499,0.485856413841248,2.78595662117004,0.696489155292511,0.656298339366913,0.164074584841728,-0.0844572931528091,-0.0211143232882023,-0.254334092140198,-0.0635835230350494,-1.35517585277557,-0.338793963193893,-6.43839883804321,-1.6095997095108,-40.8661689758301,-10.2165422439575,-1.33766627311707,-0.334416568279266,-12.2558469772339,-3.06396174430847,1.60917508602142,0.402293771505356,-13.7690982818604,-3.44227457046509,0.337701320648193,0.0844253301620483,-1.25440204143524,-0.31360051035881,31.4744911193848,7.86862277984619,1.33418452739716,0.333546131849289,-6.95488786697388,-1.73872196674347,-2.41409683227539,-0.603524208068848,-9.48157596588135,-2.37039399147034,1.39942216873169,0.349855542182922
-3.42167687416077,-0.855419218540192,0.18661817908287,0.0466545447707176,-0.630980312824249,-0.157745078206062,5.17421627044678,1.29355406761169,-3.08720254898071,-0.771800637245178,-0.296385318040848,-0.0740963295102119,-2.0554313659668,-0.513857841491699,-1.69641959667206,-0.424104899168015,0.456048011779785,0.114012002944946,3.26870656013489,0.817176640033722,2.44844579696655,0.612111449241638,0.0643914937973023,0.0160978734493256,-0.241772159934044,-0.060443039983511,-0.470599830150604,-0.117649957537651,-1.77330541610718,-0.443326354026794,-6.87982892990112,-1.71995723247528,-42.3898963928223,-10.5974740982056,-1.45292150974274,-0.363230377435684,-12.0831489562988,-3.02078723907471,1.89451086521149,0.473627716302872,-13.3853645324707,-3.34634113311768,1.02523624897003,0.256309062242508,-1.31049120426178,-0.327622801065445,33.2205276489258,8.30513191223145,1.6231837272644,0.405795931816101,-7.22685432434082,-1.80671358108521,-2.15938091278076,-0.53984522819519,-8.95758152008057,-2.23939538002014,0.586220026016235,0.146555006504059
-3.43390130996704,-0.85847532749176,0.184228032827377,0.0460570082068443,-0.664283752441406,-0.166070938110352,4.87165403366089,1.21791350841522,-2.81705784797668,-0.704264461994171,-0.555121779441834,-0.138780444860458,-2.02956199645996,-0.50739049911499,-1.27778601646423,-0.319446504116058,0.293207556009293,0.0733018890023232,3.79179215431213,0.947948038578033,3.18684935569763,0.796712338924408,0.0323905907571316,0.00809764768928289,-0.144739925861359,-0.0361849814653397,-0.295339643955231,-0.0738349109888077,-1.79745018482208,-0.449362546205521,-6.89015436172485,-1.72253859043121,-43.6102142333984,-10.9025535583496,-1.4385598897934,-0.359639972448349,-11.9827861785889,-2.99569654464722,2.04587626457214,0.511469066143036,-13.4743671417236,-3.36859178543091,1.35360491275787,0.338401228189468,-1.246706366539,-0.31167659163475,34.5653457641602,8.64133644104004,1.6344541311264,0.408613532781601,-7.52986621856689,-1.88246655464172,-2.07824230194092,-0.51956057548523,-8.97388744354248,-2.24347186088562,0.578371942043304,0.144592985510826
-3.32989954948425,-0.832474887371063,-0.0837653875350952,-0.0209413468837738,-0.519493401050568,-0.129873350262642,4.67857551574707,1.16964387893677,-2.62791895866394,-0.656979739665985,-0.684135913848877,-0.171033978462219,-2.31461906433105,-0.578654766082764,-0.902288317680359,-0.22557207942009,0.239932581782341,0.0599831454455853,3.76900887489319,0.942252218723297,4.00004625320435,1.00001156330109,0.0406300984323025,0.0101575246080756,-0.0286973416805267,-0.00717433542013168,-0.235174983739853,-0.0587937459349632,-1.72419929504395,-0.431049823760986,-6.69357776641846,-1.67339444160461,-43.7902297973633,-10.9475574493408,-1.34022569656372,-0.33505642414093,-11.7984342575073,-2.94960856437683,1.87592780590057,0.468981951475143,-13.3795022964478,-3.34487557411194,0.97176456451416,0.24294114112854,-1.43522202968597,-0.358805507421494,34.7265319824219,8.68163299560547,1.6816041469574,0.420401036739349,-7.61886501312256,-1.90471625328064,-2.0862135887146,-0.52155339717865,-9.28206920623779,-2.32051730155945,0.67736142873764,0.16934035718441
-3.18046069145203,-0.795115172863007,-0.28567561507225,-0.0714189037680626,-0.461657106876373,-0.115414276719093,4.44915533065796,1.11228883266449,-2.37594819068909,-0.593987047672272,-0.847900032997131,-0.211975008249283,-2.62635612487793,-0.656589031219482,-0.718442440032959,-0.17961061000824,0.141263991594315,0.0353159978985786,3.68695521354675,0.921738803386688,3.58679175376892,0.89669793844223,0.119075536727905,0.0297688841819763,0.039282213896513,0.00982055347412825,-0.200341492891312,-0.0500853732228279,-1.65136432647705,-0.412841081619263,-6.42260217666626,-1.60565054416657,-43.9785270690918,-10.994631767273,-1.06855046749115,-0.267137616872788,-11.8100357055664,-2.9525089263916,1.79226195812225,0.448065489530563,-13.3271579742432,-3.33178949356079,0.557503879070282,0.139375969767571,-1.51926982402802,-0.379817456007004,34.3735389709473,8.59338474273682,1.7386908531189,0.434672713279724,-7.66872358322144,-1.91718089580536,-2.22799277305603,-0.556998193264008,-9.82141494750977,-2.45535373687744,0.602823734283447,0.150705933570862
-3.01737999916077,-0.754344999790192,-0.384904831647873,-0.0962262079119682,-0.505368769168854,-0.126342192292213,4.06234645843506,1.01558661460876,-2.06977200508118,-0.517443001270294,-1.08881509304047,-0.272203773260117,-2.84762740135193,-0.711906850337982,-0.394473850727081,-0.0986184626817703,-0.0579057186841965,-0.0144764296710491,3.81203722953796,0.953009307384491,2.46366095542908,0.615915238857269,0.228526771068573,0.0571316927671433,0.0432361252605915,0.0108090313151479,-0.138041466474533,-0.0345103666186333,-1.57156205177307,-0.392890512943268,-6.25424814224243,-1.56356203556061,-43.9087677001953,-10.9771919250488,-0.941731333732605,-0.235432833433151,-11.9770622253418,-2.99426555633545,1.83860564231873,0.459651410579681,-13.6477689743042,-3.41194224357605,0.0429244488477707,0.0107311122119427,-1.49802696704865,-0.374506741762161,33.891170501709,8.47279262542725,1.71709680557251,0.429274201393127,-7.56902408599854,-1.89225602149963,-2.32004261016846,-0.580010652542114,-10.061146736145,-2.51528668403626,0.484383583068848,0.121095895767212
-2.76493334770203,-0.691233336925507,-0.0962833613157272,-0.0240708403289318,-0.587275624275208,-0.146818906068802,3.19595766067505,0.798989415168762,-1.31110763549805,-0.327776908874512,-1.20065581798553,-0.300163954496384,-3.06243991851807,-0.765609979629517,0.130219385027885,0.0325548462569714,-0.297585189342499,-0.0743962973356247,4.2673807144165,1.06684517860413,-0.319889307022095,-0.0799723267555237,0.0598340593278408,0.0149585148319602,0.114210814237595,0.0285527035593987,0.352714061737061,0.0881785154342651,-1.56030917167664,-0.390077292919159,-5.91334438323975,-1.47833609580994,-43.3851928710938,-10.8462982177734,-0.851212501525879,-0.21280312538147,-12.3406553268433,-3.08516383171082,1.87691938877106,0.469229847192764,-14.1347274780273,-3.53368186950684,-0.487566590309143,-0.121891647577286,-1.65275382995605,-0.413188457489014,33.3469619750977,8.33674049377441,1.71188747882843,0.427971869707108,-7.58061647415161,-1.8951541185379,-2.55674076080322,-0.639185190200806,-9.79442310333252,-2.44860577583313,0.535220682621002,0.133805170655251
-2.52972865104675,-0.632432162761688,0.00488639250397682,0.00122159812599421,-0.579550385475159,-0.14488759636879,2.83086347579956,0.70771586894989,-0.000183071941137314,-4.57679852843285E-05,-0.881988525390625,-0.220497131347656,-2.93612766265869,-0.734031915664673,0.315531373023987,0.0788828432559967,-0.308896690607071,-0.0772241726517677,4.70223903656006,1.17555975914001,-2.00688099861145,-0.501720249652863,0.377754151821137,0.0944385379552841,0.15576308965683,0.0389407724142075,0.771217107772827,0.192804276943207,-1.78768837451935,-0.446922093629837,-5.77258920669556,-1.44314730167389,-42.4721794128418,-10.6180448532105,-1.08225011825562,-0.270562529563904,-12.430248260498,-3.10756206512451,1.31031763553619,0.327579408884048,-14.1967859268188,-3.54919648170471,-1.17775511741638,-0.294438779354095,-1.49063277244568,-0.37265819311142,32.9825859069824,8.24564647674561,1.4933454990387,0.373336374759674,-8.12250900268555,-2.03062725067139,-2.70180201530457,-0.675450503826141,-9.36812019348145,-2.34203004837036,0.863616228103638,0.215904057025909
-2.46390700340271,-0.615976750850678,0.303291887044907,0.0758229717612267,-0.562920272350311,-0.140730068087578,3.38473701477051,0.846184253692627,1.09877550601959,0.274693876504898,-0.265324503183365,-0.0663311257958412,-3.16145038604736,-0.790362596511841,0.140386566519737,0.0350966416299343,-0.187191545963287,-0.0467978864908218,4.27684450149536,1.06921112537384,-1.55996859073639,-0.389992147684097,0.331971228122711,0.0829928070306778,0.118970543146133,0.0297426357865334,0.575284659862518,0.14382116496563,-1.70797193050385,-0.426992982625961,-6.34909296035767,-1.58727324008942,-41.6001052856445,-10.4000263214111,-0.95112156867981,-0.237780392169952,-12.3895568847656,-3.09738922119141,1.43996345996857,0.359990864992142,-13.7098083496094,-3.42745208740234,-1.26413476467133,-0.316033691167831,-1.30173742771149,-0.325434356927872,32.5006675720215,8.12516689300537,1.35862064361572,0.339655160903931,-8.1994104385376,-2.0498526096344,-3.03319954872131,-0.758299887180328,-9.54050540924072,-2.38512635231018,1.35671019554138,0.339177548885345
-2.38084030151367,-0.595210075378418,0.123197004199028,0.030799251049757,-0.47404158115387,-0.118510395288467,4.18996095657349,1.04749023914337,1.48410964012146,0.371027410030365,-0.00585971027612686,-0.00146492756903172,-3.33676528930664,-0.83419132232666,-0.155502066016197,-0.0388755165040493,-0.0628578513860703,-0.0157144628465176,3.54865312576294,0.887163281440735,-1.18452763557434,-0.296131908893585,0.522347390651703,0.130586847662926,0.181959226727486,0.0454898066818714,0.444660127162933,0.111165031790733,-1.57362329959869,-0.393405824899673,-6.44379091262817,-1.61094772815704,-41.0551490783691,-10.2637872695923,-0.664722681045532,-0.166180670261383,-12.5584192276001,-3.13960480690002,1.65611231327057,0.414028078317642,-13.457329750061,-3.36433243751526,-0.723959028720856,-0.180989757180214,-0.909391760826111,-0.227347940206528,31.7369804382324,7.93424510955811,1.50839972496033,0.377099931240082,-7.8070592880249,-1.95176482200623,-3.18506407737732,-0.79626601934433,-9.67500305175781,-2.41875076293945,1.77274084091187,0.443185210227966
-2.76979088783264,-0.69244772195816,-0.51174259185791,-0.127935647964478,-0.309903025627136,-0.0774757564067841,4.95648431777954,1.23912107944489,-0.13143515586853,-0.0328587889671326,-0.107725329697132,-0.026931332424283,-3.27206993103027,-0.818017482757568,-0.52049058675766,-0.130122646689415,0.227691262960434,0.0569228157401085,2.50872397422791,0.627180993556976,-0.178671553730965,-0.0446678884327412,0.396114736795425,0.0990286841988564,0.148137927055359,0.0370344817638397,0.283359080553055,0.0708397701382637,-1.35065507888794,-0.337663769721985,-6.4260106086731,-1.60650265216827,-40.6992912292481,-10.174822807312,-0.45156130194664,-0.11289032548666,-12.5915012359619,-3.14787530899048,1.99276959896088,0.498192399740219,-13.8431377410889,-3.46078443527222,0.143188878893852,0.0357972197234631,-0.414533913135529,-0.103633478283882,31.1400165557861,7.78500413894653,1.60680413246155,0.401701033115387,-7.14469003677368,-1.78617250919342,-3.30011105537415,-0.825027763843536,-9.72209072113037,-2.43052268028259,2.27965521812439,0.569913804531097
-3.22564744949341,-0.806411862373352,-0.560840308666229,-0.140210077166557,-0.532970368862152,-0.133242592215538,5.49310922622681,1.3732773065567,-3.55002641677856,-0.887506604194641,-0.185073971748352,-0.046268492937088,-2.79516625404358,-0.698791563510895,-1.38237500190735,-0.345593750476837,0.641288816928864,0.160322204232216,1.99800896644592,0.499502241611481,2.43984079360962,0.609960198402405,0.828967273235321,0.20724181830883,-0.155190572142601,-0.0387976430356503,-0.629863679409027,-0.157465919852257,-1.4543172121048,-0.363579303026199,-7.11506080627441,-1.7787652015686,-41.0226364135742,-10.2556591033936,-0.918463468551636,-0.229615867137909,-12.8736667633057,-3.21841669082642,1.68526899814606,0.421317249536514,-14.1157264709473,-3.52893161773682,0.593773066997528,0.148443266749382,-0.328995108604431,-0.0822487771511078,31.5000743865967,7.87501859664917,1.31966733932495,0.329916834831238,-6.89624786376953,-1.72406196594238,-2.80914783477783,-0.702286958694458,-9.44576454162598,-2.36144113540649,1.53429937362671,0.383574843406677
