action_0,target_dof_pos_0,action_1,target_dof_pos_1,action_2,target_dof_pos_2,action_3,target_dof_pos_3,action_4,target_dof_pos_4,action_5,target_dof_pos_5,action_6,target_dof_pos_6,action_7,target_dof_pos_7,action_8,target_dof_pos_8,action_9,target_dof_pos_9,action_10,target_dof_pos_10,action_11,target_dof_pos_11,action_12,target_dof_pos_12,action_13,target_dof_pos_13,action_14,target_dof_pos_14,action_15,target_dof_pos_15,action_16,target_dof_pos_16,action_17,target_dof_pos_17,action_18,target_dof_pos_18,action_19,target_dof_pos_19,action_20,target_dof_pos_20,action_21,target_dof_pos_21,action_22,target_dof_pos_22,action_23,target_dof_pos_23,action_24,target_dof_pos_24,action_25,target_dof_pos_25,action_26,target_dof_pos_26,action_27,target_dof_pos_27,action_28,target_dof_pos_28
0.9418344497680664,0.2354586124420166,1.0440198183059692,0.2610049545764923,-0.5423747897148132,-0.1355936974287033,1.9791884422302246,0.49479711055755615,2.281348705291748,0.570337176322937,0.9259196519851685,0.23147991299629211,-0.5900384783744812,-0.1475096195936203,-0.13848504424095154,-0.034621261060237885,-0.22821007668972015,-0.05705251917243004,2.2409603595733643,0.5602400898933411,-1.9236600399017334,-0.48091500997543335,-0.16442975401878357,-0.04110743850469589,0.40699443221092224,0.10174860805273056,0.2348499298095703,0.05871248245239258,-1.4316219091415405,-0.35790547728538513,-1.0736135244369507,-0.26840338110923767,-8.133362770080566,-2.0333406925201416,-0.029710695147514343,-0.007427673786878586,-3.232043743133545,-0.8080109357833862,1.668655514717102,0.4171638786792755,-6.239291191101074,-1.5598227977752686,-4.811859607696533,-1.2029649019241333,0.7721111178398132,0.1930277794599533,8.69372272491455,2.1734306812286377,1.3726760149002075,0.3431690037250519,-2.765048027038574,-0.6912620067596436,-1.5949466228485107,-0.3987366557121277,-4.451042652130127,-1.1127606630325317,5.565425395965576,1.391356348991394
0.4948744773864746,0.12371861934661865,1.0062605142593384,0.2515651285648346,-0.47194844484329224,-0.11798711121082306,1.8918938636779785,0.47297346591949463,1.9681564569473267,0.49203911423683167,1.7835639715194702,0.44589099287986755,-1.134572148323059,-0.28364303708076477,-0.03108423948287964,-0.00777105987071991,-0.1673165261745453,-0.04182913154363632,2.6274006366729736,0.6568501591682434,-1.728416085243225,-0.4321040213108063,-0.6852627992630005,-0.17131569981575012,0.4137072265148163,0.10342680662870407,0.0895124301314354,0.02237810753285885,-0.870415985584259,-0.21760399639606476,-0.8402869701385498,-0.21007174253463745,-8.567872047424316,-2.141968011856079,-2.719463348388672,-0.679865837097168,-1.8378355503082275,-0.4594588875770569,-0.6166110634803772,-0.1541527658700943,-8.100951194763184,-2.025237798690796,-4.007099628448486,-1.0017749071121216,-1.7852699756622314,-0.44631749391555786,9.413801193237305,2.353450298309326,2.0045371055603027,0.5011342763900757,-1.1379112005233765,-0.2844778001308441,-0.42954039573669434,-0.10738509893417358,-5.467846393585205,-1.3669615983963013,4.769421100616455,1.1923552751541138
1.178914189338684,0.294728547334671,1.0368030071258545,0.2592007517814636,-0.6963671445846558,-0.17409178614616394,2.087261199951172,0.521815299987793,3.0540897846221924,0.7635224461555481,2.1907057762145996,0.5476764440536499,-1.7571920156478882,-0.43929800391197205,0.25781524181365967,0.06445381045341492,-0.2885654866695404,-0.0721413716673851,2.4038188457489014,0.6009547114372253,-2.3048489093780518,-0.5762122273445129,-1.2705917358398438,-0.31764793395996094,0.10316472500562668,0.02579118125140667,-0.24242383241653442,-0.060605958104133606,-1.0113474130630493,-0.25283685326576233,-0.32959020137786865,-0.08239755034446716,-8.309433937072754,-2.0773584842681885,-1.0082000494003296,-0.2520500123500824,0.07835054397583008,0.01958763599395752,0.6942002773284912,0.1735500693321228,-5.230789661407471,-1.3076974153518677,-4.5381855964660645,-1.1345463991165161,-0.7850241661071777,-0.19625604152679443,8.095773696899414,2.0239434242248535,0.6741226315498352,0.1685306578874588,-0.38315528631210327,-0.09578882157802582,0.25226134061813354,0.06306533515453339,-1.6370128393173218,-0.40925320982933044,4.461879730224609,1.1154699325561523
-0.00865030288696289,-0.0021625757217407227,0.37785136699676514,0.09446284174919128,-0.3409804701805115,-0.08524511754512787,2.8139567375183105,0.7034891843795776,4.041703224182129,1.0104258060455322,2.4390783309936523,0.6097695827484131,-2.031792640686035,-0.5079481601715088,-0.02977558970451355,-0.0074438974261283875,-0.021894684061408043,-0.005473671015352011,2.0663225650787354,0.5165806412696838,-2.052248001098633,-0.5130620002746582,-1.18303644657135,-0.2957591116428375,-0.1021515354514122,-0.02553788386285305,0.05350782722234726,0.013376956805586815,-0.6955699920654297,-0.17389249801635742,-0.9690595865249634,-0.24226489663124084,-9.251627922058105,-2.3129069805145264,-1.7621804475784302,-0.44054511189460754,0.3993885815143585,0.09984714537858963,-0.9925650358200073,-0.24814125895500183,-1.058027982711792,-0.264506995677948,-3.5353143215179443,-0.8838285803794861,-0.3451123833656311,-0.08627809584140778,8.628256797790527,2.157064199447632,0.7908660173416138,0.19771650433540344,0.24005965888500214,0.060014914721250534,0.7377540469169617,0.18443851172924042,-3.3326308727264404,-0.8331577181816101,3.7041561603546143,0.9260390400886536
-0.4792433977127075,-0.11981084942817688,0.0886516124010086,0.02216290310025215,-0.042025089263916016,-0.010506272315979004,3.559493064880371,0.8898732662200928,3.3167927265167236,0.8291981816291809,1.3026978969573975,0.32567447423934937,-1.9363735914230347,-0.48409339785575867,0.2730591893196106,0.06826479732990265,-0.2870117127895355,-0.07175292819738388,1.3848319053649902,0.34620797634124756,-2.0144340991973877,-0.5036085247993469,-0.4763200879096985,-0.11908002197742462,0.39082154631614685,0.09770538657903671,0.28123655915260315,0.07030913978815079,-0.42748647928237915,-0.10687161982059479,0.15602871775627136,0.03900717943906784,-9.003204345703125,-2.2508010864257812,-1.2736989259719849,-0.3184247314929962,0.5896398425102234,0.14740996062755585,0.05474573373794556,0.01368643343448639,-3.6566202640533447,-0.9141550660133362,-4.159260272979736,-1.039815068244934,-0.5790421962738037,-0.14476054906845093,9.362338066101074,2.3405845165252686,0.5460493564605713,0.13651233911514282,-0.08931417763233185,-0.022328544408082962,0.6288689374923706,0.15721723437309265,-1.6066386699676514,-0.40165966749191284,4.716741561889648,1.179185390472412
-1.5417883396148682,-0.38544708490371704,-0.008842790499329567,-0.0022106976248323917,0.04401816427707672,0.01100454106926918,3.2963647842407227,0.8240911960601807,-2.800997734069824,-0.700249433517456,-1.095423698425293,-0.27385592460632324,-1.2851136922836304,-0.3212784230709076,-0.6754442453384399,-0.16886106133460999,0.40027502179145813,0.10006875544786453,0.692588210105896,0.173147052526474,0.6819036602973938,0.17047591507434845,0.6624442934989929,0.16561107337474823,0.1132645383477211,0.028316134586930275,-0.7160762548446655,-0.17901906371116638,-0.2217712253332138,-0.05544280633330345,0.7017844915390015,0.17544612288475037,-9.061552047729492,-2.265388011932373,-1.1314260959625244,-0.2828565239906311,1.0680586099624634,0.26701465249061584,-1.409897804260254,-0.3524744510650635,-1.1809521913528442,-0.29523804783821106,-3.902829885482788,-0.975707471370697,-0.794429361820221,-0.19860734045505524,9.285371780395508,2.321342945098877,0.658086359500885,0.16452158987522125,0.6195050477981567,0.15487626194953918,0.6302769780158997,0.15756924450397491,-2.0951170921325684,-0.5237792730331421,3.54215931892395,0.8855398297309875
-1.8860005140304565,-0.47150012850761414,-0.06839467585086823,-0.017098668962717056,-0.025028914213180542,-0.0062572285532951355,3.3847975730895996,0.8461993932723999,-2.6755664348602295,-0.6688916087150574,-0.2360197901725769,-0.059004947543144226,-0.982630729675293,-0.24565768241882324,-0.8754819631576538,-0.21887049078941345,0.43028751015663147,0.10757187753915787,1.4828487634658813,0.37071219086647034,0.10144510865211487,0.025361277163028717,-1.0339024066925049,-0.2584756016731262,-0.1573842167854309,-0.03934605419635773,0.03552592545747757,0.008881481364369392,-0.5508203506469727,-0.13770508766174316,-0.8100054860115051,-0.20250137150287628,-7.720265865325928,-1.930066466331482,-0.7660576105117798,-0.19151440262794495,-0.5376675128936768,-0.1344168782234192,0.1228436678647995,0.030710916966199875,-2.148376226425171,-0.5370940566062927,-3.80100679397583,-0.9502516984939575,0.27666226029396057,0.06916556507349014,9.674789428710938,2.4186973571777344,0.05732205510139465,0.014330513775348663,0.3650609254837036,0.0912652313709259,0.5529295802116394,0.13823239505290985,-0.48945432901382446,-0.12236358225345612,4.551158905029297,1.1377897262573242
-2.4964599609375,-0.624114990234375,-0.08371081203222275,-0.020927703008055687,0.25817131996154785,0.06454282999038696,3.5417284965515137,0.8854321241378784,-1.6568353176116943,-0.4142088294029236,-0.11142940074205399,-0.027857350185513496,-1.0916951894760132,-0.2729237973690033,-0.6055657863616943,-0.15139144659042358,-0.016279419884085655,-0.004069854971021414,1.6625101566314697,0.41562753915786743,0.23906779289245605,0.059766948223114014,0.37774768471717834,0.09443692117929459,0.042208947241306305,0.010552236810326576,-1.0181654691696167,-0.2545413672924042,-0.16850923001766205,-0.04212730750441551,-0.2549450695514679,-0.06373626738786697,-8.01450252532959,-2.0036256313323975,-1.6816965341567993,-0.42042413353919983,1.4144067764282227,0.35360169410705566,-0.9015028476715088,-0.2253757119178772,-1.1194285154342651,-0.2798571288585663,-3.753965139389038,-0.9384912848472595,-0.8792268633842468,-0.2198067158460617,9.637585639953613,2.4093964099884033,1.0608326196670532,0.2652081549167633,-0.48565608263015747,-0.12141402065753937,1.100253701210022,0.2750634253025055,-2.8932173252105713,-0.7233043313026428,2.7218971252441406,0.6804742813110352
-1.9224159717559814,-0.48060399293899536,-0.06999377906322479,-0.017498444765806198,-0.06848382204771042,-0.017120955511927605,3.5172014236450195,0.8793003559112549,-1.4456069469451904,-0.3614017367362976,-0.16143471002578735,-0.04035867750644684,-1.2666772603988647,-0.3166693150997162,-0.8321746587753296,-0.2080436646938324,0.1781194657087326,0.04452986642718315,1.9703547954559326,0.49258869886398315,1.0240159034729004,0.2560039758682251,0.6208735704421997,0.15521839261054993,0.09932353347539902,0.024830883368849754,-0.01857159286737442,-0.004642898216843605,-0.48299670219421387,-0.12074917554855347,-0.9617020487785339,-0.24042551219463348,-7.625694274902344,-1.906423568725586,-0.768670916557312,-0.192167729139328,-1.5504109859466553,-0.3876027464866638,0.32991111278533936,0.08247777819633484,-2.7310702800750732,-0.6827675700187683,-4.656918048858643,-1.1642295122146606,0.7239993214607239,0.18099983036518097,9.837230682373047,2.4593076705932617,0.44283267855644226,0.11070816963911057,1.2850526571273804,0.3212631642818451,0.16540145874023438,0.041350364685058594,-1.075987696647644,-0.268996924161911,3.9598333835601807,0.9899583458900452
-2.13280987739563,-0.5332024693489075,-0.07772384583950043,-0.019430961459875107,0.18229936063289642,0.045574840158224106,3.501882553100586,0.8754706382751465,-1.0869033336639404,-0.2717258334159851,-0.15753915905952454,-0.039384789764881134,-1.3260740041732788,-0.3315185010433197,-0.2381788045167923,-0.059544701129198074,-0.13842356204986572,-0.03460589051246643,2.4368276596069336,0.6092069149017334,2.324580192565918,0.5811450481414795,0.8542596101760864,0.2135649025440216,-0.22378122806549072,-0.05594530701637268,-0.8890219926834106,-0.22225549817085266,-0.33246755599975586,-0.08311688899993896,0.31478649377822876,0.07869662344455719,-8.516526222229004,-2.129131555557251,-0.9080806970596313,-0.22702017426490784,1.9020583629608154,0.47551459074020386,-0.39320486783981323,-0.09830121695995331,-1.6504786014556885,-0.4126196503639221,-4.57643461227417,-1.1441086530685425,-0.10760468244552612,-0.02690117061138153,10.356963157653809,2.589240789413452,0.042904436588287354,0.010726109147071838,-0.6519328951835632,-0.1629832237958908,1.1939674615859985,0.29849186539649963,-1.8270635604858398,-0.45676589012145996,3.6608688831329346,0.9152172207832336
-2.083099603652954,-0.5207749009132385,-0.2995496094226837,-0.07488740235567093,-0.08133514970541,-0.0203337874263525,2.634580135345459,0.6586450338363647,-0.6325423717498779,-0.15813559293746948,-0.6004181504249573,-0.15010453760623932,-0.8938749432563782,-0.22346873581409454,-0.8937889337539673,-0.22344723343849182,-0.0684875026345253,-0.017121875658631325,3.1487112045288086,0.7871778011322021,3.4149880409240723,0.8537470102310181,2.710256814956665,0.6775642037391663,0.017594851553440094,0.0043987128883600235,0.028895974159240723,0.007223993539810181,-0.48534220457077026,-0.12133555114269257,-1.7722207307815552,-0.4430551826953888,-8.79837417602539,-2.1995935440063477,-1.5019252300262451,-0.3754813075065613,-1.363105297088623,-0.34077632427215576,-0.9174244999885559,-0.22935612499713898,-2.114537239074707,-0.5286343097686768,-3.8913767337799072,-0.9728441834449768,0.5620236396789551,0.14050590991973877,10.959351539611816,2.739837884902954,1.440321683883667,0.36008042097091675,2.0821430683135986,0.5205357670783997,0.012881800532341003,0.003220450133085251,-1.523497462272644,-0.380874365568161,3.546821117401123,0.8867052793502808
-2.244375228881836,-0.561093807220459,0.3211000859737396,0.0802750214934349,-0.21161842346191406,-0.052904605865478516,1.5236378908157349,0.3809094727039337,0.5916775465011597,0.14791938662528992,-0.562743604183197,-0.14068590104579926,-1.612089991569519,-0.40302249789237976,-0.1479395627975464,-0.0369848906993866,-0.409125417470932,-0.102281354367733,4.189962387084961,1.0474905967712402,3.6318485736846924,0.9079621434211731,2.767742872238159,0.6919357180595398,-0.41324976086616516,-0.10331244021654129,-0.3076050281524658,-0.07690125703811646,-0.21056875586509705,-0.05264218896627426,0.03273263946175575,0.008183159865438938,-11.455696105957031,-2.863924026489258,-0.8878713250160217,-0.22196783125400543,2.5286574363708496,0.6321643590927124,-0.3592969477176666,-0.08982423692941666,-0.8884556293487549,-0.22211390733718872,-3.8295159339904785,-0.9573789834976196,0.3136703372001648,0.0784175843000412,11.894508361816406,2.9736270904541016,-0.027174830436706543,-0.006793707609176636,-0.7992134690284729,-0.19980336725711823,1.4683302640914917,0.3670825660228729,-1.254337191581726,-0.3135842978954315,3.4141643047332764,0.8535410761833191
-2.541902542114258,-0.6354756355285645,0.536075234413147,0.13401880860328674,-0.4263015389442444,-0.1065753847360611,1.3317604064941406,0.33294010162353516,-0.18668989837169647,-0.04667247459292412,0.31313806772232056,0.07828451693058014,-1.4209240674972534,-0.35523101687431335,-0.42964640259742737,-0.10741160064935684,0.1283935159444809,0.032098378986120224,4.136235237121582,1.0340588092803955,-2.407454013824463,-0.6018635034561157,0.47525179386138916,0.11881294846534729,0.5919632911682129,0.14799082279205322,1.2502210140228271,0.3125552535057068,-0.20593054592609406,-0.051482636481523514,-0.9889249801635742,-0.24723124504089355,-12.650315284729004,-3.162578821182251,-0.8319021463394165,-0.20797553658485413,-1.9584896564483643,-0.48962241411209106,-1.0160950422286987,-0.2540237605571747,-3.0094423294067383,-0.7523605823516846,-4.456249713897705,-1.1140624284744263,1.337457299232483,0.3343643248081207,12.156206130981445,3.0390515327453613,1.3324990272521973,0.3331247568130493,2.0703279972076416,0.5175819993019104,0.5887221693992615,0.14718054234981537,-3.000478744506836,-0.750119686126709,3.97849440574646,0.994623601436615
-1.609609603881836,-0.402402400970459,0.7528805136680603,0.18822012841701508,-0.4108142852783203,-0.10270357131958008,1.5249115228652954,0.38122788071632385,-0.3572996258735657,-0.08932490646839142,0.04831146448850632,0.01207786612212658,-2.2920355796813965,-0.5730088949203491,0.522248387336731,0.13056209683418274,-0.32262182235717773,-0.08065545558929443,3.877141237258911,0.9692853093147278,-2.8344345092773438,-0.7086086273193359,-0.4780210256576538,-0.11950525641441345,0.14630630612373352,0.03657657653093338,-0.6954753994941711,-0.17386884987354279,-0.5458266139030457,-0.1364566534757614,0.8200303316116333,0.20500758290290833,-11.73730754852295,-2.9343268871307373,-0.9216119050979614,-0.23040297627449036,1.4663628339767456,0.3665907084941864,0.34664106369018555,0.08666026592254639,-3.309234619140625,-0.8273086547851562,-5.003425598144531,-1.2508563995361328,-1.9734961986541748,-0.4933740496635437,10.536863327026367,2.634215831756592,-0.004875778220593929,-0.0012189445551484823,-2.1795785427093506,-0.5448946356773376,1.3834275007247925,0.3458568751811981,0.01799018681049347,0.004497546702623367,4.358935356140137,1.0897338390350342
-2.1820645332336426,-0.5455161333084106,0.7846101522445679,0.19615253806114197,-0.33355477452278137,-0.08338869363069534,0.6148629784584045,0.15371574461460114,-1.746857762336731,-0.43671444058418274,-0.40137508511543274,-0.10034377127885818,-2.1583502292633057,-0.5395875573158264,0.18626320362091064,0.04656580090522766,-0.3113965094089508,-0.0778491273522377,3.9795491695404053,0.9948872923851013,-2.366658926010132,-0.591664731502533,0.35830047726631165,0.08957511931657791,0.1821954846382141,0.04554887115955353,1.382735252380371,0.3456838130950928,-0.1171242892742157,-0.029281072318553925,-1.1618857383728027,-0.2904714345932007,-10.413003921508789,-2.6032509803771973,-1.48269522190094,-0.370673805475235,-1.4335098266601562,-0.35837745666503906,-2.036731243133545,-0.5091828107833862,-0.3154188394546509,-0.07885470986366272,-3.769575595855713,-0.9423938989639282,0.8112173080444336,0.2028043270111084,10.394172668457031,2.598543167114258,0.9308004379272461,0.23270010948181152,1.9772884845733643,0.49432212114334106,0.992285430431366,0.2480713576078415,-2.8558452129364014,-0.7139613032341003,2.6701223850250244,0.6675305962562561
-2.1128058433532715,-0.5282014608383179,1.2846513986587524,0.3211628496646881,-0.609002411365509,-0.15225060284137726,1.6746220588684082,0.41865551471710205,-0.4705081880092621,-0.11762704700231552,-0.0616392120718956,-0.0154098030179739,-1.6546555757522583,-0.4136638939380646,0.1783849000930786,0.04459622502326965,-0.31655675172805786,-0.07913918793201447,4.22127628326416,1.05531907081604,-1.542826533317566,-0.3857066333293915,-0.09288060665130615,-0.023220151662826538,0.2817634344100952,0.0704408586025238,-0.21190321445465088,-0.05297580361366272,-1.027547836303711,-0.25688695907592773,0.326000839471817,0.08150020986795425,-10.805315971374512,-2.701328992843628,-0.19912879168987274,-0.049782197922468185,0.8083275556564331,0.20208188891410828,0.7339277267456055,0.18348193168640137,-2.9158225059509277,-0.7289556264877319,-5.086254596710205,-1.2715636491775513,-0.9251956343650818,-0.23129890859127045,10.85361099243164,2.71340274810791,0.164984792470932,0.041246198117733,-2.4269649982452393,-0.6067412495613098,0.8218851685523987,0.20547129213809967,0.05667160451412201,0.014167901128530502,4.610373020172119,1.1525932550430298
-1.96783447265625,-0.4919586181640625,0.4922284781932831,0.12305711954832077,-0.22382505238056183,-0.05595626309514046,0.8061089515686035,0.20152723789215088,-1.6104662418365479,-0.40261656045913696,0.03606412559747696,0.00901603139936924,-1.9418087005615234,-0.48545217514038086,0.05455312132835388,0.01363828033208847,0.04548425227403641,0.011371063068509102,4.135860443115234,1.0339651107788086,-1.8944908380508423,-0.47362270951271057,-0.00618511438369751,-0.0015462785959243774,0.19552096724510193,0.04888024181127548,0.7823259830474854,0.19558149576187134,-0.34158456325531006,-0.08539614081382751,-0.5583955645561218,-0.13959889113903046,-9.83128547668457,-2.4578213691711426,-1.5760184526443481,-0.39400461316108704,-1.1239838600158691,-0.2809959650039673,-2.360863208770752,-0.590215802192688,-0.678861141204834,-0.1697152853012085,-4.2297234535217285,-1.0574308633804321,0.3770658075809479,0.09426645189523697,10.212265968322754,2.5530664920806885,0.832561194896698,0.2081402987241745,1.3422471284866333,0.3355617821216583,1.4249590635299683,0.35623976588249207,-3.360259532928467,-0.8400648832321167,3.092804193496704,0.773201048374176
-1.4697446823120117,-0.36743617057800293,0.5519530773162842,0.13798826932907104,-0.2705605626106262,-0.06764014065265656,1.4688606262207031,0.3672151565551758,-0.7899781465530396,-0.1974945366382599,-0.35680073499679565,-0.08920018374919891,-2.117086410522461,-0.5292716026306152,0.548284649848938,0.1370711624622345,-0.5907436013221741,-0.14768590033054352,4.130861759185791,1.0327154397964478,-1.534132957458496,-0.383533239364624,0.15046831965446472,0.03761707991361618,0.12096197158098221,0.030240492895245552,-0.4743930399417877,-0.11859825998544693,-0.9294030070304871,-0.23235075175762177,-0.3061848282814026,-0.07654620707035065,-10.708186149597168,-2.677046537399292,-0.6268916130065918,-0.15672290325164795,0.5430369973182678,0.13575924932956696,0.4081879258155823,0.10204698145389557,-2.4612481594085693,-0.6153120398521423,-4.975000381469727,-1.2437500953674316,-1.2002042531967163,-0.3000510632991791,10.267373085021973,2.566843271255493,0.47052353620529175,0.11763088405132294,-1.7377318143844604,-0.4344329535961151,0.6186095476150513,0.15465238690376282,0.8709779381752014,0.21774448454380035,4.610971450805664,1.152742862701416
-1.9355041980743408,-0.4838760495185852,0.5683400630950928,0.1420850157737732,-0.18329519033432007,-0.04582379758358002,0.6550020575523376,0.1637505143880844,-1.3324556350708008,-0.3331139087677002,-0.5701566934585571,-0.14253917336463928,-2.107879161834717,-0.5269697904586792,0.165999174118042,0.0414997935295105,-0.09692298620939255,-0.024230746552348137,4.065262317657471,1.0163155794143677,-1.4192402362823486,-0.35481005907058716,0.21089941263198853,0.05272485315799713,0.14492589235305786,0.036231473088264465,1.121172308921814,0.2802930772304535,-0.2918863892555237,-0.07297159731388092,-0.13062795996665955,-0.032656989991664886,-10.435538291931152,-2.608884572982788,-0.9224549531936646,-0.23061373829841614,-0.5939951539039612,-0.1484987884759903,-2.0899524688720703,-0.5224881172180176,-0.20964963734149933,-0.05241240933537483,-4.157909870147705,-1.0394774675369263,1.0068145990371704,0.2517036497592926,10.558964729309082,2.6397411823272705,0.30161452293395996,0.07540363073348999,1.0638833045959473,0.2659708261489868,1.2989003658294678,0.32472509145736694,-3.5462465286254883,-0.8865616321563721,2.911112070083618,0.7277780175209045
-1.424141526222229,-0.35603538155555725,0.6649283766746521,0.16623209416866302,-0.2800859808921814,-0.07002149522304535,1.7012039422988892,0.4253009855747223,-0.42635899782180786,-0.10658974945545197,-0.9274689555168152,-0.2318672388792038,-2.0175392627716064,-0.5043848156929016,0.21291130781173706,0.053227826952934265,-0.3926383852958679,-0.09815959632396698,3.5929179191589355,0.8982294797897339,-1.1623103618621826,-0.29057759046554565,0.22256982326507568,0.05564245581626892,0.2132471203804016,0.0533117800951004,-0.5820846557617188,-0.1455211639404297,-0.7057487964630127,-0.17643719911575317,0.11400914937257767,0.028502287343144417,-11.194826126098633,-2.798706531524658,-0.7185207009315491,-0.17963017523288727,0.423944354057312,0.105986088514328,0.23754918575286865,0.05938729643821716,-2.9417660236358643,-0.7354415059089661,-5.306527137756348,-1.326631784439087,-0.9202392101287842,-0.23005980253219604,10.754783630371094,2.6886959075927734,0.8839912414550781,0.22099781036376953,-0.9201812148094177,-0.23004530370235443,0.7018714547157288,0.1754678636789322,0.8800322413444519,0.22000806033611298,4.480014801025391,1.1200037002563477
-1.1626076698303223,-0.29065191745758057,0.2700798213481903,0.06751995533704758,0.02011452615261078,0.005028631538152695,1.2976189851760864,0.3244047462940216,-0.5919394493103027,-0.14798486232757568,-0.683137059211731,-0.17078426480293274,-2.4427781105041504,-0.6106945276260376,0.09003591537475586,0.022508978843688965,-0.05171685665845871,-0.012929214164614677,3.1811647415161133,0.7952911853790283,-1.1098747253417969,-0.2774686813354492,0.33656206727027893,0.08414051681756973,0.033291690051555634,0.008322922512888908,0.6324166655540466,0.15810416638851166,-0.2338823676109314,-0.05847059190273285,-0.07339861243963242,-0.018349653109908104,-10.645596504211426,-2.6613991260528564,-1.0389833450317383,-0.25974583625793457,0.24401527643203735,0.06100381910800934,-1.8182573318481445,-0.45456433296203613,0.40416669845581055,0.10104167461395264,-4.430794715881348,-1.107698678970337,0.5517061948776245,0.13792654871940613,10.261703491210938,2.5654258728027344,0.09332185983657837,0.023330464959144592,0.7342007756233215,0.18355019390583038,1.328276515007019,0.33206912875175476,-2.6668124198913574,-0.6667031049728394,2.785078287124634,0.6962695717811584
-1.6809613704681396,-0.4202403426170349,0.38600507378578186,0.09650126844644547,-0.18018247187137604,-0.04504561796784401,3.7613601684570312,0.9403400421142578,-1.3160151243209839,-0.32900378108024597,-0.6306354403495789,-0.15765886008739471,-2.0930585861206055,-0.5232646465301514,-0.6983655691146851,-0.17459139227867126,0.0554405078291893,0.013860126957297325,1.6879816055297852,0.4219954013824463,-1.1242597103118896,-0.2810649275779724,0.3190568685531616,0.0797642171382904,0.11874591559171677,0.02968647889792919,-1.188037395477295,-0.29700934886932373,-0.6825588941574097,-0.17063972353935242,0.31035885214805603,0.07758971303701401,-10.846431732177734,-2.7116079330444336,-0.5136001110076904,-0.1284000277519226,-0.16003572940826416,-0.04000893235206604,0.023554086685180664,0.005888521671295166,-3.076604127883911,-0.7691510319709778,-4.783316135406494,-1.1958290338516235,-0.36413154006004333,-0.09103288501501083,10.353059768676758,2.5882649421691895,0.8114140629768372,0.2028535157442093,-0.3886657953262329,-0.09716644883155823,0.7182761430740356,0.1795690357685089,-0.42579054832458496,-0.10644763708114624,3.926109790802002,0.9815274477005005
-1.3353302478790283,-0.3338325619697571,-0.2845938503742218,-0.07114846259355545,0.26566827297210693,0.06641706824302673,3.6918087005615234,0.9229521751403809,-2.998255968093872,-0.749563992023468,-0.7967408895492554,-0.19918522238731384,-1.6132068634033203,-0.4033017158508301,-1.1116631031036377,-0.2779157757759094,0.5987666249275208,0.1496916562318802,1.1227858066558838,0.28069645166397095,-0.37820377945899963,-0.09455094486474991,0.1183788925409317,0.029594723135232925,-0.1820468306541443,-0.04551170766353607,-0.3241281807422638,-0.08103204518556595,-0.6468251943588257,-0.16170629858970642,0.579504668712616,0.144876167178154,-8.029537200927734,-2.0073843002319336,-1.6087353229522705,-0.4021838307380676,1.1944124698638916,0.2986031174659729,-1.0383511781692505,-0.2595877945423126,-0.6298493146896362,-0.15746232867240906,-4.093111991882324,-1.023277997970581,-0.7010998129844666,-0.17527495324611664,8.369056701660156,2.092264175415039,0.020181357860565186,0.005045339465141296,-0.08341705799102783,-0.020854264497756958,1.276979923248291,0.31924498081207275,-2.1438181400299072,-0.5359545350074768,2.649322986602783,0.6623307466506958
-2.2932498455047607,-0.5733124613761902,-0.4549064338207245,-0.11372660845518112,0.18577419221401215,0.046443548053503036,3.9487133026123047,0.9871783256530762,-2.603548526763916,-0.650887131690979,-0.4953663945198059,-0.12384159862995148,-1.555116891860962,-0.3887792229652405,-0.25894129276275635,-0.06473532319068909,-0.13613328337669373,-0.03403332084417343,1.200169563293457,0.30004239082336426,-1.2568532228469849,-0.3142133057117462,1.222699522972107,0.30567488074302673,-0.009087078273296356,-0.002271769568324089,-0.926016092300415,-0.23150402307510376,-0.5163474082946777,-0.12908685207366943,-0.4804762899875641,-0.12011907249689102,-6.981257438659668,-1.745314359664917,-0.8468738794326782,-0.21171846985816956,-1.0709352493286133,-0.2677338123321533,-0.1999063342809677,-0.04997658357024193,-2.7615272998809814,-0.6903818249702454,-3.266728401184082,-0.8166821002960205,-0.31806913018226624,-0.07951728254556656,8.249517440795898,2.0623793601989746,0.6748002767562866,0.16870006918907166,0.13742294907569885,0.03435573726892471,0.37457215785980225,0.09364303946495056,-2.0180675983428955,-0.5045168995857239,3.1277148723602295,0.7819287180900574
-2.4532103538513184,-0.6133025884628296,-0.22073057293891907,-0.05518264323472977,0.3058152198791504,0.0764538049697876,4.047626495361328,1.011906623840332,-1.5838907957077026,-0.39597269892692566,-0.005224116146564484,-0.001306029036641121,-1.4466041326522827,-0.3616510331630707,-0.843316912651062,-0.2108292281627655,0.01605209894478321,0.004013024736195803,1.8517812490463257,0.4629453122615814,0.5413415431976318,0.13533538579940796,0.9530287981033325,0.23825719952583313,0.13062098622322083,0.032655246555805206,-0.23905989527702332,-0.05976497381925583,-0.2365279346704483,-0.059131983667612076,-0.40977442264556885,-0.10244360566139221,-7.487710475921631,-1.8719276189804077,-1.352432370185852,-0.338108092546463,1.1851773262023926,0.29629433155059814,-0.43124353885650635,-0.10781088471412659,-0.7436568737030029,-0.18591421842575073,-3.971538543701172,-0.992884635925293,-0.5944744944572449,-0.14861862361431122,8.88453483581543,2.2211337089538574,0.27132266759872437,0.06783066689968109,0.049185119569301605,0.012296279892325401,1.1827571392059326,0.29568928480148315,-0.3740427494049072,-0.0935106873512268,3.164653778076172,0.791163444519043
-2.3425228595733643,-0.5856307148933411,-0.1876411736011505,-0.04691029340028763,-0.09670592844486237,-0.02417648211121559,3.8181519508361816,0.9545379877090454,-2.1505112648010254,-0.5376278162002563,-0.27714309096336365,-0.06928577274084091,-1.302350401878357,-0.32558760046958923,-0.9064044952392578,-0.22660112380981445,0.5863180756568909,0.14657951891422272,1.687158465385437,0.42178961634635925,1.2905898094177246,0.32264745235443115,1.0091440677642822,0.25228601694107056,0.021844185888767242,0.005461046472191811,-0.43185660243034363,-0.10796415060758591,-0.48733389377593994,-0.12183347344398499,-0.6937879920005798,-0.17344699800014496,-7.396031379699707,-1.8490078449249268,-1.2313127517700195,-0.3078281879425049,-1.136707067489624,-0.284176766872406,-0.3372882306575775,-0.08432205766439438,-2.6648671627044678,-0.6662167906761169,-4.056472301483154,-1.0141180753707886,-0.030663710087537766,-0.007665927521884441,9.560169219970703,2.390042304992676,0.867423415184021,0.21685585379600525,0.8301560878753662,0.20753902196884155,0.4411103129386902,0.11027757823467255,-2.471282482147217,-0.6178206205368042,3.1013729572296143,0.7753432393074036
-2.7864015102386475,-0.6966003775596619,-0.04777973145246506,-0.011944932863116264,0.12356580793857574,0.030891451984643936,3.48152494430542,0.870381236076355,-1.3332074880599976,-0.3333018720149994,-0.37467727065086365,-0.09366931766271591,-0.807375431060791,-0.20184385776519775,-0.4701734483242035,-0.11754336208105087,0.11023825407028198,0.027559563517570496,2.1837878227233887,0.5459469556808472,2.068382978439331,0.5170957446098328,0.7563836574554443,0.18909591436386108,0.03771866112947464,0.00942966528236866,-0.19056746363639832,-0.04764186590909958,-0.12007975578308105,-0.030019938945770264,-0.27000924944877625,-0.06750231236219406,-8.212241172790527,-2.053060293197632,-0.9556949138641357,-0.23892372846603394,1.4560332298278809,0.3640083074569702,-0.20209451019763947,-0.050523627549409866,-0.9320245385169983,-0.23300613462924957,-4.2337470054626465,-1.0584367513656616,0.049144912511110306,0.012286228127777576,9.71757698059082,2.429394245147705,0.16696369647979736,0.04174092411994934,0.3296523094177246,0.08241307735443115,1.2949647903442383,0.32374119758605957,-0.33099615573883057,-0.08274903893470764,3.7561075687408447,0.9390268921852112
-2.5140762329101562,-0.6285190582275391,-0.4966370165348053,-0.12415925413370132,0.16797499358654022,0.041993748396635056,3.0220870971679688,0.7555217742919922,-1.541190505027771,-0.38529762625694275,-0.6886219382286072,-0.1721554845571518,-0.37833601236343384,-0.09458400309085846,-0.6248171329498291,-0.15620428323745728,0.2068689912557602,0.05171724781394005,2.402787446975708,0.600696861743927,3.4923181533813477,0.8730795383453369,2.1565639972686768,0.5391409993171692,0.2747233510017395,0.06868083775043488,-0.128188818693161,-0.03204720467329025,-0.643199622631073,-0.16079990565776825,-0.3135242760181427,-0.07838106900453568,-7.6280975341796875,-1.9070243835449219,-1.0777066946029663,-0.2694266736507416,-0.7006737589836121,-0.17516843974590302,-0.6876767873764038,-0.17191919684410095,-2.858802556991577,-0.7147006392478943,-4.111898422241211,-1.0279746055603027,-0.08204448223114014,-0.020511120557785034,9.921679496765137,2.480419874191284,0.9436743259429932,0.2359185814857483,0.8578777313232422,0.21446943283081055,0.5579046010971069,0.13947615027427673,-2.694042205810547,-0.6735105514526367,3.284230947494507,0.8210577368736267
-2.3170177936553955,-0.5792544484138489,0.10193299502134323,0.025483248755335808,-0.19591914117336273,-0.04897978529334068,1.958518147468567,0.4896295368671417,-0.4738985002040863,-0.11847462505102158,-0.33407914638519287,-0.08351978659629822,-0.7612147331237793,-0.19030368328094482,-0.6345013380050659,-0.15862533450126648,0.08553236722946167,0.021383091807365417,3.2007460594177246,0.8001865148544312,4.919661521911621,1.2299153804779053,2.919109344482422,0.7297773361206055,0.05066455155611038,0.012666137889027596,-0.49141445755958557,-0.12285361438989639,-0.23795734345912933,-0.05948933586478233,0.3272548317909241,0.08181370794773102,-8.910411834716797,-2.227602958679199,-1.0251429080963135,-0.25628572702407837,2.0927734375,0.523193359375,-0.6951731443405151,-0.17379328608512878,-0.882983922958374,-0.2207459807395935,-3.887230634689331,-0.9718076586723328,-0.18414930999279022,-0.046037327498197556,10.180610656738281,2.5451526641845703,0.3741498589515686,0.09353746473789215,0.2764851748943329,0.06912129372358322,1.0938825607299805,0.2734706401824951,-0.46448224782943726,-0.11612056195735931,3.41454815864563,0.8536370396614075
-1.877821683883667,-0.46945542097091675,0.4740939140319824,0.1185234785079956,-0.26449859142303467,-0.06612464785575867,1.300822138786316,0.325205534696579,0.09917832911014557,0.024794582277536392,-0.10829365253448486,-0.027073413133621216,-1.1891260147094727,-0.29728150367736816,-0.986912727355957,-0.24672818183898926,0.1078002080321312,0.0269500520080328,4.064350605010986,1.0160876512527466,-0.5430434942245483,-0.13576087355613708,1.1214667558670044,0.2803666889667511,0.3239120841026306,0.08097802102565765,0.8716610670089722,0.21791526675224304,-0.6417896151542664,-0.1604474037885666,-0.850484311580658,-0.2126210778951645,-9.697965621948242,-2.4244914054870605,-0.49641329050064087,-0.12410332262516022,-1.1531126499176025,-0.28827816247940063,-1.0666030645370483,-0.2666507661342621,-2.1681630611419678,-0.5420407652854919,-3.802842140197754,-0.9507105350494385,0.2336731106042862,0.05841827765107155,11.24251651763916,2.81062912940979,1.2712972164154053,0.3178243041038513,1.4855005741119385,0.3713751435279846,1.0157517194747925,0.2539379298686981,-2.5379834175109863,-0.6344958543777466,3.3464009761810303,0.8366002440452576
-0.6897855997085571,-0.17244639992713928,1.1887410879135132,0.2971852719783783,-0.6033463478088379,-0.15083658695220947,2.103581428527832,0.525895357131958,0.21649901568889618,0.054124753922224045,-0.2640126645565033,-0.06600316613912582,-2.1109933853149414,-0.5277483463287354,0.3051718771457672,0.0762929692864418,-0.1389523595571518,-0.03473808988928795,3.779978036880493,0.9449945092201233,-2.9359898567199707,-0.7339974641799927,-0.8557197451591492,-0.2139299362897873,0.3502282202243805,0.08755705505609512,-0.8556240797042847,-0.21390601992607117,-0.44472336769104004,-0.11118084192276001,1.3926893472671509,0.3481723368167877,-10.826053619384766,-2.7065134048461914,-0.8949568271636963,-0.22373920679092407,2.040980815887451,0.5102452039718628,0.5972886681556702,0.14932216703891754,-1.5022244453430176,-0.3755561113357544,-4.8132123947143555,-1.2033030986785889,-0.9920622706413269,-0.24801556766033173,10.16519546508789,2.5412988662719727,0.37550947070121765,0.09387736767530441,-0.9517657160758972,-0.2379414290189743,1.0257982015609741,0.25644955039024353,-0.8459015488624573,-0.21147538721561432,4.307978630065918,1.0769946575164795
-0.4508206844329834,-0.11270517110824585,1.486371636390686,0.3715929090976715,-0.6656603217124939,-0.16641508042812347,2.250552177429199,0.5626380443572998,1.2541744709014893,0.3135436177253723,0.4761067032814026,0.11902667582035065,-2.8908190727233887,-0.7227047681808472,-0.2693316638469696,-0.0673329159617424,-0.14555664360523224,-0.03638916090130806,3.822948932647705,0.9557372331619263,-2.2756268978118896,-0.5689067244529724,-0.40842095017433167,-0.10210523754358292,0.25945916771888733,0.06486479192972183,1.2002508640289307,0.30006271600723267,-0.5719053149223328,-0.1429763287305832,-0.0018532532267272472,-0.0004633133066818118,-9.408336639404297,-2.352084159851074,-1.084778070449829,-0.2711945176124573,-1.1568443775177002,-0.28921109437942505,-1.596947431564331,-0.39923685789108276,-2.350231885910034,-0.5875579714775085,-4.171320915222168,-1.042830228805542,0.3911513090133667,0.09778782725334167,9.915447235107422,2.4788618087768555,0.7955213189125061,0.19888032972812653,1.9152097702026367,0.4788024425506592,1.1951559782028198,0.29878899455070496,-3.245323896408081,-0.8113309741020203,3.5559513568878174,0.8889878392219543
-0.6928423047065735,-0.17321057617664337,1.698319435119629,0.4245798587799072,-0.7023035287857056,-0.1755758821964264,2.807494640350342,0.7018736600875854,2.0541486740112305,0.5135371685028076,0.9578626751899719,0.23946566879749298,-2.456699848175049,-0.6141749620437622,-0.16657301783561707,-0.041643254458904266,0.010639512911438942,0.0026598782278597355,3.5645828247070312,0.8911457061767578,-2.201462507247925,-0.5503656268119812,-0.8101809024810791,-0.20254522562026978,-0.1324341893196106,-0.03310854732990265,-1.0557851791381836,-0.2639462947845459,-0.6862905621528625,-0.17157264053821564,0.0596579946577549,0.014914498664438725,-10.591522216796875,-2.6478805541992188,-0.49163055419921875,-0.12290763854980469,1.9720782041549683,0.49301955103874207,0.2105470895767212,0.0526367723941803,-2.505941152572632,-0.626485288143158,-5.030650615692139,-1.2576626539230347,-0.964238703250885,-0.24105967581272125,9.942896842956543,2.4857242107391357,0.8399515151977539,0.20998787879943848,-1.7184385061264038,-0.42960962653160095,0.8795258402824402,0.21988146007061005,-0.9771232604980469,-0.24428081512451172,5.634707450866699,1.4086768627166748
-0.9971124529838562,-0.24927811324596405,-0.3161134421825409,-0.07902836054563522,-0.17297792434692383,-0.04324448108673096,2.653407573699951,0.6633518934249878,1.2709444761276245,0.31773611903190613,0.3929397761821747,0.09823494404554367,-2.239253520965576,-0.559813380241394,0.10622330009937286,0.026555825024843216,-0.10237737745046616,-0.02559434436261654,3.5507655143737793,0.8876913785934448,-1.5074210166931152,-0.3768552541732788,-0.03658124804496765,-0.009145312011241913,0.2396843433380127,0.059921085834503174,0.9065277576446533,0.22663193941116333,-0.723700761795044,-0.180925190448761,-1.1753042936325073,-0.29382607340812683,-8.62603759765625,-2.1565093994140625,-1.2328641414642334,-0.30821603536605835,-1.8868529796600342,-0.47171324491500854,-1.7589718103408813,-0.43974295258522034,-1.937261939048767,-0.4843154847621918,-3.6656298637390137,-0.9164074659347534,0.07566128671169281,0.018915321677923203,9.292224884033203,2.323056221008301,0.47385773062705994,0.11846443265676498,1.7171907424926758,0.42929768562316895,1.2148672342300415,0.3037168085575104,-2.4773409366607666,-0.6193352341651917,4.246591091156006,1.0616477727890015
-0.9085184931755066,-0.22712962329387665,0.8321921825408936,0.2080480456352234,-0.17421376705169678,-0.043553441762924194,3.6681785583496094,0.9170446395874023,3.4730193614959717,0.8682548403739929,-0.27078914642333984,-0.06769728660583496,-2.439457416534424,-0.609864354133606,0.2745622992515564,0.0686405748128891,-0.26305148005485535,-0.06576287001371384,2.70766282081604,0.67691570520401,-1.458087682723999,-0.36452192068099976,-0.2241988182067871,-0.05604970455169678,-0.05402204394340515,-0.013505510985851288,-0.8085314631462097,-0.20213286578655243,-0.4461899399757385,-0.11154748499393463,0.7886992692947388,0.1971748173236847,-11.88297176361084,-2.97074294090271,-1.1635555028915405,-0.29088887572288513,3.1560463905334473,0.7890115976333618,0.13668376207351685,0.03417094051837921,-1.7114343643188477,-0.4278585910797119,-4.4103546142578125,-1.1025886535644531,-0.9512825608253479,-0.23782064020633698,11.070738792419434,2.7676846981048584,1.1959987878799438,0.29899969696998596,-1.0995064973831177,-0.2748766243457794,1.2387667894363403,0.3096916973590851,-1.1463435888290405,-0.28658589720726013,4.214284896850586,1.0535712242126465
-1.107395052909851,-0.27684876322746277,-0.4826672077178955,-0.12066680192947388,0.11797240376472473,0.029493100941181183,4.599240303039551,1.1498100757598877,3.4939992427825928,0.8734998106956482,-0.7380465865135193,-0.18451164662837982,-2.291177272796631,-0.5727943181991577,-0.17742757499217987,-0.04435689374804497,0.16685602068901062,0.041714005172252655,2.14227032661438,0.535567581653595,-0.5882014632225037,-0.14705036580562592,0.43845134973526,0.109612837433815,0.35869041085243225,0.08967260271310806,1.3108206987380981,0.32770517468452454,-0.506813645362854,-0.1267034113407135,-0.6122154593467712,-0.1530538648366928,-10.222823143005371,-2.5557057857513428,-0.6859729886054993,-0.17149324715137482,-1.0666680335998535,-0.2666670083999634,-1.900201678276062,-0.4750504195690155,-1.345193862915039,-0.33629846572875977,-3.6414988040924072,-0.9103747010231018,0.8697479367256165,0.2174369841814041,10.665814399719238,2.6664535999298096,0.37487727403640747,0.09371931850910187,1.9508683681488037,0.4877170920372009,0.5387081503868103,0.13467703759670258,-2.7389237880706787,-0.6847309470176697,3.8965494632720947,0.9741373658180237
-2.1898436546325684,-0.5474609136581421,-0.12140333652496338,-0.030350834131240845,0.09479930996894836,0.02369982749223709,3.531252384185791,0.8828130960464478,-3.1696956157684326,-0.7924239039421082,-0.8037380576133728,-0.2009345144033432,-1.270561933517456,-0.317640483379364,-0.23060402274131775,-0.05765100568532944,0.306286484003067,0.07657162100076675,1.4173047542572021,0.35432618856430054,0.8870538473129272,0.2217634618282318,0.7802920341491699,0.19507300853729248,-0.3775201439857483,-0.09438003599643707,-1.9103792905807495,-0.4775948226451874,-0.4855467677116394,-0.12138669192790985,1.2150017023086548,0.3037504255771637,-11.490650177001953,-2.8726625442504883,-0.9615681171417236,-0.2403920292854309,3.284334421157837,0.8210836052894592,0.06560540199279785,0.016401350498199463,-1.7364925146102905,-0.43412312865257263,-4.445418834686279,-1.1113547086715698,-1.323294997215271,-0.33082374930381775,10.95797061920166,2.739492654800415,1.0699784755706787,0.2674946188926697,-1.1193698644638062,-0.27984246611595154,1.0824347734451294,0.27060869336128235,-1.282799482345581,-0.32069987058639526,4.742917060852051,1.1857292652130127
-2.185703754425049,-0.5464259386062622,-0.8272477388381958,-0.20681193470954895,0.07821540534496307,0.01955385133624077,3.864290237426758,0.9660725593566895,-2.03393292427063,-0.5084832310676575,-0.06686670333147049,-0.016716675832867622,-1.5507780313491821,-0.38769450783729553,-1.1474920511245728,-0.2868730127811432,0.44251447916030884,0.11062861979007721,0.8971856832504272,0.2242964208126068,0.2753854990005493,0.06884637475013733,1.1346166133880615,0.2836541533470154,0.4236833155155182,0.10592082887887955,0.5408362150192261,0.13520905375480652,-0.6758315563201904,-0.1689578890800476,-1.2494937181472778,-0.31237342953681946,-9.299065589904785,-2.3247663974761963,-0.576068103313446,-0.1440170258283615,-2.2899653911590576,-0.5724913477897644,-0.6007715463638306,-0.15019288659095764,-1.0762041807174683,-0.26905104517936707,-3.793084144592285,-0.9482710361480713,-0.019229155033826828,-0.004807288758456707,10.873852729797363,2.718463182449341,0.4364965260028839,0.10912413150072098,1.7078677415847778,0.42696693539619446,0.24722017347812653,0.06180504336953163,-2.1549532413482666,-0.5387383103370667,2.768444538116455,0.6921111345291138
-2.386760950088501,-0.5966902375221252,0.26580625772476196,0.06645156443119049,0.19160248339176178,0.047900620847940445,4.302429676055908,1.075607419013977,-1.847601056098938,-0.4619002640247345,0.3073418140411377,0.07683545351028442,-1.9279659986495972,-0.4819914996623993,-0.32600095868110657,-0.08150023967027664,-0.047341488301754,-0.0118353720754385,1.7395522594451904,0.4348880648612976,-0.24073976278305054,-0.060184940695762634,0.4861694872379303,0.12154237180948257,-0.3880593180656433,-0.09701482951641083,-1.5995663404464722,-0.39989158511161804,-0.3295384645462036,-0.0823846161365509,0.1581977903842926,0.03954944759607315,-10.609623908996582,-2.6524059772491455,-1.332613229751587,-0.33315330743789673,2.861269474029541,0.7153173685073853,-0.011961758136749268,-0.002990439534187317,-1.3117666244506836,-0.3279416561126709,-4.179492473602295,-1.0448731184005737,-1.3400166034698486,-0.33500415086746216,11.08560562133789,2.7714014053344727,0.5976035594940186,0.14940088987350464,-1.8815784454345703,-0.4703946113586426,1.472054362297058,0.3680135905742645,-1.72674560546875,-0.4316864013671875,3.2546002864837646,0.8136500716209412
-2.3102786540985107,-0.5775696635246277,-0.6941618323326111,-0.17354045808315277,0.006780169904232025,0.0016950424760580063,3.7705178260803223,0.9426294565200806,-1.2798081636428833,-0.3199520409107208,-0.2865760624408722,-0.07164401561021805,-0.7581402063369751,-0.18953505158424377,-0.9792693853378296,-0.2448173463344574,0.026636192575097084,0.006659048143774271,2.352457284927368,0.588114321231842,0.9817806482315063,0.2454451620578766,0.8143016695976257,0.20357541739940643,0.09007110446691513,0.022517776116728783,-0.00965389609336853,-0.0024134740233421326,-0.832850456237793,-0.20821261405944824,-1.5910128355026245,-0.39775320887565613,-8.988845825195312,-2.247211456298828,-0.9021426439285278,-0.22553566098213196,-2.2546300888061523,-0.5636575222015381,-0.937355637550354,-0.2343389093875885,-1.9902068376541138,-0.49755170941352844,-4.202307224273682,-1.0505768060684204,0.8131731748580933,0.20329329371452332,10.196351051330566,2.5490877628326416,0.5623266696929932,0.1405816674232483,1.7792823314666748,0.4448205828666687,0.019358575344085693,0.004839643836021423,-2.62844181060791,-0.6571104526519775,3.3576748371124268,0.8394187092781067
-2.5078372955322266,-0.6269593238830566,0.34487953782081604,0.08621988445520401,-0.0986001193523407,-0.024650029838085175,3.194962978363037,0.7987407445907593,-0.40036046504974365,-0.10009011626243591,-0.22012311220169067,-0.05503077805042267,-1.16640043258667,-0.2916001081466675,-0.23919567465782166,-0.059798918664455414,-0.21932624280452728,-0.05483156070113182,3.2421023845672607,0.8105255961418152,3.265096426010132,0.816274106502533,0.7648908495903015,0.19122271239757538,-0.2294057011604309,-0.05735142529010773,-1.105933427810669,-0.27648335695266724,-0.43140554428100586,-0.10785138607025146,0.7178227305412292,0.1794556826353073,-10.512197494506836,-2.628049373626709,-1.2049840688705444,-0.3012460172176361,3.0065979957580566,0.7516494989395142,0.1589261293411255,0.03973153233528137,-1.2924787998199463,-0.3231196999549866,-4.734281539916992,-1.183570384979248,-0.6994389295578003,-0.17485973238945007,11.209768295288086,2.8024420738220215,0.2043159008026123,0.051078975200653076,-1.0365707874298096,-0.2591426968574524,1.4814069271087646,0.37035173177719116,-0.7054454684257507,-0.17636136710643768,4.022928237915039,1.0057320594787598
-2.196995258331299,-0.5492488145828247,-0.6331045627593994,-0.15827614068984985,-0.2928033471107483,-0.07320083677768707,1.3740967512130737,0.34352418780326843,-0.4232577681541443,-0.10581444203853607,-1.1149837970733643,-0.27874594926834106,-1.2772431373596191,-0.3193107843399048,0.041005492210388184,0.010251373052597046,-0.32159048318862915,-0.08039762079715729,3.7937159538269043,0.9484289884567261,2.5327463150024414,0.6331865787506104,2.1856420040130615,0.5464105010032654,-0.0041466765105724335,-0.0010366691276431084,0.8535870909690857,0.21339677274227142,-0.6087898015975952,-0.1521974503993988,-1.5333919525146484,-0.3833479881286621,-10.082292556762695,-2.520573139190674,-0.8720466494560242,-0.21801166236400604,-1.95012629032135,-0.4875315725803375,-1.2520158290863037,-0.3130039572715759,-1.9123786687850952,-0.4780946671962738,-4.162481784820557,-1.0406204462051392,1.906328797340393,0.47658219933509827,11.741668701171875,2.9354171752929688,0.962628960609436,0.240657240152359,2.675692558288574,0.6689231395721436,0.45431917905807495,0.11357979476451874,-3.4009714126586914,-0.8502428531646729,4.055994033813477,1.0139985084533691
-1.841497540473938,-0.4603743851184845,1.4359605312347412,0.3589901328086853,-0.5183157920837402,-0.12957894802093506,1.31507408618927,0.3287685215473175,1.4975227117538452,0.3743806779384613,-0.10567273944616318,-0.026418184861540794,-2.113680124282837,-0.5284200310707092,0.385702908039093,0.09642572700977325,-0.23325200378894806,-0.058313000947237015,4.1872429847717285,1.0468107461929321,-3.109830617904663,-0.7774576544761658,0.21980822086334229,0.05495205521583557,0.10216634720563889,0.02554158680140972,-0.3772123456001282,-0.09430308640003204,-0.2909841537475586,-0.07274603843688965,0.7005911469459534,0.17514778673648834,-12.318251609802246,-3.0795629024505615,-1.1323251724243164,-0.2830812931060791,3.085423469543457,0.7713558673858643,0.25923168659210205,0.06480792164802551,-1.7890827655792236,-0.4472706913948059,-4.95640230178833,-1.2391005754470825,-0.8960654139518738,-0.22401635348796844,11.757831573486328,2.939457893371582,0.4460749626159668,0.1115187406539917,-1.7647197246551514,-0.44117993116378784,1.5640230178833008,0.3910057544708252,-0.992699146270752,-0.248174786567688,4.013745307922363,1.0034363269805908
-2.099593162536621,-0.5248982906341553,0.46688252687454224,0.11672063171863556,-0.38871049880981445,-0.09717762470245361,1.7353662252426147,0.4338415563106537,-1.2426849603652954,-0.31067124009132385,-0.2772749364376068,-0.0693187341094017,-2.0329551696777344,-0.5082387924194336,-0.014190673828125,-0.00354766845703125,-0.1238202378153801,-0.030955059453845024,3.986360788345337,0.9965901970863342,-2.8013107776641846,-0.7003276944160461,-0.4135870933532715,-0.10339677333831787,0.3732168972492218,0.09330422431230545,0.8186343908309937,0.2046585977077484,-0.3755556344985962,-0.09388890862464905,-0.6171017289161682,-0.15427543222904205,-9.654211044311523,-2.413552761077881,-0.6278786659240723,-0.15696966648101807,-2.6706337928771973,-0.6676584482192993,-1.488019585609436,-0.372004896402359,-1.7284435033798218,-0.43211087584495544,-4.479767322540283,-1.1199418306350708,0.5879156589508057,0.14697891473770142,10.137847900390625,2.5344619750976562,0.9332433342933655,0.23331083357334137,2.4753258228302,0.61883145570755,0.7024731040000916,0.1756182760000229,-2.615140914916992,-0.653785228729248,3.9304962158203125,0.9826240539550781
-1.5249223709106445,-0.38123059272766113,1.2991193532943726,0.32477983832359314,-0.632331371307373,-0.15808284282684326,1.5544965267181396,0.3886241316795349,-0.23800580203533173,-0.05950145050883293,0.6641404032707214,0.16603510081768036,-2.4015541076660156,-0.6003885269165039,0.3534892499446869,0.08837231248617172,-0.375461608171463,-0.09386540204286575,4.26565408706665,1.0664135217666626,-2.338059425354004,-0.584514856338501,-0.17634406685829163,-0.044086016714572906,0.040486983954906464,0.010121745988726616,-0.2175138294696808,-0.0543784573674202,-0.6001721024513245,-0.15004302561283112,0.3358040153980255,0.08395100384950638,-10.76533031463623,-2.6913325786590576,-1.106092929840088,-0.276523232460022,2.324207305908203,0.5810518264770508,0.6011495590209961,0.15028738975524902,-2.702087640762329,-0.6755219101905823,-4.520035743713379,-1.1300089359283447,-1.294936180114746,-0.3237340450286865,10.32813549041748,2.58203387260437,0.1892421841621399,0.04731054604053497,-2.4162979125976562,-0.6040744781494141,1.3483330011367798,0.33708325028419495,-0.4869576692581177,-0.12173941731452942,4.657601833343506,1.1644004583358765
-2.116811513900757,-0.5292028784751892,0.15455596148967743,0.03863899037241936,-0.19033905863761902,-0.047584764659404755,0.9486111402511597,0.23715278506278992,-2.100038766860962,-0.5250096917152405,-0.24490666389465332,-0.06122666597366333,-2.1892051696777344,-0.5473012924194336,0.028248712420463562,0.0070621781051158905,-0.12370096892118454,-0.030925242230296135,4.062249660491943,1.0155624151229858,-2.2882838249206543,-0.5720709562301636,0.16371460258960724,0.04092865064740181,0.22078031301498413,0.05519507825374603,0.9625123739242554,0.24062809348106384,-0.16935096681118011,-0.04233774170279503,-1.3473541736602783,-0.3368385434150696,-9.943961143493652,-2.485990285873413,-1.0514105558395386,-0.26285263895988464,-2.1107871532440186,-0.5276967883110046,-2.223191976547241,-0.5557979941368103,-0.7165058255195618,-0.17912645637989044,-3.5525107383728027,-0.8881276845932007,0.5127382874488831,0.12818457186222076,9.899530410766602,2.4748826026916504,0.9513936638832092,0.2378484159708023,2.377451181411743,0.5943627953529358,0.9640865921974182,0.24102164804935455,-2.398838996887207,-0.5997097492218018,3.623321056365967,0.9058302640914917
-1.6580244302749634,-0.41450610756874084,0.5319882035255432,0.1329970508813858,-0.2846561074256897,-0.07116402685642242,1.5365968942642212,0.3841492235660553,-0.8005486726760864,-0.2001371681690216,-0.18570667505264282,-0.046426668763160706,-2.268548011779785,-0.5671370029449463,0.464015930891037,0.11600398272275925,-0.4591657817363739,-0.11479144543409348,4.3353986740112305,1.0838496685028076,-1.898377537727356,-0.474594384431839,0.006381124258041382,0.0015952810645103455,0.1078406497836113,0.026960162445902824,-0.4314514100551605,-0.10786285251379013,-0.6162133812904358,-0.15405334532260895,-0.26100054383277893,-0.06525013595819473,-11.137872695922852,-2.784468173980713,-0.8093575835227966,-0.20233939588069916,1.5651884078979492,0.3912971019744873,0.8716148734092712,0.2179037183523178,-2.265395402908325,-0.5663488507270813,-4.477341175079346,-1.1193352937698364,-1.073169231414795,-0.26829230785369873,10.08649730682373,2.5216243267059326,0.2563864588737488,0.0640966147184372,-2.004274606704712,-0.501068651676178,1.205785870552063,0.30144646763801575,0.543056070804596,0.135764017701149,4.53241491317749,1.1331037282943726
-1.6495848894119263,-0.41239622235298157,0.2885062098503113,0.07212655246257782,-0.3184128403663635,-0.07960321009159088,1.1828356981277466,0.29570892453193665,-1.2127546072006226,-0.30318865180015564,-0.4242936372756958,-0.10607340931892395,-2.3840441703796387,-0.5960110425949097,0.005837246775627136,0.001459311693906784,-0.15622687339782715,-0.03905671834945679,4.194314956665039,1.0485787391662598,-1.6197234392166138,-0.40493085980415344,0.20348817110061646,0.050872042775154114,0.17894378304481506,0.044735945761203766,0.9013689756393433,0.22534224390983582,-0.14482951164245605,-0.036207377910614014,-0.6291486024856567,-0.15728715062141418,-10.87912368774414,-2.719780921936035,-1.097659707069397,-0.27441492676734924,-1.3600695133209229,-0.3400173783302307,-2.335520029067993,-0.5838800072669983,-0.8985484838485718,-0.22463712096214294,-3.574453830718994,-0.8936134576797485,0.86899733543396,0.21724933385849,10.44146728515625,2.6103668212890625,0.8244521617889404,0.2061130404472351,2.3555712699890137,0.5888928174972534,1.3075666427612305,0.3268916606903076,-3.04885196685791,-0.7622129917144775,3.1511902809143066,0.7877975702285767
-1.1268984079360962,-0.28172460198402405,0.8626320362091064,0.2156580090522766,-0.5222170352935791,-0.13055425882339478,1.8288441896438599,0.45721104741096497,0.0073712654411792755,0.0018428163602948189,-0.14146053791046143,-0.035365134477615356,-2.348907470703125,-0.5872268676757812,0.2470794916152954,0.06176987290382385,-0.425847589969635,-0.10646189749240875,4.244254112243652,1.061063528060913,-1.5054038763046265,-0.3763509690761566,0.03706076741218567,0.009265191853046417,0.15272632241249084,0.03818158060312271,-0.8384820222854614,-0.20962050557136536,-0.6507338285446167,-0.16268345713615417,0.08063200861215591,0.02015800215303898,-11.59585952758789,-2.8989648818969727,-0.9210070371627808,-0.2302517592906952,1.9225929975509644,0.4806482493877411,0.7271208167076111,0.18178020417690277,-2.4246437549591064,-0.6061609387397766,-4.7481818199157715,-1.1870454549789429,-1.4641478061676025,-0.36603695154190063,10.320746421813965,2.580186605453491,0.606391191482544,0.151597797870636,-1.9248390197753906,-0.48120975494384766,1.0838690996170044,0.2709672749042511,0.6694194674491882,0.16735486686229706,4.554442405700684,1.138610601425171
-1.3622406721115112,-0.3405601680278778,0.3730465769767761,0.09326164424419403,-0.2743159234523773,-0.06857898086309433,1.4283889532089233,0.35709723830223083,-0.5820919871330261,-0.14552299678325653,-0.39702603220939636,-0.09925650805234909,-2.481288194656372,-0.620322048664093,-0.07332272827625275,-0.018330682069063187,-0.08663339167833328,-0.02165834791958332,4.186915397644043,1.0467288494110107,-1.5273874998092651,-0.3818468749523163,0.1690620481967926,0.04226551204919815,0.10537201911211014,0.026343004778027534,0.878174901008606,0.2195437252521515,-0.32171428203582764,-0.08042857050895691,-0.7047832608222961,-0.17619581520557404,-10.998106002807617,-2.7495265007019043,-0.7932027578353882,-0.19830068945884705,-1.3309563398361206,-0.33273908495903015,-2.126359462738037,-0.5315898656845093,-0.4313508868217468,-0.1078377217054367,-3.694735288619995,-0.9236838221549988,0.8713358044624329,0.21783395111560822,10.441000938415527,2.610250234603882,0.2645302414894104,0.0661325603723526,2.002734661102295,0.5006836652755737,1.301588535308838,0.3253971338272095,-3.204637050628662,-0.8011592626571655,3.336641311645508,0.834160327911377
-1.213582992553711,-0.30339574813842773,0.9476449489593506,0.23691123723983765,-0.5062181353569031,-0.12655453383922577,1.6424221992492676,0.4106055498123169,0.14187398552894592,0.03546849638223648,-0.4753747582435608,-0.1188436895608902,-2.3399620056152344,-0.5849905014038086,0.2565084993839264,0.0641271248459816,-0.4021441340446472,-0.1005360335111618,3.9253928661346436,0.9813482165336609,-1.4440242052078247,-0.3610060513019562,0.17212370038032532,0.04303092509508133,0.013035453855991364,0.003258863463997841,-1.038071632385254,-0.2595179080963135,-0.47641342878341675,-0.11910335719585419,0.30840393900871277,0.07710098475217819,-11.696590423583984,-2.924147605895996,-1.0657727718353271,-0.2664431929588318,2.1112356185913086,0.5278089046478271,0.48208051919937134,0.12052012979984283,-2.5499043464660645,-0.6374760866165161,-4.799955368041992,-1.199988842010498,-1.4769152402877808,-0.3692288100719452,10.480116844177246,2.6200292110443115,0.9404985904693604,0.2351246476173401,-1.7827649116516113,-0.44569122791290283,1.0449565649032593,0.2612391412258148,0.23581479489803314,0.058953698724508286,4.195751667022705,1.0489379167556763
-1.301025152206421,-0.3252562880516052,0.35748526453971863,0.08937131613492966,-0.26012998819351196,-0.06503249704837799,1.0862555503845215,0.27156388759613037,-0.7661205530166626,-0.19153013825416565,-0.7780618667602539,-0.19451546669006348,-2.4240729808807373,-0.6060182452201843,-0.0557258278131485,-0.013931456953287125,-0.06472492963075638,-0.016181232407689095,4.074384689331055,1.0185961723327637,-1.6721925735473633,-0.4180481433868408,0.27402928471565247,0.06850732117891312,0.21401092410087585,0.053502731025218964,1.49028742313385,0.3725718557834625,-0.24615809321403503,-0.06153952330350876,-0.7033633589744568,-0.1758408397436142,-11.189085960388184,-2.797271490097046,-1.0085200071334839,-0.25213000178337097,-1.3505735397338867,-0.3376433849334717,-1.9226787090301514,-0.48066967725753784,-0.24074818193912506,-0.060187045484781265,-3.5777201652526855,-0.8944300413131714,1.0715422630310059,0.26788556575775146,10.808284759521484,2.702071189880371,0.2845443785190582,0.07113609462976456,2.4279837608337402,0.6069959402084351,1.3409326076507568,0.3352331519126892,-2.561852216720581,-0.6404630541801453,3.193211555480957,0.7983028888702393
-0.8533788919448853,-0.2133447229862213,1.368252158164978,0.3420630395412445,-0.6328786611557007,-0.15821966528892517,2.0093393325805664,0.5023348331451416,0.9381848573684692,0.2345462143421173,-0.6816064119338989,-0.17040160298347473,-2.4712088108062744,-0.6178022027015686,0.1093149483203888,0.0273287370800972,-0.4621346592903137,-0.11553366482257843,3.753632068634033,0.9384080171585083,-1.3619180917739868,-0.3404795229434967,0.1624545156955719,0.040613628923892975,0.03561720997095108,0.00890430249273777,-1.1860581636428833,-0.2965145409107208,-0.48950040340423584,-0.12237510085105896,0.7757585644721985,0.19393964111804962,-12.073895454406738,-3.0184738636016846,-0.7555038928985596,-0.1888759732246399,2.386104106903076,0.596526026725769,0.581821084022522,0.1454552710056305,-2.781567335128784,-0.695391833782196,-4.8573198318481445,-1.2143299579620361,-1.35530686378479,-0.3388267159461975,11.185563087463379,2.7963907718658447,0.9173364639282227,0.22933411598205566,-1.9349126815795898,-0.48372817039489746,1.0329622030258179,0.25824055075645447,-0.055468425154685974,-0.013867106288671494,4.151339530944824,1.037834882736206
-0.8590500950813293,-0.21476252377033234,0.4572407901287079,0.11431019753217697,-0.4436134696006775,-0.11090336740016937,1.5320018529891968,0.3830004632472992,0.5044987797737122,0.12612469494342804,-0.6688089966773987,-0.16720224916934967,-2.4293129444122314,-0.6073282361030579,-0.06044740974903107,-0.015111852437257767,0.05810593068599701,0.014526482671499252,3.7676644325256348,0.9419161081314087,-1.5193164348602295,-0.3798291087150574,0.08342520147562027,0.020856300368905067,0.1543528139591217,0.038588203489780426,1.3287345170974731,0.3321836292743683,-0.3660706877708435,-0.09151767194271088,-0.9997751116752625,-0.2499437779188156,-11.234172821044922,-2.8085432052612305,-0.9360861778259277,-0.23402154445648193,-1.444811463356018,-0.3612028658390045,-1.951948642730713,-0.4879871606826782,-0.40862882137298584,-0.10215720534324646,-3.8494207859039307,-0.9623551964759827,1.1215524673461914,0.28038811683654785,11.005266189575195,2.751316547393799,0.28649240732192993,0.07162310183048248,2.2896509170532227,0.5724127292633057,1.206906795501709,0.30172669887542725,-2.667560338973999,-0.6668900847434998,3.5163514614105225,0.8790878653526306
-0.7184484004974365,-0.17961210012435913,1.260554552078247,0.31513863801956177,-0.581963300704956,-0.145490825176239,2.187725067138672,0.546931266784668,1.5918763875961304,0.3979690968990326,-0.735479474067688,-0.183869868516922,-2.514023780822754,-0.6285059452056885,-0.04782921075820923,-0.011957302689552307,-0.3882163166999817,-0.09705407917499542,3.0378637313842773,0.7594659328460693,-1.5220931768417358,-0.38052329421043396,0.20563501119613647,0.05140875279903412,-0.17314553260803223,-0.04328638315200806,-1.0299909114837646,-0.25749772787094116,-0.5521880388259888,-0.1380470097064972,0.5011928677558899,0.12529821693897247,-12.491720199584961,-3.1229300498962402,-0.8887497186660767,-0.22218742966651917,2.4541072845458984,0.6135268211364746,0.5339618921279907,0.13349047303199768,-2.459738254547119,-0.6149345636367798,-4.517335891723633,-1.1293339729309082,-1.447707176208496,-0.361926794052124,11.744487762451172,2.936121940612793,1.112436294555664,0.278109073638916,-2.1181187629699707,-0.5295296907424927,1.1888121366500854,0.29720303416252136,-0.9467719197273254,-0.23669297993183136,3.6270902156829834,0.9067725539207458
-1.044798493385315,-0.26119962334632874,0.24339617788791656,0.06084904447197914,-0.27981019020080566,-0.06995254755020142,1.304442048072815,0.32611051201820374,0.5230955481529236,0.1307738870382309,-1.5451161861419678,-0.38627904653549194,-1.9759835004806519,-0.49399587512016296,0.16854634881019592,0.04213658720254898,0.11268538981676102,0.028171347454190254,3.231128692626953,0.8077821731567383,-1.2746299505233765,-0.3186574876308441,0.24236269295215607,0.06059067323803902,0.24420377612113953,0.06105094403028488,1.5205155611038208,0.3801288902759552,-0.4307105541229248,-0.1076776385307312,-0.9626371264457703,-0.24065928161144257,-10.837655067443848,-2.709413766860962,-1.0106626749038696,-0.2526656687259674,-1.4089245796203613,-0.35223114490509033,-1.496970534324646,-0.3742426335811615,-0.12477673590183258,-0.031194183975458145,-4.106776714324951,-1.0266941785812378,1.2925852537155151,0.3231463134288788,11.044670104980469,2.761167526245117,0.30178403854370117,0.07544600963592529,2.124027729034424,0.531006932258606,0.7820612788200378,0.19551531970500946,-2.243251085281372,-0.560812771320343,3.4808361530303955,0.8702090382575989
-0.8154131174087524,-0.2038532793521881,1.6158696413040161,0.40396741032600403,-0.6081381440162659,-0.15203453600406647,3.185438632965088,0.796359658241272,1.772855281829834,0.4432138204574585,-1.0637118816375732,-0.2659279704093933,-2.2497310638427734,-0.5624327659606934,-0.3765348792076111,-0.09413371980190277,-0.40571293234825134,-0.10142823308706284,2.73046612739563,0.6826165318489075,-0.8802047967910767,-0.22005119919776917,0.23122480511665344,0.05780620127916336,-0.08307667076587677,-0.020769167691469193,-1.4288904666900635,-0.35722261667251587,-0.6505734920501709,-0.16264337301254272,1.6780751943588257,0.4195187985897064,-12.753107070922852,-3.188276767730713,-0.704475462436676,-0.176118865609169,2.644813060760498,0.6612032651901245,0.16597163677215576,0.04149290919303894,-2.64992356300354,-0.662480890750885,-4.63178014755249,-1.1579450368881226,-1.303418517112732,-0.325854629278183,12.136055946350098,3.0340139865875244,0.9807130098342896,0.2451782524585724,-2.1139166355133057,-0.5284791588783264,1.0218240022659302,0.25545600056648254,-0.9113257527351379,-0.22783143818378448,3.903059720993042,0.9757649302482605
-1.2513004541397095,-0.31282511353492737,0.023936903104186058,0.0059842257760465145,-0.07283496856689453,-0.018208742141723633,2.7441859245300293,0.6860464811325073,0.7030999660491943,0.17577499151229858,-1.1360375881195068,-0.2840093970298767,-1.649185061454773,-0.41229626536369324,-0.35692259669303894,-0.08923064917325974,0.44476789236068726,0.11119197309017181,1.5179193019866943,0.3794798254966736,-0.8119346499443054,-0.20298366248607635,0.465323269367218,0.1163308173418045,0.30243462324142456,0.07560865581035614,1.5436288118362427,0.38590720295906067,-0.46173322200775146,-0.11543330550193787,-0.9514713287353516,-0.2378678321838379,-10.140504837036133,-2.535126209259033,-1.5977383852005005,-0.3994345963001251,-1.0410079956054688,-0.2602519989013672,-1.7417917251586914,-0.43544793128967285,0.3081083297729492,0.0770270824432373,-3.8608956336975098,-0.9652239084243774,1.3270548582077026,0.33176371455192566,11.042131423950195,2.760532855987549,0.6571580171585083,0.16428950428962708,2.3337748050689697,0.5834437012672424,0.8825795650482178,0.22064489126205444,-2.4518442153930664,-0.6129610538482666,3.4936439990997314,0.8734109997749329
-1.6200484037399292,-0.4050121009349823,0.6270263195037842,0.15675657987594604,-0.07548807561397552,-0.01887201890349388,3.732239246368408,0.933059811592102,-2.8254127502441406,-0.7063531875610352,-0.5332912802696228,-0.1333228200674057,-1.3897465467453003,-0.3474366366863251,-0.5866163969039917,-0.14665409922599792,-0.06560752540826797,-0.016401881352066994,1.752992868423462,0.4382482171058655,-0.7814908623695374,-0.19537271559238434,0.27003562450408936,0.06750890612602234,-0.3708842098712921,-0.09272105246782303,-2.2209103107452393,-0.5552275776863098,-1.0035032033920288,-0.2508758008480072,1.4656307697296143,0.36640769243240356,-11.523255348205566,-2.8808138370513916,-0.31221115589141846,-0.07805278897285461,1.8681060075759888,0.4670265018939972,0.07383784651756287,0.018459461629390717,-3.326672315597534,-0.8316680788993835,-4.352960586547852,-1.088240146636963,-1.5885380506515503,-0.3971345126628876,10.845721244812012,2.711430311203003,0.6286606192588806,0.15716515481472015,-2.1927881240844727,-0.5481970310211182,1.1246941089630127,0.2811735272407532,-1.6889394521713257,-0.4222348630428314,4.362393856048584,1.090598464012146
-2.0569112300872803,-0.5142278075218201,-0.5991631746292114,-0.14979079365730286,0.08974780142307281,0.022436950355768204,4.221365451812744,1.055341362953186,-1.7943592071533203,-0.4485898017883301,0.1506190299987793,0.037654757499694824,-1.153626799583435,-0.28840669989585876,-2.020538091659546,-0.5051345229148865,0.35776081681251526,0.08944020420312881,2.105494260787964,0.526373565196991,1.2256344556808472,0.3064086139202118,0.8651902675628662,0.21629756689071655,0.3152473270893097,0.07881183177232742,0.2858819365501404,0.0714704841375351,-0.7646796703338623,-0.19116991758346558,-1.9128838777542114,-0.47822096943855286,-8.612635612487793,-2.1531589031219482,-1.772094964981079,-0.4430237412452698,-1.270527958869934,-0.3176319897174835,-0.7400710582733154,-0.18501776456832886,-1.0141117572784424,-0.2535279393196106,-3.956998825073242,-0.9892497062683105,0.20911100506782532,0.05227775126695633,10.197827339172363,2.549456834793091,0.8950234651565552,0.2237558662891388,2.0716469287872314,0.5179117321968079,0.5211017727851868,0.1302754431962967,-1.6108343601226807,-0.40270859003067017,3.2839596271514893,0.8209899067878723
-2.4059715270996094,-0.6014928817749023,0.4297890067100525,0.10744725167751312,-0.047782331705093384,-0.011945582926273346,3.7108635902404785,0.9277158975601196,-2.0315182209014893,-0.5078795552253723,0.06578057259321213,0.016445143148303032,-1.0860034227371216,-0.2715008556842804,-0.45541203022003174,-0.11385300755500793,-0.0015771742910146713,-0.00039429357275366783,2.559959888458252,0.639989972114563,1.529331922531128,0.382332980632782,1.004369854927063,0.25109246373176575,-0.47373026609420776,-0.11843256652355194,-1.689292550086975,-0.4223231375217438,-0.49657535552978516,-0.12414383888244629,0.3568814694881439,0.08922036737203598,-10.635641098022461,-2.6589102745056152,-0.9008450508117676,-0.2252112627029419,2.355484962463379,0.5888712406158447,0.2250620722770691,0.05626551806926727,-1.4914511442184448,-0.3728627860546112,-3.7605655193328857,-0.9401413798332214,-1.1420600414276123,-0.2855150103569031,11.215893745422363,2.803973436355591,0.24684032797813416,0.06171008199453354,-1.7849522829055786,-0.44623807072639465,1.0906425714492798,0.27266064286231995,-1.8656176328659058,-0.46640440821647644,2.7251529693603516,0.6812882423400879
-2.5549087524414062,-0.6387271881103516,-0.7741734385490417,-0.19354335963726044,0.29922330379486084,0.07480582594871521,3.3177266120910645,0.8294316530227661,-1.6515586376190186,-0.41288965940475464,-0.9712437391281128,-0.2428109347820282,-0.3463858962059021,-0.08659647405147552,-0.5583453178405762,-0.13958632946014404,-0.22798167169094086,-0.056995417922735214,3.1160783767700195,0.7790195941925049,3.816305637359619,0.9540764093399048,2.009331226348877,0.5023328065872192,0.07438591867685318,0.018596479669213295,0.4048246443271637,0.10120616108179092,-0.8534208536148071,-0.21335521340370178,-1.3184772729873657,-0.32961931824684143,-9.08205795288086,-2.270514488220215,-1.3990379571914673,-0.3497594892978668,-0.9946303963661194,-0.24865759909152985,-0.7863439917564392,-0.1965859979391098,-1.4477487802505493,-0.36193719506263733,-4.402796268463135,-1.1006990671157837,0.778265655040741,0.19456641376018524,10.548770904541016,2.637192726135254,0.6759047508239746,0.16897618770599365,1.9347131252288818,0.48367828130722046,0.24281838536262512,0.06070459634065628,-2.798985242843628,-0.699746310710907,3.662853717803955,0.9157134294509888
-2.3402087688446045,-0.5850521922111511,-0.11211523413658142,-0.028028808534145355,0.26945018768310547,0.06736254692077637,2.383054733276367,0.5957636833190918,-0.5673978328704834,-0.14184945821762085,-0.7925683259963989,-0.19814208149909973,-0.9847742319107056,-0.2461935579776764,0.25621262192726135,0.06405315548181534,-0.6883997321128845,-0.17209993302822113,3.996222496032715,0.9990556240081787,6.69645357131958,1.674113392829895,3.2164742946624756,0.8041185736656189,-0.3082479238510132,-0.0770619809627533,-1.1308953762054443,-0.2827238440513611,-0.1598510444164276,-0.0399627611041069,0.2627095878124237,0.06567739695310593,-11.71278190612793,-2.9281954765319824,-1.1243174076080322,-0.28107935190200806,2.834641218185425,0.7086603045463562,-0.46215832233428955,-0.11553958058357239,-2.099565267562866,-0.5248913168907166,-4.058324337005615,-1.0145810842514038,-0.7415947914123535,-0.18539869785308838,11.770598411560059,2.9426496028900146,0.3151225447654724,0.0787806361913681,-0.3860014081001282,-0.09650035202503204,1.588760256767273,0.39719006419181824,-0.8394625186920166,-0.20986562967300415,3.176645040512085,0.7941612601280212
-2.3961970806121826,-0.5990492701530457,0.26745203137397766,0.06686300784349442,-0.2415473908185959,-0.06038684770464897,0.9010463953018188,0.2252615988254547,-0.05118439719080925,-0.012796099297702312,-0.8280333876609802,-0.20700834691524506,-1.3686052560806274,-0.34215131402015686,-1.1493916511535645,-0.2873479127883911,0.10793104022741318,0.026982760056853294,4.925219535827637,1.2313048839569092,2.6667709350585938,0.6666927337646484,2.974597930908203,0.7436494827270508,0.21565183997154236,0.05391295999288559,1.3279284238815308,0.3319821059703827,-0.482573926448822,-0.1206434816122055,-1.9833276271820068,-0.4958319067955017,-12.195451736450195,-3.048862934112549,-0.32377588748931885,-0.08094397187232971,-1.5767666101455688,-0.3941916525363922,-1.761504888534546,-0.4403762221336365,-2.57208514213562,-0.643021285533905,-3.776132583618164,-0.944033145904541,1.3757009506225586,0.34392523765563965,12.871673583984375,3.2179183959960938,0.7715109586715698,0.19287773966789246,2.6291980743408203,0.6572995185852051,1.0208446979522705,0.2552111744880676,-3.104400873184204,-0.776100218296051,3.1102120876312256,0.7775530219078064
-1.1354950666427612,-0.2838737666606903,1.4026051759719849,0.3506512939929962,-0.7416577935218811,-0.18541444838047028,1.8137050867080688,0.4534262716770172,1.4051004648208618,0.35127511620521545,-0.3038647472858429,-0.07596618682146072,-2.5788826942443848,-0.6447206735610962,0.5126328468322754,0.12815821170806885,-0.2735821604728699,-0.06839554011821747,4.230013847351074,1.0575034618377686,-3.711780309677124,-0.927945077419281,-0.739276647567749,-0.18481916189193726,0.33634719252586365,0.08408679813146591,-0.9088342785835266,-0.22720856964588165,-0.2563911974430084,-0.0640977993607521,0.5223217606544495,0.13058044016361237,-13.568158149719238,-3.3920395374298096,-0.975592851638794,-0.2438982129096985,2.0575649738311768,0.5143912434577942,0.9409604072570801,0.23524010181427002,-2.654784917831421,-0.6636962294578552,-4.821805000305176,-1.205451250076294,-1.9157782793045044,-0.4789445698261261,11.665976524353027,2.916494131088257,0.672938883304596,0.168234720826149,-1.7247345447540283,-0.4311836361885071,1.2632173299789429,0.3158043324947357,-0.814400851726532,-0.203600212931633,3.8868155479431152,0.9717038869857788
-1.1237189769744873,-0.2809297442436218,1.2383862733840942,0.30959656834602356,-0.4684562087059021,-0.11711405217647552,1.9667574167251587,0.4916893541812897,0.35793745517730713,0.08948436379432678,0.2221943736076355,0.055548593401908875,-2.5219123363494873,-0.6304780840873718,-0.407920777797699,-0.10198019444942474,-0.10254798084497452,-0.02563699521124363,4.049234390258789,1.0123085975646973,-2.267902135848999,-0.5669755339622498,-0.19148661196231842,-0.047871652990579605,0.5327891111373901,0.13319727778434753,1.5648599863052368,0.3912149965763092,-0.5269438624382019,-0.13173596560955048,-0.010131623595952988,-0.002532905898988247,-11.003108978271484,-2.750777244567871,-0.7885486483573914,-0.19713716208934784,-1.998567819595337,-0.49964195489883423,-1.6942967176437378,-0.42357417941093445,-2.723196268081665,-0.6807990670204163,-4.643274307250977,-1.1608185768127441,0.7638019919395447,0.19095049798488617,10.98538589477539,2.7463464736938477,0.5609005689620972,0.1402251422405243,2.8065900802612305,0.7016475200653076,1.40705406665802,0.351763516664505,-2.6605947017669678,-0.6651486754417419,3.637006998062134,0.9092517495155334
-1.4573662281036377,-0.3643415570259094,1.4490495920181274,0.36226239800453186,-0.5130734443664551,-0.12826836109161377,2.6169047355651855,0.6542261838912964,1.322421669960022,0.3306054174900055,1.0876579284667969,0.2719144821166992,-2.257420778274536,-0.564355194568634,-0.16469737887382507,-0.04117434471845627,-0.0081400778144598,-0.00203501945361495,3.944061517715454,0.9860153794288635,-2.024034023284912,-0.506008505821228,-0.6675400733947754,-0.16688501834869385,-0.17716842889785767,-0.044292107224464417,-1.104667067527771,-0.27616676688194275,-0.5622243881225586,-0.14055609703063965,0.3735262155532837,0.09338155388832092,-11.941608428955078,-2.9854021072387695,-1.108886957168579,-0.2772217392921448,2.838365077972412,0.709591269493103,0.18429940938949585,0.04607485234737396,-2.324709892272949,-0.5811774730682373,-4.9873809814453125,-1.2468452453613281,-1.3537441492080688,-0.3384360373020172,11.174276351928711,2.7935690879821777,1.127776026725769,0.28194400668144226,-1.982536792755127,-0.49563419818878174,1.21564519405365,0.3039112985134125,-0.8542944192886353,-0.2135736048221588,4.658247470855713,1.1645618677139282
-1.5649462938308716,-0.3912365734577179,-0.6784771084785461,-0.16961927711963654,-0.09041174501180649,-0.022602936252951622,2.1898579597473145,0.5474644899368286,0.0039838142693042755,0.0009959535673260689,0.3738352060317993,0.09345880150794983,-1.872262716293335,-0.46806567907333374,0.10313719511032104,0.02578429877758026,-0.14030107855796814,-0.035075269639492035,3.9870800971984863,0.9967700242996216,-1.672165036201477,-0.41804125905036926,0.08157900720834732,0.02039475180208683,0.32586583495140076,0.08146645873785019,1.1710624694824219,0.29276561737060547,-0.6738265752792358,-0.16845664381980896,-1.4328868389129639,-0.35822170972824097,-9.743696212768555,-2.4359240531921387,-0.9793617725372314,-0.24484044313430786,-2.24025559425354,-0.560063898563385,-1.6356422901153564,-0.4089105725288391,-0.483273446559906,-0.1208183616399765,-3.5478668212890625,-0.8869667053222656,0.47390028834342957,0.11847507208585739,9.892085075378418,2.4730212688446045,0.2433771789073944,0.0608442947268486,2.219724416732788,0.554931104183197,1.2850905656814575,0.3212726414203644,-1.7835297584533691,-0.4458824396133423,3.82330584526062,0.955826461315155
-1.499269723892212,-0.374817430973053,1.034174919128418,0.2585437297821045,-0.266116201877594,-0.0665290504693985,2.622605800628662,0.6556514501571655,1.4692761898040771,0.3673190474510193,0.5331999063491821,0.13329997658729553,-2.2657411098480225,-0.5664352774620056,0.34664833545684814,0.08666208386421204,-0.3489401638507843,-0.08723504096269608,4.265905380249023,1.0664763450622559,-1.0597283840179443,-0.2649320960044861,-0.13028782606124878,-0.032571956515312195,-0.03638184070587158,-0.009095460176467896,-1.0033621788024902,-0.25084054470062256,-0.6698068380355835,-0.16745170950889587,1.2041019201278687,0.30102548003196716,-12.150716781616211,-3.0376791954040527,-0.7212716341018677,-0.18031790852546692,2.9800946712493896,0.7450236678123474,0.19850057363510132,0.04962514340877533,-2.2794528007507324,-0.5698632001876831,-4.664134979248047,-1.1660337448120117,-0.7126385569572449,-0.17815963923931122,11.510384559631348,2.877596139907837,0.4401521384716034,0.11003803461790085,-1.9261726140975952,-0.4815431535243988,1.221051573753357,0.30526289343833923,-1.3886315822601318,-0.34715789556503296,3.8620951175689697,0.9655237793922424
-1.382470965385437,-0.34561774134635925,0.09222626686096191,0.02305656671524048,-0.3163374662399292,-0.0790843665599823,2.3444814682006836,0.5861203670501709,0.7045682668685913,0.17614206671714783,0.15873977541923523,0.03968494385480881,-2.3962602615356445,-0.5990650653839111,-0.09114434570074081,-0.022786086425185204,-0.04333578795194626,-0.010833946987986565,3.8063206672668457,0.9515801668167114,-1.7429358959197998,-0.43573397397994995,0.10432150959968567,0.026080377399921417,0.3924593925476074,0.09811484813690186,1.3785614967346191,0.3446403741836548,-0.26093459129333496,-0.06523364782333374,-0.40863922238349915,-0.10215980559587479,-10.568522453308105,-2.6421306133270264,-1.5249775648117065,-0.38124439120292664,-1.1210529804229736,-0.2802632451057434,-2.352830648422241,-0.5882076621055603,-0.6711351871490479,-0.16778379678726196,-3.3578152656555176,-0.8394538164138794,-0.2591838836669922,-0.06479597091674805,10.832557678222656,2.708139419555664,0.9282038807868958,0.23205097019672394,2.396634340286255,0.5991585850715637,1.1350549459457397,0.28376373648643494,-1.967638373374939,-0.49190959334373474,3.232680559158325,0.8081701397895813
-1.1614434719085693,-0.29036086797714233,0.8224257230758667,0.20560643076896667,-0.12938833236694336,-0.03234708309173584,3.0414443016052246,0.7603610754013062,1.6011497974395752,0.4002874493598938,1.4153919219970703,0.3538479804992676,-2.6793599128723145,-0.6698399782180786,0.31004267930984497,0.07751066982746124,-0.26715245842933655,-0.06678811460733414,3.4119670391082764,0.8529917597770691,-1.29449462890625,-0.3236236572265625,-0.22546204924583435,-0.05636551231145859,-0.12582692503929138,-0.031456731259822845,-0.6673293113708496,-0.1668323278427124,-0.8402974009513855,-0.21007435023784637,1.0242360830307007,0.25605902075767517,-12.379739761352539,-3.0949349403381348,-0.15550602972507477,-0.03887650743126869,2.4998228549957275,0.6249557137489319,0.7109828591346741,0.17774571478366852,-2.373202323913574,-0.5933005809783936,-4.736973762512207,-1.1842434406280518,-0.306975394487381,-0.07674384862184525,11.530118942260742,2.8825297355651855,-0.5235379934310913,-0.13088449835777283,-2.3578786849975586,-0.5894696712493896,1.2433546781539917,0.3108386695384979,-1.634487271308899,-0.40862181782722473,4.550943851470947,1.1377359628677368
-1.9701335430145264,-0.4925333857536316,-0.3603020906448364,-0.0900755226612091,0.0916147381067276,0.0229036845266819,3.134540557861328,0.783635139465332,0.8475631475448608,0.2118907868862152,0.43289607763290405,0.10822401940822601,-2.258249521255493,-0.5645623803138733,0.01453275978565216,0.00363318994641304,0.11609963327646255,0.02902490831911564,2.796588182449341,0.6991470456123352,-0.9918171167373657,-0.24795427918434143,0.5584288239479065,0.13960720598697662,0.25980156660079956,0.06495039165019989,0.9798479080200195,0.24496197700500488,0.0267808735370636,0.0066952183842659,-0.6419252157211304,-0.1604813039302826,-10.9688138961792,-2.7422034740448,-2.241100311279297,-0.5602750778198242,-0.44786354899406433,-0.11196588724851608,-2.7247772216796875,-0.6811943054199219,0.22787074744701385,0.056967686861753464,-3.3853983879089355,-0.8463495969772339,-0.25875380635261536,-0.06468845158815384,11.133782386779785,2.7834455966949463,1.9455636739730835,0.4863909184932709,2.8173067569732666,0.7043266892433167,0.7436097264289856,0.1859024316072464,-2.6201398372650146,-0.6550349593162537,2.95809268951416,0.73952317237854
-2.33213472366333,-0.5830336809158325,-0.40668442845344543,-0.10167110711336136,0.10464836657047272,0.02616209164261818,4.57537841796875,1.1438446044921875,-2.6874804496765137,-0.6718701124191284,-0.8143786787986755,-0.20359466969966888,-1.5141195058822632,-0.3785298764705658,-0.461286336183548,-0.115321584045887,0.3294219970703125,0.08235549926757812,1.0343998670578003,0.2585999667644501,1.1949341297149658,0.29873353242874146,1.0411850214004517,0.2602962553501129,0.12781083583831787,0.03195270895957947,-1.7332409620285034,-0.43331024050712585,-0.6848926544189453,-0.17122316360473633,0.8821057677268982,0.22052644193172455,-12.702400207519531,-3.175600051879883,0.01956905424594879,0.004892263561487198,2.366987466812134,0.5917468667030334,0.8749691843986511,0.21874229609966278,-2.441176176071167,-0.6102940440177917,-4.592252254486084,-1.148063063621521,-1.2565088272094727,-0.31412720680236816,11.285360336303711,2.8213400840759277,0.36620551347732544,0.09155137836933136,-1.7683517932891846,-0.44208794832229614,0.7157114744186401,0.17892786860466003,-0.5136107206344604,-0.1284026801586151,4.8087239265441895,1.2021809816360474
-2.0660624504089355,-0.5165156126022339,-0.3582179546356201,-0.08955448865890503,0.10071854293346405,0.025179635733366013,4.253598690032959,1.0633996725082397,-3.01962947845459,-0.7549073696136475,-0.0055617764592170715,-0.0013904441148042679,-1.9887491464614868,-0.4971872866153717,-1.5813509225845337,-0.3953377306461334,0.7462431192398071,0.18656077980995178,0.8172274827957153,0.20430687069892883,-0.44585251808166504,-0.11146312952041626,0.09276032447814941,0.023190081119537354,0.1657651960849762,0.04144129902124405,0.5687383413314819,0.14218458533287048,-0.17414799332618713,-0.04353699833154678,-0.6897153258323669,-0.17242883145809174,-9.281662940979004,-2.320415735244751,-0.42186522483825684,-0.10546630620956421,-1.611163854598999,-0.40279096364974976,-1.5893223285675049,-0.3973305821418762,-0.48636358976364136,-0.12159089744091034,-4.341521739959717,-1.0853804349899292,0.07059648633003235,0.017649121582508087,10.435569763183594,2.6088924407958984,0.6309220790863037,0.15773051977157593,2.2288196086883545,0.5572049021720886,0.7764843106269836,0.1941210776567459,-2.1208221912384033,-0.5302055478096008,3.1984922885894775,0.7996230721473694
-2.7009711265563965,-0.6752427816390991,-0.2854672372341156,-0.0713668093085289,0.11983747780323029,0.02995936945080757,3.881174087524414,0.9702935218811035,-2.2229602336883545,-0.5557400584220886,-0.006191320717334747,-0.0015478301793336868,-1.3499020338058472,-0.3374755084514618,0.42458322644233704,0.10614580661058426,0.20690985023975372,0.05172746255993843,1.4706110954284668,0.3676527738571167,-0.26817744970321655,-0.06704436242580414,-0.07073235511779785,-0.017683088779449463,-0.4607711434364319,-0.11519278585910797,-2.030625343322754,-0.5076563358306885,-0.5116081833839417,-0.1279020458459854,0.464665025472641,0.11616625636816025,-10.447530746459961,-2.6118826866149902,-1.1442335844039917,-0.2860583961009979,2.175445795059204,0.543861448764801,-0.06505343317985535,-0.016263358294963837,-2.9053211212158203,-0.7263302803039551,-3.636197566986084,-0.909049391746521,-1.0912619829177856,-0.2728154957294464,10.393329620361328,2.598332405090332,0.5915627479553223,0.14789068698883057,-2.0636730194091797,-0.5159182548522949,1.162065863609314,0.2905164659023285,-2.092535972595215,-0.5231339931488037,3.5887656211853027,0.8971914052963257
-2.2793431282043457,-0.5698357820510864,-0.765880823135376,-0.191470205783844,-0.031401313841342926,-0.007850328460335732,3.407928466796875,0.8519821166992188,-0.6729881763458252,-0.1682470440864563,-0.1930016577243805,-0.04825041443109512,-1.4555176496505737,-0.36387941241264343,-0.918161153793335,-0.22954028844833374,0.15192560851573944,0.03798140212893486,2.0074775218963623,0.5018693804740906,1.1248797178268433,0.2812199294567108,0.89194256067276,0.22298564016819,0.2259560227394104,0.0564890056848526,0.5789281129837036,0.1447320282459259,-0.35485249757766724,-0.08871312439441681,-1.639271855354309,-0.40981796383857727,-10.017759323120117,-2.5044398307800293,-0.19950880110263824,-0.04987720027565956,-2.1146676540374756,-0.5286669135093689,-0.9999589323997498,-0.24998973309993744,-0.5370283722877502,-0.13425709307193756,-4.034000873565674,-1.0085002183914185,1.6362066268920898,0.40905165672302246,10.463834762573242,2.6159586906433105,0.4198188781738281,0.10495471954345703,2.7165794372558594,0.6791448593139648,0.206035315990448,0.051508828997612,-2.429119825363159,-0.6072799563407898,4.01730489730835,1.0043262243270874
-2.4318580627441406,-0.6079645156860352,0.44033944606781006,0.11008486151695251,-0.057715654373168945,-0.014428913593292236,3.7505760192871094,0.9376440048217773,-1.2764421701431274,-0.31911054253578186,0.3084644377231598,0.07711610943078995,-1.187132716178894,-0.2967831790447235,-0.1234513521194458,-0.03086283802986145,-0.0368240550160408,-0.0092060137540102,2.3259990215301514,0.5814997553825378,1.2329014539718628,0.3082253634929657,0.3595007658004761,0.08987519145011902,-0.3031887710094452,-0.0757971927523613,-1.8488234281539917,-0.4622058570384979,-0.5223565697669983,-0.13058914244174957,0.7184006571769714,0.17960016429424286,-12.0795259475708,-3.0198814868927,-1.1175419092178345,-0.2793854773044586,3.0681583881378174,0.7670395970344543,-0.366366446018219,-0.09159161150455475,-1.5742539167404175,-0.39356347918510437,-4.168953895568848,-1.042238473892212,-1.4624184370040894,-0.36560460925102234,11.584905624389648,2.896226406097412,0.7261824607849121,0.18154561519622803,-1.6779435873031616,-0.4194858968257904,1.6907451152801514,0.42268627882003784,-0.7165299654006958,-0.17913249135017395,4.114682197570801,1.0286705493927002
-2.0356979370117188,-0.5089244842529297,-0.843925952911377,-0.21098148822784424,-0.2391599714756012,-0.0597899928689003,2.338803768157959,0.5847009420394897,-0.49378547072410583,-0.12344636768102646,-0.7903507351875305,-0.19758768379688263,-1.1557570695877075,-0.2889392673969269,-0.4837872087955475,-0.12094680219888687,0.0934140756726265,0.023353518918156624,2.4475598335266113,0.6118899583816528,1.6774076223373413,0.4193519055843353,1.744017481803894,0.4360043704509735,0.2362077832221985,0.05905194580554962,0.8765987157821655,0.21914967894554138,-0.4652574062347412,-0.1163143515586853,-0.9446232914924622,-0.23615582287311554,-10.27480411529541,-2.5687010288238525,-0.6605727076530457,-0.1651431769132614,-1.721163272857666,-0.4302908182144165,-1.0123345851898193,-0.25308364629745483,-0.17040760815143585,-0.04260190203785896,-3.6769559383392334,-0.9192389845848083,1.6556787490844727,0.41391968727111816,11.192449569702148,2.798112392425537,0.9035468101501465,0.22588670253753662,2.993865489959717,0.7484663724899292,0.11798205971717834,0.029495514929294586,-2.041395425796509,-0.5103488564491272,3.938844919204712,0.984711229801178
-2.140409231185913,-0.5351023077964783,0.7692019939422607,0.19230049848556519,-0.43928319215774536,-0.10982079803943634,2.5596494674682617,0.6399123668670654,-0.1034657210111618,-0.02586643025279045,0.28306058049201965,0.07076514512300491,-1.3525367975234985,-0.33813419938087463,-0.10571742057800293,-0.026429355144500732,-0.21635353565216064,-0.05408838391304016,3.2984039783477783,0.8246009945869446,2.009671926498413,0.5024179816246033,1.4919465780258179,0.37298664450645447,-0.21480223536491394,-0.053700558841228485,-1.868003010749817,-0.4670007526874542,-0.6000784635543823,-0.15001961588859558,1.329097867012024,0.332274466753006,-12.39522647857666,-3.098806619644165,-0.5942772626876831,-0.14856931567192078,3.0803520679473877,0.7700880169868469,-0.1771538257598877,-0.044288456439971924,-1.665019154548645,-0.41625478863716125,-4.262469291687012,-1.065617322921753,-1.069294810295105,-0.26732370257377625,12.329432487487793,3.0823581218719482,0.13483786582946777,0.03370946645736694,-1.8629179000854492,-0.4657294750213623,1.5448203086853027,0.3862050771713257,-0.27358970046043396,-0.06839742511510849,3.9369492530822754,0.9842373132705688
-2.589446544647217,-0.6473616361618042,-0.008673207834362984,-0.002168301958590746,-0.2959326207637787,-0.07398315519094467,0.7983033061027527,0.19957582652568817,-1.5526624917984009,-0.3881656229496002,-0.8621326684951782,-0.21553316712379456,-1.225489616394043,-0.30637240409851074,0.08109109103679657,0.020272772759199142,-0.048592276871204376,-0.012148069217801094,4.153120517730713,1.0382801294326782,-3.411269187927246,-0.8528172969818115,0.7818049788475037,0.19545124471187592,0.48715633153915405,0.12178908288478851,2.7133071422576904,0.6783267855644226,-0.3271375894546509,-0.08178439736366272,-0.5153647065162659,-0.12884117662906647,-10.968052864074707,-2.7420132160186768,-0.9301471710205078,-0.23253679275512695,-1.9334499835968018,-0.48336249589920044,-1.5177541971206665,-0.3794385492801666,-0.08112414181232452,-0.02028103545308113,-3.4172163009643555,-0.8543040752410889,1.420883297920227,0.35522082448005676,11.751130104064941,2.9377825260162354,1.0871758460998535,0.2717939615249634,2.5774292945861816,0.6443573236465454,0.6992104053497314,0.17480260133743286,-3.493807315826416,-0.873451828956604,3.9191229343414307,0.9797807335853577
-1.92500638961792,-0.48125159740448,1.993718147277832,0.498429536819458,-1.093090295791626,-0.2732725739479065,1.7819844484329224,0.4454961121082306,0.35840561985969543,0.08960140496492386,0.5209870934486389,0.13024677336215973,-2.4548540115356445,-0.6137135028839111,0.3677307069301605,0.09193267673254013,-0.3658389449119568,-0.0914597362279892,4.556604385375977,1.1391510963439941,-2.814572334289551,-0.7036430835723877,-0.6632252335548401,-0.16580630838871002,0.13359075784683228,0.03339768946170807,0.36847737431526184,0.09211934357881546,-0.5979939103126526,-0.14949847757816315,1.657101035118103,0.41427525877952576,-10.90189266204834,-2.725473165512085,-0.889338493347168,-0.222334623336792,2.2456631660461426,0.5614157915115356,0.4898379445075989,0.12245948612689972,-2.6364476680755615,-0.6591119170188904,-3.9636096954345703,-0.9909024238586426,-0.8771979212760925,-0.21929948031902313,11.278999328613281,2.8197498321533203,-0.12785476446151733,-0.031963691115379333,-1.6537381410598755,-0.41343453526496887,1.80343759059906,0.450859397649765,-0.7075945734977722,-0.17689864337444305,4.229649066925049,1.0574122667312622
-1.811783790588379,-0.4529459476470947,1.3261828422546387,0.33154571056365967,-0.8297444581985474,-0.20743611454963684,1.561735987663269,0.39043399691581726,-0.8144158124923706,-0.20360395312309265,0.7886072993278503,0.19715182483196259,-2.206625461578369,-0.5516563653945923,-0.6975466012954712,-0.1743866503238678,0.3193274140357971,0.07983185350894928,4.080918788909912,1.020229697227478,-2.4663333892822266,-0.6165833473205566,-0.40484991669654846,-0.10121247917413712,0.29564887285232544,0.07391221821308136,0.25962576270103455,0.06490644067525864,-0.2733626365661621,-0.06834065914154053,-0.5402569770812988,-0.1350642442703247,-9.424426078796387,-2.3561065196990967,-1.2815955877304077,-0.32039889693260193,-0.8512152433395386,-0.21280381083488464,-2.4696755409240723,-0.6174188852310181,-1.0705132484436035,-0.2676283121109009,-3.2321248054504395,-0.8080312013626099,-0.9824394583702087,-0.24560986459255219,10.20909595489502,2.552273988723755,1.8375976085662842,0.45939940214157104,0.9653518199920654,0.24133795499801636,0.9127588868141174,0.22818972170352936,-3.486937999725342,-0.8717344999313354,3.450190544128418,0.8625476360321045
-1.0598883628845215,-0.26497209072113037,0.08499900996685028,0.02124975249171257,-0.3615133762359619,-0.09037834405899048,2.0856199264526367,0.5214049816131592,-0.28753015398979187,-0.07188253849744797,0.385442316532135,0.09636057913303375,-2.738065242767334,-0.6845163106918335,0.4828886091709137,0.12072215229272842,-0.4652930796146393,-0.11632326990365982,4.233771800994873,1.0584429502487183,-2.2248177528381348,-0.5562044382095337,-0.2251097559928894,-0.05627743899822235,0.029827125370502472,0.007456781342625618,-0.8037129044532776,-0.2009282261133194,-0.5426164269447327,-0.13565410673618317,-0.4117293059825897,-0.10293232649564743,-11.490907669067383,-2.8727269172668457,-0.1346227377653122,-0.03365568444132805,1.1323271989822388,0.2830817997455597,0.1060718297958374,0.02651795744895935,-1.96463942527771,-0.4911598563194275,-3.132967233657837,-0.7832418084144592,-1.2311921119689941,-0.30779802799224854,9.320296287536621,2.3300740718841553,-0.1035563051700592,-0.0258890762925148,-1.2518315315246582,-0.31295788288116455,1.3321197032928467,0.33302992582321167,1.3937397003173828,0.3484349250793457,4.273836135864258,1.0684590339660645
-2.0236623287200928,-0.5059155821800232,0.18515940010547638,0.046289850026369095,-0.3969970941543579,-0.09924927353858948,1.2372910976409912,0.3093227744102478,-0.21487419307231903,-0.05371854826807976,-0.42566004395484924,-0.10641501098871231,-2.474381685256958,-0.6185954213142395,0.21324822306632996,0.05331205576658249,-0.23400239646434784,-0.05850059911608696,4.233095645904541,1.0582739114761353,-1.579218864440918,-0.3948047161102295,0.6560181379318237,0.16400453448295593,-0.026757627725601196,-0.006689406931400299,1.0348551273345947,0.2587137818336487,-0.24923208355903625,-0.062308020889759064,-0.5154845714569092,-0.1288711428642273,-13.43342113494873,-3.3583552837371826,-1.077089786529541,-0.26927244663238525,-0.8859090805053711,-0.22147727012634277,-2.8801193237304688,-0.7200298309326172,-0.4468269348144531,-0.11170673370361328,-0.18010999262332916,-0.04502749815583229,0.7477511763572693,0.18693779408931732,11.778279304504395,2.9445698261260986,0.30360350012779236,0.07590087503194809,1.644471287727356,0.411117821931839,1.7933801412582397,0.44834503531455994,-3.9700510501861572,-0.9925127625465393,-0.08767174184322357,-0.021917935460805893
-1.1389670372009277,-0.28474175930023193,0.9569565057754517,0.23923912644386292,-0.8564690947532654,-0.21411727368831635,2.162386417388916,0.540596604347229,0.5034728646278381,0.12586821615695953,-0.21919861435890198,-0.054799653589725494,-2.510456085205078,-0.6276140213012695,0.2819000482559204,0.0704750120639801,-0.3856847286224365,-0.09642118215560913,4.333051681518555,1.0832629203796387,-1.7115095853805542,-0.42787739634513855,0.17695915699005127,0.04423978924751282,-0.0063226595520973206,-0.0015806648880243301,-0.6270143985748291,-0.15675359964370728,-0.3312825560569763,-0.08282063901424408,0.7898125648498535,0.19745314121246338,-15.048847198486328,-3.762211799621582,2.445683717727661,0.6114209294319153,0.4270387291908264,0.1067596822977066,0.9187523126602173,0.22968807816505432,-3.0506439208984375,-0.7626609802246094,-3.387655258178711,-0.8469138145446777,1.7754347324371338,0.44385868310928345,11.590962409973145,2.897740602493286,-2.7234926223754883,-0.6808731555938721,-1.0306241512298584,-0.2576560378074646,1.3209733963012695,0.3302433490753174,1.4889030456542969,0.3722257614135742,2.9427103996276855,0.7356775999069214
-0.8516691327095032,-0.2129172831773758,0.36775049567222595,0.09193762391805649,-0.3520815670490265,-0.08802039176225662,1.7673226594924927,0.44183066487312317,1.466704249382019,0.36667606234550476,0.1352028250694275,0.03380070626735687,-3.2800052165985107,-0.8200013041496277,0.021520107984542847,0.005380026996135712,-0.13279901444911957,-0.03319975361227989,4.364850997924805,1.0912127494812012,-1.7258734703063965,-0.4314683675765991,0.22019894421100616,0.05504973605275154,0.08433156460523605,0.021082891151309013,0.8045328855514526,0.20113322138786316,-0.3286920189857483,-0.08217300474643707,-0.01902410015463829,-0.004756025038659573,-15.181573867797852,-3.795393466949463,-1.9768694639205933,-0.4942173659801483,0.19246339797973633,0.04811584949493408,-4.005512237548828,-1.001378059387207,-1.533933401107788,-0.383483350276947,-0.13142172992229462,-0.032855432480573654,-0.4277142584323883,-0.10692856460809708,13.635170936584473,3.408792734146118,1.4142078161239624,0.3535519540309906,1.902260422706604,0.475565105676651,2.553239583969116,0.638309895992279,-4.782829761505127,-1.1957074403762817,-0.07878206670284271,-0.019695516675710678
-0.05666296184062958,-0.014165740460157394,1.094648003578186,0.2736620008945465,-0.7100631594657898,-0.17751578986644745,2.3724961280822754,0.5931240320205688,1.286240577697754,0.3215601444244385,-0.04636260122060776,-0.01159065030515194,-2.812512159347534,-0.7031280398368835,0.16274729371070862,0.040686823427677155,-0.48845475912094116,-0.12211368978023529,4.129931926727295,1.0324829816818237,-1.8228695392608643,-0.45571738481521606,-0.054838985204696655,-0.013709746301174164,-0.18576249480247498,-0.046440623700618744,-1.104770541191101,-0.27619263529777527,-0.8875022530555725,-0.22187556326389313,-0.03125690296292305,-0.007814225740730762,-15.291318893432617,-3.8228297233581543,2.961477279663086,0.7403693199157715,-0.04733771085739136,-0.01183442771434784,1.3619531393051147,0.3404882848262787,-2.749224901199341,-0.6873062252998352,-5.061983585357666,-1.2654958963394165,1.1979305744171143,0.29948264360427856,11.394317626953125,2.8485794067382812,-2.5664498805999756,-0.6416124701499939,-2.3904333114624023,-0.5976083278656006,0.23947033286094666,0.059867583215236664,0.3833603858947754,0.09584009647369385,5.980236530303955,1.4950591325759888
-0.8058741092681885,-0.20146852731704712,0.21234703063964844,0.05308675765991211,-0.46991151571273804,-0.11747787892818451,1.4351340532302856,0.3587835133075714,1.5746597051620483,0.3936649262905121,0.41862186789512634,0.10465546697378159,-3.156944990158081,-0.7892362475395203,0.37911638617515564,0.09477909654378891,-0.2772601842880249,-0.06931504607200623,4.154819011688232,1.038704752922058,-1.8185843229293823,-0.4546460807323456,0.4089171886444092,0.1022292971611023,0.05206532031297684,0.01301633007824421,0.8768907785415649,0.21922269463539124,-0.26543357968330383,-0.06635839492082596,-1.1846699714660645,-0.2961674928665161,-15.041330337524414,-3.7603325843811035,-3.6739187240600586,-0.9184796810150146,0.9537363052368164,0.2384340763092041,-4.022768497467041,-1.0056921243667603,-0.9216406941413879,-0.23041017353534698,-1.0860081911087036,-0.2715020477771759,-0.9508568644523621,-0.23771421611309052,13.262913703918457,3.3157284259796143,2.9247660636901855,0.7311915159225464,2.4721741676330566,0.6180435419082642,2.6644625663757324,0.6661156415939331,-4.332131862640381,-1.0830329656600952,0.888795018196106,0.2221987545490265
-0.2268369048833847,-0.056709226220846176,1.2587099075317383,0.31467747688293457,-0.952133297920227,-0.23803332448005676,2.3716750144958496,0.5929187536239624,1.9800604581832886,0.49501511454582214,-0.008542254567146301,-0.0021355636417865753,-2.559596300125122,-0.6398990750312805,0.15392112731933594,0.038480281829833984,-0.4403051435947418,-0.11007628589868546,3.8649182319641113,0.9662295579910278,-1.5529834032058716,-0.3882458508014679,0.14141443371772766,0.035353608429431915,-0.09850342571735382,-0.024625856429338455,-0.8057571053504944,-0.2014392763376236,-1.0398738384246826,-0.25996845960617065,0.4541064202785492,0.1135266050696373,-15.619498252868652,-3.904874563217163,2.182267665863037,0.5455669164657593,0.3557664155960083,0.08894160389900208,1.5706474781036377,0.3926618695259094,-2.3366539478302,-0.58416348695755,-4.123387813568115,-1.0308469533920288,0.7342216372489929,0.18355540931224823,11.93847942352295,2.9846198558807373,-2.4302632808685303,-0.6075658202171326,-2.5319154262542725,-0.6329788565635681,0.1284411996603012,0.0321102999150753,0.3002074360847473,0.07505185902118683,5.181509971618652,1.295377492904663
-0.7795260548591614,-0.19488151371479034,1.2069003582000732,0.3017250895500183,-0.5904256105422974,-0.14760640263557434,1.8683189153671265,0.4670797288417816,3.0339763164520264,0.7584940791130066,1.4546265602111816,0.3636566400527954,-3.3288745880126953,-0.8322186470031738,-0.4024480879306793,-0.10061202198266983,0.2183375209569931,0.054584380239248276,3.9889144897460938,0.9972286224365234,-2.104949951171875,-0.5262374877929688,-0.050501883029937744,-0.012625470757484436,-0.10592822730541229,-0.026482056826353073,0.8465920686721802,0.21164801716804504,-0.030847594141960144,-0.007711898535490036,-0.9930630922317505,-0.24826577305793762,-15.448009490966797,-3.862002372741699,-5.411921977996826,-1.3529804944992065,1.5002918243408203,0.3750729560852051,-3.482588291168213,-0.8706470727920532,-1.717700719833374,-0.4294251799583435,-1.7533650398254395,-0.43834125995635986,-0.8005432486534119,-0.20013581216335297,14.05430793762207,3.5135769844055176,3.618687629699707,0.9046719074249268,3.2277672290802,0.80694180727005,2.927138328552246,0.7317845821380615,-5.057134628295898,-1.2642836570739746,1.0468984842300415,0.2617246210575104
0.15321797132492065,0.038304492831230164,1.0016885995864868,0.2504221498966217,-0.9419391751289368,-0.2354847937822342,2.751746654510498,0.6879366636276245,1.7030436992645264,0.4257609248161316,1.130728006362915,0.28268200159072876,-2.508218288421631,-0.6270545721054077,0.1752995252609253,0.04382488131523132,-0.48783767223358154,-0.12195941805839539,3.701900005340576,0.925475001335144,-1.6904760599136353,-0.4226190149784088,-0.0846179723739624,-0.0211544930934906,-0.013818848878145218,-0.0034547122195363045,-0.8259207606315613,-0.20648019015789032,-1.341962456703186,-0.3354906141757965,-0.15624579787254333,-0.039061449468135834,-16.230627059936523,-4.057656764984131,2.3886148929595947,0.5971537232398987,-0.5675394535064697,-0.14188486337661743,1.847264289855957,0.46181607246398926,-2.4045097827911377,-0.6011274456977844,-4.689474105834961,-1.1723685264587402,1.198007345199585,0.29950183629989624,12.401962280273438,3.1004905700683594,-2.8364834785461426,-0.7091208696365356,-2.1429412364959717,-0.5357353091239929,-0.0894513875246048,-0.0223628468811512,0.7640619874000549,0.19101549685001373,6.674574851989746,1.6686437129974365
-1.731793761253357,-0.43294844031333923,0.5942870378494263,0.14857175946235657,-0.469321608543396,-0.117330402135849,1.3554913997650146,0.33887284994125366,2.388781785964966,0.5971954464912415,1.1056036949157715,0.27640092372894287,-2.6575655937194824,-0.6643913984298706,0.14973416924476624,0.03743354231119156,-0.005572965368628502,-0.0013932413421571255,3.7828598022460938,0.9457149505615234,-1.3831812143325806,-0.34579530358314514,0.16081026196479797,0.04020256549119949,0.19360148906707764,0.04840037226676941,1.2467395067214966,0.31168487668037415,-0.04769226908683777,-0.011923067271709442,-0.4020480811595917,-0.10051202028989792,-15.768067359924316,-3.942016839981079,-4.533310890197754,-1.1333277225494385,2.2340543270111084,0.5585135817527771,-3.3991103172302246,-0.8497775793075562,-0.8581719398498535,-0.21454298496246338,-1.2040863037109375,-0.3010215759277344,-0.9651018977165222,-0.24127547442913055,14.430910110473633,3.607727527618408,3.3826069831848145,0.8456517457962036,2.80672025680542,0.701680064201355,3.118321180343628,0.779580295085907,-4.304344177246094,-1.0760860443115234,-0.6389628648757935,-0.15974071621894836
-0.5410206913948059,-0.13525517284870148,1.0459927320480347,0.26149818301200867,-0.781821072101593,-0.19545526802539825,2.443358898162842,0.6108397245407104,0.7109911441802979,0.17774778604507446,0.2230214774608612,0.0557553693652153,-2.367283344268799,-0.5918208360671997,0.022754043340682983,0.005688510835170746,-0.4825173020362854,-0.12062932550907135,3.5134615898132324,0.8783653974533081,-1.402359962463379,-0.3505899906158447,0.5632725954055786,0.14081814885139465,0.16650161147117615,0.04162540286779404,-0.6752886176109314,-0.16882215440273285,-1.385180115699768,-0.346295028924942,0.38926979899406433,0.09731744974851608,-17.16080093383789,-4.290200233459473,4.034642696380615,1.0086606740951538,-1.4496709108352661,-0.36241772770881653,1.4928162097930908,0.3732040524482727,-2.999126672744751,-0.7497816681861877,-4.167145729064941,-1.0417864322662354,1.5945348739624023,0.3986337184906006,13.473340034484863,3.368335008621216,-4.13468599319458,-1.033671498298645,-2.6393628120422363,-0.6598407030105591,-0.2732994556427002,-0.06832486391067505,0.7159632444381714,0.17899081110954285,5.421337604522705,1.3553344011306763
-2.3484160900115967,-0.5871040225028992,0.901197075843811,0.22529926896095276,-0.42721104621887207,-0.10680276155471802,0.8338428735733032,0.2084607183933258,1.6110371351242065,0.40275928378105164,0.47863608598709106,0.11965902149677277,-2.316323757171631,-0.5790809392929077,0.37174028158187866,0.09293507039546967,-0.13123396039009094,-0.032808490097522736,4.0588698387146,1.01471745967865,-1.5970520973205566,-0.39926302433013916,0.6611641645431519,0.16529104113578796,0.3082105219364166,0.07705263048410416,1.366133451461792,0.341533362865448,-0.009353689849376678,-0.0023384224623441696,0.11839161068201065,0.029597902670502663,-17.349143981933594,-4.337285995483398,-4.523179054260254,-1.1307947635650635,2.4291093349456787,0.6072773337364197,-4.330495357513428,-1.082623839378357,-2.0271241664886475,-0.5067810416221619,0.49913161993026733,0.12478290498256683,-1.4351524114608765,-0.3587881028652191,15.438369750976562,3.8595924377441406,3.8787243366241455,0.9696810841560364,2.1403968334198,0.53509920835495,3.7624120712280273,0.9406030178070068,-5.566753387451172,-1.391688346862793,-2.3921456336975098,-0.5980364084243774
-0.16511325538158417,-0.04127831384539604,1.1888234615325928,0.2972058653831482,-0.9176624417304993,-0.22941561043262482,2.8732190132141113,0.7183047533035278,0.9126393795013428,0.2281598448753357,0.2912631630897522,0.07281579077243805,-2.5299150943756104,-0.6324787735939026,-0.1713208258152008,-0.0428302064538002,-0.40481939911842346,-0.10120484977960587,3.725236654281616,0.931309163570404,-1.916345477104187,-0.47908636927604675,0.043477535247802734,0.010869383811950684,0.009913042187690735,0.0024782605469226837,-0.5131361484527588,-0.1282840371131897,-1.5551029443740845,-0.3887757360935211,-0.6642640829086304,-0.1660660207271576,-17.021270751953125,-4.255317687988281,3.618680477142334,0.9046701192855835,-3.1520586013793945,-0.7880146503448486,-0.194025456905365,-0.04850636422634125,-3.148594379425049,-0.7871485948562622,-5.864948272705078,-1.4662370681762695,3.0293033123016357,0.7573258280754089,12.257291793823242,3.0643229484558105,-4.643662929534912,-1.160915732383728,-1.6222445964813232,-0.4055611491203308,0.25466111302375793,0.06366527825593948,-0.7761189937591553,-0.19402974843978882,4.79013204574585,1.1975330114364624
-2.5730388164520264,-0.6432597041130066,0.9830893874168396,0.2457723468542099,-0.37039071321487427,-0.09259767830371857,1.347490668296814,0.3368726670742035,2.2476248741149902,0.5619062185287476,0.9330881834030151,0.23327204585075378,-2.2760186195373535,-0.5690046548843384,0.2508785128593445,0.06271962821483612,-0.020800402387976646,-0.005200100596994162,3.8956949710845947,0.9739237427711487,-1.1265878677368164,-0.2816469669342041,0.38193798065185547,0.09548449516296387,0.33682361245155334,0.08420590311288834,1.2329456806182861,0.30823642015457153,0.10252362489700317,0.025630906224250793,0.07645002752542496,0.01911250688135624,-17.30531883239746,-4.326329708099365,-4.082724571228027,-1.0206811428070068,2.5889458656311035,0.6472364664077759,-4.468862056732178,-1.1172155141830444,-2.408798933029175,-0.6021997332572937,1.6748557090759277,0.41871392726898193,-2.135989189147949,-0.5339972972869873,14.502765655517578,3.6256914138793945,5.040249347686768,1.260062336921692,2.0349974632263184,0.5087493658065796,2.6881957054138184,0.6720489263534546,-3.968234062194824,-0.992058515548706,-1.394762396812439,-0.34869059920310974
-0.8283395171165466,-0.20708487927913666,0.8128941655158997,0.20322354137897491,-0.787061333656311,-0.19676533341407776,2.969513416290283,0.7423783540725708,0.7311373353004456,0.1827843338251114,0.4400760531425476,0.1100190132856369,-2.312800407409668,-0.578200101852417,-0.14454373717308044,-0.03613593429327011,-0.2928406596183777,-0.07321016490459442,2.912689208984375,0.7281723022460938,-1.804626703262329,-0.4511566758155823,0.43780517578125,0.1094512939453125,0.07098200172185898,0.017745500430464745,-0.9907411932945251,-0.2476852983236313,-1.3520925045013428,-0.3380231261253357,0.5968753695487976,0.1492188423871994,-19.195417404174805,-4.798854351043701,4.8892340660095215,1.2223085165023804,-1.8938465118408203,-0.4734616279602051,2.136969804763794,0.5342424511909485,-2.211148500442505,-0.5527871251106262,-3.782186985015869,-0.9455467462539673,2.238274097442627,0.5595685243606567,13.313267707824707,3.3283169269561768,-4.771916389465332,-1.192979097366333,-2.0432488918304443,-0.5108122229576111,0.16203860938549042,0.040509652346372604,0.7023407816886902,0.17558519542217255,5.246596813201904,1.311649203300476
-2.4123971462249756,-0.6030992865562439,0.01238238625228405,0.0030955965630710125,0.3083983063697815,0.07709957659244537,2.115480661392212,0.528870165348053,0.717085599899292,0.179271399974823,0.0866301879286766,0.02165754698216915,-1.9670125246047974,-0.49175313115119934,0.03401653468608856,0.00850413367152214,-0.058870069682598114,-0.014717517420649529,3.213463306427002,0.8033658266067505,1.2236286401748657,0.30590716004371643,1.8477942943572998,0.46194857358932495,0.06609594076871872,0.01652398519217968,0.7458436489105225,0.18646091222763062,-0.0916842520236969,-0.022921063005924225,-0.507461428642273,-0.12686535716056824,-16.870960235595703,-4.217740058898926,-3.9889607429504395,-0.9972401857376099,2.370478868484497,0.5926197171211243,-4.0960564613342285,-1.0240141153335571,-2.164172887802124,-0.541043221950531,0.532040536403656,0.133010134100914,-0.9703255295753479,-0.24258138239383698,14.389822006225586,3.5974555015563965,3.662938356399536,0.915734589099884,2.0449090003967285,0.5112272500991821,3.1500682830810547,0.7875170707702637,-4.392807960510254,-1.0982019901275635,-1.3350753784179688,-0.3337688446044922
-1.4694750308990479,-0.36736875772476196,0.10187410563230515,0.025468526408076286,-0.3956480026245117,-0.09891200065612793,4.129775047302246,1.0324437618255615,-2.755450963973999,-0.6888627409934998,-0.919994056224823,-0.22999851405620575,-1.4720242023468018,-0.36800605058670044,-0.005799710750579834,-0.0014499276876449585,-0.4857943654060364,-0.1214485913515091,1.8409674167633057,0.4602418541908264,-0.11771738529205322,-0.029429346323013306,0.83382248878479,0.2084556221961975,-0.35064226388931274,-0.08766056597232819,-2.7533180713653564,-0.6883295178413391,-1.3861669301986694,-0.34654173254966736,1.040986180305481,0.26024654507637024,-17.17669105529785,-4.294172763824463,0.6940372586250305,0.17350931465625763,-0.04171377420425415,-0.010428443551063538,-1.159148931503296,-0.289787232875824,-1.940731406211853,-0.48518285155296326,-5.4845709800720215,-1.3711427450180054,0.4185245633125305,0.10463114082813263,12.289667129516602,3.0724167823791504,-2.1379899978637695,-0.5344974994659424,-1.7269165515899658,-0.43172913789749146,-0.09967543184757233,-0.02491885796189308,-5.346109867095947,-1.3365274667739868,1.4210838079452515,0.35527095198631287
-2.702657461166382,-0.6756643652915955,-1.1270445585250854,-0.28176113963127136,0.8002691864967346,0.20006729662418365,4.162353515625,1.04058837890625,-1.9671989679336548,-0.4917997419834137,-0.30642956495285034,-0.07660739123821259,-1.1159025430679321,-0.27897563576698303,-1.169754981994629,-0.2924387454986572,-0.0812518447637558,-0.02031296119093895,3.0853323936462402,0.7713330984115601,3.363893747329712,0.840973436832428,1.9476855993270874,0.48692139983177185,0.5832986831665039,0.14582467079162598,0.17819854617118835,0.04454963654279709,-1.0318703651428223,-0.25796759128570557,0.20030713081359863,0.05007678270339966,-12.182304382324219,-3.0455760955810547,1.4597443342208862,0.36493608355522156,0.3937672972679138,0.09844182431697845,-2.1426985263824463,-0.5356746315956116,-2.5933287143707275,-0.6483321785926819,-1.4125053882598877,-0.3531263470649719,-0.406729131937027,-0.10168228298425674,11.532228469848633,2.883057117462158,1.37276029586792,0.34319007396698,0.4030715227127075,0.10076788067817688,0.8402559161186218,0.21006397902965546,-3.372997283935547,-0.8432493209838867,2.1123414039611816,0.5280853509902954
-2.021195650100708,-0.505298912525177,-0.12029285728931427,-0.030073214322328568,-0.23156268894672394,-0.057890672236680984,3.9856276512145996,0.9964069128036499,-1.84290611743927,-0.4607265293598175,-0.4054168462753296,-0.1013542115688324,-1.5768259763717651,-0.3942064940929413,-0.6603600978851318,-0.16509002447128296,-0.031509146094322205,-0.007877286523580551,2.823741912841797,0.7059354782104492,2.1623992919921875,0.5405998229980469,2.6152901649475098,0.6538225412368774,-0.46694236993789673,-0.11673559248447418,-1.701917290687561,-0.42547932267189026,-0.8197559118270874,-0.20493897795677185,-0.14206624031066895,-0.035516560077667236,-12.692750930786133,-3.173187732696533,-0.46055370569229126,-0.11513842642307281,0.6167478561401367,0.15418696403503418,-0.6902908086776733,-0.17257270216941833,-1.5421228408813477,-0.3855307102203369,-1.8773748874664307,-0.46934372186660767,-0.2691620886325836,-0.0672905221581459,11.67906379699707,2.9197659492492676,-0.505846381187439,-0.12646159529685974,-0.29205578565597534,-0.07301394641399384,0.7915210127830505,0.19788025319576263,-1.3209279775619507,-0.33023199439048767,1.7563077211380005,0.4390769302845001
-3.1640546321868896,-0.7910136580467224,-0.8084911704063416,-0.2021227926015854,0.5898901224136353,0.1474725306034088,2.981307029724121,0.7453267574310303,-2.2024683952331543,-0.5506170988082886,-1.4602583646774292,-0.3650645911693573,-0.2926205098628998,-0.07315512746572495,-0.0011243969202041626,-0.00028109923005104065,-0.7919374108314514,-0.19798435270786285,3.7841689586639404,0.9460422396659851,5.154637336730957,1.2886593341827393,2.85585880279541,0.7139647006988525,0.0321289598941803,0.008032239973545074,0.7564835548400879,0.18912088871002197,-0.9947574138641357,-0.24868935346603394,-1.427756905555725,-0.3569392263889313,-11.206242561340332,-2.801560640335083,-0.12365536391735077,-0.030913840979337692,-0.6060912609100342,-0.15152281522750854,-1.1730985641479492,-0.2932746410369873,-1.580102801322937,-0.39502570033073425,-2.5207772254943848,-0.6301943063735962,1.1163125038146973,0.2790781259536743,11.817956924438477,2.954489231109619,0.2521178722381592,0.0630294680595398,1.8827366828918457,0.4706841707229614,0.8803538680076599,0.22008846700191498,-1.9511675834655762,-0.48779189586639404,2.7915782928466797,0.6978945732116699
-2.0740864276885986,-0.5185216069221497,-0.5476099848747253,-0.13690249621868134,0.19725359976291656,0.04931339994072914,2.261140823364258,0.5652852058410645,-0.5364500880241394,-0.13411252200603485,-1.2747031450271606,-0.31867578625679016,-1.3153234720230103,-0.32883086800575256,0.6761268377304077,0.16903170943260193,-1.1970022916793823,-0.2992505729198456,4.234202861785889,1.0585507154464722,7.355291366577148,1.838822841644287,5.784153461456299,1.4460383653640747,-0.473601758480072,-0.118400439620018,-1.8940516710281372,-0.4735129177570343,-0.6195662617683411,-0.15489156544208527,0.11770398169755936,0.02942599542438984,-13.261457443237305,-3.315364360809326,-1.0735292434692383,-0.26838231086730957,1.6995809078216553,0.4248952269554138,-0.9137616753578186,-0.22844041883945465,-3.313203811645508,-0.828300952911377,-2.4062469005584717,-0.6015617251396179,-0.8160393238067627,-0.20400983095169067,12.692464828491211,3.1731162071228027,0.21143436431884766,0.052858591079711914,-0.9593899846076965,-0.23984749615192413,1.3157366514205933,0.3289341628551483,-2.197807788848877,-0.5494519472122192,1.4204659461975098,0.35511648654937744
-3.3084349632263184,-0.8271087408065796,1.1622200012207031,0.2905550003051758,-0.30998218059539795,-0.07749554514884949,1.0728765726089478,0.26821914315223694,0.8990299701690674,0.22475749254226685,-1.1063801050186157,-0.27659502625465393,-1.3297053575515747,-0.3324263393878937,-2.127690076828003,-0.5319225192070007,0.8886685967445374,0.22216714918613434,5.007812023162842,1.2519530057907104,-1.503282070159912,-0.375820517539978,1.9130580425262451,0.4782645106315613,0.5028543472290039,0.12571358680725098,2.535102367401123,0.6337755918502808,-0.08174750208854675,-0.020436875522136688,-1.2412062883377075,-0.3103015720844269,-13.962430000305176,-3.490607500076294,0.5327028036117554,0.13317570090293884,-0.7902125716209412,-0.1975531429052353,-2.422851800918579,-0.6057129502296448,-1.1860421895980835,-0.2965105473995209,-2.486527919769287,-0.6216319799423218,2.0408172607421875,0.5102043151855469,12.981481552124023,3.245370388031006,0.24554866552352905,0.06138716638088226,2.6594440937042236,0.6648610234260559,1.019345998764038,0.2548364996910095,-1.942973017692566,-0.4857432544231415,3.0856096744537354,0.7714024186134338
-1.8248298168182373,-0.4562074542045593,2.0450992584228516,0.5112748146057129,-1.0352282524108887,-0.25880706310272217,2.1766319274902344,0.5441579818725586,1.348203420639038,0.3370508551597595,0.792625904083252,0.198156476020813,-2.1279468536376953,-0.5319867134094238,0.19480255246162415,0.048700638115406036,-0.10001636296510696,-0.02500409074127674,4.658806800842285,1.1647017002105713,-3.272142171859741,-0.8180355429649353,-0.8959543704986572,-0.2239885926246643,0.07011684030294418,0.017529210075736046,-0.9791340231895447,-0.24478350579738617,-0.796765148639679,-0.19919128715991974,1.4256929159164429,0.3564232289791107,-14.051313400268555,-3.5128283500671387,-1.1146520376205444,-0.2786630094051361,1.0865920782089233,0.27164801955223083,0.505728006362915,0.12643200159072876,-3.0053889751434326,-0.7513472437858582,-3.027669668197632,-0.756917417049408,-1.926279902458191,-0.48156997561454773,12.291156768798828,3.072789192199707,0.764412522315979,0.19110313057899475,-2.0392727851867676,-0.5098181962966919,2.0132408142089844,0.5033102035522461,-1.640987753868103,-0.41024693846702576,1.760124921798706,0.4400312304496765
