MEMORY
  total            17.3 MB
  struct          159.0 KB
  buffer            1.1 MB
  arena            16.0 MB, used 0.7%

SIZES
  narena                16777216
  nbuffer               1190560
  nplugin               0
  maxuse_stack          91504
  maxuse_arena          120880
  maxuse_con            2
  maxuse_efc            8
  solver_nisland        1
  ncon                  2
  ne                    0
  nf                    0
  nl                    0
  nefc                  8
  nJ                    424
  nA                    0
  nisland               0
  threadpool            0

TIMER
    0:  duration =  0          number = 0
    1:  duration =  3.2        number = 12
    2:  duration =  0          number = 0
    3:  duration =  2.7        number = 12
    4:  duration =  0.081      number = 12
    5:  duration =  0          number = 0
    6:  duration =  0.34       number = 12
    7:  duration =  0          number = 0
    8:  duration =  0.26       number = 12
    9:  duration =  0.12       number = 12
    10:  duration =  2.3        number = 12
    11:  duration =  0.044      number = 12
    12:  duration =  0.00082    number = 12
    13:  duration =  0.25       number = 12
    14:  duration =  1.4        number = 12

SOLVER STAT
  solver_nisland = 1
  solver_fwdinv =   0         0       
ENERGY =   0         0       

TIME =  0       

QPOS
   0       
   0       
   0       
   0       
   0       
   0       
   0       
   0       
   0       
   0       
   0       
   0       
   0       
   0       
   0       
   0       
   0       
   0       
   0       
   0       
   0       
   0       
   0       
   0       
   0       
   0       
   0       
   0       
   0       
   0       
   0       
   0       
   0       
   0       
   0       
   0       
   0       
   0       
   0       
   0       
   0       
   0       
   0       
   0       
   0       
   0       
   0       
   0       
   0       
   0       
   0       
   0       
   0       

QVEL
   0       
   0       
   0       
   0       
   0       
   0       
   0       
   0       
   0       
   0       
   0       
   0       
   0       
   0       
   0       
   0       
   0       
   0       
   0       
   0       
   0       
   0       
   0       
   0       
   0       
   0       
   0       
   0       
   0       
   0       
   0       
   0       
   0       
   0       
   0       
   0       
   0       
   0       
   0       
   0       
   0       
   0       
   0       
   0       
   0       
   0       
   0       
   0       
   0       
   0       
   0       
   0       
   0       

QACC_WARMSTART
   3.4     
   0.68    
   2.7     
  -11      
   71      
  -4.2     
   3.4     
  -0.68    
  -2.7     
  -11      
   71      
   4.1     
   0.01    
  -0.043   
   1.1     
  -1.2     
  -2.9     
   3.6     
   86      
  -1e+02   
  -1e+02   
   23      
   7.3e+02 
   5.6     
   42      
  -12      
   2.8e+02 
  -2.6e+02 
   2.1e+02 
  -1.9e+02 
   1.4e+02 
  -1.2e+02 
   63      
  -50      
  -1.2     
   2.9     
  -3.8     
   86      
   72      
  -1e+02   
  -14      
   5.2e+02 
   24      
  -9.3     
  -4.9     
   1.9e+02 
  -1.8e+02 
   1.4e+02 
  -1.3e+02 
   89      
  -78      
   37      
  -27      

QFRC_APPLIED
   0       
   0       
   0       
   0       
   0       
   0       
   0       
   0       
   0       
   0       
   0       
   0       
   0       
   0       
   0       
   0       
   0       
   0       
   0       
   0       
   0       
   0       
   0       
   0       
   0       
   0       
   0       
   0       
   0       
   0       
   0       
   0       
   0       
   0       
   0       
   0       
   0       
   0       
   0       
   0       
   0       
   0       
   0       
   0       
   0       
   0       
   0       
   0       
   0       
   0       
   0       
   0       
   0       

XFRC_APPLIED
   0         0         0         0         0         0       
   0         0         0         0         0         0       
   0         0         0         0         0         0       
   0         0         0         0         0         0       
   0         0         0         0         0         0       
   0         0         0         0         0         0       
   0         0         0         0         0         0       
   0         0         0         0         0         0       
   0         0         0         0         0         0       
   0         0         0         0         0         0       
   0         0         0         0         0         0       
   0         0         0         0         0         0       
   0         0         0         0         0         0       
   0         0         0         0         0         0       
   0         0         0         0         0         0       
   0         0         0         0         0         0       
   0         0         0         0         0         0       
   0         0         0         0         0         0       
   0         0         0         0         0         0       
   0         0         0         0         0         0       
   0         0         0         0         0         0       
   0         0         0         0         0         0       
   0         0         0         0         0         0       
   0         0         0         0         0         0       
   0         0         0         0         0         0       
   0         0         0         0         0         0       
   0         0         0         0         0         0       
   0         0         0         0         0         0       
   0         0         0         0         0         0       
   0         0         0         0         0         0       
   0         0         0         0         0         0       
   0         0         0         0         0         0       
   0         0         0         0         0         0       
   0         0         0         0         0         0       
   0         0         0         0         0         0       
   0         0         0         0         0         0       
   0         0         0         0         0         0       
   0         0         0         0         0         0       
   0         0         0         0         0         0       
   0         0         0         0         0         0       
   0         0         0         0         0         0       
   0         0         0         0         0         0       
   0         0         0         0         0         0       
   0         0         0         0         0         0       
   0         0         0         0         0         0       
   0         0         0         0         0         0       
   0         0         0         0         0         0       
   0         0         0         0         0         0       
   0         0         0         0         0         0       
   0         0         0         0         0         0       
   0         0         0         0         0         0       
   0         0         0         0         0         0       
   0         0         0         0         0         0       
   0         0         0         0         0         0       

QACC
   3.4     
   0.68    
   2.7     
  -11      
   71      
  -4.2     
   3.4     
  -0.68    
  -2.7     
  -11      
   71      
   4.1     
   0.01    
  -0.043   
   1.1     
  -1.2     
  -2.9     
   3.6     
   86      
  -1e+02   
  -1e+02   
   23      
   7.3e+02 
   5.6     
   42      
  -12      
   2.8e+02 
  -2.6e+02 
   2.1e+02 
  -1.9e+02 
   1.4e+02 
  -1.2e+02 
   63      
  -50      
  -1.2     
   2.9     
  -3.8     
   86      
   72      
  -1e+02   
  -14      
   5.2e+02 
   24      
  -9.3     
  -4.9     
   1.9e+02 
  -1.8e+02 
   1.4e+02 
  -1.3e+02 
   89      
  -78      
   37      
  -27      

XPOS
   0         0         0       
   0         0.064    -0.1     
   0         0.12     -0.13    
   0.046     0.12     -0.25    
  -2.3e-06   0.12     -0.44    
  -2.3e-06   0.12     -0.74    
  -2.3e-06   0.12     -0.76    
   0        -0.064    -0.1     
   0        -0.12     -0.13    
   0.046    -0.12     -0.25    
  -2.3e-06  -0.12     -0.44    
  -2.3e-06  -0.12     -0.74    
  -2.3e-06  -0.12     -0.76    
   0         0         0       
  -0.004     0         0.044   
  -0.004     0         0.044   
  -7.2e-06   0.1       0.29    
   3.7e-07   0.14      0.29    
  -4.1e-06   0.15      0.19    
   0.016     0.15      0.11    
   0.12      0.15      0.095   
   0.15      0.15      0.095   
   0.2       0.15      0.095   
   0.31      0.13      0.12    
   0.3       0.12      0.13    
   0.34      0.12      0.17    
   0.35      0.11      0.19    
   0.38      0.15      0.13    
   0.41      0.15      0.13    
   0.38      0.15      0.11    
   0.41      0.15      0.11    
   0.38      0.15      0.089   
   0.41      0.15      0.086   
   0.38      0.15      0.07    
   0.41      0.15      0.065   
  -7.2e-06  -0.1       0.29    
   3.7e-07  -0.14      0.29    
  -4.1e-06  -0.15      0.19    
   0.016    -0.15      0.11    
   0.12     -0.15      0.095   
   0.15     -0.15      0.095   
   0.2      -0.15      0.095   
   0.31     -0.13      0.12    
   0.3      -0.12      0.12    
   0.34     -0.11      0.17    
   0.35     -0.1       0.19    
   0.38     -0.15      0.13    
   0.41     -0.15      0.13    
   0.38     -0.15      0.11    
   0.41     -0.15      0.11    
   0.38     -0.15      0.089   
   0.41     -0.15      0.086   
   0.38     -0.15      0.07    
   0.41     -0.15      0.065   

XQUAT
   1         0         0         0       
   1         0         0         0       
   1         0        -0.087     0       
   1         0        -0.087     0       
   1         0         0         0       
   1         0         0         0       
   1         0         0         0       
   1         0         0         0       
   1         0        -0.087     0       
   1         0        -0.087     0       
   1         0         0         0       
   1         0         0         0       
   1         0         0         0       
   1         0         0         0       
   1         0         0         0       
   1         0         0         0       
   0.99      0.14      1.4e-05  -9.9e-05 
   1         3e-05     2.7e-05  -9.6e-05 
   1         3e-05     2.7e-05  -9.6e-05 
   1         3e-05     2.7e-05  -9.6e-05 
   1         3e-05     2.7e-05  -9.6e-05 
   1         3e-05     2.7e-05  -9.6e-05 
   1         3e-05     2.7e-05  -9.6e-05 
   4.4e-05   0.71     -8.9e-05   0.71    
   0.46      0.54     -0.54      0.46    
   0.46      0.54     -0.54      0.46    
   0.46      0.54     -0.54      0.46    
   0.71     -0.012    -0.012     0.71    
   0.71     -0.012    -0.012     0.71    
   0.71      4.1e-05  -1.8e-06   0.71    
   0.71      4.1e-05  -1.8e-06   0.71    
   0.71      0.019     0.019     0.71    
   0.71      0.019     0.019     0.71    
   0.71      0.037     0.037     0.71    
   0.71      0.037     0.037     0.71    
   0.99     -0.14      1.4e-05   9.9e-05 
   1        -3e-05     2.7e-05   9.6e-05 
   1        -3e-05     2.7e-05   9.6e-05 
   1        -3e-05     2.7e-05   9.6e-05 
   1        -3e-05     2.7e-05   9.6e-05 
   1        -3e-05     2.7e-05   9.6e-05 
   1        -3e-05     2.7e-05   9.6e-05 
  -0.71      8.6e-05  -0.71     -4.7e-05 
   0.42     -0.57     -0.57     -0.42    
   0.42     -0.57     -0.57     -0.42    
   0.42     -0.57     -0.57     -0.42    
   0.71      0.012    -0.012    -0.71    
   0.71      0.012    -0.012    -0.71    
   0.71     -4.3e-05   8.1e-07  -0.71    
   0.71     -4.3e-05   8.1e-07  -0.71    
  -0.71      0.019    -0.019     0.71    
  -0.71      0.019    -0.019     0.71    
  -0.71      0.037    -0.037     0.71    
  -0.71      0.037    -0.037     0.71    

XMAT
   1         0         0         0         1         0         0         0         1       
   1         0         0         0         1         0         0         0         1       
   0.98     -0        -0.17      0         1        -0         0.17      0         0.98    
   0.98     -0        -0.17      0         1        -0         0.17      0         0.98    
   1         0         0         0         1         0         0         0         1       
   1         0         0         0         1         0         0         0         1       
   1         0         0         0         1         0         0         0         1       
   1         0         0         0         1         0         0         0         1       
   0.98     -0        -0.17      0         1        -0         0.17      0         0.98    
   0.98     -0        -0.17      0         1        -0         0.17      0         0.98    
   1         0         0         0         1         0         0         0         1       
   1         0         0         0         1         0         0         0         1       
   1         0         0         0         1         0         0         0         1       
   1         0         0         0         1         0         0         0         1       
   1         0         0         0         1         0         0         0         1       
   1         0         0         0         1         0         0         0         1       
   1         0.0002   -4.2e-10  -0.00019   0.96     -0.28     -5.5e-05   0.28      0.96    
   1         0.00019   5.5e-05  -0.00019   1        -6e-05    -5.5e-05   6e-05     1       
   1         0.00019   5.5e-05  -0.00019   1        -6e-05    -5.5e-05   6e-05     1       
   1         0.00019   5.5e-05  -0.00019   1        -6e-05    -5.5e-05   6e-05     1       
   1         0.00019   5.5e-05  -0.00019   1        -6e-05    -5.5e-05   6e-05     1       
   1         0.00019   5.5e-05  -0.00019   1        -6e-05    -5.5e-05   6e-05     1       
   1         0.00019   5.5e-05  -0.00019   1        -6e-05    -5.5e-05   6e-05     1       
   5.5e-05  -0.00019   1        -6.4e-05  -1        -0.00019   1        -6.4e-05  -5.5e-05 
   2.2e-05  -1        -0.0002   -0.17      0.00019  -0.99      0.99      5.6e-05  -0.17    
   2.2e-05  -1        -0.0002   -0.17      0.00019  -0.99      0.99      5.6e-05  -0.17    
   2.2e-05  -1        -0.0002   -0.17      0.00019  -0.99      0.99      5.6e-05  -0.17    
   0.00019  -1        -0.035     1         0.00019  -5.3e-05   6e-05    -0.035     1       
   0.00019  -1        -0.035     1         0.00019  -5.3e-05   6e-05    -0.035     1       
   0.00019  -1         5.5e-05   1         0.00019  -6e-05     6e-05     5.5e-05   1       
   0.00019  -1         5.5e-05   1         0.00019  -6e-05     6e-05     5.5e-05   1       
   0.00019  -1         0.052     1         0.00019  -7e-05     6e-05     0.052     1       
   0.00019  -1         0.052     1         0.00019  -7e-05     6e-05     0.052     1       
   0.00019  -0.99      0.1       1         0.00018  -8e-05     6e-05     0.1       0.99    
   0.00019  -0.99      0.1       1         0.00018  -8e-05     6e-05     0.1       0.99    
   1        -0.0002   -4.2e-10   0.00019   0.96      0.28     -5.5e-05  -0.28      0.96    
   1        -0.00019   5.5e-05   0.00019   1         6e-05    -5.5e-05  -6e-05     1       
   1        -0.00019   5.5e-05   0.00019   1         6e-05    -5.5e-05  -6e-05     1       
   1        -0.00019   5.5e-05   0.00019   1         6e-05    -5.5e-05  -6e-05     1       
   1        -0.00019   5.5e-05   0.00019   1         6e-05    -5.5e-05  -6e-05     1       
   1        -0.00019   5.5e-05   0.00019   1         6e-05    -5.5e-05  -6e-05     1       
   1        -0.00019   5.5e-05   0.00019   1         6e-05    -5.5e-05  -6e-05     1       
  -5.5e-05  -0.00019   1        -5.6e-05   1         0.00019  -1        -5.6e-05  -5.5e-05 
   3e-07     1        -0.0002    0.28      0.00019   0.96      0.96     -5.6e-05  -0.28    
   3e-07     1        -0.0002    0.28      0.00019   0.96      0.96     -5.6e-05  -0.28    
   3e-07     1        -0.0002    0.28      0.00019   0.96      0.96     -5.6e-05  -0.28    
   0.00019   1        -0.035    -1         0.00019   5.3e-05   6e-05     0.035     1       
   0.00019   1        -0.035    -1         0.00019   5.3e-05   6e-05     0.035     1       
   0.00019   1         6.2e-05  -1         0.00019   6e-05     6e-05    -6.2e-05   1       
   0.00019   1         6.2e-05  -1         0.00019   6e-05     6e-05    -6.2e-05   1       
   0.00019   1         0.052    -1         0.00019   7e-05     6e-05    -0.052     1       
   0.00019   1         0.052    -1         0.00019   7e-05     6e-05    -0.052     1       
   0.00019   0.99      0.1      -1         0.00018   8e-05     6e-05    -0.1       0.99    
   0.00019   0.99      0.1      -1         0.00018   8e-05     6e-05    -0.1       0.99    

XIPOS
   0         0         0       
   0.0027    0.11     -0.13    
   0.045     0.12     -0.21    
   0.016     0.11     -0.41    
   0.0055    0.12     -0.56    
  -0.0073    0.12     -0.73    
   0.027     0.12     -0.77    
   0.0027   -0.11     -0.13    
   0.045    -0.12     -0.21    
   0.016    -0.11     -0.41    
   0.0055   -0.12     -0.56    
  -0.0073   -0.12     -0.73    
   0.027    -0.12     -0.77    
   0.0035    0.00023   0.018   
  -0.004     2.3e-05   0.044   
  -0.0019    0.00034   0.23    
  -4.6e-08   0.14      0.29    
  -0.00023   0.15      0.23    
   0.011     0.14      0.11    
   0.081     0.15      0.095   
   0.13      0.15      0.095   
   0.18      0.15      0.094   
   0.28      0.15      0.094   
   0.3       0.13      0.12    
   0.31      0.13      0.15    
   0.33      0.12      0.18    
   0.35      0.12      0.2     
   0.39      0.15      0.12    
   0.43      0.15      0.12    
   0.39      0.15      0.1     
   0.43      0.15      0.1     
   0.39      0.15      0.082   
   0.43      0.15      0.08    
   0.39      0.15      0.063   
   0.42      0.15      0.059   
  -4.6e-08  -0.14      0.29    
  -0.00023  -0.15      0.23    
   0.011    -0.14      0.11    
   0.081    -0.15      0.095   
   0.13     -0.15      0.095   
   0.18     -0.15      0.094   
   0.28     -0.15      0.094   
   0.3      -0.13      0.12    
   0.31     -0.12      0.15    
   0.33     -0.11      0.18    
   0.35     -0.11      0.2     
   0.39     -0.15      0.12    
   0.43     -0.15      0.12    
   0.39     -0.15      0.1     
   0.43     -0.15      0.1     
   0.39     -0.15      0.082   
   0.43     -0.15      0.08    
   0.39     -0.15      0.063   
   0.42     -0.15      0.059   

XIMAT
   1         0         0         0         1         0         0         0         1       
   1        -0.04      0.075     0.075     0.83     -0.56     -0.04      0.56      0.83    
   0.97      0.081     0.24     -0.079     1        -0.017    -0.24     -0.0026    0.97    
  -0.22     -0.91      0.35      0.97     -0.18      0.15     -0.07      0.37      0.93    
   0.71     -0.71      0.0042    0.7       0.71      0.073    -0.054    -0.048     1       
   0        -0.45      0.89      1         0         0         0         0.89      0.45    
   0.061    -0.00024   1        -0.0016   -1        -0.00015   1        -0.0015   -0.061   
   1         0.04      0.075    -0.075     0.83      0.56     -0.04     -0.56      0.83    
   0.97     -0.081     0.24      0.079     1         0.017    -0.24      0.0026    0.97    
   0.22     -0.91      0.35      0.97      0.18     -0.15      0.07      0.37      0.93    
   0.71      0.71     -0.0049   -0.7       0.71     -0.073    -0.048     0.055     1       
   0        -0.45      0.89      1         0         0         0         0.89      0.45    
   0.061     0.00024   1         0.0016   -1         0.00015   1         0.0015   -0.061   
  -0.13     -0.79      0.6      -0.0094   -0.6      -0.8       0.99     -0.11      0.073   
   0        -1         0         0         0        -1         1         0         0       
   1        -0.0026    0.04      0.0026    1         0.00017  -0.04     -6.7e-05   1       
  -0.14     -0.9      -0.41      0.73      0.18     -0.66      0.67     -0.39      0.63    
  -0.016    -1        -0.038     1        -0.016     0.017    -0.018    -0.038     1       
   0.047    -0.97     -0.23      1         0.037     0.045    -0.035    -0.23      0.97    
   0.4       0.074     0.92      0.92     -0.11     -0.39      0.073     0.99     -0.11    
   0.001    -0.95     -0.32     -0.00036   0.32     -0.95      1         0.0011   -1.4e-05 
  -2.7e-05   0.066     1         0.71     -0.7       0.046     0.7       0.71     -0.047   
   0.025     0.039     1         1         0.02     -0.026    -0.021     1        -0.038   
   0.02      0.97      0.26     -0.94      0.11     -0.34     -0.35     -0.24      0.9     
  -0.0031    0.74      0.67     -0.99      0.11     -0.13     -0.17     -0.66      0.73    
  -5.5e-05   0.62      0.78     -0.99      0.13     -0.11     -0.17     -0.77      0.61    
  -0.0045    0.72      0.69     -0.99      0.11     -0.12     -0.17     -0.68      0.71    
  -0.035     0.041     1        -5.2e-05  -1         0.041     1         0.0014    0.035   
  -0.035    -0.12      0.99     -5.3e-05  -0.99     -0.12      1        -0.0042    0.035   
   8.5e-05   0.041     1        -5.9e-05  -1         0.041     1        -6.2e-05  -8.3e-05 
   1.6e-05  -0.13      0.99     -0.00033  -0.99     -0.13      1        -0.00033  -5.9e-05 
   0.052     0.041     1        -6.9e-05  -1         0.041     1        -0.0022   -0.052   
   0.052    -0.12      0.99     -7e-05    -0.99     -0.12      1         0.0061   -0.052   
   0.1       0.04      0.99     -7.9e-05  -1         0.041     0.99     -0.0043   -0.1     
   0.1      -0.11      0.99     -7.9e-05  -0.99     -0.11      0.99      0.011    -0.1     
   0.14     -0.9      -0.41      0.73     -0.18      0.66     -0.67     -0.39      0.63    
   0.016    -1        -0.038     1         0.016    -0.017     0.018    -0.038     1       
  -0.047    -0.97     -0.23      1        -0.037    -0.045     0.035    -0.23      0.97    
  -0.4       0.074     0.92      0.92      0.11      0.39     -0.073     0.99     -0.11    
   0.001    -0.95      0.32      0.00036  -0.32     -0.95      1         0.0011    1.4e-05 
   2.7e-05   0.066     1         0.71      0.7      -0.046    -0.7       0.71     -0.047   
  -0.025     0.039     1         1        -0.02      0.026     0.021     1        -0.038   
   0.02      0.97     -0.26      0.89     -0.14     -0.44     -0.46     -0.22     -0.86    
  -0.0031   -0.74      0.67      0.96      0.18      0.21     -0.28      0.64      0.71    
  -4.8e-05   0.62     -0.78      0.96     -0.22     -0.17     -0.28     -0.75     -0.6     
  -0.0045   -0.72      0.69      0.96      0.19      0.2      -0.28      0.67      0.69    
  -0.035     0.035    -1        -1.1e-05   1         0.035     1         0.0012   -0.035   
  -0.035    -0.13     -0.99      5.3e-05   0.99     -0.13      1        -0.0045   -0.035   
   4.6e-05   0.041    -1        -6e-06     1         0.041     1         4.1e-06   4.6e-05 
   4.8e-05  -0.13     -0.99      0.00022   0.99     -0.13      1        -0.00021   7.7e-05 
   0.052     0.041    -1         1.1e-05   1         0.041     1        -0.0021    0.052   
   0.052    -0.12     -0.99      7e-05     0.99     -0.12      1         0.0061    0.052   
   0.1       0.04     -0.99      1.7e-05   1         0.041     0.99     -0.0043    0.1     
   0.11     -0.11     -0.99     -0.0086    0.99     -0.11      0.99      0.02      0.1     

XANCHOR
   0         0.064    -0.1     
   0         0.12     -0.13    
   0.046     0.12     -0.25    
  -2.3e-06   0.12     -0.44    
  -2.3e-06   0.12     -0.74    
  -2.3e-06   0.12     -0.76    
   0        -0.064    -0.1     
   0        -0.12     -0.13    
   0.046    -0.12     -0.25    
  -2.3e-06  -0.12     -0.44    
  -2.3e-06  -0.12     -0.74    
  -2.3e-06  -0.12     -0.76    
   0         0         0       
  -0.004     0         0.044   
  -0.004     0         0.044   
  -7.2e-06   0.1       0.29    
   3.7e-07   0.14      0.29    
  -4.1e-06   0.15      0.19    
   0.016     0.15      0.11    
   0.12      0.15      0.095   
   0.15      0.15      0.095   
   0.2       0.15      0.095   
   0.31      0.13      0.12    
   0.3       0.12      0.13    
   0.34      0.12      0.17    
   0.35      0.11      0.19    
   0.38      0.15      0.13    
   0.41      0.15      0.13    
   0.38      0.15      0.11    
   0.41      0.15      0.11    
   0.38      0.15      0.089   
   0.41      0.15      0.086   
   0.38      0.15      0.07    
   0.41      0.15      0.065   
  -7.2e-06  -0.1       0.29    
   3.7e-07  -0.14      0.29    
  -4.1e-06  -0.15      0.19    
   0.016    -0.15      0.11    
   0.12     -0.15      0.095   
   0.15     -0.15      0.095   
   0.2      -0.15      0.095   
   0.31     -0.13      0.12    
   0.3      -0.12      0.12    
   0.34     -0.11      0.17    
   0.35     -0.1       0.19    
   0.38     -0.15      0.13    
   0.41     -0.15      0.13    
   0.38     -0.15      0.11    
   0.41     -0.15      0.11    
   0.38     -0.15      0.089   
   0.41     -0.15      0.086   
   0.38     -0.15      0.07    
   0.41     -0.15      0.065   

XAXIS
   0         1         0       
   0.98      0         0.17    
  -0.17      0         0.98    
   0         1         0       
   0         1         0       
   1         0         0       
   0         1         0       
   0.98      0         0.17    
  -0.17      0         0.98    
   0         1         0       
   0         1         0       
   1         0         0       
   0         0         1       
   1         0         0       
   0         1         0       
   0.0002    0.96      0.28    
   1        -0.00019  -5.5e-05 
   5.5e-05  -6e-05     1       
   0.00019   1         6e-05   
   1        -0.00019  -5.5e-05 
   0.00019   1         6e-05   
   5.5e-05  -6e-05     1       
   1        -0.00019  -5.5e-05 
   0.0002    0.99      0.17    
   0.0002    0.99      0.17    
   0.0002    0.99      0.17    
   0.035     5.3e-05  -1       
   0.035     5.3e-05  -1       
  -5.5e-05   6e-05    -1       
  -5.5e-05   6e-05    -1       
  -0.052     7e-05    -1       
  -0.052     7e-05    -1       
  -0.1       8e-05    -0.99    
  -0.1       8e-05    -0.99    
  -0.0002    0.96     -0.28    
   1         0.00019  -5.5e-05 
   5.5e-05   6e-05     1       
  -0.00019   1        -6e-05   
   1         0.00019  -5.5e-05 
  -0.00019   1        -6e-05   
   5.5e-05   6e-05     1       
  -1        -0.00019   5.5e-05 
  -0.0002    0.96     -0.28    
  -0.0002    0.96     -0.28    
  -0.0002    0.96     -0.28    
  -0.035     5.3e-05   1       
  -0.035     5.3e-05   1       
   6.2e-05   6e-05     1       
   6.2e-05   6e-05     1       
   0.052     7e-05     1       
   0.052     7e-05     1       
   0.1       8e-05     0.99    
   0.1       8e-05     0.99    

GEOM_XPOS
  -2e-07    -9.2e-07  -0.076   
   0.00069   2.4e-05  -0.079   
   0.00069   2.4e-05  -0.079   
  -0.00087   0.11     -0.13    
  -0.00087   0.11     -0.13    
   0.047     0.12     -0.19    
   0.047     0.12     -0.19    
   0.032     0.11     -0.35    
   0.032     0.11     -0.35    
   0.012     0.12     -0.56    
   0.012     0.12     -0.56    
  -0.0041    0.12     -0.75    
  -0.0041    0.12     -0.75    
   0.026     0.12     -0.77    
  -0.05      0.14     -0.79    
  -0.05      0.094    -0.79    
   0.12      0.15     -0.79    
   0.12      0.089    -0.79    
  -0.00087  -0.11     -0.13    
  -0.00087  -0.11     -0.13    
   0.047    -0.12     -0.19    
   0.047    -0.12     -0.19    
   0.032    -0.11     -0.35    
   0.032    -0.11     -0.35    
   0.012    -0.12     -0.56    
   0.012    -0.12     -0.56    
  -0.0041   -0.12     -0.75    
  -0.0041   -0.12     -0.75    
   0.026    -0.12     -0.77    
  -0.05     -0.094    -0.79    
  -0.05     -0.14     -0.79    
   0.12     -0.089    -0.79    
   0.12     -0.15     -0.79    
   0.0038   -3.1e-05   0.016   
  -0.004     1.3e-07   0.044   
   0.0009    0.0021    0.19    
   0.0009    0.0021    0.19    
  -0.00094   0.0011    0.27    
  -0.00094   0.0011    0.27    
   0.0037    2.5e-05   0.43    
   0.0037    2.5e-05   0.43    
  -2.6e-05   0.14      0.29    
   7.7e-07   0.14      0.29    
   3.1e-05   0.15      0.25    
  -0.004     0.15      0.24    
   0.008     0.14      0.14    
   0.008     0.14      0.14    
   0.069     0.16      0.097   
   0.069     0.16      0.097   
   0.13      0.15      0.095   
   0.13      0.15      0.095   
   0.18      0.15      0.095   
   0.18      0.15      0.095   
   0.22      0.15      0.095   
   0.22      0.15      0.095   
   0.31      0.15      0.094   
   0.31      0.15      0.094   
   0.3       0.13      0.12    
   0.3       0.13      0.12    
   0.32      0.13      0.15    
   0.32      0.13      0.15    
   0.33      0.12      0.18    
   0.33      0.12      0.18    
   0.35      0.12      0.2     
   0.35      0.12      0.2     
   0.39      0.15      0.12    
   0.39      0.15      0.12    
   0.43      0.15      0.12    
   0.43      0.15      0.12    
   0.39      0.15      0.1     
   0.39      0.15      0.1     
   0.43      0.15      0.1     
   0.43      0.15      0.1     
   0.39      0.15      0.082   
   0.39      0.15      0.082   
   0.43      0.15      0.08    
   0.43      0.15      0.08    
   0.39      0.15      0.063   
   0.39      0.15      0.063   
   0.42      0.15      0.059   
   0.42      0.15      0.059   
  -2.4e-05  -0.14      0.29    
   7.7e-07  -0.14      0.29    
   3e-05    -0.15      0.25    
  -0.004    -0.15      0.24    
   0.008    -0.14      0.14    
   0.008    -0.14      0.14    
   0.069    -0.16      0.097   
   0.069    -0.16      0.097   
   0.13     -0.15      0.095   
   0.13     -0.15      0.095   
   0.18     -0.15      0.095   
   0.18     -0.15      0.095   
   0.22     -0.15      0.095   
   0.22     -0.15      0.095   
   0.3      -0.15      0.094   
   0.3      -0.15      0.094   
   0.3      -0.13      0.12    
   0.3      -0.13      0.12    
   0.31     -0.12      0.15    
   0.31     -0.12      0.15    
   0.33     -0.11      0.18    
   0.33     -0.11      0.18    
   0.35     -0.11      0.2     
   0.35     -0.11      0.2     
   0.39     -0.15      0.12    
   0.39     -0.15      0.12    
   0.43     -0.15      0.12    
   0.43     -0.15      0.12    
   0.39     -0.15      0.1     
   0.39     -0.15      0.1     
   0.43     -0.15      0.1     
   0.43     -0.15      0.1     
   0.39     -0.15      0.082   
   0.39     -0.15      0.082   
   0.43     -0.15      0.08    
   0.43     -0.15      0.08    
   0.39     -0.15      0.063   
   0.39     -0.15      0.063   
   0.42     -0.15      0.059   
   0.42     -0.15      0.059   

GEOM_XMAT
   1        -8.7e-06   2.1e-25   8.7e-06   1        -0.00016   1.4e-09   0.00016   1       
  -0.00056  -0.024     1         1         0.0016    0.0006   -0.0016    1         0.024   
  -0.00056  -0.024     1         1         0.0016    0.0006   -0.0016    1         0.024   
   0.99     -0.15     -0.044     0.094     0.79     -0.6       0.13      0.59      0.8     
   0.99     -0.15     -0.044     0.094     0.79     -0.6       0.13      0.59      0.8     
   0.98      0.014     0.18     -0.015     1         0.0051   -0.18     -0.0077    0.98    
   0.98      0.014     0.18     -0.015     1         0.0051   -0.18     -0.0077    0.98    
  -0.058    -0.96      0.28      1        -0.048     0.042    -0.026     0.29      0.96    
  -0.058    -0.96      0.28      1        -0.048     0.042    -0.026     0.29      0.96    
   0.15     -0.99      0.027     0.99      0.15      0.059    -0.063     0.017     1       
   0.15     -0.99      0.027     0.99      0.15      0.059    -0.063     0.017     1       
  -4.1e-05  -0.83      0.56      1        -3.3e-06   6.9e-05  -5.6e-05   0.56      0.83    
  -4.1e-05  -0.83      0.56      1        -3.3e-06   6.9e-05  -5.6e-05   0.56      0.83    
   0.081    -0.00029   1        -0.0018   -1        -0.00014   1        -0.0018   -0.081   
   1         0         0         0         1         0         0         0         1       
   1         0         0         0         1         0         0         0         1       
   1         0         0         0         1         0         0         0         1       
   1         0         0         0         1         0         0         0         1       
   0.99      0.15     -0.044    -0.094     0.79      0.6       0.13     -0.59      0.8     
   0.99      0.15     -0.044    -0.094     0.79      0.6       0.13     -0.59      0.8     
   0.98     -0.013     0.18      0.014     1        -0.0051   -0.18      0.0076    0.98    
   0.98     -0.013     0.18      0.014     1        -0.0051   -0.18      0.0076    0.98    
   0.058    -0.96      0.28      1         0.048    -0.042     0.026     0.29      0.96    
   0.058    -0.96      0.28      1         0.048    -0.042     0.026     0.29      0.96    
  -0.15     -0.99      0.027     0.99     -0.15     -0.059     0.063     0.017     1       
  -0.15     -0.99      0.027     0.99     -0.15     -0.059     0.063     0.017     1       
   9.6e-06  -0.83      0.56      1        -5.4e-05  -9.8e-05   0.00011   0.56      0.83    
   9.6e-06  -0.83      0.56      1        -5.4e-05  -9.8e-05   0.00011   0.56      0.83    
   0.081     0.00032   1         0.0018   -1         0.00018   1         0.0018   -0.081   
   1         0         0         0         1         0         0         0         1       
   1         0         0         0         1         0         0         0         1       
   1         0         0         0         1         0         0         0         1       
   1         0         0         0         1         0         0         0         1       
  -0.12     -0.0012    0.99      0.00042  -1        -0.0011    0.99      0.00028   0.12    
  -0.00019   3.6e-09   1         1        -1.9e-05   0.00019   1.9e-05   1         0       
   1        -0.0042    0.0091    0.0042    1        -0.0038   -0.0091    0.0038    1       
   1        -0.0042    0.0091    0.0042    1        -0.0038   -0.0091    0.0038    1       
   0.0039   -0.07      1         0.00016  -1        -0.07      1         0.00043  -0.0039  
   0.0039   -0.07      1         0.00016  -1        -0.07      1         0.00043  -0.0039  
   1        -0.00011   0.046     0.00011   1        -2.4e-05  -0.046     2.9e-05   1       
   1        -0.00011   0.046     0.00011   1        -2.4e-05  -0.046     2.9e-05   1       
   0.056    -1        -0.0083    0.64      0.042    -0.76      0.76      0.037     0.64    
   4.2e-10   0.0002    1         0.28      0.96     -0.00019  -0.96      0.28     -5.5e-05 
   0.00084  -1         0.0035    1         0.00056  -0.079     0.079     0.0035    1       
   1         0.00019   5.5e-05  -0.00019   1        -6e-05    -5.5e-05   6e-05     1       
  -0.098    -0.96     -0.25      0.99     -0.13      0.1      -0.13     -0.23      0.96    
  -0.098    -0.96     -0.25      0.99     -0.13      0.1      -0.13     -0.23      0.96    
   0.33      0.088     0.94      0.94     -0.092    -0.32      0.058     0.99     -0.11    
   0.33      0.088     0.94      0.94     -0.092    -0.32      0.058     0.99     -0.11    
   0.00024  -1        -0.033    -0.00011   0.033    -1         1         0.00024  -0.0001  
   0.00024  -1        -0.033    -0.00011   0.033    -1         1         0.00024  -0.0001  
   0.029     0.00059   1        -0.69     -0.73      0.021     0.72     -0.69     -0.021   
   0.029     0.00059   1        -0.69     -0.73      0.021     0.72     -0.69     -0.021   
  -0.1      -0.99     -0.039     0.99     -0.1      -0.0023   -0.0017   -0.039     1       
  -0.1      -0.99     -0.039     0.99     -0.1      -0.0023   -0.0017   -0.039     1       
  -0.026     0.018     1         1         0.051     0.025    -0.051     1        -0.019   
  -0.026     0.018     1         1         0.051     0.025    -0.051     1        -0.019   
   0.029     0.96      0.29     -0.93      0.14     -0.35     -0.38     -0.26      0.89    
   0.029     0.96      0.29     -0.93      0.14     -0.35     -0.38     -0.26      0.89    
   0.00032   0.79      0.61     -0.99      0.1      -0.13     -0.17     -0.6       0.78    
   0.00032   0.79      0.61     -0.99      0.1      -0.13     -0.17     -0.6       0.78    
  -0.00015   0.71      0.7      -0.99      0.12     -0.12     -0.17     -0.69      0.7     
  -0.00015   0.71      0.7      -0.99      0.12     -0.12     -0.17     -0.69      0.7     
   0.0018    0.72      0.69     -0.99      0.12     -0.12     -0.17     -0.68      0.71    
   0.0018    0.72      0.69     -0.99      0.12     -0.12     -0.17     -0.68      0.71    
  -0.035    -0.017     1         4.8e-06  -1        -0.017     1        -0.00059   0.035   
  -0.035    -0.017     1         4.8e-06  -1        -0.017     1        -0.00059   0.035   
  -0.035    -0.11      0.99     -0.00016  -0.99     -0.11      1        -0.0039    0.035   
  -0.035    -0.11      0.99     -0.00016  -0.99     -0.11      1        -0.0039    0.035   
   7.5e-05  -0.017     1        -1.9e-06  -1        -0.017     1        -6.6e-07  -7.5e-05 
   7.5e-05  -0.017     1        -1.9e-06  -1        -0.017     1        -6.6e-07  -7.5e-05 
  -5.3e-05  -0.12      0.99     -0.00099  -0.99     -0.12      1        -0.00099  -6.5e-05 
  -5.3e-05  -0.12      0.99     -0.00099  -0.99     -0.12      1        -0.00099  -6.5e-05 
   0.052    -0.017     1        -1.2e-05  -1        -0.017     1         0.00088  -0.052   
   0.052    -0.017     1        -1.2e-05  -1        -0.017     1         0.00088  -0.052   
   0.052    -0.11      0.99     -0.00028  -0.99     -0.11      1         0.0053   -0.052   
   0.052    -0.11      0.99     -0.00028  -0.99     -0.11      1         0.0053   -0.052   
   0.1      -0.017     0.99     -2.2e-05  -1        -0.017     0.99      0.0018   -0.1     
   0.1      -0.017     0.99     -2.2e-05  -1        -0.017     0.99      0.0018   -0.1     
   0.1      -0.098     0.99      0.0003   -1        -0.099     0.99      0.011    -0.1     
   0.1      -0.098     0.99      0.0003   -1        -0.099     0.99      0.011    -0.1     
  -0.056    -1        -0.0081    0.64     -0.042     0.76     -0.76      0.038     0.64    
   4.2e-10  -0.0002    1        -0.28      0.96      0.00019  -0.96     -0.28     -5.5e-05 
  -0.00073  -1         0.0034    1        -0.00046   0.079    -0.079     0.0035    1       
   1        -0.00019   5.5e-05   0.00019   1         6e-05    -5.5e-05  -6e-05     1       
   0.098    -0.96     -0.25      0.99      0.13     -0.1       0.13     -0.23      0.96    
   0.098    -0.96     -0.25      0.99      0.13     -0.1       0.13     -0.23      0.96    
  -0.33      0.088     0.94      0.94      0.092     0.32     -0.058     0.99     -0.11    
  -0.33      0.088     0.94      0.94      0.092     0.32     -0.058     0.99     -0.11    
   0.0002   -1         0.033     6.8e-05  -0.033    -1         1         0.0002    6.1e-05 
   0.0002   -1         0.033     6.8e-05  -0.033    -1         1         0.0002    6.1e-05 
   0.029     8e-05     1         0.7      -0.71     -0.021     0.71      0.71     -0.021   
   0.029     8e-05     1         0.7      -0.71     -0.021     0.71      0.71     -0.021   
   0.1      -0.99     -0.039     0.99      0.1       0.0023    0.0017   -0.039     1       
   0.1      -0.99     -0.039     0.99      0.1       0.0023    0.0017   -0.039     1       
  -0.025    -0.017     1        -1         0.051    -0.024    -0.051    -1        -0.018   
  -0.025    -0.017     1        -1         0.051    -0.024    -0.051    -1        -0.018   
   0.029     0.96     -0.29      0.88     -0.16     -0.45     -0.48     -0.24     -0.84    
   0.029     0.96     -0.29      0.88     -0.16     -0.45     -0.48     -0.24     -0.84    
   0.00029  -0.79      0.61      0.96      0.17      0.22     -0.28      0.59      0.76    
   0.00029  -0.79      0.61      0.96      0.17      0.22     -0.28      0.59      0.76    
  -0.00027  -0.71      0.7       0.96      0.2       0.2      -0.28      0.67      0.68    
  -0.00027  -0.71      0.7       0.96      0.2       0.2      -0.28      0.67      0.68    
   0.0017   -0.72      0.69      0.96      0.2       0.2      -0.28      0.66      0.69    
   0.0017   -0.72      0.69      0.96      0.2       0.2      -0.28      0.66      0.69    
  -0.035    -0.023    -1        -5.8e-06   1        -0.023     1        -0.0008   -0.035   
  -0.035    -0.023    -1        -5.8e-06   1        -0.023     1        -0.0008   -0.035   
  -0.035    -0.12     -0.99     -0.00018   0.99     -0.12      1        -0.0039   -0.035   
  -0.035    -0.12     -0.99     -0.00018   0.99     -0.12      1        -0.0039   -0.035   
   8.1e-05  -0.017    -1         7.9e-07   1        -0.017     1         5.9e-07   8.1e-05 
   8.1e-05  -0.017    -1         7.9e-07   1        -0.017     1         5.9e-07   8.1e-05 
  -2e-05    -0.12     -0.99      0.0008    0.99     -0.12      1        -0.0008    7.4e-05 
  -2e-05    -0.12     -0.99      0.0008    0.99     -0.12      1        -0.0008    7.4e-05 
   0.052    -0.017    -1         1.1e-05   1        -0.017     1         0.00089   0.052   
   0.052    -0.017    -1         1.1e-05   1        -0.017     1         0.00089   0.052   
   0.052    -0.11     -0.99     -8.5e-05   0.99     -0.11      1         0.0057    0.052   
   0.052    -0.11     -0.99     -8.5e-05   0.99     -0.11      1         0.0057    0.052   
   0.1      -0.017    -0.99      2e-05     1        -0.017     0.99      0.0018    0.1     
   0.1      -0.017    -0.99      2e-05     1        -0.017     0.99      0.0018    0.1     
   0.1      -0.098    -0.99     -0.00023   1        -0.099     0.99      0.011     0.1     
   0.1      -0.098    -0.99     -0.00023   1        -0.099     0.99      0.011     0.1     

SUBTREE_COM
   0.024     9.6e-05  -0.09    
   0.017     0.11     -0.39    
   0.021     0.12     -0.45    
   0.012     0.12     -0.53    
   0.01      0.12     -0.61    
   0.023     0.12     -0.77    
   0.027     0.12     -0.77    
   0.017    -0.11     -0.39    
   0.021    -0.12     -0.45    
   0.012    -0.12     -0.53    
   0.01     -0.12     -0.61    
   0.023    -0.12     -0.77    
   0.027    -0.12     -0.77    
   0.03      0.00019   0.19    
   0.03      0.00019   0.2     
   0.03      0.00019   0.2     
   0.066     0.15      0.16    
   0.083     0.15      0.13    
   0.11      0.15      0.1     
   0.16      0.15      0.095   
   0.21      0.15      0.095   
   0.22      0.15      0.096   
   0.3       0.15      0.098   
   0.33      0.12      0.16    
   0.33      0.12      0.17    
   0.34      0.12      0.19    
   0.35      0.12      0.2     
   0.41      0.15      0.12    
   0.43      0.15      0.12    
   0.41      0.15      0.1     
   0.43      0.15      0.1     
   0.41      0.15      0.081   
   0.43      0.15      0.08    
   0.4       0.15      0.061   
   0.42      0.15      0.059   
   0.066    -0.15      0.16    
   0.083    -0.15      0.13    
   0.11     -0.15      0.1     
   0.16     -0.15      0.095   
   0.21     -0.15      0.095   
   0.22     -0.15      0.095   
   0.3      -0.15      0.098   
   0.33     -0.12      0.16    
   0.33     -0.12      0.17    
   0.34     -0.11      0.19    
   0.35     -0.11      0.2     
   0.41     -0.15      0.12    
   0.43     -0.15      0.12    
   0.41     -0.15      0.1     
   0.43     -0.15      0.1     
   0.41     -0.15      0.081   
   0.43     -0.15      0.08    
   0.4      -0.15      0.061   
   0.42     -0.15      0.059   

CDOF
   0         1         0        -0.29      0        -0.017   
   0.98      0         0.17      0.00031   0.26     -0.0017  
  -0.17      0         0.98      0.0017   -0.053     0.00031 
   0         1         0         0.049     0        -0.017   
   0         1         0         0.35      0        -0.017   
   1         0         0         0        -0.37     -0.0038  
   0         1         0        -0.29      0        -0.017   
   0.98      0         0.17     -0.00031   0.26      0.0017  
  -0.17      0         0.98     -0.0017   -0.053    -0.00031 
   0         1         0         0.049     0        -0.017   
   0         1         0         0.35      0        -0.017   
   1         0         0         0        -0.37      0.0038  
   0         0         1        -0.00019   0.03      0       
   1         0         0         0        -0.15      0.00019 
   0         1         0         0.15      0        -0.034   
   0.0002    0.96      0.28     -0.067     0.0083   -0.029   
   1        -0.00019  -5.5e-05   1.1e-05   0.095    -0.14    
   5.5e-05  -6e-05     1         0.15      0.03     -6.3e-06 
   0.00019   1         6e-05     0.089    -1.6e-05  -0.014   
   1        -0.00019  -5.5e-05  -2.7e-05  -0.099    -0.15    
   0.00019   1         6e-05     0.099    -2.6e-05   0.12    
   5.5e-05  -6e-05     1         0.15     -0.17     -1.8e-05 
   1        -0.00019  -5.5e-05  -2.2e-05  -0.078    -0.13    
   0.0002    0.99      0.17      0.088    -0.046     0.27    
   0.0002    0.99      0.17      0.044    -0.052     0.3     
   0.0002    0.99      0.17      0.023    -0.053     0.31    
   0.035     5.3e-05  -1        -0.15      0.35     -0.0052  
   0.035     5.3e-05  -1        -0.15      0.38     -0.0051  
  -5.5e-05   6e-05    -1        -0.15      0.35      2.9e-05 
  -5.5e-05   6e-05    -1        -0.15      0.38      3.1e-05 
  -0.052     7e-05    -1        -0.15      0.35      0.0078  
  -0.052     7e-05    -1        -0.15      0.39      0.0077  
  -0.1       8e-05    -0.99     -0.15      0.36      0.016   
  -0.1       8e-05    -0.99     -0.15      0.39      0.015   
  -0.0002    0.96     -0.28     -0.067    -0.0083   -0.029   
   1         0.00019  -5.5e-05  -1.1e-05   0.095     0.14    
   5.5e-05   6e-05     1        -0.15      0.03      6.3e-06 
  -0.00019   1        -6e-05     0.089     1.6e-05  -0.014   
   1         0.00019  -5.5e-05   2.7e-05  -0.099     0.15    
  -0.00019   1        -6e-05     0.099     2.6e-05   0.12    
   5.5e-05   6e-05     1        -0.15     -0.17      1.8e-05 
  -1        -0.00019   5.5e-05  -2.2e-05   0.078    -0.13    
  -0.0002    0.96     -0.28      0.1       0.076     0.26    
  -0.0002    0.96     -0.28      0.056     0.085     0.29    
  -0.0002    0.96     -0.28      0.036     0.088     0.3     
  -0.035     5.3e-05   1        -0.15     -0.35     -0.0052  
  -0.035     5.3e-05   1        -0.15     -0.38     -0.0051  
   6.2e-05   6e-05     1        -0.15     -0.35      3e-05   
   6.2e-05   6e-05     1        -0.15     -0.38      3.2e-05 
   0.052     7e-05     1        -0.15     -0.35      0.0078  
   0.052     7e-05     1        -0.15     -0.39      0.0077  
   0.1       8e-05     0.99     -0.15     -0.36      0.016   
   0.1       8e-05     0.99     -0.15     -0.39      0.015   

CINERT
   0         0         0         0         0         0         0         0         0         0       
   0.094     0.094     0.0016   -1.1e-05   0.0051    0.001    -0.02     -0.0033    0.35      1.4     
   0.049     0.05      0.0027   -3.7e-05  -0.0075   -0.00018   0.042     0.0011    0.27      1.5     
   0.0073    0.0083    0.0026   -0.00044  -0.0019   -0.0011   -0.0028   -0.016    -0.033     1.7     
   0.067     0.067     0.0019    0.00023  -0.0039    0.0019   -0.023     0.015    -0.33      1.9     
   0.0085    0.0085    5.8e-05   7e-06    -0.00062   9.6e-05  -0.0018    0.00028  -0.025     0.074   
   0.09      0.091     0.0017   -2.1e-05   0.0022    0.00089   0.0056    0.0023   -0.23      0.61    
   0.094     0.094     0.0016    1.1e-05   0.0051   -0.001    -0.02      0.0033    0.35      1.4     
   0.049     0.05      0.0027    3.7e-05  -0.0075    0.00018   0.042    -0.0011    0.27      1.5     
   0.0073    0.0083    0.0026    0.00044  -0.0019    0.0011   -0.0028    0.016    -0.033     1.7     
   0.067     0.067     0.0019   -0.00023  -0.0038   -0.0019   -0.023    -0.015    -0.33      1.9     
   0.0085    0.0085    5.8e-05  -7e-06    -0.00062  -9.6e-05  -0.0018   -0.00028  -0.025     0.074   
   0.09      0.091     0.0017    2.1e-05   0.0022   -0.00089   0.0056   -0.0023   -0.23      0.61    
   0.0067    0.0069    0.00031   3e-06    -0.001     1.6e-06  -0.0057    1e-05    -0.038     0.21    
   0.0019    0.002     0.00011  -4.7e-07  -0.00044  -2.1e-06  -0.0029   -1.4e-05  -0.013     0.086   
   0.13      0.13      0.035     6.9e-05   0.0049   -5.7e-05  -0.25      0.0012    0.27      7.8     
   0.021     0.0078    0.015     0.0029    0.0021   -0.0095   -0.021     0.099     0.069     0.72    
   0.015     0.0019    0.015     0.0029    0.00063  -0.003    -0.019     0.095     0.021     0.64    
   0.021     0.006     0.016     0.002    -0.00098   0.0084   -0.014     0.11     -0.059     0.73    
   0.02      0.0078    0.016    -0.0045    0.003     0.0089    0.03      0.091    -0.059     0.6     
   0.0028    0.0018    0.0029   -0.0013    0.00087   0.0013    0.0088    0.013    -0.0084    0.085   
   0.015     0.016     0.021    -0.01      0.0071    0.0071    0.071     0.071    -0.048     0.48    
   0.0073    0.016     0.019    -0.0081    0.0055    0.0033    0.055     0.033    -0.022     0.23    
   4.3e-05   0.00015   0.00017  -6.8e-05   3.8e-05   1.8e-05   0.00052   0.00025  -0.00014   0.0019  
   0.00012   0.00055   0.00064  -0.00024   8.4e-05   3.8e-05   0.0019    0.00083  -0.0003    0.0066  
   5.6e-05   0.00035   0.00041  -0.00014   1.6e-05   6.3e-06   0.0012    0.00046  -5.3e-05   0.0038  
   4.6e-05   0.00035   0.00039  -0.00013  -6.3e-06  -2.3e-06   0.0011    0.00039   1.9e-05   0.0033  
   0.00012   0.00057   0.00065  -0.00023   0.00011   4.6e-05   0.0015    0.00064  -0.0003    0.0042  
   0.00012   0.00075   0.00083  -0.00027   0.00013   4.8e-05   0.0018    0.00068  -0.00032   0.0046  
   0.00013   0.00059   0.00065  -0.00023   0.00014   5.8e-05   0.0015    0.00064  -0.00039   0.0042  
   0.00015   0.00085   0.00092  -0.0003    0.00019   6.8e-05   0.002     0.00075  -0.00046   0.005   
   0.00015   0.0006    0.00065  -0.00023   0.00017   7.1e-05   0.0015    0.00064  -0.00047   0.0042  
   0.00016   0.00079   0.00083  -0.00027   0.00021   7.7e-05   0.0018    0.00068  -0.00052   0.0046  
   0.00017   0.00062   0.00064  -0.00023   0.0002    8.3e-05   0.0015    0.00064  -0.00056   0.0042  
   0.00015   0.00063   0.00064  -0.00021   0.00019   7.2e-05   0.0014    0.00054  -0.00049   0.0036  
   0.021     0.0078    0.015    -0.003     0.0021    0.0096   -0.021    -0.099     0.069     0.72    
   0.015     0.0019    0.015    -0.0029    0.00063   0.003    -0.019    -0.095     0.021     0.64    
   0.021     0.006     0.016    -0.002    -0.00098  -0.0084   -0.014    -0.11     -0.059     0.73    
   0.02      0.0078    0.016     0.0046    0.003    -0.009     0.03     -0.091    -0.059     0.6     
   0.0028    0.0018    0.0029    0.0013    0.00087  -0.0013    0.0088   -0.013    -0.0084    0.085   
   0.016     0.016     0.021     0.011     0.0071   -0.0071    0.071    -0.072    -0.048     0.48    
   0.0073    0.016     0.019     0.0082    0.0055   -0.0033    0.055    -0.033    -0.022     0.23    
   4.3e-05   0.00015   0.00017   6.7e-05   3.8e-05  -1.8e-05   0.00051  -0.00025  -0.00014   0.0019  
   0.00011   0.00055   0.00063   0.00023   8.5e-05  -3.8e-05   0.0019   -0.00081  -0.0003    0.0066  
   5e-05     0.00035   0.0004    0.00013   1.8e-05  -6.7e-06   0.0012   -0.00043  -5.9e-05   0.0038  
   3.9e-05   0.00034   0.00038   0.00012  -4e-06     1.3e-06   0.0011   -0.00036   1.2e-05   0.0033  
   0.00012   0.00057   0.00065   0.00023   0.00011  -4.6e-05   0.0015   -0.00064  -0.0003    0.0042  
   0.00012   0.00075   0.00083   0.00027   0.00013  -4.8e-05   0.0018   -0.00068  -0.00032   0.0046  
   0.00013   0.00059   0.00065   0.00023   0.00014  -5.8e-05   0.0015   -0.00064  -0.00039   0.0042  
   0.00015   0.00085   0.00092   0.0003    0.00019  -6.9e-05   0.002    -0.00075  -0.00046   0.005   
   0.00015   0.0006    0.00065   0.00023   0.00017  -7.1e-05   0.0015   -0.00064  -0.00047   0.0042  
   0.00016   0.00079   0.00083   0.00027   0.00021  -7.7e-05   0.0018   -0.00068  -0.00052   0.0046  
   0.00017   0.00062   0.00064   0.00023   0.0002   -8.4e-05   0.0015   -0.00064  -0.00056   0.0042  
   0.00015   0.00063   0.00064   0.00021   0.00019  -7.2e-05   0.0014   -0.00054  -0.00049   0.0036  

CRB
   0         0         0         0         0         0         0         0         0         0       
   0.32      0.32      0.011    -0.00027  -0.0066    0.0026   -1.4e-17   2.3e-17  -1.7e-16   7.2     
   0.22      0.23      0.0089   -0.00026  -0.012     0.0016    0.02      0.0033   -0.35      5.8     
   0.17      0.18      0.0063   -0.00022  -0.0042    0.0018   -0.022     0.0022   -0.62      4.3     
   0.17      0.17      0.0037    0.00021  -0.0023    0.0029   -0.019     0.018    -0.59      2.6     
   0.098     0.099     0.0018   -1.4e-05   0.0016    0.00099   0.0038    0.0026   -0.26      0.68    
   0.09      0.091     0.0017   -2.1e-05   0.0022    0.00089   0.0056    0.0023   -0.23      0.61    
   0.32      0.32      0.011     0.00027  -0.0065   -0.0026   -1.4e-17  -2.3e-17  -1.7e-16   7.2     
   0.22      0.23      0.0089    0.00026  -0.012    -0.0016    0.02     -0.0033   -0.35      5.8     
   0.17      0.18      0.0063    0.00022  -0.0041   -0.0018   -0.022    -0.0022   -0.62      4.3     
   0.17      0.17      0.0037   -0.00021  -0.0022   -0.0029   -0.019    -0.018    -0.59      2.6     
   0.098     0.099     0.0018    1.4e-05   0.0016   -0.00099   0.0038   -0.0026   -0.26      0.68    
   0.09      0.091     0.0017    2.1e-05   0.0022   -0.00089   0.0056   -0.0023   -0.23      0.61    
   0.35      0.26      0.26      9.2e-05   0.043    -0.0001   -1.6e-17  -1.1e-16   4.2e-16   15      
   0.34      0.26      0.26      8.9e-05   0.044    -0.0001    0.0057   -1e-05     0.038     15      
   0.34      0.26      0.26      8.9e-05   0.044    -9.9e-05   0.0086    4e-06     0.05      15      
   0.1       0.064     0.11     -0.019     0.02      0.017     0.13      0.51     -0.11      3.5     
   0.083     0.056     0.097    -0.022     0.018     0.027     0.15      0.42     -0.18      2.8     
   0.068     0.054     0.082    -0.025     0.017     0.03      0.17      0.32     -0.2       2.2     
   0.047     0.048     0.066    -0.027     0.018     0.021     0.18      0.22     -0.14      1.4     
   0.027     0.041     0.051    -0.022     0.015     0.012     0.15      0.12     -0.083     0.85    
   0.024     0.039     0.048    -0.021     0.014     0.011     0.14      0.11     -0.075     0.76    
   0.0087    0.023     0.026    -0.011     0.007     0.0039    0.073     0.04     -0.026     0.28    
   0.00026   0.0014    0.0016   -0.00057   0.00013   6e-05     0.0046    0.0019   -0.00047   0.016   
   0.00022   0.0012    0.0014   -0.0005    9.4e-05   4.2e-05   0.0041    0.0017   -0.00033   0.014   
   0.0001    0.0007    0.0008   -0.00026   9.6e-06   4.1e-06   0.0022    0.00085  -3.3e-05   0.0071  
   4.6e-05   0.00035   0.00039  -0.00013  -6.3e-06  -2.3e-06   0.0011    0.00039   1.9e-05   0.0033  
   0.00024   0.0013    0.0015   -0.0005    0.00024   9.3e-05   0.0034    0.0013   -0.00063   0.0088  
   0.00012   0.00075   0.00083  -0.00027   0.00013   4.8e-05   0.0018    0.00068  -0.00032   0.0046  
   0.00028   0.0014    0.0016   -0.00053   0.00033   0.00013   0.0036    0.0014   -0.00085   0.0093  
   0.00015   0.00085   0.00092  -0.0003    0.00019   6.8e-05   0.002     0.00075  -0.00046   0.005   
   0.00031   0.0014    0.0015   -0.0005    0.00038   0.00015   0.0034    0.0013   -0.00099   0.0088  
   0.00016   0.00079   0.00083  -0.00027   0.00021   7.7e-05   0.0018    0.00068  -0.00052   0.0046  
   0.00031   0.0012    0.0013   -0.00044   0.00039   0.00016   0.0029    0.0012   -0.001     0.0078  
   0.00015   0.00063   0.00064  -0.00021   0.00019   7.2e-05   0.0014    0.00054  -0.00049   0.0036  
   0.1       0.064     0.11      0.019     0.02     -0.017     0.13     -0.52     -0.11      3.5     
   0.083     0.056     0.097     0.022     0.018    -0.027     0.15     -0.42     -0.18      2.8     
   0.068     0.054     0.082     0.025     0.017    -0.03      0.17     -0.32     -0.2       2.2     
   0.047     0.048     0.066     0.027     0.018    -0.021     0.18     -0.22     -0.14      1.4     
   0.027     0.041     0.051     0.023     0.015    -0.012     0.15     -0.12     -0.083     0.85    
   0.024     0.039     0.048     0.021     0.014    -0.011     0.14     -0.11     -0.075     0.76    
   0.0087    0.023     0.026     0.011     0.007    -0.0039    0.073    -0.04     -0.026     0.28    
   0.00025   0.0014    0.0016    0.00054   0.00014  -6.1e-05   0.0046   -0.0018   -0.00049   0.016   
   0.0002    0.0012    0.0014    0.00048   9.9e-05  -4.3e-05   0.0041   -0.0016   -0.00035   0.014   
   8.9e-05   0.0007    0.00078   0.00025   1.4e-05  -5.4e-06   0.0022   -0.00079  -4.7e-05   0.0071  
   3.9e-05   0.00034   0.00038   0.00012  -4e-06     1.3e-06   0.0011   -0.00036   1.2e-05   0.0033  
   0.00024   0.0013    0.0015    0.0005    0.00024  -9.4e-05   0.0034   -0.0013   -0.00063   0.0088  
   0.00012   0.00075   0.00083   0.00027   0.00013  -4.8e-05   0.0018   -0.00068  -0.00032   0.0046  
   0.00029   0.0014    0.0016    0.00053   0.00033  -0.00013   0.0036   -0.0014   -0.00085   0.0093  
   0.00015   0.00085   0.00092   0.0003    0.00019  -6.9e-05   0.002    -0.00075  -0.00046   0.005   
   0.00031   0.0014    0.0015    0.0005    0.00038  -0.00015   0.0034   -0.0013   -0.00099   0.0088  
   0.00016   0.00079   0.00083   0.00027   0.00021  -7.7e-05   0.0018   -0.00068  -0.00052   0.0046  
   0.00031   0.0012    0.0013    0.00044   0.00039  -0.00016   0.0029   -0.0012   -0.001     0.0078  
   0.00015   0.00063   0.00064   0.00021   0.00019  -7.2e-05   0.0014   -0.00054  -0.00049   0.0036  

QM
   0.91    
  -0.00029   0.77    
  -0.00086  -0.16      0.038   
   0.27      0.00016   0.0012    0.12    
   0.015    -2.4e-05   4.6e-05   0.0087    0.0028  
   2e-07     0.0066   -0.0011    2e-07     2e-07     0.00039 
                                                               0.91    
                                                               0.00029   0.77    
                                                               0.00086  -0.16      0.038   
                                                               0.27     -0.00016  -0.0012    0.12    
                                                               0.015     2.4e-05  -4.6e-05   0.0087    0.0028  
                                                              -2e-07     0.0066   -0.0011   -2e-07    -2e-07     0.00039 
                                                                                                                           0.27    
                                                                                                                          -0.025     0.69    
                                                                                                                          -0.00052  -6.3e-06   0.62    
                                                                                                                           0.085    -0.037     0.013     0.14    
                                                                                                                           0.045    -0.026    -0.0017    0.011     0.082   
                                                                                                                           0.047    -0.012    -1.5e-05   0.013     0.045     0.047   
                                                                                                                           0.0022   -0.03      0.043     0.044    -0.0014    5.2e-05   0.04    
                                                                                                                          -0.00014   0.0003    0.0003    0.00024   0.00041  -0.00014   0.00027   0.00047 
                                                                                                                          -3.3e-06  -0.0073    0.015     0.015    -0.0003    2.7e-05   0.014     0.00011   0.0075  
                                                                                                                           0.0088   -0.0014    6.2e-05   0.0023    0.005     0.0089    2e-05    -9.4e-05   2.7e-05   0.0036  
                                                                                                                          -0.00025   8.7e-05   4.3e-05  -2.8e-05  -7.9e-05  -0.00025   4.1e-05   6.7e-05   2.3e-05  -0.0001    5e-05   
                                                                                                                          -5e-05    -5.3e-05   0.00021   6.2e-05   1.4e-05   3.7e-05   0.00017   5e-06     0.00012   2.6e-05  -2.5e-09   4.9e-05 
                                                                                                                          -1.3e-05  -6.3e-06   3.7e-05   2.9e-06   1.7e-06   6.6e-06   2.7e-05   5.9e-07   2.3e-05   5.4e-06   5e-12     1.2e-05   4.7e-06 
                                                                                                                          -2.6e-06  -2.3e-06   1.1e-05   3.1e-06   6.3e-07   1.9e-06   8.6e-06   2.2e-07   6.7e-06   1.4e-06   8.1e-11   3.3e-06   1.4e-06   5.7e-07 
                                                                                                                          -0.00012   2.3e-05   2.8e-07  -3.5e-05  -4.7e-05  -0.00012   1.6e-08   8e-06     8.1e-08  -6.5e-05                                           1.4e-05 
                                                                                                                          -4.1e-05   7.2e-06   6.4e-07  -1.3e-05  -1.5e-05  -3.9e-05   3.6e-08   2.5e-06   1.8e-07  -2.1e-05                                           5.4e-06   2.6e-06 
                                                                                                                          -0.00014   1.8e-05   1.8e-07  -3.8e-05  -5.9e-05  -0.00014  -9.1e-09   2.2e-06   2.1e-08  -7.3e-05                                                               1.6e-05 
                                                                                                                          -4.8e-05   6.1e-06   5.7e-07  -1.5e-05  -2e-05    -4.6e-05  -3e-08     7.3e-07   6.7e-08  -2.5e-05                                                               6.5e-06   3.2e-06 
                                                                                                                          -0.00012   1e-05     2.6e-07  -3.5e-05  -6e-05    -0.00012  -1.4e-08  -4.3e-06  -2.3e-09  -6.5e-05                                                                                   1.4e-05 
                                                                                                                          -4.1e-05   3.1e-06   5.9e-07  -1.3e-05  -1.9e-05  -3.9e-05  -3.3e-08  -1.4e-06  -5.3e-09  -2.1e-05                                                                                   5.4e-06   2.6e-06 
                                                                                                                          -9.5e-05   3.3e-06   3.4e-07  -2.7e-05  -5.2e-05  -9.5e-05  -2e-08    -8.1e-06  -4.6e-08  -5e-05                                                                                                         1e-05   
                                                                                                                          -2.7e-05   6.7e-07   5.3e-07  -8.7e-06  -1.4e-05  -2.5e-05  -3.2e-08  -2.2e-06  -7.2e-08  -1.4e-05                                                                                                       3.3e-06   1.4e-06 
                                                                                                                          -0.085     0.037     0.013                                                                                                                                                                                                   0.14    
                                                                                                                           0.045    -0.026     0.0017                                                                                                                                                                                                 -0.011     0.082   
                                                                                                                           0.047    -0.012     4.5e-06                                                                                                                                                                                                -0.013     0.045     0.047   
                                                                                                                          -0.0022    0.03      0.043                                                                                                                                                                                                   0.044     0.0014   -5.8e-05   0.04    
                                                                                                                          -0.00013   0.00029  -0.00032                                                                                                                                                                                                -0.00027   0.00042  -0.00013  -0.0003    0.00047 
                                                                                                                          -6.5e-06   0.0073    0.015                                                                                                                                                                                                   0.015     0.00028  -3.3e-05   0.014    -0.00013   0.0075  
                                                                                                                           0.0088   -0.0014   -7.2e-05                                                                                                                                                                                                -0.0023    0.005     0.0089   -2.6e-05  -9e-05    -3.3e-05   0.0036  
                                                                                                                           0.00025  -7.5e-05   7.2e-05                                                                                                                                                                                                 5.9e-07   7.5e-05   0.00025   6.8e-05  -6.9e-05   3.8e-05   9.9e-05   5e-05   
                                                                                                                           3.1e-05   5.5e-05   0.00021                                                                                                                                                                                                 6.3e-05  -2.1e-05  -5.6e-05   0.00016  -4e-06     0.00012  -3.6e-05  -2.5e-09   4.9e-05 
                                                                                                                           1e-05     6.5e-06   3.6e-05                                                                                                                                                                                                 3.1e-06  -2.5e-06  -9.6e-06   2.7e-05  -4.7e-07   2.2e-05  -7.4e-06  -3.9e-14   1.2e-05   4.7e-06 
                                                                                                                           1.7e-06   2.4e-06   1.1e-05                                                                                                                                                                                                 3.1e-06  -9.4e-07  -2.9e-06   8.4e-06  -1.8e-07   6.5e-06  -2e-06     8e-11     3.3e-06   1.4e-06   5.7e-07 
                                                                                                                           0.00012  -2.3e-05   1.5e-07                                                                                                                                                                                                -3.4e-05   4.7e-05   0.00012   8.2e-09  -8e-06     4.2e-08   6.5e-05                                           1.4e-05 
                                                                                                                           4.1e-05  -7.2e-06   5.8e-07                                                                                                                                                                                                -1.3e-05   1.5e-05   3.9e-05   3.3e-08  -2.5e-06   1.7e-07   2.1e-05                                           5.4e-06   2.6e-06 
                                                                                                                           0.00014  -1.8e-05   1.8e-07                                                                                                                                                                                                -3.8e-05   5.9e-05   0.00014  -9.1e-09  -2.2e-06   2.1e-08   7.3e-05                                                               1.6e-05 
                                                                                                                           4.8e-05  -6.1e-06   5.7e-07                                                                                                                                                                                                -1.5e-05   2e-05     4.6e-05  -2.9e-08  -7.3e-07   6.7e-08   2.5e-05                                                               6.5e-06   3.2e-06 
                                                                                                                           0.00012  -1e-05     2.6e-07                                                                                                                                                                                                -3.5e-05   6e-05     0.00012  -1.4e-08   4.3e-06  -2.3e-09   6.5e-05                                                                                   1.4e-05 
                                                                                                                           4.1e-05  -3.1e-06   5.9e-07                                                                                                                                                                                                -1.3e-05   1.9e-05   3.9e-05  -3.3e-08   1.4e-06  -5.2e-09   2.1e-05                                                                                   5.4e-06   2.6e-06 
                                                                                                                           9.5e-05  -3.3e-06   3.4e-07                                                                                                                                                                                                -2.7e-05   5.2e-05   9.4e-05  -2e-08     8.1e-06  -4.6e-08   5e-05                                                                                                         1e-05   
                                                                                                                           2.7e-05  -6.7e-07   5.3e-07                                                                                                                                                                                                -8.7e-06   1.3e-05   2.5e-05  -3.2e-08   2.2e-06  -7.2e-08   1.4e-05                                                                                                       3.3e-06   1.4e-06 

QLD
     0:  0.27    
     0: -0.12       1:  0.13    
     0: -0.1        1: -3.9        2:  0.035   
     0:  2.5        1:  0.0027     2:  0.012      3:  0.088   
     0:  5.5        1: -0.01       2:  0.017      3:  3.1        4:  0.0028  
     0:  0.00052    1:  17         2: -2.7        3:  0.00052    4:  0.00052    5:  0.00039 
     6:  0.27    
     6:  0.12       7:  0.13    
     6:  0.1        7: -3.9        8:  0.035   
     6:  2.5        7: -0.0027     8: -0.012      9:  0.088   
     6:  5.5        7:  0.01       8: -0.017      9:  3.1       10:  0.0028  
     6: -0.00052    7:  17         8: -2.7        9: -0.00052   10: -0.00052   11:  0.00039 
    12:  0.065   
    12:  0.0019    13:  0.61    
    12: -0.001     13:  5.1e-05   14:  0.5     
    12:  0.83      13:  0.025     14: -0.43      15:  0.083   
    12: -0.0061    13: -0.45      14:  3.2e-05   15: -0.0089    16:  0.031   
    12:  1         13: -0.34      14: -0.0064    15:  0.29      16:  1.3       17:  0.025   
    12:  0.17      13: -1.3       14:  1.1       15:  1.3       16: -0.074     17:  0.002     18:  0.012   
    12:  0.29      13:  0.73      14:  0.2       15:  0.3       16:  1.2       17:  0.26      18:  0.18      19:  0.00036 
    12:  0.03      13: -1         14:  2.1       15:  2         16: -0.044     17:  0.0033    18:  2         19:  0.0092    20:  0.0071  
    12:  2.8       13: -0.45      14:  0.0097    15:  0.75      16:  1.8       17:  2.8       18:  0.0028    19:  0.013     20:  0.002     21:  0.0021  
    12: -5         13:  1.7       14:  0.87      15: -0.57      16: -1.6       17: -5         18:  0.82      19:  1.4       20:  0.46      21: -2         22:  5e-05   
    12: -0.81      13: -2.2       14:  6.8       15:  3.4       16:  0.58      17:  1.2       18:  5.6       19:  0.2       20:  3.7       21:  0.69      22: -0.00014   23:  1.7e-05 
    12: -4.8       13: -0.46      14:  7.5       15: -3.1       16:  0.12      17:  1.4       18:  4.8       19:  0.043     20:  4.8       21:  1.4       22: -0.00013   23:  3         24:  1.4e-06 
    12: -4.6       13: -4.1       14:  19        15:  5.4       16:  1.1       17:  3.4       18:  15        19:  0.39      20:  12        21:  2.5       22:  0.00014   23:  5.8       24:  2.4       25:  5.7e-07 
    12: -13        13:  2.6       14: -0.37      15: -2.7       16: -5.7       17: -14        18: -0.021     19:  0.93      20: -0.11      21: -7.1       26:  2.9e-06 
    12: -16        13:  2.8       14:  0.25      15: -5         16: -5.8       17: -15        18:  0.014     19:  0.99      20:  0.072     21: -8.4       26:  2.1       27:  2.6e-06 
    12: -13        13:  2         14: -0.32      15: -2.7       16: -6.3       17: -14        18:  0.017     19:  0.24      20: -0.039     21: -7.1       28:  3e-06   
    12: -15        13:  1.9       14:  0.18      15: -4.6       16: -6.2       17: -15        18: -0.0093    19:  0.23      20:  0.021     21: -7.9       28:  2         29:  3.2e-06 
    12: -13        13:  1.3       14: -0.34      15: -2.7       16: -7.1       17: -14        18:  0.019     19: -0.47      20:  0.0031    21: -7.1       30:  2.9e-06 
    12: -16        13:  1.2       14:  0.23      15: -5         16: -7.3       17: -15        18: -0.013     19: -0.54      20: -0.0021    21: -8.3       30:  2.1       31:  2.6e-06 
    12: -13        13:  0.66      14: -0.34      15: -2.7       16: -7.8       17: -14        18:  0.02      19: -1.2       20:  0.046     21: -7.1       32:  2.6e-06 
    12: -19        13:  0.47      14:  0.38      15: -6.1       16: -9.5       17: -18        18: -0.022     19: -1.5       20: -0.051     21: -9.6       32:  2.3       33:  1.4e-06 
    12: -0.83      13: -0.025     14: -0.43      34:  0.083   
    12: -0.0061    13: -0.45      14: -4.4e-05   34:  0.0089    35:  0.031   
    12:  1         13: -0.34      14:  0.0064    34: -0.29      35:  1.3       36:  0.025   
    12: -0.17      13:  1.3       14:  1.1       34:  1.3       35:  0.074     36: -0.0021    37:  0.012   
    12:  0.28      13:  0.73      14: -0.2       34: -0.29      35:  1.2       36:  0.26      37: -0.18      38:  0.00036 
    12: -0.03      13:  1         14:  2.1       34:  2         35:  0.044     36: -0.0036    37:  2         38: -0.0088    39:  0.0071  
    12:  2.8       13: -0.45      14: -0.018     34: -0.77      35:  1.8       36:  2.8       37: -0.012     38:  0.014     39: -0.0062    40:  0.0021  
    12:  4.9       13: -1.5       14:  1.4       34:  0.012     35:  1.5       36:  4.9       37:  1.4       38: -1.4       39:  0.77      40:  2         41:  5e-05   
    12:  0.17      13:  2.3       14:  6.6       34:  3.4       35: -0.88      36: -1.8       37:  5.5       38: -0.16      39:  3.6       40: -0.99      41: -0.00014   42:  1.7e-05 
    12:  4.4       13:  0.48      14:  7.3       34: -3.1       35: -0.19      36: -1.9       37:  4.7       38: -0.035     39:  4.7       40: -1.8       41: -0.00014   42:  3         43:  1.4e-06 
    12:  2.9       13:  4.2       14:  19        34:  5.5       35: -1.6       36: -5.1       37:  15        38: -0.31      39:  11        40: -3.5       41:  0.00014   42:  5.8       43:  2.4       44:  5.7e-07 
    12:  13        13: -2.6       14: -0.38      34: -2.7       35:  5.7       36:  14        37: -0.021     38: -0.93      39: -0.11      40:  7.1       45:  2.9e-06 
    12:  16        13: -2.8       14:  0.23      34: -4.9       35:  5.8       36:  15        37:  0.013     38: -0.99      39:  0.065     40:  8.4       45:  2.1       46:  2.6e-06 
    12:  13        13: -2         14: -0.33      34: -2.7       35:  6.3       36:  14        37:  0.017     38: -0.24      39: -0.039     40:  7.1       47:  3e-06   
    12:  15        13: -1.9       14:  0.18      34: -4.6       35:  6.2       36:  15        37: -0.0093    38: -0.23      39:  0.021     40:  7.9       47:  2         48:  3.2e-06 
    12:  13        13: -1.3       14: -0.34      34: -2.7       35:  7.1       36:  14        37:  0.019     38:  0.47      39:  0.0031    40:  7.1       49:  2.9e-06 
    12:  16        13: -1.2       14:  0.23      34: -5         35:  7.3       36:  15        37: -0.013     38:  0.54      39: -0.002     40:  8.3       49:  2.1       50:  2.6e-06 
    12:  13        13: -0.66      14: -0.34      34: -2.7       35:  7.8       36:  14        37:  0.02      38:  1.2       39:  0.046     40:  7.1       51:  2.6e-06 
    12:  19        13: -0.47      14:  0.37      34: -6.1       35:  9.5       36:  18        37: -0.022     38:  1.5       39: -0.051     40:  9.6       51:  2.3       52:  1.4e-06 

QLDIAGINV
   3.7     
   7.9     
   28      
   11      
   3.6e+02 
   2.6e+03 
   3.7     
   7.9     
   28      
   11      
   3.6e+02 
   2.6e+03 
   15      
   1.6     
   2       
   12      
   32      
   41      
   82      
   2.8e+03 
   1.4e+02 
   4.7e+02 
   2e+04   
   5.8e+04 
   7e+05   
   1.8e+06 
   3.5e+05 
   3.9e+05 
   3.3e+05 
   3.1e+05 
   3.5e+05 
   3.9e+05 
   3.8e+05 
   7.1e+05 
   12      
   32      
   41      
   82      
   2.8e+03 
   1.4e+02 
   4.7e+02 
   2e+04   
   5.8e+04 
   7e+05   
   1.8e+06 
   3.5e+05 
   3.9e+05 
   3.3e+05 
   3.1e+05 
   3.5e+05 
   3.9e+05 
   3.8e+05 
   7.1e+05 

B: body-dof matrix
-------------------------------------------------------
 xxxxxxxxxxxxxxxxxxxxxxxxxxxxxxxxxxxxxxxxxxxxxxxxxxxxx |
 xxxxxx                                                |
 xxxxxx                                                |
 xxxxxx                                                |
 xxxxxx                                                |
 xxxxxx                                                |
 xxxxxx                                                |
       xxxxxx                                          |
       xxxxxx                                          |
       xxxxxx                                          |
       xxxxxx                                          |
       xxxxxx                                          |
       xxxxxx                                          |
             xxxxxxxxxxxxxxxxxxxxxxxxxxxxxxxxxxxxxxxxx |
             xxxxxxxxxxxxxxxxxxxxxxxxxxxxxxxxxxxxxxxxx |
             xxxxxxxxxxxxxxxxxxxxxxxxxxxxxxxxxxxxxxxxx |
             xxxxxxxxxxxxxxxxxxxxxx                    |
             xxxxxxxxxxxxxxxxxxxxxx                    |
             xxxxxxxxxxxxxxxxxxxxxx                    |
             xxxxxxxxxxxxxxxxxxxxxx                    |
             xxxxxxxxxxxxxxxxxxxxxx                    |
             xxxxxxxxxxxxxxxxxxxxxx                    |
             xxxxxxxxxxxxxxxxxxxxxx                    |
             xxxxxxxxxxxxxx                            |
             xxxxxxxxxxxxxx                            |
             xxxxxxxxxxxxxx                            |
             xxxxxxxxxxxxxx                            |
             xxxxxxxxxx    xx                          |
             xxxxxxxxxx    xx                          |
             xxxxxxxxxx      xx                        |
             xxxxxxxxxx      xx                        |
             xxxxxxxxxx        xx                      |
             xxxxxxxxxx        xx                      |
             xxxxxxxxxx          xx                    |
             xxxxxxxxxx          xx                    |
             xxx                   xxxxxxxxxxxxxxxxxxx |
             xxx                   xxxxxxxxxxxxxxxxxxx |
             xxx                   xxxxxxxxxxxxxxxxxxx |
             xxx                   xxxxxxxxxxxxxxxxxxx |
             xxx                   xxxxxxxxxxxxxxxxxxx |
             xxx                   xxxxxxxxxxxxxxxxxxx |
             xxx                   xxxxxxxxxxxxxxxxxxx |
             xxx                   xxxxxxxxxxx         |
             xxx                   xxxxxxxxxxx         |
             xxx                   xxxxxxxxxxx         |
             xxx                   xxxxxxxxxxx         |
             xxx                   xxxxxxx    xx       |
             xxx                   xxxxxxx    xx       |
             xxx                   xxxxxxx      xx     |
             xxx                   xxxxxxx      xx     |
             xxx                   xxxxxxx        xx   |
             xxx                   xxxxxxx        xx   |
             xxx                   xxxxxxx          xx |
             xxx                   xxxxxxx          xx |
-------------------------------------------------------

B_rownnz              53 6 6 6 6 6 6 6 6 6 6 6 6 41 41 41 22 22 22 22 22 22 22 14 14 14 14 12 12 12 12 12 12 12 12 22 22 22 22 22 22 22 14 14 14 14 12 12 12 12 12 12 12 12

B_rowadr              0 53 59 65 71 77 83 89 95 101 107 113 119 125 166 207 248 270 292 314 336 358 380 402 416 430 444 458 470 482 494 506 518 530 542 554 576 598 620 642 664 686 708 722 736 750 764 776 788 800 812 824 836 848

B_colind              0 1 2 3 4 5 6 7 8 9 10 11 12 13 14 15 16 17 18 19 20 21 22 23 24 25 26 27 28 29 30 31 32 33 34 35 36 37 38 39 40 41 42 43 44 45 46 47 48 49 50 51 52 0 1 2 3 4 5 0 1 2 3 4 5 0 1 2 3 4 5 0 1 2 3 4 5 0 1 2 3 4 5 0 1 2 3 4 5 6 7 8 9 10 11 6 7 8 9 10 11 6 7 8 9 10 11 6 7 8 9 10 11 6 7 8 9 10 11 6 7 8 9 10 11 12 13 14 15 16 17 18 19 20 21 22 23 24 25 26 27 28 29 30 31 32 33 34 35 36 37 38 39 40 41 42 43 44 45 46 47 48 49 50 51 52 12 13 14 15 16 17 18 19 20 21 22 23 24 25 26 27 28 29 30 31 32 33 34 35 36 37 38 39 40 41 42 43 44 45 46 47 48 49 50 51 52 12 13 14 15 16 17 18 19 20 21 22 23 24 25 26 27 28 29 30 31 32 33 34 35 36 37 38 39 40 41 42 43 44 45 46 47 48 49 50 51 52 12 13 14 15 16 17 18 19 20 21 22 23 24 25 26 27 28 29 30 31 32 33 12 13 14 15 16 17 18 19 20 21 22 23 24 25 26 27 28 29 30 31 32 33 12 13 14 15 16 17 18 19 20 21 22 23 24 25 26 27 28 29 30 31 32 33 12 13 14 15 16 17 18 19 20 21 22 23 24 25 26 27 28 29 30 31 32 33 12 13 14 15 16 17 18 19 20 21 22 23 24 25 26 27 28 29 30 31 32 33 12 13 14 15 16 17 18 19 20 21 22 23 24 25 26 27 28 29 30 31 32 33 12 13 14 15 16 17 18 19 20 21 22 23 24 25 26 27 28 29 30 31 32 33 12 13 14 15 16 17 18 19 20 21 22 23 24 25 12 13 14 15 16 17 18 19 20 21 22 23 24 25 12 13 14 15 16 17 18 19 20 21 22 23 24 25 12 13 14 15 16 17 18 19 20 21 22 23 24 25 12 13 14 15 16 17 18 19 20 21 26 27 12 13 14 15 16 17 18 19 20 21 26 27 12 13 14 15 16 17 18 19 20 21 28 29 12 13 14 15 16 17 18 19 20 21 28 29 12 13 14 15 16 17 18 19 20 21 30 31 12 13 14 15 16 17 18 19 20 21 30 31 12 13 14 15 16 17 18 19 20 21 32 33 12 13 14 15 16 17 18 19 20 21 32 33 12 13 14 34 35 36 37 38 39 40 41 42 43 44 45 46 47 48 49 50 51 52 12 13 14 34 35 36 37 38 39 40 41 42 43 44 45 46 47 48 49 50 51 52 12 13 14 34 35 36 37 38 39 40 41 42 43 44 45 46 47 48 49 50 51 52 12 13 14 34 35 36 37 38 39 40 41 42 43 44 45 46 47 48 49 50 51 52 12 13 14 34 35 36 37 38 39 40 41 42 43 44 45 46 47 48 49 50 51 52 12 13 14 34 35 36 37 38 39 40 41 42 43 44 45 46 47 48 49 50 51 52 12 13 14 34 35 36 37 38 39 40 41 42 43 44 45 46 47 48 49 50 51 52 12 13 14 34 35 36 37 38 39 40 41 42 43 44 12 13 14 34 35 36 37 38 39 40 41 42 43 44 12 13 14 34 35 36 37 38 39 40 41 42 43 44 12 13 14 34 35 36 37 38 39 40 41 42 43 44 12 13 14 34 35 36 37 38 39 40 45 46 12 13 14 34 35 36 37 38 39 40 45 46 12 13 14 34 35 36 37 38 39 40 47 48 12 13 14 34 35 36 37 38 39 40 47 48 12 13 14 34 35 36 37 38 39 40 49 50 12 13 14 34 35 36 37 38 39 40 49 50 12 13 14 34 35 36 37 38 39 40 51 52 12 13 14 34 35 36 37 38 39 40 51 52

C: reduced dof-dof matrix
-------------------------------------------------------
 x                                                     |
 xx                                                    |
 xxx                                                   |
 xxxx                                                  |
 xxxxx                                                 |
 xxxxxx                                                |
       x                                               |
       xx                                              |
       xxx                                             |
       xxxx                                            |
       xxxxx                                           |
       xxxxxx                                          |
             x                                         |
             xx                                        |
             xxx                                       |
             xxxx                                      |
             xxxxx                                     |
             xxxxxx                                    |
             xxxxxxx                                   |
             xxxxxxxx                                  |
             xxxxxxxxx                                 |
             xxxxxxxxxx                                |
             xxxxxxxxxxx                               |
             xxxxxxxxxxxx                              |
             xxxxxxxxxxxxx                             |
             xxxxxxxxxxxxxx                            |
             xxxxxxxxxx    x                           |
             xxxxxxxxxx    xx                          |
             xxxxxxxxxx      x                         |
             xxxxxxxxxx      xx                        |
             xxxxxxxxxx        x                       |
             xxxxxxxxxx        xx                      |
             xxxxxxxxxx          x                     |
             xxxxxxxxxx          xx                    |
             xxx                   x                   |
             xxx                   xx                  |
             xxx                   xxx                 |
             xxx                   xxxx                |
             xxx                   xxxxx               |
             xxx                   xxxxxx              |
             xxx                   xxxxxxx             |
             xxx                   xxxxxxxx            |
             xxx                   xxxxxxxxx           |
             xxx                   xxxxxxxxxx          |
             xxx                   xxxxxxxxxxx         |
             xxx                   xxxxxxx    x        |
             xxx                   xxxxxxx    xx       |
             xxx                   xxxxxxx      x      |
             xxx                   xxxxxxx      xx     |
             xxx                   xxxxxxx        x    |
             xxx                   xxxxxxx        xx   |
             xxx                   xxxxxxx          x  |
             xxx                   xxxxxxx          xx |
-------------------------------------------------------

C_rownnz              1 2 3 4 5 6 1 2 3 4 5 6 1 2 3 4 5 6 7 8 9 10 11 12 13 14 11 12 11 12 11 12 11 12 4 5 6 7 8 9 10 11 12 13 14 11 12 11 12 11 12 11 12

C_rowadr              0 1 3 6 10 15 21 22 24 27 31 36 42 43 45 48 52 57 63 70 78 87 97 108 120 133 147 158 170 181 193 204 216 227 239 243 248 254 261 269 278 288 299 311 324 338 349 361 372 384 395 407 418

C_colind              0 0 1 0 1 2 0 1 2 3 0 1 2 3 4 0 1 2 3 4 5 6 6 7 6 7 8 6 7 8 9 6 7 8 9 10 6 7 8 9 10 11 12 12 13 12 13 14 12 13 14 15 12 13 14 15 16 12 13 14 15 16 17 12 13 14 15 16 17 18 12 13 14 15 16 17 18 19 12 13 14 15 16 17 18 19 20 12 13 14 15 16 17 18 19 20 21 12 13 14 15 16 17 18 19 20 21 22 12 13 14 15 16 17 18 19 20 21 22 23 12 13 14 15 16 17 18 19 20 21 22 23 24 12 13 14 15 16 17 18 19 20 21 22 23 24 25 12 13 14 15 16 17 18 19 20 21 26 12 13 14 15 16 17 18 19 20 21 26 27 12 13 14 15 16 17 18 19 20 21 28 12 13 14 15 16 17 18 19 20 21 28 29 12 13 14 15 16 17 18 19 20 21 30 12 13 14 15 16 17 18 19 20 21 30 31 12 13 14 15 16 17 18 19 20 21 32 12 13 14 15 16 17 18 19 20 21 32 33 12 13 14 34 12 13 14 34 35 12 13 14 34 35 36 12 13 14 34 35 36 37 12 13 14 34 35 36 37 38 12 13 14 34 35 36 37 38 39 12 13 14 34 35 36 37 38 39 40 12 13 14 34 35 36 37 38 39 40 41 12 13 14 34 35 36 37 38 39 40 41 42 12 13 14 34 35 36 37 38 39 40 41 42 43 12 13 14 34 35 36 37 38 39 40 41 42 43 44 12 13 14 34 35 36 37 38 39 40 45 12 13 14 34 35 36 37 38 39 40 45 46 12 13 14 34 35 36 37 38 39 40 47 12 13 14 34 35 36 37 38 39 40 47 48 12 13 14 34 35 36 37 38 39 40 49 12 13 14 34 35 36 37 38 39 40 49 50 12 13 14 34 35 36 37 38 39 40 51 12 13 14 34 35 36 37 38 39 40 51 52

mapM2C                0 2 1 5 4 3 9 8 7 6 14 13 12 11 10 20 19 18 17 16 15 21 23 22 26 25 24 30 29 28 27 35 34 33 32 31 41 40 39 38 37 36 42 44 43 47 46 45 51 50 49 48 56 55 54 53 52 62 61 60 59 58 57 69 68 67 66 65 64 63 77 76 75 74 73 72 71 70 86 85 84 83 82 81 80 79 78 96 95 94 93 92 91 90 89 88 87 107 106 105 104 103 102 101 100 99 98 97 119 118 117 116 115 114 113 112 111 110 109 108 132 131 130 129 128 127 126 125 124 123 122 121 120 146 145 144 143 142 141 140 139 138 137 136 135 134 133 157 156 155 154 153 152 151 150 149 148 147 169 168 167 166 165 164 163 162 161 160 159 158 180 179 178 177 176 175 174 173 172 171 170 192 191 190 189 188 187 186 185 184 183 182 181 203 202 201 200 199 198 197 196 195 194 193 215 214 213 212 211 210 209 208 207 206 205 204 226 225 224 223 222 221 220 219 218 217 216 238 237 236 235 234 233 232 231 230 229 228 227 242 241 240 239 247 246 245 244 243 253 252 251 250 249 248 260 259 258 257 256 255 254 268 267 266 265 264 263 262 261 277 276 275 274 273 272 271 270 269 287 286 285 284 283 282 281 280 279 278 298 297 296 295 294 293 292 291 290 289 288 310 309 308 307 306 305 304 303 302 301 300 299 323 322 321 320 319 318 317 316 315 314 313 312 311 337 336 335 334 333 332 331 330 329 328 327 326 325 324 348 347 346 345 344 343 342 341 340 339 338 360 359 358 357 356 355 354 353 352 351 350 349 371 370 369 368 367 366 365 364 363 362 361 383 382 381 380 379 378 377 376 375 374 373 372 394 393 392 391 390 389 388 387 386 385 384 406 405 404 403 402 401 400 399 398 397 396 395 417 416 415 414 413 412 411 410 409 408 407 429 428 427 426 425 424 423 422 421 420 419 418

D: dof-dof matrix
-------------------------------------------------------
 Dxxxxx                                                |
 xDxxxx                                                |
 xxDxxx                                                |
 xxxDxx                                                |
 xxxxDx                                                |
 xxxxxD                                                |
       Dxxxxx                                          |
       xDxxxx                                          |
       xxDxxx                                          |
       xxxDxx                                          |
       xxxxDx                                          |
       xxxxxD                                          |
             Dxxxxxxxxxxxxxxxxxxxxxxxxxxxxxxxxxxxxxxxx |
             xDxxxxxxxxxxxxxxxxxxxxxxxxxxxxxxxxxxxxxxx |
             xxDxxxxxxxxxxxxxxxxxxxxxxxxxxxxxxxxxxxxxx |
             xxxDxxxxxxxxxxxxxxxxxx                    |
             xxxxDxxxxxxxxxxxxxxxxx                    |
             xxxxxDxxxxxxxxxxxxxxxx                    |
             xxxxxxDxxxxxxxxxxxxxxx                    |
             xxxxxxxDxxxxxxxxxxxxxx                    |
             xxxxxxxxDxxxxxxxxxxxxx                    |
             xxxxxxxxxDxxxxxxxxxxxx                    |
             xxxxxxxxxxDxxx                            |
             xxxxxxxxxxxDxx                            |
             xxxxxxxxxxxxDx                            |
             xxxxxxxxxxxxxD                            |
             xxxxxxxxxx    Dx                          |
             xxxxxxxxxx    xD                          |
             xxxxxxxxxx      Dx                        |
             xxxxxxxxxx      xD                        |
             xxxxxxxxxx        Dx                      |
             xxxxxxxxxx        xD                      |
             xxxxxxxxxx          Dx                    |
             xxxxxxxxxx          xD                    |
             xxx                   Dxxxxxxxxxxxxxxxxxx |
             xxx                   xDxxxxxxxxxxxxxxxxx |
             xxx                   xxDxxxxxxxxxxxxxxxx |
             xxx                   xxxDxxxxxxxxxxxxxxx |
             xxx                   xxxxDxxxxxxxxxxxxxx |
             xxx                   xxxxxDxxxxxxxxxxxxx |
             xxx                   xxxxxxDxxxxxxxxxxxx |
             xxx                   xxxxxxxDxxx         |
             xxx                   xxxxxxxxDxx         |
             xxx                   xxxxxxxxxDx         |
             xxx                   xxxxxxxxxxD         |
             xxx                   xxxxxxx    Dx       |
             xxx                   xxxxxxx    xD       |
             xxx                   xxxxxxx      Dx     |
             xxx                   xxxxxxx      xD     |
             xxx                   xxxxxxx        Dx   |
             xxx                   xxxxxxx        xD   |
             xxx                   xxxxxxx          Dx |
             xxx                   xxxxxxx          xD |
-------------------------------------------------------

D_rownnz              6 6 6 6 6 6 6 6 6 6 6 6 41 41 41 22 22 22 22 22 22 22 14 14 14 14 12 12 12 12 12 12 12 12 22 22 22 22 22 22 22 14 14 14 14 12 12 12 12 12 12 12 12

D_rowadr              0 6 12 18 24 30 36 42 48 54 60 66 72 113 154 195 217 239 261 283 305 327 349 363 377 391 405 417 429 441 453 465 477 489 501 523 545 567 589 611 633 655 669 683 697 711 723 735 747 759 771 783 795

D_colind              0 1 2 3 4 5 0 1 2 3 4 5 0 1 2 3 4 5 0 1 2 3 4 5 0 1 2 3 4 5 0 1 2 3 4 5 6 7 8 9 10 11 6 7 8 9 10 11 6 7 8 9 10 11 6 7 8 9 10 11 6 7 8 9 10 11 6 7 8 9 10 11 12 13 14 15 16 17 18 19 20 21 22 23 24 25 26 27 28 29 30 31 32 33 34 35 36 37 38 39 40 41 42 43 44 45 46 47 48 49 50 51 52 12 13 14 15 16 17 18 19 20 21 22 23 24 25 26 27 28 29 30 31 32 33 34 35 36 37 38 39 40 41 42 43 44 45 46 47 48 49 50 51 52 12 13 14 15 16 17 18 19 20 21 22 23 24 25 26 27 28 29 30 31 32 33 34 35 36 37 38 39 40 41 42 43 44 45 46 47 48 49 50 51 52 12 13 14 15 16 17 18 19 20 21 22 23 24 25 26 27 28 29 30 31 32 33 12 13 14 15 16 17 18 19 20 21 22 23 24 25 26 27 28 29 30 31 32 33 12 13 14 15 16 17 18 19 20 21 22 23 24 25 26 27 28 29 30 31 32 33 12 13 14 15 16 17 18 19 20 21 22 23 24 25 26 27 28 29 30 31 32 33 12 13 14 15 16 17 18 19 20 21 22 23 24 25 26 27 28 29 30 31 32 33 12 13 14 15 16 17 18 19 20 21 22 23 24 25 26 27 28 29 30 31 32 33 12 13 14 15 16 17 18 19 20 21 22 23 24 25 26 27 28 29 30 31 32 33 12 13 14 15 16 17 18 19 20 21 22 23 24 25 12 13 14 15 16 17 18 19 20 21 22 23 24 25 12 13 14 15 16 17 18 19 20 21 22 23 24 25 12 13 14 15 16 17 18 19 20 21 22 23 24 25 12 13 14 15 16 17 18 19 20 21 26 27 12 13 14 15 16 17 18 19 20 21 26 27 12 13 14 15 16 17 18 19 20 21 28 29 12 13 14 15 16 17 18 19 20 21 28 29 12 13 14 15 16 17 18 19 20 21 30 31 12 13 14 15 16 17 18 19 20 21 30 31 12 13 14 15 16 17 18 19 20 21 32 33 12 13 14 15 16 17 18 19 20 21 32 33 12 13 14 34 35 36 37 38 39 40 41 42 43 44 45 46 47 48 49 50 51 52 12 13 14 34 35 36 37 38 39 40 41 42 43 44 45 46 47 48 49 50 51 52 12 13 14 34 35 36 37 38 39 40 41 42 43 44 45 46 47 48 49 50 51 52 12 13 14 34 35 36 37 38 39 40 41 42 43 44 45 46 47 48 49 50 51 52 12 13 14 34 35 36 37 38 39 40 41 42 43 44 45 46 47 48 49 50 51 52 12 13 14 34 35 36 37 38 39 40 41 42 43 44 45 46 47 48 49 50 51 52 12 13 14 34 35 36 37 38 39 40 41 42 43 44 45 46 47 48 49 50 51 52 12 13 14 34 35 36 37 38 39 40 41 42 43 44 12 13 14 34 35 36 37 38 39 40 41 42 43 44 12 13 14 34 35 36 37 38 39 40 41 42 43 44 12 13 14 34 35 36 37 38 39 40 41 42 43 44 12 13 14 34 35 36 37 38 39 40 45 46 12 13 14 34 35 36 37 38 39 40 45 46 12 13 14 34 35 36 37 38 39 40 47 48 12 13 14 34 35 36 37 38 39 40 47 48 12 13 14 34 35 36 37 38 39 40 49 50 12 13 14 34 35 36 37 38 39 40 49 50 12 13 14 34 35 36 37 38 39 40 51 52 12 13 14 34 35 36 37 38 39 40 51 52

mapM2D                0 2 5 9 14 20 2 1 4 8 13 19 5 4 3 7 12 18 9 8 7 6 11 17 14 13 12 11 10 16 20 19 18 17 16 15 21 23 26 30 35 41 23 22 25 29 34 40 26 25 24 28 33 39 30 29 28 27 32 38 35 34 33 32 31 37 41 40 39 38 37 36 42 44 47 51 56 62 69 77 86 96 107 119 132 146 157 169 180 192 203 215 226 238 242 247 253 260 268 277 287 298 310 323 337 348 360 371 383 394 406 417 429 44 43 46 50 55 61 68 76 85 95 106 118 131 145 156 168 179 191 202 214 225 237 241 246 252 259 267 276 286 297 309 322 336 347 359 370 382 393 405 416 428 47 46 45 49 54 60 67 75 84 94 105 117 130 144 155 167 178 190 201 213 224 236 240 245 251 258 266 275 285 296 308 321 335 346 358 369 381 392 404 415 427 51 50 49 48 53 59 66 74 83 93 104 116 129 143 154 166 177 189 200 212 223 235 56 55 54 53 52 58 65 73 82 92 103 115 128 142 153 165 176 188 199 211 222 234 62 61 60 59 58 57 64 72 81 91 102 114 127 141 152 164 175 187 198 210 221 233 69 68 67 66 65 64 63 71 80 90 101 113 126 140 151 163 174 186 197 209 220 232 77 76 75 74 73 72 71 70 79 89 100 112 125 139 150 162 173 185 196 208 219 231 86 85 84 83 82 81 80 79 78 88 99 111 124 138 149 161 172 184 195 207 218 230 96 95 94 93 92 91 90 89 88 87 98 110 123 137 148 160 171 183 194 206 217 229 107 106 105 104 103 102 101 100 99 98 97 109 122 136 119 118 117 116 115 114 113 112 111 110 109 108 121 135 132 131 130 129 128 127 126 125 124 123 122 121 120 134 146 145 144 143 142 141 140 139 138 137 136 135 134 133 157 156 155 154 153 152 151 150 149 148 147 159 169 168 167 166 165 164 163 162 161 160 159 158 180 179 178 177 176 175 174 173 172 171 170 182 192 191 190 189 188 187 186 185 184 183 182 181 203 202 201 200 199 198 197 196 195 194 193 205 215 214 213 212 211 210 209 208 207 206 205 204 226 225 224 223 222 221 220 219 218 217 216 228 238 237 236 235 234 233 232 231 230 229 228 227 242 241 240 239 244 250 257 265 274 284 295 307 320 334 345 357 368 380 391 403 414 426 247 246 245 244 243 249 256 264 273 283 294 306 319 333 344 356 367 379 390 402 413 425 253 252 251 250 249 248 255 263 272 282 293 305 318 332 343 355 366 378 389 401 412 424 260 259 258 257 256 255 254 262 271 281 292 304 317 331 342 354 365 377 388 400 411 423 268 267 266 265 264 263 262 261 270 280 291 303 316 330 341 353 364 376 387 399 410 422 277 276 275 274 273 272 271 270 269 279 290 302 315 329 340 352 363 375 386 398 409 421 287 286 285 284 283 282 281 280 279 278 289 301 314 328 339 351 362 374 385 397 408 420 298 297 296 295 294 293 292 291 290 289 288 300 313 327 310 309 308 307 306 305 304 303 302 301 300 299 312 326 323 322 321 320 319 318 317 316 315 314 313 312 311 325 337 336 335 334 333 332 331 330 329 328 327 326 325 324 348 347 346 345 344 343 342 341 340 339 338 350 360 359 358 357 356 355 354 353 352 351 350 349 371 370 369 368 367 366 365 364 363 362 361 373 383 382 381 380 379 378 377 376 375 374 373 372 394 393 392 391 390 389 388 387 386 385 384 396 406 405 404 403 402 401 400 399 398 397 396 395 417 416 415 414 413 412 411 410 409 408 407 419 429 428 427 426 425 424 423 422 421 420 419 418

mapD2M                0 7 6 14 13 12 21 20 19 18 28 27 26 25 24 35 34 33 32 31 30 36 43 42 50 49 48 57 56 55 54 64 63 62 61 60 71 70 69 68 67 66 72 114 113 156 155 154 198 197 196 195 221 220 219 218 217 244 243 242 241 240 239 267 266 265 264 263 262 261 290 289 288 287 286 285 284 283 313 312 311 310 309 308 307 306 305 336 335 334 333 332 331 330 329 328 327 359 358 357 356 355 354 353 352 351 350 349 374 373 372 371 370 369 368 367 366 365 364 363 389 388 387 386 385 384 383 382 381 380 379 378 377 404 403 402 401 400 399 398 397 396 395 394 393 392 391 415 414 413 412 411 410 409 408 407 406 405 428 427 426 425 424 423 422 421 420 419 418 417 439 438 437 436 435 434 433 432 431 430 429 452 451 450 449 448 447 446 445 444 443 442 441 463 462 461 460 459 458 457 456 455 454 453 476 475 474 473 472 471 470 469 468 467 466 465 487 486 485 484 483 482 481 480 479 478 477 500 499 498 497 496 495 494 493 492 491 490 489 504 503 502 501 527 526 525 524 523 550 549 548 547 546 545 573 572 571 570 569 568 567 596 595 594 593 592 591 590 589 619 618 617 616 615 614 613 612 611 642 641 640 639 638 637 636 635 634 633 665 664 663 662 661 660 659 658 657 656 655 680 679 678 677 676 675 674 673 672 671 670 669 695 694 693 692 691 690 689 688 687 686 685 684 683 710 709 708 707 706 705 704 703 702 701 700 699 698 697 721 720 719 718 717 716 715 714 713 712 711 734 733 732 731 730 729 728 727 726 725 724 723 745 744 743 742 741 740 739 738 737 736 735 758 757 756 755 754 753 752 751 750 749 748 747 769 768 767 766 765 764 763 762 761 760 759 782 781 780 779 778 777 776 775 774 773 772 771 793 792 791 790 789 788 787 786 785 784 783 806 805 804 803 802 801 800 799 798 797 796 795

QDERIV
     0:  0          1:  0          2:  0          3:  0          4:  0          5:  0       
     0:  0          1:  0          2:  0          3:  0          4:  0          5:  0       
     0:  0          1:  0          2:  0          3:  0          4:  0          5:  0       
     0:  0          1:  0          2:  0          3:  0          4:  0          5:  0       
     0:  0          1:  0          2:  0          3:  0          4:  0          5:  0       
     0:  0          1:  0          2:  0          3:  0          4:  0          5:  0       
     6:  0          7:  0          8:  0          9:  0         10:  0         11:  0       
     6:  0          7:  0          8:  0          9:  0         10:  0         11:  0       
     6:  0          7:  0          8:  0          9:  0         10:  0         11:  0       
     6:  0          7:  0          8:  0          9:  0         10:  0         11:  0       
     6:  0          7:  0          8:  0          9:  0         10:  0         11:  0       
     6:  0          7:  0          8:  0          9:  0         10:  0         11:  0       
    12:  0         13:  0         14:  0         15:  0         16:  0         17:  0         18:  0         19:  0         20:  0         21:  0         22:  0         23:  0         24:  0         25:  0         26:  0         27:  0         28:  0         29:  0         30:  0         31:  0         32:  0         33:  0         34:  0         35:  0         36:  0         37:  0         38:  0         39:  0         40:  0         41:  0         42:  0         43:  0         44:  0         45:  0         46:  0         47:  0         48:  0         49:  0         50:  0         51:  0         52:  0       
    12:  0         13:  0         14:  0         15:  0         16:  0         17:  0         18:  0         19:  0         20:  0         21:  0         22:  0         23:  0         24:  0         25:  0         26:  0         27:  0         28:  0         29:  0         30:  0         31:  0         32:  0         33:  0         34:  0         35:  0         36:  0         37:  0         38:  0         39:  0         40:  0         41:  0         42:  0         43:  0         44:  0         45:  0         46:  0         47:  0         48:  0         49:  0         50:  0         51:  0         52:  0       
    12:  0         13:  0         14:  0         15:  0         16:  0         17:  0         18:  0         19:  0         20:  0         21:  0         22:  0         23:  0         24:  0         25:  0         26:  0         27:  0         28:  0         29:  0         30:  0         31:  0         32:  0         33:  0         34:  0         35:  0         36:  0         37:  0         38:  0         39:  0         40:  0         41:  0         42:  0         43:  0         44:  0         45:  0         46:  0         47:  0         48:  0         49:  0         50:  0         51:  0         52:  0       
    12:  0         13:  0         14:  0         15:  0         16:  0         17:  0         18:  0         19:  0         20:  0         21:  0         22:  0         23:  0         24:  0         25:  0         26:  0         27:  0         28:  0         29:  0         30:  0         31:  0         32:  0         33:  0       
    12:  0         13:  0         14:  0         15:  0         16:  0         17:  0         18:  0         19:  0         20:  0         21:  0         22:  0         23:  0         24:  0         25:  0         26:  0         27:  0         28:  0         29:  0         30:  0         31:  0         32:  0         33:  0       
    12:  0         13:  0         14:  0         15:  0         16:  0         17:  0         18:  0         19:  0         20:  0         21:  0         22:  0         23:  0         24:  0         25:  0         26:  0         27:  0         28:  0         29:  0         30:  0         31:  0         32:  0         33:  0       
    12:  0         13:  0         14:  0         15:  0         16:  0         17:  0         18:  0         19:  0         20:  0         21:  0         22:  0         23:  0         24:  0         25:  0         26:  0         27:  0         28:  0         29:  0         30:  0         31:  0         32:  0         33:  0       
    12:  0         13:  0         14:  0         15:  0         16:  0         17:  0         18:  0         19:  0         20:  0         21:  0         22:  0         23:  0         24:  0         25:  0         26:  0         27:  0         28:  0         29:  0         30:  0         31:  0         32:  0         33:  0       
    12:  0         13:  0         14:  0         15:  0         16:  0         17:  0         18:  0         19:  0         20:  0         21:  0         22:  0         23:  0         24:  0         25:  0         26:  0         27:  0         28:  0         29:  0         30:  0         31:  0         32:  0         33:  0       
    12:  0         13:  0         14:  0         15:  0         16:  0         17:  0         18:  0         19:  0         20:  0         21:  0         22:  0         23:  0         24:  0         25:  0         26:  0         27:  0         28:  0         29:  0         30:  0         31:  0         32:  0         33:  0       
    12:  0         13:  0         14:  0         15:  0         16:  0         17:  0         18:  0         19:  0         20:  0         21:  0         22:  0         23:  0         24:  0         25:  0       
    12:  0         13:  0         14:  0         15:  0         16:  0         17:  0         18:  0         19:  0         20:  0         21:  0         22:  0         23:  0         24:  0         25:  0       
    12:  0         13:  0         14:  0         15:  0         16:  0         17:  0         18:  0         19:  0         20:  0         21:  0         22:  0         23:  0         24:  0         25:  0       
    12:  0         13:  0         14:  0         15:  0         16:  0         17:  0         18:  0         19:  0         20:  0         21:  0         22:  0         23:  0         24:  0         25:  0       
    12:  0         13:  0         14:  0         15:  0         16:  0         17:  0         18:  0         19:  0         20:  0         21:  0         26:  0         27:  0       
    12:  0         13:  0         14:  0         15:  0         16:  0         17:  0         18:  0         19:  0         20:  0         21:  0         26:  0         27:  0       
    12:  0         13:  0         14:  0         15:  0         16:  0         17:  0         18:  0         19:  0         20:  0         21:  0         28:  0         29:  0       
    12:  0         13:  0         14:  0         15:  0         16:  0         17:  0         18:  0         19:  0         20:  0         21:  0         28:  0         29:  0       
    12:  0         13:  0         14:  0         15:  0         16:  0         17:  0         18:  0         19:  0         20:  0         21:  0         30:  0         31:  0       
    12:  0         13:  0         14:  0         15:  0         16:  0         17:  0         18:  0         19:  0         20:  0         21:  0         30:  0         31:  0       
    12:  0         13:  0         14:  0         15:  0         16:  0         17:  0         18:  0         19:  0         20:  0         21:  0         32:  0         33:  0       
    12:  0         13:  0         14:  0         15:  0         16:  0         17:  0         18:  0         19:  0         20:  0         21:  0         32:  0         33:  0       
    12:  0         13:  0         14:  0         34:  0         35:  0         36:  0         37:  0         38:  0         39:  0         40:  0         41:  0         42:  0         43:  0         44:  0         45:  0         46:  0         47:  0         48:  0         49:  0         50:  0         51:  0         52:  0       
    12:  0         13:  0         14:  0         34:  0         35:  0         36:  0         37:  0         38:  0         39:  0         40:  0         41:  0         42:  0         43:  0         44:  0         45:  0         46:  0         47:  0         48:  0         49:  0         50:  0         51:  0         52:  0       
    12:  0         13:  0         14:  0         34:  0         35:  0         36:  0         37:  0         38:  0         39:  0         40:  0         41:  0         42:  0         43:  0         44:  0         45:  0         46:  0         47:  0         48:  0         49:  0         50:  0         51:  0         52:  0       
    12:  0         13:  0         14:  0         34:  0         35:  0         36:  0         37:  0         38:  0         39:  0         40:  0         41:  0         42:  0         43:  0         44:  0         45:  0         46:  0         47:  0         48:  0         49:  0         50:  0         51:  0         52:  0       
    12:  0         13:  0         14:  0         34:  0         35:  0         36:  0         37:  0         38:  0         39:  0         40:  0         41:  0         42:  0         43:  0         44:  0         45:  0         46:  0         47:  0         48:  0         49:  0         50:  0         51:  0         52:  0       
    12:  0         13:  0         14:  0         34:  0         35:  0         36:  0         37:  0         38:  0         39:  0         40:  0         41:  0         42:  0         43:  0         44:  0         45:  0         46:  0         47:  0         48:  0         49:  0         50:  0         51:  0         52:  0       
    12:  0         13:  0         14:  0         34:  0         35:  0         36:  0         37:  0         38:  0         39:  0         40:  0         41:  0         42:  0         43:  0         44:  0         45:  0         46:  0         47:  0         48:  0         49:  0         50:  0         51:  0         52:  0       
    12:  0         13:  0         14:  0         34:  0         35:  0         36:  0         37:  0         38:  0         39:  0         40:  0         41:  0         42:  0         43:  0         44:  0       
    12:  0         13:  0         14:  0         34:  0         35:  0         36:  0         37:  0         38:  0         39:  0         40:  0         41:  0         42:  0         43:  0         44:  0       
    12:  0         13:  0         14:  0         34:  0         35:  0         36:  0         37:  0         38:  0         39:  0         40:  0         41:  0         42:  0         43:  0         44:  0       
    12:  0         13:  0         14:  0         34:  0         35:  0         36:  0         37:  0         38:  0         39:  0         40:  0         41:  0         42:  0         43:  0         44:  0       
    12:  0         13:  0         14:  0         34:  0         35:  0         36:  0         37:  0         38:  0         39:  0         40:  0         45:  0         46:  0       
    12:  0         13:  0         14:  0         34:  0         35:  0         36:  0         37:  0         38:  0         39:  0         40:  0         45:  0         46:  0       
    12:  0         13:  0         14:  0         34:  0         35:  0         36:  0         37:  0         38:  0         39:  0         40:  0         47:  0         48:  0       
    12:  0         13:  0         14:  0         34:  0         35:  0         36:  0         37:  0         38:  0         39:  0         40:  0         47:  0         48:  0       
    12:  0         13:  0         14:  0         34:  0         35:  0         36:  0         37:  0         38:  0         39:  0         40:  0         49:  0         50:  0       
    12:  0         13:  0         14:  0         34:  0         35:  0         36:  0         37:  0         38:  0         39:  0         40:  0         49:  0         50:  0       
    12:  0         13:  0         14:  0         34:  0         35:  0         36:  0         37:  0         38:  0         39:  0         40:  0         51:  0         52:  0       
    12:  0         13:  0         14:  0         34:  0         35:  0         36:  0         37:  0         38:  0         39:  0         40:  0         51:  0         52:  0       

QLU
     0:  0          1:  0          2:  0          3:  0          4:  0          5:  0       
     0:  0          1:  0          2:  0          3:  0          4:  0          5:  0       
     0:  0          1:  0          2:  0          3:  0          4:  0          5:  0       
     0:  0          1:  0          2:  0          3:  0          4:  0          5:  0       
     0:  0          1:  0          2:  0          3:  0          4:  0          5:  0       
     0:  0          1:  0          2:  0          3:  0          4:  0          5:  0       
     6:  0          7:  0          8:  0          9:  0         10:  0         11:  0       
     6:  0          7:  0          8:  0          9:  0         10:  0         11:  0       
     6:  0          7:  0          8:  0          9:  0         10:  0         11:  0       
     6:  0          7:  0          8:  0          9:  0         10:  0         11:  0       
     6:  0          7:  0          8:  0          9:  0         10:  0         11:  0       
     6:  0          7:  0          8:  0          9:  0         10:  0         11:  0       
    12:  0         13:  0         14:  0         15:  0         16:  0         17:  0         18:  0         19:  0         20:  0         21:  0         22:  0         23:  0         24:  0         25:  0         26:  0         27:  0         28:  0         29:  0         30:  0         31:  0         32:  0         33:  0         34:  0         35:  0         36:  0         37:  0         38:  0         39:  0         40:  0         41:  0         42:  0         43:  0         44:  0         45:  0         46:  0         47:  0         48:  0         49:  0         50:  0         51:  0         52:  0       
    12:  0         13:  0         14:  0         15:  0         16:  0         17:  0         18:  0         19:  0         20:  0         21:  0         22:  0         23:  0         24:  0         25:  0         26:  0         27:  0         28:  0         29:  0         30:  0         31:  0         32:  0         33:  0         34:  0         35:  0         36:  0         37:  0         38:  0         39:  0         40:  0         41:  0         42:  0         43:  0         44:  0         45:  0         46:  0         47:  0         48:  0         49:  0         50:  0         51:  0         52:  0       
    12:  0         13:  0         14:  0         15:  0         16:  0         17:  0         18:  0         19:  0         20:  0         21:  0         22:  0         23:  0         24:  0         25:  0         26:  0         27:  0         28:  0         29:  0         30:  0         31:  0         32:  0         33:  0         34:  0         35:  0         36:  0         37:  0         38:  0         39:  0         40:  0         41:  0         42:  0         43:  0         44:  0         45:  0         46:  0         47:  0         48:  0         49:  0         50:  0         51:  0         52:  0       
    12:  0         13:  0         14:  0         15:  0         16:  0         17:  0         18:  0         19:  0         20:  0         21:  0         22:  0         23:  0         24:  0         25:  0         26:  0         27:  0         28:  0         29:  0         30:  0         31:  0         32:  0         33:  0       
    12:  0         13:  0         14:  0         15:  0         16:  0         17:  0         18:  0         19:  0         20:  0         21:  0         22:  0         23:  0         24:  0         25:  0         26:  0         27:  0         28:  0         29:  0         30:  0         31:  0         32:  0         33:  0       
    12:  0         13:  0         14:  0         15:  0         16:  0         17:  0         18:  0         19:  0         20:  0         21:  0         22:  0         23:  0         24:  0         25:  0         26:  0         27:  0         28:  0         29:  0         30:  0         31:  0         32:  0         33:  0       
    12:  0         13:  0         14:  0         15:  0         16:  0         17:  0         18:  0         19:  0         20:  0         21:  0         22:  0         23:  0         24:  0         25:  0         26:  0         27:  0         28:  0         29:  0         30:  0         31:  0         32:  0         33:  0       
    12:  0         13:  0         14:  0         15:  0         16:  0         17:  0         18:  0         19:  0         20:  0         21:  0         22:  0         23:  0         24:  0         25:  0         26:  0         27:  0         28:  0         29:  0         30:  0         31:  0         32:  0         33:  0       
    12:  0         13:  0         14:  0         15:  0         16:  0         17:  0         18:  0         19:  0         20:  0         21:  0         22:  0         23:  0         24:  0         25:  0         26:  0         27:  0         28:  0         29:  0         30:  0         31:  0         32:  0         33:  0       
    12:  0         13:  0         14:  0         15:  0         16:  0         17:  0         18:  0         19:  0         20:  0         21:  0         22:  0         23:  0         24:  0         25:  0         26:  0         27:  0         28:  0         29:  0         30:  0         31:  0         32:  0         33:  0       
    12:  0         13:  0         14:  0         15:  0         16:  0         17:  0         18:  0         19:  0         20:  0         21:  0         22:  0         23:  0         24:  0         25:  0       
    12:  0         13:  0         14:  0         15:  0         16:  0         17:  0         18:  0         19:  0         20:  0         21:  0         22:  0         23:  0         24:  0         25:  0       
    12:  0         13:  0         14:  0         15:  0         16:  0         17:  0         18:  0         19:  0         20:  0         21:  0         22:  0         23:  0         24:  0         25:  0       
    12:  0         13:  0         14:  0         15:  0         16:  0         17:  0         18:  0         19:  0         20:  0         21:  0         22:  0         23:  0         24:  0         25:  0       
    12:  0         13:  0         14:  0         15:  0         16:  0         17:  0         18:  0         19:  0         20:  0         21:  0         26:  0         27:  0       
    12:  0         13:  0         14:  0         15:  0         16:  0         17:  0         18:  0         19:  0         20:  0         21:  0         26:  0         27:  0       
    12:  0         13:  0         14:  0         15:  0         16:  0         17:  0         18:  0         19:  0         20:  0         21:  0         28:  0         29:  0       
    12:  0         13:  0         14:  0         15:  0         16:  0         17:  0         18:  0         19:  0         20:  0         21:  0         28:  0         29:  0       
    12:  0         13:  0         14:  0         15:  0         16:  0         17:  0         18:  0         19:  0         20:  0         21:  0         30:  0         31:  0       
    12:  0         13:  0         14:  0         15:  0         16:  0         17:  0         18:  0         19:  0         20:  0         21:  0         30:  0         31:  0       
    12:  0         13:  0         14:  0         15:  0         16:  0         17:  0         18:  0         19:  0         20:  0         21:  0         32:  0         33:  0       
    12:  0         13:  0         14:  0         15:  0         16:  0         17:  0         18:  0         19:  0         20:  0         21:  0         32:  0         33:  0       
    12:  0         13:  0         14:  0         34:  0         35:  0         36:  0         37:  0         38:  0         39:  0         40:  0         41:  0         42:  0         43:  0         44:  0         45:  0         46:  0         47:  0         48:  0         49:  0         50:  0         51:  0         52:  0       
    12:  0         13:  0         14:  0         34:  0         35:  0         36:  0         37:  0         38:  0         39:  0         40:  0         41:  0         42:  0         43:  0         44:  0         45:  0         46:  0         47:  0         48:  0         49:  0         50:  0         51:  0         52:  0       
    12:  0         13:  0         14:  0         34:  0         35:  0         36:  0         37:  0         38:  0         39:  0         40:  0         41:  0         42:  0         43:  0         44:  0         45:  0         46:  0         47:  0         48:  0         49:  0         50:  0         51:  0         52:  0       
    12:  0         13:  0         14:  0         34:  0         35:  0         36:  0         37:  0         38:  0         39:  0         40:  0         41:  0         42:  0         43:  0         44:  0         45:  0         46:  0         47:  0         48:  0         49:  0         50:  0         51:  0         52:  0       
    12:  0         13:  0         14:  0         34:  0         35:  0         36:  0         37:  0         38:  0         39:  0         40:  0         41:  0         42:  0         43:  0         44:  0         45:  0         46:  0         47:  0         48:  0         49:  0         50:  0         51:  0         52:  0       
    12:  0         13:  0         14:  0         34:  0         35:  0         36:  0         37:  0         38:  0         39:  0         40:  0         41:  0         42:  0         43:  0         44:  0         45:  0         46:  0         47:  0         48:  0         49:  0         50:  0         51:  0         52:  0       
    12:  0         13:  0         14:  0         34:  0         35:  0         36:  0         37:  0         38:  0         39:  0         40:  0         41:  0         42:  0         43:  0         44:  0         45:  0         46:  0         47:  0         48:  0         49:  0         50:  0         51:  0         52:  0       
    12:  0         13:  0         14:  0         34:  0         35:  0         36:  0         37:  0         38:  0         39:  0         40:  0         41:  0         42:  0         43:  0         44:  0       
    12:  0         13:  0         14:  0         34:  0         35:  0         36:  0         37:  0         38:  0         39:  0         40:  0         41:  0         42:  0         43:  0         44:  0       
    12:  0         13:  0         14:  0         34:  0         35:  0         36:  0         37:  0         38:  0         39:  0         40:  0         41:  0         42:  0         43:  0         44:  0       
    12:  0         13:  0         14:  0         34:  0         35:  0         36:  0         37:  0         38:  0         39:  0         40:  0         41:  0         42:  0         43:  0         44:  0       
    12:  0         13:  0         14:  0         34:  0         35:  0         36:  0         37:  0         38:  0         39:  0         40:  0         45:  0         46:  0       
    12:  0         13:  0         14:  0         34:  0         35:  0         36:  0         37:  0         38:  0         39:  0         40:  0         45:  0         46:  0       
    12:  0         13:  0         14:  0         34:  0         35:  0         36:  0         37:  0         38:  0         39:  0         40:  0         47:  0         48:  0       
    12:  0         13:  0         14:  0         34:  0         35:  0         36:  0         37:  0         38:  0         39:  0         40:  0         47:  0         48:  0       
    12:  0         13:  0         14:  0         34:  0         35:  0         36:  0         37:  0         38:  0         39:  0         40:  0         49:  0         50:  0       
    12:  0         13:  0         14:  0         34:  0         35:  0         36:  0         37:  0         38:  0         39:  0         40:  0         49:  0         50:  0       
    12:  0         13:  0         14:  0         34:  0         35:  0         36:  0         37:  0         38:  0         39:  0         40:  0         51:  0         52:  0       
    12:  0         13:  0         14:  0         34:  0         35:  0         36:  0         37:  0         38:  0         39:  0         40:  0         51:  0         52:  0       

CONTACT
  0:
     dim           3
     geoms         56 : 60
     exclude       0
     efc_address   0
     solref         0.02      1       
     solimp         0.9       0.95      0.001     0.5       2       
     dist          -0.0046  
     includemargin  0       
     pos            0.3       0.14      0.13    
     frame         -0.11     -0.61      0.79      0.14      0.77      0.62     -0.98      0.18      1.4e-17 
     friction       1         1         0.005     0.0001    0.0001  
     mu             1       
  1:
     dim           3
     geoms         96 : 100
     exclude       0
     efc_address   4
     solref         0.02      1       
     solimp         0.9       0.95      0.001     0.5       2       
     dist          -0.0033  
     includemargin  0       
     pos            0.3      -0.14      0.13    
     frame         -0.11      0.61      0.78      0.14     -0.77      0.62      0.98      0.18      0       
     friction       1         1         0.005     0.0001    0.0001  
     mu             1       

EFC_TYPE
  6
  6
  6
  6
  6
  6
  6
  6

EFC_ID
  0
  0
  0
  0
  1
  1
  1
  1

EFC_J
   0         0         0         0         0         0         0         0         0         0         0         0         0         0         0         0         0         0         0         0         0         0         0.0067   -0.00071   0         0         0         0         0         0         0         0         0         0         0         0         0         0         0         0         0         0         0         0         0         0         0         0         0         0         0         0         0       
   0         0         0         0         0         0         0         0         0         0         0         0         0         0         0         0         0         0         0         0         0         0         0.016     0.0002    0         0         0         0         0         0         0         0         0         0         0         0         0         0         0         0         0         0         0         0         0         0         0         0         0         0         0         0         0       
   0         0         0         0         0         0         0         0         0         0         0         0         0         0         0         0         0         0         0         0         0         0         0.0095    0.0013    0         0         0         0         0         0         0         0         0         0         0         0         0         0         0         0         0         0         0         0         0         0         0         0         0         0         0         0         0       
   0         0         0         0         0         0         0         0         0         0         0         0         0         0         0         0         0         0         0         0         0         0         0.014    -0.0018    0         0         0         0         0         0         0         0         0         0         0         0         0         0         0         0         0         0         0         0         0         0         0         0         0         0         0         0         0       
   0         0         0         0         0         0         0         0         0         0         0         0         0         0         0         0         0         0         0         0         0         0         0         0         0         0         0         0         0         0         0         0         0         0         0         0         0         0         0         0         0         0.0058   -0.00062   0         0         0         0         0         0         0         0         0         0       
   0         0         0         0         0         0         0         0         0         0         0         0         0         0         0         0         0         0         0         0         0         0         0         0         0         0         0         0         0         0         0         0         0         0         0         0         0         0         0         0         0         0.017     0.00028   0         0         0         0         0         0         0         0         0         0       
   0         0         0         0         0         0         0         0         0         0         0         0         0         0         0         0         0         0         0         0         0         0         0         0         0         0         0         0         0         0         0         0         0         0         0         0         0         0         0         0         0         0.013    -0.0022    0         0         0         0         0         0         0         0         0         0       
   0         0         0         0         0         0         0         0         0         0         0         0         0         0         0         0         0         0         0         0         0         0         0         0         0         0         0         0         0         0         0         0         0         0         0         0         0         0         0         0         0         0.0092    0.0019    0         0         0         0         0         0         0         0         0         0       

EFC_POS
  -0.0046  
  -0.0046  
  -0.0046  
  -0.0046  
  -0.0033  
  -0.0033  
  -0.0033  
  -0.0033  

EFC_MARGIN
   0       
   0       
   0       
   0       
   0       
   0       
   0       
   0       

EFC_FRICTIONLOSS
   0       
   0       
   0       
   0       
   0       
   0       
   0       
   0       

EFC_DIAGAPPROX
   92      
   92      
   92      
   92      
   92      
   92      
   92      
   92      

EFC_KBIP
   2.8e+03   1.1e+02   0.95      0       
   2.8e+03   1.1e+02   0.95      0       
   2.8e+03   1.1e+02   0.95      0       
   2.8e+03   1.1e+02   0.95      0       
   2.8e+03   1.1e+02   0.95      0       
   2.8e+03   1.1e+02   0.95      0       
   2.8e+03   1.1e+02   0.95      0       
   2.8e+03   1.1e+02   0.95      0       

EFC_D
   0.21    
   0.21    
   0.21    
   0.21    
   0.21    
   0.21    
   0.21    
   0.21    

EFC_R
   4.9     
   4.9     
   4.9     
   4.9     
   4.8     
   4.8     
   4.8     
   4.8     

CVEL
   0         0         0         0         0         0       
   0         0         0         0         0         0       
   0         0         0         0         0         0       
   0         0         0         0         0         0       
   0         0         0         0         0         0       
   0         0         0         0         0         0       
   0         0         0         0         0         0       
   0         0         0         0         0         0       
   0         0         0         0         0         0       
   0         0         0         0         0         0       
   0         0         0         0         0         0       
   0         0         0         0         0         0       
   0         0         0         0         0         0       
   0         0         0         0         0         0       
   0         0         0         0         0         0       
   0         0         0         0         0         0       
   0         0         0         0         0         0       
   0         0         0         0         0         0       
   0         0         0         0         0         0       
   0         0         0         0         0         0       
   0         0         0         0         0         0       
   0         0         0         0         0         0       
   0         0         0         0         0         0       
   0         0         0         0         0         0       
   0         0         0         0         0         0       
   0         0         0         0         0         0       
   0         0         0         0         0         0       
   0         0         0         0         0         0       
   0         0         0         0         0         0       
   0         0         0         0         0         0       
   0         0         0         0         0         0       
   0         0         0         0         0         0       
   0         0         0         0         0         0       
   0         0         0         0         0         0       
   0         0         0         0         0         0       
   0         0         0         0         0         0       
   0         0         0         0         0         0       
   0         0         0         0         0         0       
   0         0         0         0         0         0       
   0         0         0         0         0         0       
   0         0         0         0         0         0       
   0         0         0         0         0         0       
   0         0         0         0         0         0       
   0         0         0         0         0         0       
   0         0         0         0         0         0       
   0         0         0         0         0         0       
   0         0         0         0         0         0       
   0         0         0         0         0         0       
   0         0         0         0         0         0       
   0         0         0         0         0         0       
   0         0         0         0         0         0       
   0         0         0         0         0         0       
   0         0         0         0         0         0       
   0         0         0         0         0         0       

CDOF_DOT
   0         0         0         0         0         0       
   0         0         0         0         0         0       
   0        -0         0         0         0         0       
   0         0         0         0         0         0       
   0         0         0         0         0         0       
   0         0         0         0         0         0       
   0         0         0         0         0         0       
   0         0         0         0         0         0       
   0        -0         0         0         0         0       
   0         0         0         0         0         0       
   0         0         0         0         0         0       
   0         0         0         0         0         0       
   0         0         0         0         0         0       
   0         0         0         0         0         0       
   0         0         0         0         0         0       
   0         0         0         0         0         0       
   0         0        -0         0         0         0       
   0         0        -0         0         0         0       
   0         0         0         0         0         0       
   0         0        -0         0         0         0       
   0         0         0         0         0         0       
   0         0        -0         0         0        -0       
   0         0        -0         0         0         0       
   0         0         0         0         0         0       
   0         0         0         0         0         0       
   0         0         0         0         0         0       
  -0         0         0        -0         0         0       
  -0         0         0        -0         0         0       
  -0         0         0         0         0         0       
  -0         0         0         0         0         0       
  -0         0         0         0         0         0       
  -0         0         0         0         0         0       
  -0         0         0         0         0         0       
  -0         0         0         0         0         0       
  -0         0         0         0         0         0       
  -0         0         0         0         0         0       
   0         0         0         0         0         0       
  -0         0         0        -0         0         0       
  -0         0         0         0         0         0       
  -0         0         0         0         0         0       
   0         0         0         0         0         0       
   0        -0         0         0         0         0       
  -0         0         0         0         0         0       
  -0         0         0         0         0         0       
  -0         0         0         0         0         0       
   0        -0         0         0         0         0       
   0        -0         0         0         0         0       
   0         0         0         0         0         0       
   0         0         0         0         0         0       
   0         0         0         0         0         0       
   0         0         0         0         0         0       
   0         0         0         0         0         0       
   0         0         0         0         0         0       

QFRC_BIAS
  -1.2     
  -0.068   
   0.0094  
  -0.26    
  -0.15    
   3.5e-18 
  -1.2     
   0.068   
  -0.0094  
  -0.26    
  -0.15    
  -3.5e-18 
   0       
   0.027   
  -5       
  -2.2     
   0.19    
   0.00014 
  -2       
  -0.012   
  -0.49    
   1.5e-05 
  -0.0012  
  -0.0036  
  -0.00043 
  -0.00016 
   1.3e-06 
   3.3e-06 
  -1.9e-07 
  -6.7e-08 
  -2.4e-06 
  -5.2e-06 
  -6e-06   
  -9.2e-06 
  -2.2     
  -0.19    
  -0.00014 
  -2       
   0.012   
  -0.49    
  -1.5e-05 
  -0.0021  
  -0.0035  
  -0.00042 
  -0.00016 
   6e-07   
   3e-06   
  -1.9e-07 
  -6.8e-08 
  -2.4e-06 
  -5.2e-06 
  -6e-06   
  -9.2e-06 

QFRC_SPRING
   0       
   0       
   0       
   0       
   0       
   0       
   0       
   0       
   0       
   0       
   0       
   0       
   0       
   0       
   0       
   0       
   0       
   0       
   0       
   0       
   0       
   0       
   0       
   0       
   0       
   0       
   0       
   0       
   0       
   0       
   0       
   0       
   0       
   0       
   0       
   0       
   0       
   0       
   0       
   0       
   0       
   0       
   0       
   0       
   0       
   0       
   0       
   0       
   0       
   0       
   0       
   0       
   0       

QFRC_DAMPER
   0       
   0       
   0       
   0       
   0       
   0       
   0       
   0       
   0       
   0       
   0       
   0       
   0       
   0       
   0       
   0       
   0       
   0       
   0       
   0       
   0       
   0       
   0       
   0       
   0       
   0       
   0       
   0       
   0       
   0       
   0       
   0       
   0       
   0       
   0       
   0       
   0       
   0       
   0       
   0       
   0       
   0       
   0       
   0       
   0       
   0       
   0       
   0       
   0       
   0       
   0       
   0       
   0       

QFRC_GRAVCOMP
   0       
   0       
   0       
   0       
   0       
   0       
   0       
   0       
   0       
   0       
   0       
   0       
   0       
   0       
   0       
   0       
   0       
   0       
   0       
   0       
   0       
   0       
   0       
   0       
   0       
   0       
   0       
   0       
   0       
   0       
   0       
   0       
   0       
   0       
   0       
   0       
   0       
   0       
   0       
   0       
   0       
   0       
   0       
   0       
   0       
   0       
   0       
   0       
   0       
   0       
   0       
   0       
   0       

QFRC_FLUID
   0       
   0       
   0       
   0       
   0       
   0       
   0       
   0       
   0       
   0       
   0       
   0       
   0       
   0       
   0       
   0       
   0       
   0       
   0       
   0       
   0       
   0       
   0       
   0       
   0       
   0       
   0       
   0       
   0       
   0       
   0       
   0       
   0       
   0       
   0       
   0       
   0       
   0       
   0       
   0       
   0       
   0       
   0       
   0       
   0       
   0       
   0       
   0       
   0       
   0       
   0       
   0       
   0       

QFRC_PASSIVE
   0       
   0       
   0       
   0       
   0       
   0       
   0       
   0       
   0       
   0       
   0       
   0       
   0       
   0       
   0       
   0       
   0       
   0       
   0       
   0       
   0       
   0       
   0       
   0       
   0       
   0       
   0       
   0       
   0       
   0       
   0       
   0       
   0       
   0       
   0       
   0       
   0       
   0       
   0       
   0       
   0       
   0       
   0       
   0       
   0       
   0       
   0       
   0       
   0       
   0       
   0       
   0       
   0       

EFC_VEL
   0       
   0       
   0       
   0       
   0       
   0       
   0       
   0       

EFC_AREF
   12      
   12      
   12      
   12      
   8.6     
   8.6     
   8.6     
   8.6     

SUBTREE_LINVEL
   0         0         0       
   0         0         0       
   0         0         0       
   0         0         0       
   0         0         0       
   0         0         0       
   0         0         0       
   0         0         0       
   0         0         0       
   0         0         0       
   0         0         0       
   0         0         0       
   0         0         0       
   0         0         0       
   0         0         0       
   0         0         0       
   0         0         0       
   0         0         0       
   0         0         0       
   0         0         0       
   0         0         0       
   0         0         0       
   0         0         0       
   0         0         0       
   0         0         0       
   0         0         0       
   0         0         0       
   0         0         0       
   0         0         0       
   0         0         0       
   0         0         0       
   0         0         0       
   0         0         0       
   0         0         0       
   0         0         0       
   0         0         0       
   0         0         0       
   0         0         0       
   0         0         0       
   0         0         0       
   0         0         0       
   0         0         0       
   0         0         0       
   0         0         0       
   0         0         0       
   0         0         0       
   0         0         0       
   0         0         0       
   0         0         0       
   0         0         0       
   0         0         0       
   0         0         0       
   0         0         0       
   0         0         0       

SUBTREE_ANGMOM
   0         0         0       
   0         0         0       
   0         0         0       
   0         0         0       
   0         0         0       
   0         0         0       
   0         0         0       
   0         0         0       
   0         0         0       
   0         0         0       
   0         0         0       
   0         0         0       
   0         0         0       
   0         0         0       
   0         0         0       
   0         0         0       
   0         0         0       
   0         0         0       
   0         0         0       
   0         0         0       
   0         0         0       
   0         0         0       
   0         0         0       
   0         0         0       
   0         0         0       
   0         0         0       
   0         0         0       
   0         0         0       
   0         0         0       
   0         0         0       
   0         0         0       
   0         0         0       
   0         0         0       
   0         0         0       
   0         0         0       
   0         0         0       
   0         0         0       
   0         0         0       
   0         0         0       
   0         0         0       
   0         0         0       
   0         0         0       
   0         0         0       
   0         0         0       
   0         0         0       
   0         0         0       
   0         0         0       
   0         0         0       
   0         0         0       
   0         0         0       
   0         0         0       
   0         0         0       
   0         0         0       
   0         0         0       

QFRC_ACTUATOR
   0       
   0       
   0       
   0       
   0       
   0       
   0       
   0       
   0       
   0       
   0       
   0       
   0       
   0       
   0       
   0       
   0       
   0       
   0       
   0       
   0       
   0       
   0       
   0       
   0       
   0       
   0       
   0       
   0       
   0       
   0       
   0       
   0       
   0       
   0       
   0       
   0       
   0       
   0       
   0       
   0       
   0       
   0       
   0       
   0       
   0       
   0       
   0       
   0       
   0       
   0       
   0       
   0       

QFRC_SMOOTH
   1.2     
   0.068   
  -0.0094  
   0.26    
   0.15    
  -3.5e-18 
   1.2     
  -0.068   
   0.0094  
   0.26    
   0.15    
   3.5e-18 
   0       
  -0.027   
   5       
   2.2     
  -0.19    
  -0.00014 
   2       
   0.012   
   0.49    
  -1.5e-05 
   0.0012  
   0.0036  
   0.00043 
   0.00016 
  -1.3e-06 
  -3.3e-06 
   1.9e-07 
   6.7e-08 
   2.4e-06 
   5.2e-06 
   6e-06   
   9.2e-06 
   2.2     
   0.19    
   0.00014 
   2       
  -0.012   
   0.49    
   1.5e-05 
   0.0021  
   0.0035  
   0.00042 
   0.00016 
  -6e-07   
  -3e-06   
   1.9e-07 
   6.8e-08 
   2.4e-06 
   5.2e-06 
   6e-06   
   9.2e-06 

QACC_SMOOTH
   3.4     
   0.68    
   2.7     
  -11      
   71      
  -4.2     
   3.4     
  -0.68    
  -2.7     
  -11      
   71      
   4.1     
   0.0097  
  -0.043   
   1.1     
  -1.2     
  -3       
   4.1     
   85      
   0.72    
  -99      
  -5.3     
   4       
   29      
  -1.1     
  -27      
  -7.7     
   16      
  -7.8     
   12      
  -8.4     
   12      
  -8.7     
   11      
  -1.2     
   2.9     
  -4.1     
   85      
  -0.63    
  -99      
   5.3     
   4.9     
   29      
  -0.44    
  -28      
  -7.9     
   16      
  -8       
   13      
  -8.5     
   12      
  -8.8     
   11      

EFC_B
  -12      
  -12      
  -12      
  -12      
  -8.6     
  -8.5     
  -8.6     
  -8.5     

EFC_FORCE
   1.5     
   0.028   
   1.1     
   0.46    
   1.2     
   0       
   0.38    
   0.78    

EFC_STATE
  1
  1
  1
  1
  1
  0
  1
  1

QFRC_CONSTRAINT
   0       
   0       
   0       
   0       
   0       
   0       
   0       
   0       
   0       
   0       
   0       
   0       
   0       
   0       
   0       
   0       
   0       
   0       
   0       
   0       
   0       
   0       
   0.027   
  -0.00049 
   0       
   0       
   0       
   0       
   0       
   0       
   0       
   0       
   0       
   0       
   0       
   0       
   0       
   0       
   0       
   0       
   0       
   0.019   
  -6.4e-05 
   0       
   0       
   0       
   0       
   0       
   0       
   0       
   0       
   0       
   0       

QFRC_INVERSE
   0       
   0       
   0       
   0       
   0       
   0       
   0       
   0       
   0       
   0       
   0       
   0       
   0       
   0       
   0       
   0       
   0       
   0       
   0       
   0       
   0       
   0       
   0       
   0       
   0       
   0       
   0       
   0       
   0       
   0       
   0       
   0       
   0       
   0       
   0       
   0       
   0       
   0       
   0       
   0       
   0       
   0       
   0       
   0       
   0       
   0       
   0       
   0       
   0       
   0       
   0       
   0       
   0       

CACC
   0         0         0         0         0         0       
   0         0         0         0         0         0       
   0         0         0         0         0         0       
   0         0         0         0         0         0       
   0         0         0         0         0         0       
   0         0         0         0         0         0       
   0         0         0         0         0         0       
   0         0         0         0         0         0       
   0         0         0         0         0         0       
   0         0         0         0         0         0       
   0         0         0         0         0         0       
   0         0         0         0         0         0       
   0         0         0         0         0         0       
   0         0         0         0         0         0       
   0         0         0         0         0         0       
   0         0         0         0         0         0       
   0         0         0         0         0         0       
   0         0         0         0         0         0       
   0         0         0         0         0         0       
   0         0         0         0         0         0       
   0         0         0         0         0         0       
   0         0         0         0         0         0       
   0         0         0         0         0         0       
   0         0         0         0         0         0       
   0         0         0         0         0         0       
   0         0         0         0         0         0       
   0         0         0         0         0         0       
   0         0         0         0         0         0       
   0         0         0         0         0         0       
   0         0         0         0         0         0       
   0         0         0         0         0         0       
   0         0         0         0         0         0       
   0         0         0         0         0         0       
   0         0         0         0         0         0       
   0         0         0         0         0         0       
   0         0         0         0         0         0       
   0         0         0         0         0         0       
   0         0         0         0         0         0       
   0         0         0         0         0         0       
   0         0         0         0         0         0       
   0         0         0         0         0         0       
   0         0         0         0         0         0       
   0         0         0         0         0         0       
   0         0         0         0         0         0       
   0         0         0         0         0         0       
   0         0         0         0         0         0       
   0         0         0         0         0         0       
   0         0         0         0         0         0       
   0         0         0         0         0         0       
   0         0         0         0         0         0       
   0         0         0         0         0         0       
   0         0         0         0         0         0       
   0         0         0         0         0         0       
   0         0         0         0         0         0       

CFRC_INT
   0         0         0         0         0         0       
   0         0         0         0         0         0       
   0         0         0         0         0         0       
   0         0         0         0         0         0       
   0         0         0         0         0         0       
   0         0         0         0         0         0       
   0         0         0         0         0         0       
   0         0         0         0         0         0       
   0         0         0         0         0         0       
   0         0         0         0         0         0       
   0         0         0         0         0         0       
   0         0         0         0         0         0       
   0         0         0         0         0         0       
   0         0         0         0         0         0       
   0         0         0         0         0         0       
   0         0         0         0         0         0       
   0         0         0         0         0         0       
   0         0         0         0         0         0       
   0         0         0         0         0         0       
   0         0         0         0         0         0       
   0         0         0         0         0         0       
   0         0         0         0         0         0       
   0         0         0         0         0         0       
   0         0         0         0         0         0       
   0         0         0         0         0         0       
   0         0         0         0         0         0       
   0         0         0         0         0         0       
   0         0         0         0         0         0       
   0         0         0         0         0         0       
   0         0         0         0         0         0       
   0         0         0         0         0         0       
   0         0         0         0         0         0       
   0         0         0         0         0         0       
   0         0         0         0         0         0       
   0         0         0         0         0         0       
   0         0         0         0         0         0       
   0         0         0         0         0         0       
   0         0         0         0         0         0       
   0         0         0         0         0         0       
   0         0         0         0         0         0       
   0         0         0         0         0         0       
   0         0         0         0         0         0       
   0         0         0         0         0         0       
   0         0         0         0         0         0       
   0         0         0         0         0         0       
   0         0         0         0         0         0       
   0         0         0         0         0         0       
   0         0         0         0         0         0       
   0         0         0         0         0         0       
   0         0         0         0         0         0       
   0         0         0         0         0         0       
   0         0         0         0         0         0       
   0         0         0         0         0         0       
   0         0         0         0         0         0       

CFRC_EXT
   0         0         0         0         0         0       
   0         0         0         0         0         0       
   0         0         0         0         0         0       
   0         0         0         0         0         0       
   0         0         0         0         0         0       
   0         0         0         0         0         0       
   0         0         0         0         0         0       
   0         0         0         0         0         0       
   0         0         0         0         0         0       
   0         0         0         0         0         0       
   0         0         0         0         0         0       
   0         0         0         0         0         0       
   0         0         0         0         0         0       
   0         0         0         0         0         0       
   0         0         0         0         0         0       
   0         0         0         0         0         0       
   0         0         0         0         0         0       
   0         0         0         0         0         0       
   0         0         0         0         0         0       
   0         0         0         0         0         0       
   0         0         0         0         0         0       
   0         0         0         0         0         0       
   0         0         0         0         0         0       
   0         0         0         0         0         0       
   0         0         0         0         0         0       
   0         0         0         0         0         0       
   0         0         0         0         0         0       
   0         0         0         0         0         0       
   0         0         0         0         0         0       
   0         0         0         0         0         0       
   0         0         0         0         0         0       
   0         0         0         0         0         0       
   0         0         0         0         0         0       
   0         0         0         0         0         0       
   0         0         0         0         0         0       
   0         0         0         0         0         0       
   0         0         0         0         0         0       
   0         0         0         0         0         0       
   0         0         0         0         0         0       
   0         0         0         0         0         0       
   0         0         0         0         0         0       
   0         0         0         0         0         0       
   0         0         0         0         0         0       
   0         0         0         0         0         0       
   0         0         0         0         0         0       
   0         0         0         0         0         0       
   0         0         0         0         0         0       
   0         0         0         0         0         0       
   0         0         0         0         0         0       
   0         0         0         0         0         0       
   0         0         0         0         0         0       
   0         0         0         0         0         0       
   0         0         0         0         0         0       
   0         0         0         0         0         0       

